Laplacian_Variance,Class,Height,Width,Shape
452.09828220542414,ABAM,500,500,3
611.277152201797,ABAM,500,500,3
1898.5502150677178,ABAM,500,500,3
2965.648907388238,ABAM,500,500,3
1898.5502150677178,ABAM,500,500,3
3037.920133757822,ABAM,500,500,3
1551.6349425202332,ABAM,500,500,3
1282.1641802257332,ABAM,500,500,3
2965.648907388238,ABAM,500,500,3
452.09828220542414,ABAM,500,500,3
2188.381064058623,ABAM,500,500,3
3037.920133757822,ABAM,500,500,3
3866.984974738746,ABAM,500,500,3
1553.4624655978223,ABAM,500,500,3
4128.213330200872,ABAM,500,500,3
401.51568738982223,ABAM,500,500,3
2341.209643460259,ABAM,500,500,3
1365.5560368572428,ABAM,500,500,3
1678.7713425491559,ABAM,500,500,3
1282.1641802257332,ABAM,500,500,3
321.23397466306665,ABAN,500,500,3
871.3317199646649,ABAN,500,500,3
102.45510647540628,ABAN,500,500,3
1048.0058137219132,ABAN,500,500,3
244.57888894395555,ABAN,500,500,3
334.01830584233943,ABAN,500,500,3
688.0634828522666,ABAN,500,500,3
582.8705101489334,ABAN,500,500,3
1048.0058137219132,ABAN,500,500,3
2132.4503875818214,ABAN,500,500,3
141.27668918207817,ABAN,500,500,3
361.2805776984106,ABAN,500,500,3
582.8705101489334,ABAN,500,500,3
1008.7959502576001,ABAN,500,500,3
1008.7959502576001,ABAN,500,500,3
1622.7763242858218,ABAN,500,500,3
244.57888894395555,ABAN,500,500,3
244.57888894395555,ABAN,500,500,3
688.0634828522666,ABAN,500,500,3
334.01830584233943,ABAN,500,500,3
1048.2023826916247,ABBA,500,500,3
258.667625705984,ABBA,500,500,3
3149.078294416666,ABBA,500,500,3
90.67206982761066,ABBA,500,500,3
986.5359394837334,ABBA,500,500,3
471.3143482810864,ABBA,500,500,3
4810.393631954474,ABBA,500,500,3
694.9536897413049,ABBA,500,500,3
1627.5811532077796,ABBA,500,500,3
1399.707869743571,ABBA,500,500,3
3477.4683452622216,ABBA,500,500,3
974.4749960452102,ABBA,500,500,3
3526.8414756735997,ABBA,500,500,3
4810.393631954474,ABBA,500,500,3
3024.676620400638,ABBA,500,500,3
398.08328658448886,ABBA,500,500,3
2664.103273943066,ABBA,500,500,3
3009.505099107832,ABBA,500,500,3
2781.8062748536713,ABBA,500,500,3
5463.417726559288,ABBA,500,500,3
3726.7183599201267,ABCO,500,500,3
1543.6548621269255,ABCO,500,500,3
799.5410183158598,ABCO,500,500,3
2393.928889427184,ABCO,500,500,3
5637.162953933112,ABCO,500,500,3
1114.61987566506,ABCO,500,500,3
2669.6926588788906,ABCO,500,500,3
1866.2534141564995,ABCO,500,500,3
902.117439659006,ABCO,500,500,3
2393.928889427184,ABCO,500,500,3
1543.6548621269255,ABCO,500,500,3
955.4273683140959,ABCO,500,500,3
1306.542008869118,ABCO,500,500,3
796.1430521989533,ABCO,500,500,3
1588.6556930401262,ABCO,500,500,3
796.1430521989533,ABCO,500,500,3
2669.6926588788906,ABCO,500,500,3
955.4273683140959,ABCO,500,500,3
391.406252788736,ABCO,500,500,3
1114.61987566506,ABCO,500,500,3
623.6995008930063,ABFR,500,500,3
1696.142646623786,ABFR,500,500,3
573.6612978428427,ABFR,500,500,3
1365.747933825358,ABFR,500,500,3
1973.129559207225,ABFR,500,500,3
2153.610717144398,ABFR,500,500,3
1572.8443468055304,ABFR,500,500,3
3894.913257620039,ABFR,500,500,3
2767.561596368186,ABFR,500,500,3
626.5941955354292,ABFR,500,500,3
2336.1679499350594,ABFR,500,500,3
255.13627645556622,ABFR,500,500,3
929.848773875753,ABFR,500,500,3
258.47318599679295,ABFR,500,500,3
3268.106280691326,ABFR,500,500,3
1551.0337495409706,ABFR,500,500,3
739.3077900706828,ABFR,500,500,3
510.4707399994863,ABFR,500,500,3
1141.8011982587714,ABFR,500,500,3
3362.390298594984,ABFR,500,500,3
357.11836427588264,ABFR2,500,500,3
198.79812592640008,ABFR2,500,500,3
757.9467237414384,ABFR2,500,500,3
556.0801288517332,ABFR2,500,500,3
3504.7551078810675,ABFR2,500,500,3
978.4708008976196,ABFR2,500,500,3
328.38879858623835,ABFR2,500,500,3
463.5884865862382,ABFR2,500,500,3
5287.987977073238,ABFR2,500,500,3
2336.763233002553,ABFR2,500,500,3
226.37349451818477,ABFR2,500,500,3
1935.8251192865273,ABFR2,500,500,3
175.10399883195552,ABFR2,500,500,3
341.64731003613156,ABFR2,500,500,3
4372.1753094566675,ABFR2,500,500,3
88.39228962003733,ABFR2,500,500,3
1412.9209466944699,ABFR2,500,500,3
1311.9109942599655,ABFR2,500,500,3
3933.64967402024,ABFR2,500,500,3
1374.288258300784,ABFR2,500,500,3
2702.7524759251555,ABGR,500,500,3
3128.661029736103,ABGR,500,500,3
1245.7654595164,ABGR,500,500,3
3408.4905850394866,ABGR,500,500,3
1386.1769554796786,ABGR,500,500,3
95.65841189407293,ABGR,500,500,3
5033.5147438534395,ABGR,500,500,3
1066.6695706318214,ABGR,500,500,3
2049.1446131916155,ABGR,500,500,3
2254.4515700649795,ABGR,500,500,3
3787.3630744232896,ABGR,500,500,3
1617.5092369145448,ABGR,500,500,3
5311.9619592699455,ABGR,500,500,3
543.5030959486223,ABGR,500,500,3
4406.279121323503,ABGR,500,500,3
1201.9395314190058,ABGR,500,500,3
1933.273186959984,ABGR,500,500,3
853.2956276221847,ABGR,500,500,3
961.8792437251985,ABGR,500,500,3
2464.216717810842,ABGR,500,500,3
1272.147933237646,ABLA,500,500,3
600.6512335954329,ABLA,500,500,3
2606.162856938318,ABLA,500,500,3
1650.0355094007311,ABLA,500,500,3
320.03199176788604,ABLA,500,500,3
2446.8772952152167,ABLA,500,500,3
3901.42217459049,ABLA,500,500,3
3213.60673886634,ABLA,500,500,3
285.43849379306505,ABLA,500,500,3
1249.7507319572885,ABLA,500,500,3
1817.0389489832892,ABLA,500,500,3
1530.1400449735086,ABLA,500,500,3
3263.756712166052,ABLA,500,500,3
2399.0112176191556,ABLA,500,500,3
966.1764845236912,ABLA,500,500,3
444.3942778992906,ABLA,500,500,3
1653.439261283776,ABLA,500,500,3
1878.2825252922867,ABLA,500,500,3
2036.7937198834923,ABLA,500,500,3
862.1198756297798,ABLA,500,500,3
1288.8848526565757,ABMA,500,500,3
585.8061261268463,ABMA,500,500,3
5229.778577862401,ABMA,500,500,3
143.87312081685155,ABMA,500,500,3
707.2497893298913,ABMA,500,500,3
113.06233808093158,ABMA,500,500,3
1175.0242126625492,ABMA,500,500,3
3251.398283037752,ABMA,500,500,3
2059.7429477849582,ABMA,500,500,3
2239.111533936042,ABMA,500,500,3
501.4462336211894,ABMA,500,500,3
923.8123714122504,ABMA,500,500,3
767.4411661729264,ABMA,500,500,3
2409.03241595449,ABMA,500,500,3
3738.9644162673767,ABMA,500,500,3
1470.7110921706221,ABMA,500,500,3
1349.8368780112196,ABMA,500,500,3
2588.2959994862654,ABMA,500,500,3
143.78687412497067,ABMA,500,500,3
2995.352378015289,ABMA,500,500,3
144.55340303637155,ABMO,500,500,3
111.32870663366401,ABMO,500,500,3
803.5236140870379,ABMO,500,500,3
383.99032221252276,ABMO,500,500,3
210.05014892031295,ABMO,500,500,3
147.8964317724995,ABMO,500,500,3
637.4279109148997,ABMO,500,500,3
620.9184821091558,ABMO,500,500,3
75.93007785386489,ABMO,500,500,3
295.76115006975283,ABMO,500,500,3
278.86294036957156,ABMO,500,500,3
433.591801283753,ABMO,500,500,3
274.6246048189849,ABMO,500,500,3
161.75510267005157,ABMO,500,500,3
325.5240966215395,ABMO,500,500,3
125.78687525648888,ABMO,500,500,3
3850.6175932601586,ABMO,500,500,3
119.76738565597157,ABMO,500,500,3
3850.6175932601586,ABMO,500,500,3
244.45608148308628,ABMO,500,500,3
592.9939725143306,ABMO2,500,500,3
1590.6846253328192,ABMO2,500,500,3
5638.7923665740755,ABMO2,500,500,3
779.9760647412886,ABMO2,500,500,3
4849.481086729956,ABMO2,500,500,3
474.73213004515554,ABMO2,500,500,3
493.1588178238503,ABMO2,500,500,3
997.6139925518225,ABMO2,500,500,3
168.6268142275396,ABMO2,500,500,3
420.8590186916906,ABMO2,500,500,3
1663.6987579016472,ABMO2,500,500,3
705.3969123966222,ABMO2,500,500,3
274.8869982489529,ABMO2,500,500,3
4119.444359115919,ABMO2,500,500,3
2081.9055894724197,ABMO2,500,500,3
3141.1153485356645,ABMO2,500,500,3
4305.77126636575,ABMO2,500,500,3
643.5432683018222,ABMO2,500,500,3
1828.6591121483923,ABMO2,500,500,3
225.06606252428622,ABMO2,500,500,3
2091.8562451890066,ABPR,500,500,3
3232.967784184489,ABPR,500,500,3
3521.8243562200464,ABPR,500,500,3
3745.9625969009057,ABPR,500,500,3
81.55920743061154,ABPR,500,500,3
409.88216955420273,ABPR,500,500,3
275.68400499041957,ABPR,500,500,3
852.5381294858652,ABPR,500,500,3
1133.6900657433314,ABPR,500,500,3
425.9159864968516,ABPR,500,500,3
2107.119391054762,ABPR,500,500,3
87.44889163195555,ABPR,500,500,3
805.3317079586066,ABPR,500,500,3
1337.2724319237052,ABPR,500,500,3
1034.1956312281582,ABPR,500,500,3
2088.9231258451555,ABPR,500,500,3
154.26823523050498,ABPR,500,500,3
612.4458953729973,ABPR,500,500,3
1398.444210219731,ABPR,500,500,3
1325.8214603832887,ABPR,500,500,3
44.459483828622226,ABTH,500,500,3
303.272725913024,ABTH,500,500,3
59.23281490374399,ABTH,500,500,3
330.2783490111982,ABTH,500,500,3
3911.1789422398515,ABTH,500,500,3
388.6934410069333,ABTH,500,500,3
95.7875094164889,ABTH,500,500,3
1250.7127665164514,ABTH,500,500,3
154.85726160116616,ABTH,500,500,3
396.91277999999807,ABTH,500,500,3
767.3618934626916,ABTH,500,500,3
58.072812113562684,ABTH,500,500,3
170.41448910353066,ABTH,500,500,3
1642.7740738488887,ABTH,500,500,3
190.05328083505606,ABTH,500,500,3
1056.9158477876458,ABTH,500,500,3
1989.93276656711,ABTH,500,500,3
379.37718575409605,ABTH,500,500,3
2936.83996767658,ABTH,500,500,3
1731.3629582404249,ABTH,500,500,3
172.06013002239288,ACAM,500,500,3
782.3544757618919,ACAM,500,500,3
459.90673384972627,ACAM,500,500,3
660.0439286278382,ACAM,500,500,3
1514.2385956111627,ACAM,500,500,3
409.42128025990934,ACAM,500,500,3
249.9490531002596,ACAM,500,500,3
181.20309725324626,ACAM,500,500,3
281.5446440187714,ACAM,500,500,3
1835.7668627746111,ACAM,500,500,3
1138.4406336036955,ACAM,500,500,3
976.1974950475662,ACAM,500,500,3
205.31956907797158,ACAM,500,500,3
302.05761132759994,ACAM,500,500,3
4378.104219683157,ACAM,500,500,3
191.34377907751823,ACAM,500,500,3
552.2710924508427,ACAM,500,500,3
488.01357417666657,ACAM,500,500,3
367.59448010209957,ACAM,500,500,3
1180.115869132629,ACAM,500,500,3
931.0989267294559,ACAN11,500,500,3
4187.165100995555,ACAN11,500,500,3
471.46475041575803,ACAN11,500,500,3
1117.0018776652164,ACAN11,500,500,3
808.539192446286,ACAN11,500,500,3
618.660010495429,ACAN11,500,500,3
3893.2293314542057,ACAN11,500,500,3
2667.7557121274294,ACAN11,500,500,3
2075.7311934655972,ACAN11,500,500,3
1708.9163980024734,ACAN11,500,500,3
5032.820402435408,ACAN11,500,500,3
5189.23934958229,ACAN11,500,500,3
686.2982794224001,ACAN11,500,500,3
5410.0502210630675,ACAN11,500,500,3
834.078385116153,ACAN11,500,500,3
542.0578147933797,ACAN11,500,500,3
1443.4651819376002,ACAN11,500,500,3
1177.0734103013526,ACAN11,500,500,3
2282.69576668295,ACAN11,500,500,3
3001.024064877011,ACAN11,500,500,3
395.363365284096,ACAR2,500,500,3
5393.135167902506,ACAR2,500,500,3
552.0120860292249,ACAR2,500,500,3
397.1323090621848,ACAR2,500,500,3
502.1379598888888,ACAR2,500,500,3
316.46215154340285,ACAR2,500,500,3
256.05644675751824,ACAR2,500,500,3
130.25141452435733,ACAR2,500,500,3
2816.035117145555,ACAR2,500,500,3
358.4392251635894,ACAR2,500,500,3
331.15350563455826,ACAR2,500,500,3
80.72963311905956,ACAR2,500,500,3
171.7575620437334,ACAR2,500,500,3
343.9501253950506,ACAR2,500,500,3
999.312027864304,ACAR2,500,500,3
94.27315040341156,ACAR2,500,500,3
425.1511923946221,ACAR2,500,500,3
138.69624087999813,ACAR2,500,500,3
157.7467426131556,ACAR2,500,500,3
303.6076916415982,ACAR2,500,500,3
92.37255732989156,ACAU2,500,500,3
77.98177321023817,ACAU2,500,500,3
1408.501170868933,ACAU2,500,500,3
2708.475250575103,ACAU2,500,500,3
147.1897750106382,ACAU2,500,500,3
442.0410469991664,ACAU2,500,500,3
772.052954605163,ACAU2,500,500,3
2628.197528159289,ACAU2,500,500,3
5199.596738458728,ACAU2,500,500,3
1781.8294804259558,ACAU2,500,500,3
170.0397143530666,ACAU2,500,500,3
2902.1964450588434,ACAU2,500,500,3
492.882285991678,ACAU2,500,500,3
1179.2071594512784,ACAU2,500,500,3
3341.489013343644,ACAU2,500,500,3
6124.032471876936,ACAU2,500,500,3
589.0758866628199,ACAU2,500,500,3
456.46793110066477,ACAU2,500,500,3
748.9257930624,ACAU2,500,500,3
98.92835598182221,ACAU2,500,500,3
1920.77635230434,ACAU3,500,500,3
3722.5779872563894,ACAU3,500,500,3
1690.9222578638232,ACAU3,500,500,3
2621.7795857887136,ACAU3,500,500,3
2948.5164428876783,ACAU3,500,500,3
2920.3864858973798,ACAU3,500,500,3
2631.626162405673,ACAU3,500,500,3
3839.69389503687,ACAU3,500,500,3
1313.1841760484251,ACAU3,500,500,3
4121.881368246583,ACAU3,500,500,3
173.97444247888888,ACAU3,500,500,3
3041.112825972223,ACAU3,500,500,3
1820.9302289405857,ACAU3,500,500,3
892.5218513522067,ACAU3,500,500,3
2986.6315184955088,ACAU3,500,500,3
3374.9391902051557,ACAU3,500,500,3
806.7870956714595,ACAU3,500,500,3
5085.696165565412,ACAU3,500,500,3
2177.107877162553,ACAU3,500,500,3
1829.475806379519,ACAU3,500,500,3
1835.7668627746111,ACCA4,500,500,3
243.48413380795552,ACCA4,500,500,3
876.9602309611448,ACCA4,500,500,3
1105.2395037149797,ACCA4,500,500,3
3908.7158655615913,ACCA4,500,500,3
3349.0268544206237,ACCA4,500,500,3
694.5284040038329,ACCA4,500,500,3
782.3544757618919,ACCA4,500,500,3
775.9220985867664,ACCA4,500,500,3
1901.6530785208734,ACCA4,500,500,3
3935.767673681733,ACCA4,500,500,3
1516.788954101162,ACCA4,500,500,3
393.35768698930485,ACCA4,500,500,3
2348.059213189188,ACCA4,500,500,3
729.1783747199554,ACCA4,500,500,3
952.7874835737584,ACCA4,500,500,3
431.4208805088694,ACCA4,500,500,3
540.1160532378296,ACCA4,500,500,3
235.68178019221156,ACCA4,500,500,3
1928.2108653357507,ACCA4,500,500,3
2058.3734092574646,ACCH5,500,500,3
1843.9678617914035,ACCH5,500,500,3
1638.5568783920908,ACCH5,500,500,3
4700.476696373318,ACCH5,500,500,3
330.70394328106676,ACCH5,500,500,3
1606.6013034833845,ACCH5,500,500,3
374.3787809488193,ACCH5,500,500,3
725.0022223256958,ACCH5,500,500,3
272.46294860885155,ACCH5,500,500,3
930.0264846632888,ACCH5,500,500,3
2572.969159807824,ACCH5,500,500,3
279.48799338093335,ACCH5,500,500,3
279.45815757546495,ACCH5,500,500,3
227.90307578382215,ACCH5,500,500,3
2928.550546631331,ACCH5,500,500,3
2175.6886321477327,ACCH5,500,500,3
132.9589598122223,ACCH5,500,500,3
131.82124704981155,ACCH5,500,500,3
3070.9454302286226,ACCH5,500,500,3
189.1434189853849,ACCH5,500,500,3
48.60186830107734,ACCI,500,500,3
34.01446431995555,ACCI,500,500,3
572.8848864723626,ACCI,500,500,3
24.45410509126933,ACCI,500,500,3
580.7350586591573,ACCI,500,500,3
2051.8744632328458,ACCI,500,500,3
345.0013085738223,ACCI,500,500,3
108.46305237521067,ACCI,500,500,3
99.47333993235738,ACCI,500,500,3
151.45754797132622,ACCI,500,500,3
484.7679861900782,ACCI,500,500,3
40.206754861566225,ACCI,500,500,3
905.851844627326,ACCI,500,500,3
1089.4588026292463,ACCI,500,500,3
1486.182937039273,ACCI,500,500,3
4293.117836244393,ACCI,500,500,3
57.00195045260622,ACCI,500,500,3
149.93544573222226,ACCI,500,500,3
392.4016051326223,ACCI,500,500,3
247.6137751721226,ACCI,500,500,3
70.17790587932265,ACCO4,500,500,3
514.5007285659573,ACCO4,500,500,3
622.2691359308728,ACCO4,500,500,3
267.1219328017333,ACCO4,500,500,3
163.98042291284625,ACCO4,500,500,3
843.2861994484887,ACCO4,500,500,3
1554.6252316499547,ACCO4,500,500,3
426.27340804785604,ACCO4,500,500,3
135.64894216493335,ACCO4,500,500,3
174.11355084509148,ACCO4,500,500,3
613.1349058136727,ACCO4,500,500,3
555.0041992899129,ACCO4,500,500,3
641.9568026051626,ACCO4,500,500,3
1844.787066283918,ACCO4,500,500,3
1320.360136148132,ACCO4,500,500,3
1029.865226354624,ACCO4,500,500,3
242.50737373798407,ACCO4,500,500,3
322.60659619662925,ACCO4,500,500,3
4275.998563147288,ACCO4,500,500,3
102.93031043326404,ACCO4,500,500,3
1762.42770514858,ACCY2,500,500,3
700.7654499648779,ACCY2,500,500,3
2682.7725119989755,ACCY2,500,500,3
900.5848392979037,ACCY2,500,500,3
2988.802712675384,ACCY2,500,500,3
2503.826311370366,ACCY2,500,500,3
1764.7409332106222,ACCY2,500,500,3
598.8963608170667,ACCY2,500,500,3
2932.6743710986234,ACCY2,500,500,3
140.85365333247287,ACCY2,500,500,3
249.83095594922492,ACCY2,500,500,3
4000.700450122553,ACCY2,500,500,3
2171.702643219753,ACCY2,500,500,3
4527.849547944076,ACCY2,500,500,3
3145.5679525282067,ACCY2,500,500,3
718.9436470597528,ACCY2,500,500,3
143.1092890752693,ACCY2,500,500,3
2271.6826977619176,ACCY2,500,500,3
787.686946576766,ACCY2,500,500,3
4002.314967940549,ACCY2,500,500,3
4503.006544560851,ACDE3,500,500,3
5745.082162290542,ACDE3,500,500,3
2621.3980404404892,ACDE3,500,500,3
1381.1069311995714,ACDE3,500,500,3
491.8257066091448,ACDE3,500,500,3
1979.1778384638214,ACDE3,500,500,3
2914.8799411588257,ACDE3,500,500,3
2901.5486381172877,ACDE3,500,500,3
1847.1881710249233,ACDE3,500,500,3
1638.5339326962057,ACDE3,500,500,3
2042.72024955432,ACDE3,500,500,3
586.1581581155558,ACDE3,500,500,3
3089.4470139677715,ACDE3,500,500,3
3312.4514154700646,ACDE3,500,500,3
1506.6034517675923,ACDE3,500,500,3
678.2652447994594,ACDE3,500,500,3
933.411080611966,ACDE3,500,500,3
1292.3101422488728,ACDE3,500,500,3
1438.849127305272,ACDE3,500,500,3
482.5063478732639,ACDE3,500,500,3
209.9191034930559,ACEL,500,500,3
917.2509005561172,ACEL,500,500,3
91.7765992021049,ACEL,500,500,3
2313.0684534132884,ACEL,500,500,3
3938.5607012315977,ACEL,500,500,3
678.1434587366241,ACEL,500,500,3
2599.6050735681974,ACEL,500,500,3
2251.0182575936783,ACEL,500,500,3
1754.8477183559044,ACEL,500,500,3
1620.1867962019396,ACEL,500,500,3
4976.310544849732,ACEL,500,500,3
4107.092309210224,ACEL,500,500,3
4825.35174401354,ACEL,500,500,3
3113.922024641699,ACEL,500,500,3
4856.197562990074,ACEL,500,500,3
3220.1000935231723,ACEL,500,500,3
2017.0095691290296,ACEL,500,500,3
3234.6717254804885,ACEL,500,500,3
3564.6417118737013,ACEL,500,500,3
5587.3130626019565,ACEL,500,500,3
25.140178583722665,ACGI,500,500,3
875.8637129013316,ACGI,500,500,3
354.29196481746493,ACGI,500,500,3
801.2468774279661,ACGI,500,500,3
2532.534957615273,ACGI,500,500,3
2789.093028642127,ACGI,500,500,3
2500.263167738238,ACGI,500,500,3
1152.001030762523,ACGI,500,500,3
2219.454491091156,ACGI,500,500,3
725.2299804802119,ACGI,500,500,3
58.92218776728888,ACGI,500,500,3
864.7975577013316,ACGI,500,500,3
1971.918523221155,ACGI,500,500,3
97.18930495381157,ACGI,500,500,3
2049.4295501933493,ACGI,500,500,3
639.7496978885973,ACGI,500,500,3
390.66352049689584,ACGI,500,500,3
1251.7591984707628,ACGI,500,500,3
670.3104171400514,ACGI,500,500,3
215.4075782612888,ACGI,500,500,3
51.06660662182221,ACGL,500,500,3
82.35815384425065,ACGL,500,500,3
1177.6884931512247,ACGL,500,500,3
1238.4160529322226,ACGL,500,500,3
301.6167957036783,ACGL,500,500,3
555.0792943538061,ACGL,500,500,3
2103.0272145181852,ACGL,500,500,3
289.33248156657595,ACGL,500,500,3
114.87911402128893,ACGL,500,500,3
5748.339267716238,ACGL,500,500,3
2456.5076586175996,ACGL,500,500,3
2477.785558727616,ACGL,500,500,3
109.99296038052267,ACGL,500,500,3
583.6178342263397,ACGL,500,500,3
480.9299193561584,ACGL,500,500,3
4450.183785366074,ACGL,500,500,3
49.251759890766245,ACGL,500,500,3
3537.4303916777526,ACGL,500,500,3
1036.3897534709172,ACGL,500,500,3
197.41315186982231,ACGL,500,500,3
52.172093453822214,ACGR2,500,500,3
3794.434740899112,ACGR2,500,500,3
3251.643977041892,ACGR2,500,500,3
143.29665667668624,ACGR2,500,500,3
59.592893248979586,ACGR2,500,500,3
319.0454810182382,ACGR2,500,500,3
379.1753931579094,ACGR2,500,500,3
2098.64093538786,ACGR2,500,500,3
120.76326290823832,ACGR2,500,500,3
305.7266731765172,ACGR2,500,500,3
2881.1814548266657,ACGR2,500,500,3
73.90154462997157,ACGR2,500,500,3
209.8308510195982,ACGR2,500,500,3
80.54773739428266,ACGR2,500,500,3
253.6241042330666,ACGR2,500,500,3
178.81283253290488,ACGR2,500,500,3
143.68289967585963,ACGR2,500,500,3
138.33508909260627,ACGR2,500,500,3
599.8241289816729,ACGR2,500,500,3
1023.2484994190769,ACGR2,500,500,3
591.1660472718221,ACHI,500,500,3
7993.229448721382,ACHI,500,500,3
437.39515017929943,ACHI,500,500,3
388.3985653277583,ACHI,500,500,3
75.85052266697954,ACHI,500,500,3
180.37879609228628,ACHI,500,500,3
677.1201383619624,ACHI,500,500,3
401.8696937066221,ACHI,500,500,3
6731.075726101645,ACHI,500,500,3
353.4291111066667,ACHI,500,500,3
707.915533979733,ACHI,500,500,3
410.22933982321064,ACHI,500,500,3
603.1489826678827,ACHI,500,500,3
985.0055439947362,ACHI,500,500,3
623.5136715661582,ACHI,500,500,3
75.8830733290649,ACHI,500,500,3
512.093602265593,ACHI,500,500,3
373.4478729155397,ACHI,500,500,3
1352.3656267599927,ACHI,500,500,3
187.1858529244161,ACHI,500,500,3
5178.698288149156,ACKO,500,500,3
3652.135295339305,ACKO,500,500,3
2008.4167492326326,ACKO,500,500,3
762.7139222075095,ACKO,500,500,3
662.0173599998864,ACKO,500,500,3
3753.7438234622223,ACKO,500,500,3
396.06813006421146,ACKO,500,500,3
3180.949428454394,ACKO,500,500,3
1813.995654744318,ACKO,500,500,3
683.5589345973317,ACKO,500,500,3
2063.427604170622,ACKO,500,500,3
895.6813297386221,ACKO,500,500,3
184.37205804782226,ACKO,500,500,3
1518.1496088546915,ACKO,500,500,3
1795.3167521800249,ACKO,500,500,3
1164.8776905233333,ACKO,500,500,3
3907.796704338176,ACKO,500,500,3
1860.5317583554122,ACKO,500,500,3
3043.793894506452,ACKO,500,500,3
2585.561232901248,ACKO,500,500,3
233.83252110619725,ACLO,500,500,3
303.60742154423286,ACLO,500,500,3
715.1067937001795,ACLO,500,500,3
9200.819604667087,ACLO,500,500,3
646.5075954778381,ACLO,500,500,3
6337.437357543068,ACLO,500,500,3
1114.8086115394558,ACLO,500,500,3
2635.3880093245853,ACLO,500,500,3
776.6190924924005,ACLO,500,500,3
3809.1382776315713,ACLO,500,500,3
2922.84167965191,ACLO,500,500,3
979.5072596942913,ACLO,500,500,3
505.9286719797761,ACLO,500,500,3
3384.8490806973,ACLO,500,500,3
3302.1750898843716,ACLO,500,500,3
3001.1987750858216,ACLO,500,500,3
2460.6108802505314,ACLO,500,500,3
292.1432653151983,ACLO,500,500,3
5026.800586564437,ACLO,500,500,3
1494.4678520626333,ACLO,500,500,3
608.747405130153,ACLO2,500,500,3
4040.695956498766,ACLO2,500,500,3
114.76753297737955,ACLO2,500,500,3
124.79584919295823,ACLO2,500,500,3
1496.698239898446,ACLO2,500,500,3
91.02158164906666,ACLO2,500,500,3
1982.695590741156,ACLO2,500,500,3
1072.5983755803575,ACLO2,500,500,3
401.6602894409794,ACLO2,500,500,3
1923.0099117464733,ACLO2,500,500,3
194.34630838328894,ACLO2,500,500,3
20.719364348010668,ACLO2,500,500,3
487.43930198769596,ACLO2,500,500,3
517.8251946026027,ACLO2,500,500,3
1811.6678888822835,ACLO2,500,500,3
86.04700795974937,ACLO2,500,500,3
220.07182665095826,ACLO2,500,500,3
3879.35062250594,ACLO2,500,500,3
3368.8030584069047,ACLO2,500,500,3
1747.9698533115998,ACLO2,500,500,3
2076.6222818251663,ACMA3,500,500,3
1342.8154616892994,ACMA3,500,500,3
1292.2068581549797,ACMA3,500,500,3
2664.097010841429,ACMA3,500,500,3
1032.7301694858647,ACMA3,500,500,3
2874.2173059339307,ACMA3,500,500,3
2448.2680700535407,ACMA3,500,500,3
2556.002134531669,ACMA3,500,500,3
47.51252365759824,ACMA3,500,500,3
6786.537261193812,ACMA3,500,500,3
29.3421332889529,ACMA3,500,500,3
922.3948522708699,ACMA3,500,500,3
2969.5800995999552,ACMA3,500,500,3
3665.3559304488895,ACMA3,500,500,3
413.1393195977317,ACMA3,500,500,3
1061.9258225919127,ACMA3,500,500,3
2605.489867491155,ACMA3,500,500,3
539.400500747598,ACMA3,500,500,3
3242.913801142265,ACMA3,500,500,3
2294.818905262926,ACMA3,500,500,3
1560.753518903638,ACME,500,500,3
2038.7800489352464,ACME,500,500,3
1421.8679811657228,ACME,500,500,3
965.3625472242327,ACME,500,500,3
739.6123051241796,ACME,500,500,3
1071.9956697992247,ACME,500,500,3
2039.7992012722054,ACME,500,500,3
470.4606428987448,ACME,500,500,3
2420.9207291451717,ACME,500,500,3
225.7679887797974,ACME,500,500,3
1725.5077362612883,ACME,500,500,3
2235.382065241487,ACME,500,500,3
993.2904559729759,ACME,500,500,3
2421.651156021305,ACME,500,500,3
1642.2999748558918,ACME,500,500,3
1116.3157303572889,ACME,500,500,3
1194.7035940121316,ACME,500,500,3
1056.372531667625,ACME,500,500,3
470.53648047743854,ACME,500,500,3
2315.1518846543568,ACME,500,500,3
594.2516740431575,ACME80,500,500,3
1779.9489473407125,ACME80,500,500,3
1748.6722727449585,ACME80,500,500,3
316.07582746282486,ACME80,500,500,3
4313.2083702334485,ACME80,500,500,3
3103.3111736957862,ACME80,500,500,3
1458.1821458986215,ACME80,500,500,3
688.0621931959448,ACME80,500,500,3
812.1334049794771,ACME80,500,500,3
987.3395785134063,ACME80,500,500,3
1301.40142223111,ACME80,500,500,3
1945.370482982399,ACME80,500,500,3
2460.4955202176006,ACME80,500,500,3
1267.3535607986917,ACME80,500,500,3
2962.9083948971916,ACME80,500,500,3
134.85975161369598,ACME80,500,500,3
1408.1738912537528,ACME80,500,500,3
3331.5868289527452,ACME80,500,500,3
2759.9913955183624,ACME80,500,500,3
4996.446124405971,ACME80,500,500,3
4203.919981684843,ACMI2,500,500,3
2414.76089719522,ACMI2,500,500,3
511.59062304742434,ACMI2,500,500,3
2217.558601855059,ACMI2,500,500,3
6325.228913028262,ACMI2,500,500,3
888.6743225899928,ACMI2,500,500,3
293.1281475062595,ACMI2,500,500,3
2719.06691400661,ACMI2,500,500,3
1445.748755740665,ACMI2,500,500,3
2310.3451512708248,ACMI2,500,500,3
1631.171914852949,ACMI2,500,500,3
357.2213117992959,ACMI2,500,500,3
286.6406452519182,ACMI2,500,500,3
3144.774325210267,ACMI2,500,500,3
3182.5869464029574,ACMI2,500,500,3
346.2460839004428,ACMI2,500,500,3
968.0321744623633,ACMI2,500,500,3
6983.980746659833,ACMI2,500,500,3
1899.6531984960693,ACMI2,500,500,3
415.3237615961314,ACMI2,500,500,3
693.8964334527841,ACNA,500,500,3
757.358867246576,ACNA,500,500,3
3533.493732284074,ACNA,500,500,3
2265.7235999246227,ACNA,500,500,3
474.0986745159663,ACNA,500,500,3
532.8258209134294,ACNA,500,500,3
1650.9990207581793,ACNA,500,500,3
816.7351549316959,ACNA,500,500,3
2143.4251482902114,ACNA,500,500,3
3008.1092198304996,ACNA,500,500,3
4104.4858969821225,ACNA,500,500,3
2744.168763017956,ACNA,500,500,3
354.57551838879283,ACNA,500,500,3
2146.5593123766025,ACNA,500,500,3
799.4269982310666,ACNA,500,500,3
919.7253431768459,ACNA,500,500,3
255.1415174742028,ACNA,500,500,3
444.21452168554487,ACNA,500,500,3
128.24044554431825,ACNA,500,500,3
4794.235580477779,ACNA,500,500,3
3556.4851386451032,ACNA2,500,500,3
1653.7350487187898,ACNA2,500,500,3
4186.002337087558,ACNA2,500,500,3
4548.261813974585,ACNA2,500,500,3
2238.1002786146823,ACNA2,500,500,3
971.8080749412246,ACNA2,500,500,3
4051.6043770619563,ACNA2,500,500,3
683.2641406215893,ACNA2,500,500,3
156.08360228721068,ACNA2,500,500,3
2412.01705669546,ACNA2,500,500,3
1174.2987891062023,ACNA2,500,500,3
2874.100447152638,ACNA2,500,500,3
725.9913004622223,ACNA2,500,500,3
3917.828500608852,ACNA2,500,500,3
4890.343003428467,ACNA2,500,500,3
118.08478459835732,ACNA2,500,500,3
2618.7719272865265,ACNA2,500,500,3
2393.4052655197806,ACNA2,500,500,3
510.56721326802494,ACNA2,500,500,3
1941.149166611618,ACNA2,500,500,3
7451.05527712732,ACNE2,500,500,3
779.4777573280691,ACNE2,500,500,3
77.46277612172618,ACNE2,500,500,3
102.1467214267715,ACNE2,500,500,3
3432.0931116137162,ACNE2,500,500,3
2119.1916665676513,ACNE2,500,500,3
2141.018146166611,ACNE2,500,500,3
3670.86851127031,ACNE2,500,500,3
3865.543560488276,ACNE2,500,500,3
400.60430776315565,ACNE2,500,500,3
1915.0000898158862,ACNE2,500,500,3
2393.185380790891,ACNE2,500,500,3
1635.2900535767308,ACNE2,500,500,3
3545.658437485822,ACNE2,500,500,3
8683.50612159949,ACNE2,500,500,3
26.820575223743994,ACNE2,500,500,3
1670.9155387181493,ACNE2,500,500,3
33.99348940145598,ACNE2,500,500,3
1925.7089846686642,ACNE2,500,500,3
1661.6390908938224,ACNE2,500,500,3
1061.5005270550116,ACNI5,500,500,3
3104.503972202488,ACNI5,500,500,3
1986.7065194797447,ACNI5,500,500,3
2455.3516755797314,ACNI5,500,500,3
9556.815266512553,ACNI5,500,500,3
1779.9248385832889,ACNI5,500,500,3
943.6116365703396,ACNI5,500,500,3
295.81210389190403,ACNI5,500,500,3
585.4416233642593,ACNI5,500,500,3
416.6937126423893,ACNI5,500,500,3
871.2615114636784,ACNI5,500,500,3
139.05248827982933,ACNI5,500,500,3
166.63704970290487,ACNI5,500,500,3
1537.3279695011568,ACNI5,500,500,3
82.87880419555556,ACNI5,500,500,3
154.49584192767827,ACNI5,500,500,3
100.15322187195554,ACNI5,500,500,3
353.0576768296107,ACNI5,500,500,3
1206.3617376316008,ACNI5,500,500,3
166.83083036913604,ACNI5,500,500,3
854.3325689685173,ACPA,500,500,3
213.42629977666667,ACPA,500,500,3
2574.380895133823,ACPA,500,500,3
110.83961298286933,ACPA,500,500,3
1638.1501929386218,ACPA,500,500,3
765.6777826790332,ACPA,500,500,3
625.3592266075999,ACPA,500,500,3
127.09729449747739,ACPA,500,500,3
1343.0950339884635,ACPA,500,500,3
178.39494408191823,ACPA,500,500,3
706.8831423845263,ACPA,500,500,3
2176.1632107485843,ACPA,500,500,3
125.81092210448895,ACPA,500,500,3
100.01478798113946,ACPA,500,500,3
401.4811308187573,ACPA,500,500,3
676.3005964167661,ACPA,500,500,3
114.04852808617952,ACPA,500,500,3
451.2656732159981,ACPA,500,500,3
1110.4001421838925,ACPA,500,500,3
1643.7025033077757,ACPA,500,500,3
955.1007374461705,ACPA2,500,500,3
1781.3922285354026,ACPA2,500,500,3
118.81331291721952,ACPA2,500,500,3
1077.0548317924251,ACPA2,500,500,3
1010.4140104912195,ACPA2,500,500,3
1146.1280823840996,ACPA2,500,500,3
869.3144437290669,ACPA2,500,500,3
145.18518260449952,ACPA2,500,500,3
416.7397971003666,ACPA2,500,500,3
3377.599650392018,ACPA2,500,500,3
252.8791207651556,ACPA2,500,500,3
1941.6826061041756,ACPA2,500,500,3
3697.1562964193,ACPA2,500,500,3
240.16166958007284,ACPA2,500,500,3
221.76250282005154,ACPA2,500,500,3
1295.647970911785,ACPA2,500,500,3
1824.2606146478058,ACPA2,500,500,3
2653.5903000267663,ACPA2,500,500,3
360.5018341586329,ACPA2,500,500,3
80.47700374940267,ACPA2,500,500,3
1252.1753195047177,ACPA8,500,500,3
2262.667068857797,ACPA8,500,500,3
1589.7535983291657,ACPA8,500,500,3
439.5563582257049,ACPA8,500,500,3
1481.450244272526,ACPA8,500,500,3
1154.5627044238224,ACPA8,500,500,3
1268.4387387988463,ACPA8,500,500,3
2627.3432896278596,ACPA8,500,500,3
268.68621930239283,ACPA8,500,500,3
717.0728253229441,ACPA8,500,500,3
1293.983320038597,ACPA8,500,500,3
693.7724580006238,ACPA8,500,500,3
580.2120378804889,ACPA8,500,500,3
2030.6046022821517,ACPA8,500,500,3
2775.9352827306225,ACPA8,500,500,3
1875.7349751251625,ACPA8,500,500,3
1060.8283242353705,ACPA8,500,500,3
1486.841775692584,ACPA8,500,500,3
1834.8164622519303,ACPA8,500,500,3
2927.5188854689,ACPA8,500,500,3
821.106022545776,ACPE,500,500,3
3511.6539695557335,ACPE,500,500,3
37.139887201955545,ACPE,500,500,3
5499.707327259858,ACPE,500,500,3
5007.039964122626,ACPE,500,500,3
2004.800546348344,ACPE,500,500,3
61.86062608372622,ACPE,500,500,3
232.9078363966507,ACPE,500,500,3
727.0055175901796,ACPE,500,500,3
5294.5343962096185,ACPE,500,500,3
98.17727260949157,ACPE,500,500,3
1478.615503084286,ACPE,500,500,3
1973.7704558698224,ACPE,500,500,3
38.971139896488886,ACPE,500,500,3
119.20303567888888,ACPE,500,500,3
359.7892889543395,ACPE,500,500,3
1862.9192414275637,ACPE,500,500,3
347.1396447757582,ACPE,500,500,3
134.4528539058916,ACPE,500,500,3
388.10939270395556,ACPE,500,500,3
1180.754421423486,ACPI3,500,500,3
297.405392394745,ACPI3,500,500,3
85.54594281625599,ACPI3,500,500,3
695.8436641638236,ACPI3,500,500,3
175.46446062199286,ACPI3,500,500,3
254.27436520180623,ACPI3,500,500,3
1325.1416648162917,ACPI3,500,500,3
190.39068103302935,ACPI3,500,500,3
2242.7532221077176,ACPI3,500,500,3
2089.0750907502916,ACPI3,500,500,3
2658.1749932214593,ACPI3,500,500,3
588.3475956697582,ACPI3,500,500,3
3518.303017854889,ACPI3,500,500,3
168.1281122317583,ACPI3,500,500,3
2808.592085485823,ACPI3,500,500,3
386.7804410318222,ACPI3,500,500,3
283.95695782439833,ACPI3,500,500,3
4205.035598657919,ACPI3,500,500,3
134.77218095775282,ACPI3,500,500,3
4159.338091399227,ACPI3,500,500,3
704.2473413023573,ACPL,500,500,3
591.2173193106773,ACPL,500,500,3
568.3064492584888,ACPL,500,500,3
357.20700052462223,ACPL,500,500,3
2386.57454272418,ACPL,500,500,3
311.8741336587662,ACPL,500,500,3
49.53691109876626,ACPL,500,500,3
228.31856897396617,ACPL,500,500,3
3122.600853330197,ACPL,500,500,3
2586.9422033904184,ACPL,500,500,3
5928.047619093161,ACPL,500,500,3
520.6717763391555,ACPL,500,500,3
358.7920677553048,ACPL,500,500,3
2161.1980816529763,ACPL,500,500,3
330.40894835982226,ACPL,500,500,3
6056.885011993089,ACPL,500,500,3
459.89825854463305,ACPL,500,500,3
3721.471163771562,ACPL,500,500,3
886.1715832515621,ACPL,500,500,3
907.7105987620905,ACPL,500,500,3
100.062669191616,ACPO11,500,500,3
357.7936386649582,ACPO11,500,500,3
1299.172159978267,ACPO11,500,500,3
4331.001007801429,ACPO11,500,500,3
4949.398734665555,ACPO11,500,500,3
251.81699014805173,ACPO11,500,500,3
95.59564637034492,ACPO11,500,500,3
84.2675047585262,ACPO11,500,500,3
454.2943053653175,ACPO11,500,500,3
664.960041320489,ACPO11,500,500,3
309.6348985023716,ACPO11,500,500,3
6146.355818373966,ACPO11,500,500,3
192.28350105919822,ACPO11,500,500,3
737.7574902398223,ACPO11,500,500,3
1403.5708324746224,ACPO11,500,500,3
1901.4807096520517,ACPO11,500,500,3
2097.5786780433345,ACPO11,500,500,3
151.89365038505957,ACPO11,500,500,3
475.88401331410506,ACPO11,500,500,3
2226.5488647092884,ACPO11,500,500,3
7397.380156645536,ACPO2,500,500,3
607.8743297552782,ACPO2,500,500,3
621.574415913598,ACPO2,500,500,3
786.1247574469331,ACPO2,500,500,3
148.55775220529605,ACPO2,500,500,3
1043.629207704633,ACPO2,500,500,3
2785.4459466643625,ACPO2,500,500,3
3347.1864067620913,ACPO2,500,500,3
539.170517733289,ACPO2,500,500,3
4771.178552379857,ACPO2,500,500,3
1550.0471649636695,ACPO2,500,500,3
6502.29051884714,ACPO2,500,500,3
333.4185921746774,ACPO2,500,500,3
4842.429045966716,ACPO2,500,500,3
126.57384173703824,ACPO2,500,500,3
969.7704379039554,ACPO2,500,500,3
2090.325145332393,ACPO2,500,500,3
1618.2530145181847,ACPO2,500,500,3
118.88916169641958,ACPO2,500,500,3
77.55870228885155,ACPO2,500,500,3
3067.3178646997053,ACPS,500,500,3
484.2950264868907,ACPS,500,500,3
1387.1917161838865,ACPS,500,500,3
231.862139284736,ACPS,500,500,3
81.43659339612267,ACPS,500,500,3
426.74766384263825,ACPS,500,500,3
2553.245917384489,ACPS,500,500,3
131.15075360255295,ACPS,500,500,3
4315.718202168875,ACPS,500,500,3
2941.4700539658215,ACPS,500,500,3
1059.0675628392958,ACPS,500,500,3
994.1619573230649,ACPS,500,500,3
4710.369287982277,ACPS,500,500,3
81.6358691879182,ACPS,500,500,3
77.97946933247287,ACPS,500,500,3
1052.9329405759556,ACPS,500,500,3
1977.094466109865,ACPS,500,500,3
2471.113275344553,ACPS,500,500,3
735.9133221657529,ACPS,500,500,3
127.5751102684996,ACPS,500,500,3
1281.5583655351309,ACPY3,500,500,3
3962.639834437966,ACPY3,500,500,3
5017.149499165822,ACPY3,500,500,3
3616.9409691260516,ACPY3,500,500,3
3025.369577650233,ACPY3,500,500,3
4161.128442433193,ACPY3,500,500,3
3717.350101508933,ACPY3,500,500,3
2625.391509931647,ACPY3,500,500,3
3842.613083862072,ACPY3,500,500,3
1146.859261065379,ACPY3,500,500,3
2816.045318653211,ACPY3,500,500,3
3541.075616862121,ACPY3,500,500,3
3972.14607312657,ACPY3,500,500,3
1619.9469939411547,ACPY3,500,500,3
568.4487386012995,ACPY3,500,500,3
2043.7499971513175,ACPY3,500,500,3
4563.061089272204,ACPY3,500,500,3
2936.964102256953,ACPY3,500,500,3
1527.7726438044733,ACPY3,500,500,3
2891.4709959430365,ACPY3,500,500,3
15.725375815672889,ACRE,500,500,3
178.59581248884626,ACRE,500,500,3
1333.9410493643932,ACRE,500,500,3
4375.228647439352,ACRE,500,500,3
246.8155958789049,ACRE,500,500,3
31.078137745066662,ACRE,500,500,3
16.551131657384886,ACRE,500,500,3
911.4092717012891,ACRE,500,500,3
25.520010415331562,ACRE,500,500,3
52.19743789461154,ACRE,500,500,3
94.73867059182227,ACRE,500,500,3
229.6032290630667,ACRE,500,500,3
943.906470953513,ACRE,500,500,3
96.40701847071288,ACRE,500,500,3
251.17528295415275,ACRE,500,500,3
298.50280179349164,ACRE,500,500,3
39.83612981895822,ACRE,500,500,3
117.56858130164623,ACRE,500,500,3
78.63942388371731,ACRE,500,500,3
148.18866932195553,ACRE,500,500,3
1733.8325263590236,ACRE3,500,500,3
1248.828018757966,ACRE3,500,500,3
1470.2461981648198,ACRE3,500,500,3
2787.81797902626,ACRE3,500,500,3
2026.7443423297266,ACRE3,500,500,3
3725.306645318185,ACRE3,500,500,3
1009.1345238810667,ACRE3,500,500,3
4709.493928823168,ACRE3,500,500,3
1866.9885812330654,ACRE3,500,500,3
5395.0378483805225,ACRE3,500,500,3
4698.045711507168,ACRE3,500,500,3
1427.217757721913,ACRE3,500,500,3
3875.695487177583,ACRE3,500,500,3
1272.9017481463177,ACRE3,500,500,3
715.1282186535183,ACRE3,500,500,3
4971.112752697677,ACRE3,500,500,3
1293.1463892222223,ACRE3,500,500,3
944.2444585198646,ACRE3,500,500,3
1032.8038127791708,ACRE3,500,500,3
791.6612233703662,ACRE3,500,500,3
947.4647128091567,ACRU,500,500,3
343.1328868831841,ACRU,500,500,3
3681.72198983023,ACRU,500,500,3
442.6469928003982,ACRU,500,500,3
434.9288154141849,ACRU,500,500,3
223.98752694948263,ACRU,500,500,3
422.73415575677143,ACRU,500,500,3
208.73705731519817,ACRU,500,500,3
1787.6089521023846,ACRU,500,500,3
122.4259121592249,ACRU,500,500,3
5227.053376159565,ACRU,500,500,3
3154.5589282563146,ACRU,500,500,3
3606.4939420187306,ACRU,500,500,3
1536.5203026360732,ACRU,500,500,3
179.6741433297849,ACRU,500,500,3
81.44067799977957,ACRU,500,500,3
262.58504579378484,ACRU,500,500,3
488.0326477046329,ACRU,500,500,3
2905.1245577746326,ACRU,500,500,3
1274.7889531103124,ACRU,500,500,3
185.38796230985955,ACRU2,500,500,3
112.60988350559998,ACRU2,500,500,3
839.2434726595128,ACRU2,500,500,3
215.10663907195547,ACRU2,500,500,3
1110.4607997966225,ACRU2,500,500,3
3838.3951159375583,ACRU2,500,500,3
2307.779917105999,ACRU2,500,500,3
2235.228958239429,ACRU2,500,500,3
150.32132530235728,ACRU2,500,500,3
893.9820924652633,ACRU2,500,500,3
275.8369887557333,ACRU2,500,500,3
923.3621529450668,ACRU2,500,500,3
2420.438186879288,ACRU2,500,500,3
639.734734956878,ACRU2,500,500,3
1574.4381446595125,ACRU2,500,500,3
793.1105490970663,ACRU2,500,500,3
175.6778208219573,ACRU2,500,500,3
4099.2602500437315,ACRU2,500,500,3
857.3560770711897,ACRU2,500,500,3
202.73609629382403,ACRU2,500,500,3
1608.985868426793,ACRU3,500,500,3
285.6800720284,ACRU3,500,500,3
962.8896666115985,ACRU3,500,500,3
3608.12546242722,ACRU3,500,500,3
775.8134170232887,ACRU3,500,500,3
1795.1153952709335,ACRU3,500,500,3
3384.41690224661,ACRU3,500,500,3
715.9471088746651,ACRU3,500,500,3
1726.7271530765595,ACRU3,500,500,3
937.0291832535041,ACRU3,500,500,3
3392.5945194059677,ACRU3,500,500,3
1437.7300281428463,ACRU3,500,500,3
933.8570595643718,ACRU3,500,500,3
549.760607251278,ACRU3,500,500,3
1074.8133775174826,ACRU3,500,500,3
3886.271318645542,ACRU3,500,500,3
1766.325943633563,ACRU3,500,500,3
3063.3921386319926,ACRU3,500,500,3
174.88203414175288,ACRU3,500,500,3
671.7513425005226,ACRU3,500,500,3
1722.5219028679044,ACSA,500,500,3
4779.5054100548205,ACSA,500,500,3
3336.9383725335047,ACSA,500,500,3
7542.860180986151,ACSA,500,500,3
2806.6345885943188,ACSA,500,500,3
1338.8752370255575,ACSA,500,500,3
2896.3444398639704,ACSA,500,500,3
983.1608217496726,ACSA,500,500,3
735.9575296336195,ACSA,500,500,3
7107.826549340666,ACSA,500,500,3
399.88864337322497,ACSA,500,500,3
979.573596830846,ACSA,500,500,3
3422.7995006000183,ACSA,500,500,3
229.48981333213163,ACSA,500,500,3
2060.967600052933,ACSA,500,500,3
4408.59741121245,ACSA,500,500,3
174.75441879441067,ACSA,500,500,3
218.4488497818292,ACSA,500,500,3
7036.084255622099,ACSA,500,500,3
1396.7006758751552,ACSA,500,500,3
3732.2244678915386,ACSA2,500,500,3
820.4634683386595,ACSA2,500,500,3
4360.6001662953795,ACSA2,500,500,3
368.4554609828692,ACSA2,500,500,3
4125.477403653117,ACSA2,500,500,3
1640.5520283694646,ACSA2,500,500,3
4025.3624479288883,ACSA2,500,500,3
45.93649319772266,ACSA2,500,500,3
4096.5819346107455,ACSA2,500,500,3
2159.1857318027655,ACSA2,500,500,3
190.68749707323727,ACSA2,500,500,3
4334.370466357305,ACSA2,500,500,3
584.4458826292464,ACSA2,500,500,3
3748.612190814463,ACSA2,500,500,3
726.6971012691552,ACSA2,500,500,3
344.70532264373344,ACSA2,500,500,3
2908.544448888889,ACSA2,500,500,3
1602.659324797717,ACSA2,500,500,3
7871.499203856409,ACSA2,500,500,3
519.301215858046,ACSA2,500,500,3
3925.835156697593,ACSA3,500,500,3
5861.943250380343,ACSA3,500,500,3
259.5572754081262,ACSA3,500,500,3
142.49942769493333,ACSA3,500,500,3
187.33538841173336,ACSA3,500,500,3
96.87900197601952,ACSA3,500,500,3
1923.4686057599122,ACSA3,500,500,3
143.36116952881602,ACSA3,500,500,3
2491.115987406158,ACSA3,500,500,3
460.8498650990773,ACSA3,500,500,3
74.98341997269155,ACSA3,500,500,3
1879.5145533491182,ACSA3,500,500,3
1912.2922852222287,ACSA3,500,500,3
3001.919275841678,ACSA3,500,500,3
3766.456977648764,ACSA3,500,500,3
5251.572998035563,ACSA3,500,500,3
5970.040155991249,ACSA3,500,500,3
78.81423895308625,ACSA3,500,500,3
92.24146107233958,ACSA3,500,500,3
197.78893911124626,ACSA3,500,500,3
580.8506107900512,ACSC5,500,500,3
1263.0271249797045,ACSC5,500,500,3
2461.268076511459,ACSC5,500,500,3
176.62066871323734,ACSC5,500,500,3
410.7525802944783,ACSC5,500,500,3
1379.1208504096421,ACSC5,500,500,3
1903.7942211208253,ACSC5,500,500,3
333.2891332964695,ACSC5,500,500,3
2157.693347027326,ACSC5,500,500,3
1008.804610162944,ACSC5,500,500,3
292.71891133524616,ACSC5,500,500,3
262.10481863265943,ACSC5,500,500,3
631.0171589072784,ACSC5,500,500,3
781.0822172584889,ACSC5,500,500,3
625.8293329564002,ACSC5,500,500,3
2333.0150049220183,ACSC5,500,500,3
886.0499646347307,ACSC5,500,500,3
503.0257988750774,ACSC5,500,500,3
156.42838110119826,ACSC5,500,500,3
360.19333871442495,ACSC5,500,500,3
30.854033291717336,ACSP2,500,500,3
104.73077466555554,ACSP2,500,500,3
489.3715631484001,ACSP2,500,500,3
424.9595040745173,ACSP2,500,500,3
47.4655731652249,ACSP2,500,500,3
1123.5981532574647,ACSP2,500,500,3
860.2780472864426,ACSP2,500,500,3
868.4533874178775,ACSP2,500,500,3
538.0109461125048,ACSP2,500,500,3
73.35333315355732,ACSP2,500,500,3
1239.7394084869054,ACSP2,500,500,3
18.944841693637326,ACSP2,500,500,3
2828.05981207466,ACSP2,500,500,3
834.1785272009793,ACSP2,500,500,3
172.12948354662228,ACSP2,500,500,3
312.6302229341849,ACSP2,500,500,3
3772.396436385536,ACSP2,500,500,3
386.05598617235734,ACSP2,500,500,3
393.8921864587308,ACSP2,500,500,3
97.17560792160002,ACSP2,500,500,3
314.5761037322648,ACTA80,500,500,3
4332.699261960102,ACTA80,500,500,3
340.49375430013157,ACTA80,500,500,3
1631.4847979618921,ACTA80,500,500,3
95.61283437993957,ACTA80,500,500,3
5180.1217282960915,ACTA80,500,500,3
175.86287549115733,ACTA80,500,500,3
72.18286808573158,ACTA80,500,500,3
3854.944336420665,ACTA80,500,500,3
801.2468774279661,ACTA80,500,500,3
5348.667092510372,ACTA80,500,500,3
4652.315727534586,ACTA80,500,500,3
542.2062216622774,ACTA80,500,500,3
390.66352049689584,ACTA80,500,500,3
572.8328594404961,ACTA80,500,500,3
71.06601976728889,ACTA80,500,500,3
3863.084477505167,ACTA80,500,500,3
1493.5355695455557,ACTA80,500,500,3
3691.370746860572,ACTA80,500,500,3
32.37493638335822,ACTA80,500,500,3
378.1157716054596,ACUN,500,500,3
166.6986474421173,ACUN,500,500,3
381.66181448689605,ACUN,500,500,3
365.4072056479982,ACUN,500,500,3
80.08742773222217,ACUN,500,500,3
585.7127206911557,ACUN,500,500,3
1005.1304304284995,ACUN,500,500,3
251.1016897486222,ACUN,500,500,3
371.29732856996264,ACUN,500,500,3
203.22412715360005,ACUN,500,500,3
222.66565439031294,ACUN,500,500,3
67.67379265819736,ACUN,500,500,3
106.11439859484267,ACUN,500,500,3
123.01431455388271,ACUN,500,500,3
1175.562520143856,ACUN,500,500,3
194.1881833311129,ACUN,500,500,3
180.65184853830934,ACUN,500,500,3
339.97874780671833,ACUN,500,500,3
1203.0350822263397,ACUN,500,500,3
614.6934954234295,ACUN,500,500,3
3315.996782673135,ACVE2,500,500,3
349.4790252009529,ACVE2,500,500,3
859.203959392553,ACVE2,500,500,3
839.9466081576104,ACVE2,500,500,3
332.63643576046945,ACVE2,500,500,3
456.7748529339096,ACVE2,500,500,3
433.32945709926406,ACVE2,500,500,3
1790.4258026159719,ACVE2,500,500,3
1876.3675697719448,ACVE2,500,500,3
401.9600427644996,ACVE2,500,500,3
1336.9273911564512,ACVE2,500,500,3
431.14845775999976,ACVE2,500,500,3
307.28157265048884,ACVE2,500,500,3
1170.689056103225,ACVE2,500,500,3
398.34845885809045,ACVE2,500,500,3
557.8269103946221,ACVE2,500,500,3
1552.266060107802,ACVE2,500,500,3
1274.6623133044905,ACVE2,500,500,3
602.6919106620426,ACVE2,500,500,3
4748.458395236631,ACVE2,500,500,3
1609.1589730995133,ACVI,500,500,3
101.31229030985955,ACVI,500,500,3
53.4221999984,ACVI,500,500,3
143.74373219555548,ACVI,500,500,3
2734.4056930633324,ACVI,500,500,3
116.05322628607821,ACVI,500,500,3
529.7874414241851,ACVI,500,500,3
440.9931563637313,ACVI,500,500,3
881.6595101729266,ACVI,500,500,3
143.59187854717163,ACVI,500,500,3
188.23787971743278,ACVI,500,500,3
188.7591644010507,ACVI,500,500,3
520.0150016311306,ACVI,500,500,3
520.8918698418329,ACVI,500,500,3
1484.4028722820244,ACVI,500,500,3
813.9636752061849,ACVI,500,500,3
2447.565248262286,ACVI,500,500,3
107.66251489842486,ACVI,500,500,3
159.7077266239555,ACVI,500,500,3
4337.860446954069,ACVI,500,500,3
6289.044390182223,ACWR4,500,500,3
1266.940327301397,ACWR4,500,500,3
2603.781568416667,ACWR4,500,500,3
4715.998058590996,ACWR4,500,500,3
2291.7372857958385,ACWR4,500,500,3
3132.7423201322217,ACWR4,500,500,3
4105.012724385536,ACWR4,500,500,3
5198.964370485531,ACWR4,500,500,3
1854.9683955890919,ACWR4,500,500,3
2131.175108755625,ACWR4,500,500,3
2290.3908038181535,ACWR4,500,500,3
2058.7109309337584,ACWR4,500,500,3
2436.31054475234,ACWR4,500,500,3
3761.2944538734932,ACWR4,500,500,3
1035.976983263557,ACWR4,500,500,3
3079.798022545777,ACWR4,500,500,3
4263.2708088148465,ACWR4,500,500,3
1951.1800700330502,ACWR4,500,500,3
3496.4531548743644,ACWR4,500,500,3
2025.964999168505,ACWR4,500,500,3
4945.67390938524,ACWR5,500,500,3
2548.3605466082113,ACWR5,500,500,3
130.9370992740961,ACWR5,500,500,3
651.1642218908995,ACWR5,500,500,3
4225.78402281321,ACWR5,500,500,3
465.0611756640694,ACWR5,500,500,3
1727.8545290979391,ACWR5,500,500,3
1462.4429500486383,ACWR5,500,500,3
1424.1983138536514,ACWR5,500,500,3
1711.1902999824997,ACWR5,500,500,3
4148.2873406609015,ACWR5,500,500,3
5090.604007509289,ACWR5,500,500,3
445.2698655951626,ACWR5,500,500,3
2547.9894696490674,ACWR5,500,500,3
5160.569753410987,ACWR5,500,500,3
1416.4362691782667,ACWR5,500,500,3
398.7441150030774,ACWR5,500,500,3
29.34937659515555,ACWR5,500,500,3
227.49005433747737,ACWR5,500,500,3
489.4126100068248,ACWR5,500,500,3
63.753047918584926,ADAN,500,500,3
143.0861047935982,ADAN,500,500,3
315.83802267425955,ADAN,500,500,3
55.5914250824249,ADAN,500,500,3
173.04557650965157,ADAN,500,500,3
102.40880624349155,ADAN,500,500,3
128.80956273908623,ADAN,500,500,3
112.56042633181153,ADAN,500,500,3
2277.549179195556,ADAN,500,500,3
134.49367070485158,ADAN,500,500,3
82.57010338451734,ADAN,500,500,3
105.92190164070398,ADAN,500,500,3
168.93584655287285,ADAN,500,500,3
669.3719044531894,ADAN,500,500,3
469.6888448671555,ADAN,500,500,3
68.57884298124623,ADAN,500,500,3
240.36213187135823,ADAN,500,500,3
1849.1159301011633,ADAN,500,500,3
351.8276826932889,ADAN,500,500,3
43.70612930188619,ADAN,500,500,3
239.51509708065967,ADBI,500,500,3
1483.6849379591401,ADBI,500,500,3
4012.6229095635185,ADBI,500,500,3
556.8166851444888,ADBI,500,500,3
4438.181623301517,ADBI,500,500,3
1387.1881001531574,ADBI,500,500,3
2296.2888995955977,ADBI,500,500,3
2153.3831623487977,ADBI,500,500,3
3487.461387091155,ADBI,500,500,3
1198.6574563805225,ADBI,500,500,3
1135.2550104265226,ADBI,500,500,3
253.1968717539555,ADBI,500,500,3
432.04029283157166,ADBI,500,500,3
1248.5691797728637,ADBI,500,500,3
3567.31037468871,ADBI,500,500,3
992.3003051811552,ADBI,500,500,3
4119.2385993649505,ADBI,500,500,3
2073.574059950357,ADBI,500,500,3
2026.8833385593587,ADBI,500,500,3
4398.082433173288,ADBI,500,500,3
1084.9743372507298,ADCA,500,500,3
1362.4011263342766,ADCA,500,500,3
1922.825050948606,ADCA,500,500,3
5512.335454897038,ADCA,500,500,3
664.2780373292372,ADCA,500,500,3
2207.202601219539,ADCA,500,500,3
5542.524036920745,ADCA,500,500,3
3217.3811500073793,ADCA,500,500,3
3238.553850257192,ADCA,500,500,3
4062.4070761394323,ADCA,500,500,3
163.54980354353606,ADCA,500,500,3
3947.5756120157007,ADCA,500,500,3
1059.8243680291555,ADCA,500,500,3
1271.7010736344107,ADCA,500,500,3
658.6340514709049,ADCA,500,500,3
246.63021598685165,ADCA,500,500,3
921.5477164461226,ADCA,500,500,3
2025.9168099891042,ADCA,500,500,3
3390.451494559956,ADCA,500,500,3
3553.8195071820737,ADCA,500,500,3
3441.84898360177,ADDI3,500,500,3
2147.5261220976004,ADDI3,500,500,3
282.23785265043733,ADDI3,500,500,3
1684.7789106899554,ADDI3,500,500,3
2023.993199802268,ADDI3,500,500,3
4432.252906819406,ADDI3,500,500,3
356.8411557734241,ADDI3,500,500,3
676.8500073655307,ADDI3,500,500,3
1389.686846031145,ADDI3,500,500,3
2064.031810690687,ADDI3,500,500,3
3127.436702028451,ADDI3,500,500,3
1705.8881962370772,ADDI3,500,500,3
5298.621495510825,ADDI3,500,500,3
3152.4527266644886,ADDI3,500,500,3
4409.459359266445,ADDI3,500,500,3
437.3022793993796,ADDI3,500,500,3
1646.3873877195924,ADDI3,500,500,3
1695.3434366392732,ADDI3,500,500,3
389.4090581112887,ADDI3,500,500,3
3952.575255751651,ADDI3,500,500,3
593.4607650456462,ADFA,500,500,3
3352.022904276132,ADFA,500,500,3
2307.8508225684895,ADFA,500,500,3
6304.651777329998,ADFA,500,500,3
514.2150354967041,ADFA,500,500,3
328.05560546686394,ADFA,500,500,3
595.7262843699131,ADFA,500,500,3
98.98518461648894,ADFA,500,500,3
2590.1408949677443,ADFA,500,500,3
2026.931600693333,ADFA,500,500,3
120.66285984119286,ADFA,500,500,3
4173.3515201757855,ADFA,500,500,3
2650.1344711179936,ADFA,500,500,3
238.80149584605178,ADFA,500,500,3
4451.658602815145,ADFA,500,500,3
5371.703610006824,ADFA,500,500,3
3141.8368518651446,ADFA,500,500,3
3482.5291396289977,ADFA,500,500,3
2573.170749837936,ADFA,500,500,3
2589.836740421113,ADFA,500,500,3
504.7407531455555,ADFU,500,500,3
487.8391238984516,ADFU,500,500,3
546.7568274909846,ADFU,500,500,3
101.79461272173333,ADFU,500,500,3
659.4489505973971,ADFU,500,500,3
25.697149827610673,ADFU,500,500,3
816.5561170897334,ADFU,500,500,3
2285.4657693322215,ADFU,500,500,3
241.715879515584,ADFU,500,500,3
657.592536186793,ADFU,500,500,3
367.4109814905584,ADFU,500,500,3
45.21175325439999,ADFU,500,500,3
1314.2000904176002,ADFU,500,500,3
2676.6392853734105,ADFU,500,500,3
124.87276121341155,ADFU,500,500,3
2250.625322595555,ADFU,500,500,3
2433.489577595163,ADFU,500,500,3
4238.448404882197,ADFU,500,500,3
190.91122930045142,ADFU,500,500,3
245.79160009838938,ADFU,500,500,3
232.47013222462402,ADMO,500,500,3
1132.8132223462674,ADMO,500,500,3
251.20330242090486,ADMO,500,500,3
92.79666150314486,ADMO,500,500,3
415.25337414893323,ADMO,500,500,3
1404.7845100782915,ADMO,500,500,3
1395.8590506872886,ADMO,500,500,3
385.2638430132889,ADMO,500,500,3
89.41337086057067,ADMO,500,500,3
71.90674244764269,ADMO,500,500,3
973.2833877084001,ADMO,500,500,3
76.84399566893332,ADMO,500,500,3
70.44813536423823,ADMO,500,500,3
32.34104357682487,ADMO,500,500,3
505.7163952599448,ADMO,500,500,3
54.22447757673064,ADMO,500,500,3
134.94676179292262,ADMO,500,500,3
231.14641416493336,ADMO,500,500,3
722.8696894677333,ADMO,500,500,3
1325.338911982222,ADMO,500,500,3
624.4623675591038,ADPA,500,500,3
3527.50333174909,ADPA,500,500,3
1332.2172581722384,ADPA,500,500,3
1277.5191423197848,ADPA,500,500,3
112.12550824981159,ADPA,500,500,3
269.6059285939128,ADPA,500,500,3
527.5527522052961,ADPA,500,500,3
422.5387133546223,ADPA,500,500,3
1243.7721599249332,ADPA,500,500,3
156.6012336447982,ADPA,500,500,3
739.4043938687715,ADPA,500,500,3
2376.6369035338216,ADPA,500,500,3
1183.5544426622218,ADPA,500,500,3
51.13316216728892,ADPA,500,500,3
679.360999398896,ADPA,500,500,3
1158.9444014062856,ADPA,500,500,3
3348.297150570664,ADPA,500,500,3
295.6441461822506,ADPA,500,500,3
432.52628794025964,ADPA,500,500,3
50.90436084582223,ADPA,500,500,3
1123.967594136873,ADPE,500,500,3
1060.4258341170917,ADPE,500,500,3
267.81682119182216,ADPE,500,500,3
642.8267057071715,ADPE,500,500,3
3272.667451041251,ADPE,500,500,3
3740.1125110491575,ADPE,500,500,3
1071.266717045219,ADPE,500,500,3
360.1890584884889,ADPE,500,500,3
266.5283900665588,ADPE,500,500,3
1534.1460769515438,ADPE,500,500,3
1846.7132791355095,ADPE,500,500,3
1552.6251297547306,ADPE,500,500,3
1637.8532305766669,ADPE,500,500,3
1066.0002111232693,ADPE,500,500,3
458.23929497713607,ADPE,500,500,3
2975.2727912699456,ADPE,500,500,3
365.22150835893353,ADPE,500,500,3
416.32182229503303,ADPE,500,500,3
640.7599434486331,ADPE,500,500,3
3858.9552567875394,ADPE,500,500,3
615.5589627125315,ADVE,500,500,3
690.8741770926647,ADVE,500,500,3
447.0349458097333,ADVE,500,500,3
1042.4614896351982,ADVE,500,500,3
453.41845729386495,ADVE,500,500,3
1629.0446813613446,ADVE,500,500,3
860.2300958127717,ADVE,500,500,3
812.9216669823361,ADVE,500,500,3
2575.746658507598,ADVE,500,500,3
306.586835867504,ADVE,500,500,3
2702.7308132524377,ADVE,500,500,3
345.5240833768374,ADVE,500,500,3
57.625906148266665,ADVE,500,500,3
221.80910653862222,ADVE,500,500,3
201.44752000125155,ADVE,500,500,3
2259.5914547572893,ADVE,500,500,3
81.70169850423288,ADVE,500,500,3
519.9857772283573,ADVE,500,500,3
411.4026237564,ADVE,500,500,3
3076.244274301352,ADVE,500,500,3
493.1167166051554,AEAM,500,500,3
530.4922087480251,AEAM,500,500,3
193.5101545519716,AEAM,500,500,3
148.39429769706496,AEAM,500,500,3
123.11226310212268,AEAM,500,500,3
524.957960232233,AEAM,500,500,3
83.61416650506665,AEAM,500,500,3
130.504651218544,AEAM,500,500,3
2479.369509084665,AEAM,500,500,3
187.37128529663292,AEAM,500,500,3
618.5588750822332,AEAM,500,500,3
1751.0237354843302,AEAM,500,500,3
1831.1238375538057,AEAM,500,500,3
318.2297270269707,AEAM,500,500,3
446.6423532248729,AEAM,500,500,3
592.8003833766669,AEAM,500,500,3
248.9200610588426,AEAM,500,500,3
82.05879899562493,AEAM,500,500,3
273.0323701176159,AEAM,500,500,3
201.71098483154492,AEAM,500,500,3
4300.140388948821,AECA,500,500,3
497.55933507754474,AECA,500,500,3
599.6467757126383,AECA,500,500,3
2365.334479871971,AECA,500,500,3
1742.6252150933326,AECA,500,500,3
3663.942277579377,AECA,500,500,3
191.42401017235733,AECA,500,500,3
6035.137176190399,AECA,500,500,3
25.802253269155557,AECA,500,500,3
859.927629221289,AECA,500,500,3
556.9484835124888,AECA,500,500,3
1897.3995665464251,AECA,500,500,3
2104.4943767708373,AECA,500,500,3
1346.4731559619977,AECA,500,500,3
383.37903133414403,AECA,500,500,3
5222.36686559613,AECA,500,500,3
178.46703385595555,AECA,500,500,3
657.6274799199556,AECA,500,500,3
80.62851056315559,AECA,500,500,3
399.925566437545,AECA,500,500,3
190.48194034730483,AECY,500,500,3
232.02177948138495,AECY,500,500,3
75.61106623999287,AECY,500,500,3
1094.0897061822513,AECY,500,500,3
3373.692271854586,AECY,500,500,3
67.77791662476622,AECY,500,500,3
52.01313725862222,AECY,500,500,3
85.18719527863288,AECY,500,500,3
126.40989973994489,AECY,500,500,3
13.335629193955555,AECY,500,500,3
190.06732645048874,AECY,500,500,3
44.96314203989153,AECY,500,500,3
4609.553637570957,AECY,500,500,3
419.11351261196637,AECY,500,500,3
2551.373198822526,AECY,500,500,3
4564.837977143379,AECY,500,500,3
136.64369099733153,AECY,500,500,3
77.91741878655823,AECY,500,500,3
119.31448646900623,AECY,500,500,3
170.54837426463288,AECY,500,500,3
753.8637657086562,AECY2,500,500,3
1390.2556261747989,AECY2,500,500,3
460.02948541793984,AECY2,500,500,3
439.53865563105927,AECY2,500,500,3
158.7008246804889,AECY2,500,500,3
4766.46121412898,AECY2,500,500,3
141.55320061353956,AECY2,500,500,3
1534.3783633477335,AECY2,500,500,3
154.98692088561606,AECY2,500,500,3
144.36898129543823,AECY2,500,500,3
184.46793936995553,AECY2,500,500,3
565.9446557098381,AECY2,500,500,3
3070.113629228018,AECY2,500,500,3
708.3294047822224,AECY2,500,500,3
236.66307150215818,AECY2,500,500,3
145.80065024893156,AECY2,500,500,3
648.5485849511182,AECY2,500,500,3
1785.885779080489,AECY2,500,500,3
88.37804802132624,AECY2,500,500,3
527.7389250842664,AECY2,500,500,3
449.66344546126925,AEGL,500,500,3
4492.974115708757,AEGL,500,500,3
1367.933864894606,AEGL,500,500,3
1661.7923051619555,AEGL,500,500,3
4139.328226751083,AEGL,500,500,3
4260.5507045809045,AEGL,500,500,3
832.8362893295625,AEGL,500,500,3
499.1116578542649,AEGL,500,500,3
1773.9211568672997,AEGL,500,500,3
2564.8541368276196,AEGL,500,500,3
138.7642666234027,AEGL,500,500,3
99.23715345001072,AEGL,500,500,3
410.62658665795556,AEGL,500,500,3
3506.1556521726225,AEGL,500,500,3
3201.5719565179697,AEGL,500,500,3
208.18234514785954,AEGL,500,500,3
962.4370202911128,AEGL,500,500,3
1647.8282805503127,AEGL,500,500,3
254.857598543673,AEGL,500,500,3
270.21040161809066,AEGL,500,500,3
3249.7064800529333,AEHI,500,500,3
1226.6322535359125,AEHI,500,500,3
1117.6430557539838,AEHI,500,500,3
3542.4090638737,AEHI,500,500,3
629.2588613573528,AEHI,500,500,3
4122.386990888046,AEHI,500,500,3
1898.175152124238,AEHI,500,500,3
3135.4190163849225,AEHI,500,500,3
1080.1873477486863,AEHI,500,500,3
1766.3230929163306,AEHI,500,500,3
1975.7044677530664,AEHI,500,500,3
5376.060269831822,AEHI,500,500,3
4412.755225607804,AEHI,500,500,3
515.9584351214062,AEHI,500,500,3
1544.6795903988893,AEHI,500,500,3
3562.6655735301547,AEHI,500,500,3
4964.605618303822,AEHI,500,500,3
678.5663519743999,AEHI,500,500,3
1552.0935658537535,AEHI,500,500,3
287.23055872156266,AEHI,500,500,3
488.94219463366414,AEIN,500,500,3
3864.6592827064233,AEIN,500,500,3
87.99495915360002,AEIN,500,500,3
312.91995056511814,AEIN,500,500,3
118.12156810963734,AEIN,500,500,3
405.7874291226863,AEIN,500,500,3
94.37161083071824,AEIN,500,500,3
77.54557333275733,AEIN,500,500,3
1018.955558664489,AEIN,500,500,3
147.84279089990935,AEIN,500,500,3
463.2425456865264,AEIN,500,500,3
821.9841671322669,AEIN,500,500,3
2232.8011522339557,AEIN,500,500,3
127.38913088528884,AEIN,500,500,3
174.5162197353529,AEIN,500,500,3
42.47078532333334,AEIN,500,500,3
152.7741540068249,AEIN,500,500,3
131.26204683359995,AEIN,500,500,3
91.37464265471291,AEIN,500,500,3
68.64675497403732,AEIN,500,500,3
2468.8120825078327,AEPA,500,500,3
518.2448881520907,AEPA,500,500,3
246.9621198442382,AEPA,500,500,3
1093.9093331155552,AEPA,500,500,3
5694.309877169277,AEPA,500,500,3
2683.2940316821323,AEPA,500,500,3
762.8026079303663,AEPA,500,500,3
92.11005948501153,AEPA,500,500,3
184.6344872528196,AEPA,500,500,3
53.142674555555566,AEPA,500,500,3
295.5921854484889,AEPA,500,500,3
353.06010794555556,AEPA,500,500,3
257.5537392564889,AEPA,500,500,3
678.5229880917332,AEPA,500,500,3
644.1349634985528,AEPA,500,500,3
701.8657754421175,AEPA,500,500,3
3367.6685701859556,AEPA,500,500,3
392.11856712315574,AEPA,500,500,3
141.3300630993049,AEPA,500,500,3
67.50723288888886,AEPA,500,500,3
2365.7332435131443,AEPO,500,500,3
1519.2801047858056,AEPO,500,500,3
1626.3547842407108,AEPO,500,500,3
1371.6115846842029,AEPO,500,500,3
223.17655102111289,AEPO,500,500,3
274.58355492373147,AEPO,500,500,3
260.3457394484462,AEPO,500,500,3
2026.1331073851716,AEPO,500,500,3
384.9939041690668,AEPO,500,500,3
2041.8348905226212,AEPO,500,500,3
333.2912450373972,AEPO,500,500,3
522.9607706239929,AEPO,500,500,3
1764.2920355062597,AEPO,500,500,3
2421.4036767770667,AEPO,500,500,3
597.3200260392894,AEPO,500,500,3
645.6014997847448,AEPO,500,500,3
522.574274693289,AEPO,500,500,3
987.9329528784782,AEPO,500,500,3
3986.625581663957,AEPO,500,500,3
325.69107639721955,AEPO,500,500,3
40.086931994622205,AETR,500,500,3
495.71455516806907,AETR,500,500,3
307.8930051308373,AETR,500,500,3
902.1261416744887,AETR,500,500,3
86.42832532989158,AETR,500,500,3
1234.0076598081257,AETR,500,500,3
663.2897705693226,AETR,500,500,3
134.0008679628729,AETR,500,500,3
427.0117558950239,AETR,500,500,3
991.1791768470116,AETR,500,500,3
2328.120008492713,AETR,500,500,3
131.9161649604196,AETR,500,500,3
390.25439731182223,AETR,500,500,3
472.2569917486648,AETR,500,500,3
162.28251076089597,AETR,500,500,3
2366.2782130150113,AETR,500,500,3
207.24775935143828,AETR,500,500,3
277.19569661115565,AETR,500,500,3
578.2730119859182,AETR,500,500,3
586.5866576345585,AETR,500,500,3
232.39601352393944,AGAU2,500,500,3
281.91694432211744,AGAU2,500,500,3
237.64145126040006,AGAU2,500,500,3
395.85326727409586,AGAU2,500,500,3
1327.9679797251395,AGAU2,500,500,3
567.3829411096461,AGAU2,500,500,3
3441.198180126713,AGAU2,500,500,3
3313.353056159572,AGAU2,500,500,3
157.821227936496,AGAU2,500,500,3
229.98501674555533,AGAU2,500,500,3
62.327129208872904,AGAU2,500,500,3
49.92340462773333,AGAU2,500,500,3
550.144049600505,AGAU2,500,500,3
36.320288537669335,AGAU2,500,500,3
707.8925668880429,AGAU2,500,500,3
988.032082531242,AGAU2,500,500,3
1887.437855938553,AGAU2,500,500,3
2602.651629834736,AGAU2,500,500,3
192.6900304175715,AGAU2,500,500,3
1079.6041992226064,AGAU2,500,500,3
661.1045139520779,AGAU3,500,500,3
674.091592358256,AGAU3,500,500,3
474.64501730465963,AGAU3,500,500,3
696.8132026474382,AGAU3,500,500,3
223.81859071000005,AGAU3,500,500,3
271.3632841202914,AGAU3,500,500,3
106.12440239865599,AGAU3,500,500,3
186.4150183306222,AGAU3,500,500,3
280.7926892541849,AGAU3,500,500,3
82.04356937854399,AGAU3,500,500,3
665.9264551541314,AGAU3,500,500,3
204.53769549994496,AGAU3,500,500,3
174.17502324407286,AGAU3,500,500,3
593.3571649009048,AGAU3,500,500,3
447.3626118445796,AGAU3,500,500,3
189.00787626717155,AGAU3,500,500,3
1185.7843494778595,AGAU3,500,500,3
206.03781989648894,AGAU3,500,500,3
165.47273742561956,AGAU3,500,500,3
942.8613703722597,AGAU3,500,500,3
96.61984849202486,AGCA4,500,500,3
596.2457035338222,AGCA4,500,500,3
2496.3630616826877,AGCA4,500,500,3
89.79441210862221,AGCA4,500,500,3
5946.679807563066,AGCA4,500,500,3
1968.556602534656,AGCA4,500,500,3
34.10221733089956,AGCA4,500,500,3
1008.3638744936104,AGCA4,500,500,3
1681.7160425705176,AGCA4,500,500,3
171.3284933089849,AGCA4,500,500,3
1114.9062026532247,AGCA4,500,500,3
1587.3012876205448,AGCA4,500,500,3
13793.49132275336,AGCA4,500,500,3
65.74288377087825,AGCA4,500,500,3
3224.5372931205056,AGCA4,500,500,3
124.79540126569067,AGCA4,500,500,3
66.61757642111824,AGCA4,500,500,3
294.0800355452516,AGCA4,500,500,3
184.78696479089072,AGCA4,500,500,3
2120.7014097172882,AGCA4,500,500,3
284.31735087628624,AGCA5,500,500,3
297.85276360528894,AGCA5,500,500,3
539.033074865065,AGCA5,500,500,3
388.14624069767825,AGCA5,500,500,3
239.9038682956515,AGCA5,500,500,3
3683.1524064392515,AGCA5,500,500,3
2412.9700998984517,AGCA5,500,500,3
2194.8396048247455,AGCA5,500,500,3
4910.465141311771,AGCA5,500,500,3
140.5079908341316,AGCA5,500,500,3
1150.0583761740643,AGCA5,500,500,3
69.754879093696,AGCA5,500,500,3
4308.74366236,AGCA5,500,500,3
1688.337928932222,AGCA5,500,500,3
2852.1541286620163,AGCA5,500,500,3
4413.847947215865,AGCA5,500,500,3
5940.699290536489,AGCA5,500,500,3
1200.6773393713047,AGCA5,500,500,3
2432.613592683504,AGCA5,500,500,3
3166.4402713551567,AGCA5,500,500,3
417.69359536213153,AGCO2,500,500,3
89.27469990999998,AGCO2,500,500,3
466.3748400851554,AGCO2,500,500,3
450.9457460701798,AGCO2,500,500,3
88.86400596777064,AGCO2,500,500,3
595.0156890001762,AGCO2,500,500,3
327.39418470540625,AGCO2,500,500,3
949.3029636979185,AGCO2,500,500,3
777.6959657890118,AGCO2,500,500,3
380.34690930537073,AGCO2,500,500,3
564.2412463482863,AGCO2,500,500,3
494.0523399057333,AGCO2,500,500,3
258.166922098473,AGCO2,500,500,3
312.9060984115129,AGCO2,500,500,3
592.6318534742029,AGCO2,500,500,3
390.6618735230293,AGCO2,500,500,3
1262.9271291844193,AGCO2,500,500,3
559.0419307958593,AGCO2,500,500,3
32.05220641666667,AGCO2,500,500,3
198.86318399177958,AGCO2,500,500,3
366.91338743248895,AGCR,500,500,3
1568.77307666511,AGCR,500,500,3
2454.9430128263893,AGCR,500,500,3
315.8953114777527,AGCR,500,500,3
63.90225176055289,AGCR,500,500,3
705.8732673759557,AGCR,500,500,3
1328.867290402389,AGCR,500,500,3
2931.6094704477846,AGCR,500,500,3
195.19165795319296,AGCR,500,500,3
3300.056660988331,AGCR,500,500,3
2576.5090517410067,AGCR,500,500,3
587.3685121796962,AGCR,500,500,3
3284.5474115368943,AGCR,500,500,3
3094.1212519005794,AGCR,500,500,3
4645.025282280362,AGCR,500,500,3
416.34627568254393,AGCR,500,500,3
209.51182776831806,AGCR,500,500,3
389.3187386665528,AGCR,500,500,3
421.9956746308195,AGCR,500,500,3
1186.7659920362669,AGCR,500,500,3
1869.6435238613324,AGDE,500,500,3
5466.048314214099,AGDE,500,500,3
1554.4007328225844,AGDE,500,500,3
1956.1984580788894,AGDE,500,500,3
1348.6617505522331,AGDE,500,500,3
4815.31708421218,AGDE,500,500,3
2006.752834252793,AGDE,500,500,3
1542.9756224834828,AGDE,500,500,3
238.2990317098382,AGDE,500,500,3
5599.392970481065,AGDE,500,500,3
2340.975938434553,AGDE,500,500,3
1424.6246129784886,AGDE,500,500,3
2390.0708211137253,AGDE,500,500,3
5499.300295230978,AGDE,500,500,3
578.1553586109708,AGDE,500,500,3
640.7922090907716,AGDE,500,500,3
1982.5345422239561,AGDE,500,500,3
1856.3901454357335,AGDE,500,500,3
3487.204643268978,AGDE,500,500,3
164.71254773374403,AGDE,500,500,3
5122.548436428225,AGEU,500,500,3
5545.83862332514,AGEU,500,500,3
609.6394887935983,AGEU,500,500,3
1821.487703986233,AGEU,500,500,3
1498.8405369847183,AGEU,500,500,3
2987.744905543451,AGEU,500,500,3
770.5167440102666,AGEU,500,500,3
1752.6578139318326,AGEU,500,500,3
580.6516653147714,AGEU,500,500,3
1702.244237048889,AGEU,500,500,3
1534.2093669288893,AGEU,500,500,3
4325.439758359033,AGEU,500,500,3
1929.9060544375436,AGEU,500,500,3
1583.2669297676787,AGEU,500,500,3
1514.5967542997328,AGEU,500,500,3
2202.005087047891,AGEU,500,500,3
9060.032201676928,AGEU,500,500,3
272.064650772336,AGEU,500,500,3
497.18034086391276,AGEU,500,500,3
5896.438262887651,AGEU,500,500,3
314.31848521863816,AGFA2,500,500,3
2543.6823115731563,AGFA2,500,500,3
212.38743355906666,AGFA2,500,500,3
2400.5378434380636,AGFA2,500,500,3
3543.6728338300513,AGFA2,500,500,3
441.64645841663304,AGFA2,500,500,3
90.59570614397157,AGFA2,500,500,3
3419.3067933306293,AGFA2,500,500,3
75.10980155153067,AGFA2,500,500,3
6631.530224778926,AGFA2,500,500,3
3782.5722090488903,AGFA2,500,500,3
511.57854618143296,AGFA2,500,500,3
438.8323136506026,AGFA2,500,500,3
783.6082231961527,AGFA2,500,500,3
479.3764099520784,AGFA2,500,500,3
1023.0956680308906,AGFA2,500,500,3
232.14203350999986,AGFA2,500,500,3
88.24729026382931,AGFA2,500,500,3
3445.329695021012,AGFA2,500,500,3
118.29290946837155,AGFA2,500,500,3
182.50895216362485,AGFO,500,500,3
121.97439525580623,AGFO,500,500,3
5474.982649853376,AGFO,500,500,3
267.62410721382224,AGFO,500,500,3
566.6035246954506,AGFO,500,500,3
2876.2507334752427,AGFO,500,500,3
637.7607094512196,AGFO,500,500,3
308.5136578418062,AGFO,500,500,3
119.64888767433959,AGFO,500,500,3
267.64829719346477,AGFO,500,500,3
1224.101892667291,AGFO,500,500,3
1034.1599713583714,AGFO,500,500,3
242.84307220973332,AGFO,500,500,3
455.49993327167846,AGFO,500,500,3
150.44847664902932,AGFO,500,500,3
349.6882660137227,AGFO,500,500,3
656.7240229644638,AGFO,500,500,3
504.4364893973176,AGFO,500,500,3
365.9712073524888,AGFO,500,500,3
528.3976595298917,AGFO,500,500,3
17.15821866527289,AGGA,500,500,3
52.70598927188622,AGGA,500,500,3
12.706799031744001,AGGA,500,500,3
77.4663852159982,AGGA,500,500,3
21.174715770024896,AGGA,500,500,3
2233.4390915921044,AGGA,500,500,3
743.2545639972958,AGGA,500,500,3
2872.332162452464,AGGA,500,500,3
110.99113732223825,AGGA,500,500,3
34.264478509850655,AGGA,500,500,3
1099.0599483238332,AGGA,500,500,3
1611.2823625598228,AGGA,500,500,3
6118.7686145216,AGGA,500,500,3
352.2169640755128,AGGA,500,500,3
49.93898914164624,AGGA,500,500,3
60.004243809904,AGGA,500,500,3
2831.126172932239,AGGA,500,500,3
1119.9859251373796,AGGA,500,500,3
184.01595133340268,AGGA,500,500,3
710.2265394380638,AGGA,500,500,3
930.0672218547894,AGGI,500,500,3
1533.7783973141047,AGGI,500,500,3
2073.718581759955,AGGI,500,500,3
272.79601980262214,AGGI,500,500,3
123.07473139822937,AGGI,500,500,3
2940.630531517437,AGGI,500,500,3
2518.606486803183,AGGI,500,500,3
1769.9896964265788,AGGI,500,500,3
140.37739721315558,AGGI,500,500,3
121.68785843249599,AGGI,500,500,3
147.67469126206396,AGGI,500,500,3
375.1146728130115,AGGI,500,500,3
1613.7745702791663,AGGI,500,500,3
2129.410346714851,AGGI,500,500,3
260.5038667687664,AGGI,500,500,3
2695.318469394233,AGGI,500,500,3
1700.9916058488898,AGGI,500,500,3
112.26027503911828,AGGI,500,500,3
1093.6297888807665,AGGI,500,500,3
141.8742372840959,AGGI,500,500,3
1261.3872870052246,AGGI2,500,500,3
990.6754666679187,AGGI2,500,500,3
1880.3304454946067,AGGI2,500,500,3
248.14345346555555,AGGI2,500,500,3
1020.1291491178384,AGGI2,500,500,3
581.8917733241171,AGGI2,500,500,3
1914.9362863445053,AGGI2,500,500,3
1159.9730148129975,AGGI2,500,500,3
61.6932336398222,AGGI2,500,500,3
134.0656363883449,AGGI2,500,500,3
136.29382620063285,AGGI2,500,500,3
1855.5800784342607,AGGI2,500,500,3
3371.83734791759,AGGI2,500,500,3
915.6492606726381,AGGI2,500,500,3
465.04283702862915,AGGI2,500,500,3
493.07905198715565,AGGI2,500,500,3
2624.024018280612,AGGI2,500,500,3
351.74825922794486,AGGI2,500,500,3
1065.148725729451,AGGI2,500,500,3
1735.6969450001764,AGGI2,500,500,3
251.8826760171448,AGGL,500,500,3
4621.54821727889,AGGL,500,500,3
107.36495201262224,AGGL,500,500,3
4609.869123728889,AGGL,500,500,3
2254.723904759438,AGGL,500,500,3
757.8694855367659,AGGL,500,500,3
1147.9550181581494,AGGL,500,500,3
242.944329267705,AGGL,500,500,3
158.24887708995556,AGGL,500,500,3
3845.6458931668712,AGGL,500,500,3
1503.9928556399998,AGGL,500,500,3
272.25407981115546,AGGL,500,500,3
522.2733962725263,AGGL,500,500,3
2639.480289952552,AGGL,500,500,3
68.85693041207287,AGGL,500,500,3
1339.900929870633,AGGL,500,500,3
2899.372410425166,AGGL,500,500,3
975.3700646398219,AGGL,500,500,3
301.9689684505439,AGGL,500,500,3
610.0111126778862,AGGL,500,500,3
1165.453602864339,AGGR2,500,500,3
1504.090697824069,AGGR2,500,500,3
463.5445596137174,AGGR2,500,500,3
63.29139987982225,AGGR2,500,500,3
44.0907919936,AGGR2,500,500,3
975.4521711081799,AGGR2,500,500,3
164.29594824617962,AGGR2,500,500,3
648.5669210015841,AGGR2,500,500,3
1707.9583862821528,AGGR2,500,500,3
123.6269616613262,AGGR2,500,500,3
196.38668532777058,AGGR2,500,500,3
543.7407224955448,AGGR2,500,500,3
429.0374938288194,AGGR2,500,500,3
2231.233841647247,AGGR2,500,500,3
126.30338263607287,AGGR2,500,500,3
1168.2578445209313,AGGR2,500,500,3
1967.0407981151582,AGGR2,500,500,3
157.68087597863828,AGGR2,500,500,3
249.4675759671183,AGGR2,500,500,3
49.84010296231822,AGGR2,500,500,3
791.0773871338506,AGHE5,500,500,3
301.71100880874474,AGHE5,500,500,3
727.6796912548103,AGHE5,500,500,3
4552.842197305556,AGHE5,500,500,3
4419.397614620153,AGHE5,500,500,3
1856.9816698831928,AGHE5,500,500,3
70.12278821819734,AGHE5,500,500,3
3556.0809171919564,AGHE5,500,500,3
55.39130120373333,AGHE5,500,500,3
488.8425922076998,AGHE5,500,500,3
699.9482909823361,AGHE5,500,500,3
102.3980408488889,AGHE5,500,500,3
574.978860632206,AGHE5,500,500,3
4121.599058923715,AGHE5,500,500,3
936.8487622117528,AGHE5,500,500,3
1012.3999126426293,AGHE5,500,500,3
30.012021259349336,AGHE5,500,500,3
157.94915921521067,AGHE5,500,500,3
334.32553493919295,AGHE5,500,500,3
1749.3667461316195,AGHE5,500,500,3
736.429101975033,AGHY,500,500,3
24.158930596970674,AGHY,500,500,3
205.44756712754491,AGHY,500,500,3
105.20779513633957,AGHY,500,500,3
632.5310714638773,AGHY,500,500,3
900.0542721084004,AGHY,500,500,3
260.8239411618062,AGHY,500,500,3
333.5099606974508,AGHY,500,500,3
3369.076554387883,AGHY,500,500,3
378.50020786847307,AGHY,500,500,3
2862.188940568292,AGHY,500,500,3
1536.3386062102022,AGHY,500,500,3
1780.7364599942243,AGHY,500,500,3
151.65125548160003,AGHY,500,500,3
3123.806922005971,AGHY,500,500,3
1171.736191608313,AGHY,500,500,3
120.68357590663823,AGHY,500,500,3
2326.2667234404953,AGHY,500,500,3
98.35136604572264,AGHY,500,500,3
565.051343709838,AGHY,500,500,3
244.41677305428612,AGLE,500,500,3
3793.174175988622,AGLE,500,500,3
1323.4898775952995,AGLE,500,500,3
1113.343266006612,AGLE,500,500,3
3307.934097752488,AGLE,500,500,3
2135.4955082372257,AGLE,500,500,3
2185.813344667433,AGLE,500,500,3
2735.6537459753795,AGLE,500,500,3
220.40300373374401,AGLE,500,500,3
2837.530408607273,AGLE,500,500,3
232.57797233373154,AGLE,500,500,3
5711.905491391358,AGLE,500,500,3
3886.5883579152783,AGLE,500,500,3
923.5203873663838,AGLE,500,500,3
1339.2547481335394,AGLE,500,500,3
895.0597026639625,AGLE,500,500,3
1069.9310410410596,AGLE,500,500,3
2324.2402652009177,AGLE,500,500,3
2242.2789041237056,AGLE,500,500,3
1370.3461890819979,AGLE,500,500,3
101.47638904317152,AGLI2,500,500,3
177.8905567638116,AGLI2,500,500,3
400.44453696477166,AGLI2,500,500,3
46.30400115182225,AGLI2,500,500,3
200.2306420882329,AGLI2,500,500,3
95.12416484891739,AGLI2,500,500,3
240.5855157435449,AGLI2,500,500,3
924.4078456504247,AGLI2,500,500,3
104.65354089727292,AGLI2,500,500,3
59.74836449164623,AGLI2,500,500,3
121.52575617026665,AGLI2,500,500,3
81.44240399921603,AGLI2,500,500,3
150.55914987373328,AGLI2,500,500,3
76.73387638075731,AGLI2,500,500,3
241.57980153972625,AGLI2,500,500,3
68.94938792959822,AGLI2,500,500,3
73.66450872888889,AGLI2,500,500,3
53.982877263699564,AGLI2,500,500,3
49.0536054364729,AGLI2,500,500,3
223.3954347899999,AGLI2,500,500,3
17.669158907278224,AGMA3,500,500,3
1748.2405891404155,AGMA3,500,500,3
597.9391710015715,AGMA3,500,500,3
432.92405561948306,AGMA3,500,500,3
5499.848940858622,AGMA3,500,500,3
94.50713381289957,AGMA3,500,500,3
4414.511272749635,AGMA3,500,500,3
34.012396055749335,AGMA3,500,500,3
16.783732594744897,AGMA3,500,500,3
32.991952835056,AGMA3,500,500,3
4272.261136054071,AGMA3,500,500,3
396.9959304503447,AGMA3,500,500,3
1074.8158226140424,AGMA3,500,500,3
192.08482799419735,AGMA3,500,500,3
76.04550868046935,AGMA3,500,500,3
866.748922974789,AGMA3,500,500,3
2026.997400936232,AGMA3,500,500,3
287.2740798040461,AGMA3,500,500,3
709.1447998220639,AGMA3,500,500,3
1632.7213308757262,AGMA3,500,500,3
1951.6723703932516,AGNE2,500,500,3
178.19856794493154,AGNE2,500,500,3
166.04116653025957,AGNE2,500,500,3
1746.9720188501267,AGNE2,500,500,3
56.24483918293335,AGNE2,500,500,3
405.11076423697074,AGNE2,500,500,3
818.9580495568193,AGNE2,500,500,3
67.5623260116462,AGNE2,500,500,3
216.54952448746488,AGNE2,500,500,3
1282.7774089369527,AGNE2,500,500,3
2879.925197504682,AGNE2,500,500,3
1205.4461235291308,AGNE2,500,500,3
161.5186736666667,AGNE2,500,500,3
290.71198486749154,AGNE2,500,500,3
693.7437254721974,AGNE2,500,500,3
152.76387733287828,AGNE2,500,500,3
4552.715950661673,AGNE2,500,500,3
609.1177941051664,AGNE2,500,500,3
225.6427908697314,AGNE2,500,500,3
786.8010514381491,AGNE2,500,500,3
64.29464398462403,AGPA,500,500,3
2224.08028295626,AGPA,500,500,3
1562.7201760799837,AGPA,500,500,3
648.8013186695395,AGPA,500,500,3
164.54775221076625,AGPA,500,500,3
1095.8266767642665,AGPA,500,500,3
92.40271455251734,AGPA,500,500,3
445.5400398799927,AGPA,500,500,3
278.5049196529707,AGPA,500,500,3
627.7560942902597,AGPA,500,500,3
304.8072793830114,AGPA,500,500,3
102.40543612885149,AGPA,500,500,3
187.87146686057062,AGPA,500,500,3
262.89583355431824,AGPA,500,500,3
5247.386583864233,AGPA,500,500,3
297.5893412716782,AGPA,500,500,3
2613.456350255486,AGPA,500,500,3
410.0787350319715,AGPA,500,500,3
127.13485982583285,AGPA,500,500,3
159.6099113688106,AGPA,500,500,3
2816.402553129955,AGPA3,500,500,3
4165.992377215913,AGPA3,500,500,3
5991.883185090104,AGPA3,500,500,3
6487.0503339146235,AGPA3,500,500,3
4251.886411782713,AGPA3,500,500,3
2498.8194444974056,AGPA3,500,500,3
2887.8388419016255,AGPA3,500,500,3
4343.142876525055,AGPA3,500,500,3
3828.388601419065,AGPA3,500,500,3
4191.0737412666585,AGPA3,500,500,3
3526.5252534500696,AGPA3,500,500,3
1535.2823487455548,AGPA3,500,500,3
3116.3941301500504,AGPA3,500,500,3
2670.7642546596107,AGPA3,500,500,3
4808.325208890021,AGPA3,500,500,3
3718.431230024531,AGPA3,500,500,3
6085.121103239934,AGPA3,500,500,3
5131.201406263066,AGPA3,500,500,3
2047.67169242703,AGPA3,500,500,3
2880.0750327213796,AGPA3,500,500,3
5884.618885098125,AGPA4,500,500,3
7735.067518631469,AGPA4,500,500,3
4093.5868654531128,AGPA4,500,500,3
2180.51314464074,AGPA4,500,500,3
4304.873866993407,AGPA4,500,500,3
2611.7830725490053,AGPA4,500,500,3
1660.9210654400001,AGPA4,500,500,3
2939.8585102950333,AGPA4,500,500,3
3299.540061696211,AGPA4,500,500,3
3154.156217111317,AGPA4,500,500,3
4462.028336621651,AGPA4,500,500,3
118.01753190999999,AGPA4,500,500,3
1219.5438834829583,AGPA4,500,500,3
2407.5323685118215,AGPA4,500,500,3
827.3391304788889,AGPA4,500,500,3
1462.0368560846066,AGPA4,500,500,3
4576.462287322438,AGPA4,500,500,3
1869.740873290452,AGPA4,500,500,3
4965.232581333335,AGPA4,500,500,3
3979.129724889088,AGPA4,500,500,3
1161.5293931241795,AGPA6,500,500,3
1165.304123404622,AGPA6,500,500,3
714.1201062042668,AGPA6,500,500,3
1720.4691921017172,AGPA6,500,500,3
2410.3061314589,AGPA6,500,500,3
2159.1481743976515,AGPA6,500,500,3
2085.417590140473,AGPA6,500,500,3
878.9605663721796,AGPA6,500,500,3
280.29526904159997,AGPA6,500,500,3
3076.6044924608773,AGPA6,500,500,3
2530.56697575082,AGPA6,500,500,3
742.4596516227397,AGPA6,500,500,3
423.5354344023893,AGPA6,500,500,3
1203.3236596899553,AGPA6,500,500,3
1106.1039988490504,AGPA6,500,500,3
173.10797217268623,AGPA6,500,500,3
3210.637176495273,AGPA6,500,500,3
1198.9665461316197,AGPA6,500,500,3
2230.2005091776,AGPA6,500,500,3
99.23806775530487,AGPA6,500,500,3
183.09184358526406,AGPE,500,500,3
90.56371389226665,AGPE,500,500,3
69.918078635776,AGPE,500,500,3
313.0400764320995,AGPE,500,500,3
343.54712530045157,AGPE,500,500,3
365.3688064994115,AGPE,500,500,3
383.3035572966332,AGPE,500,500,3
4723.145076005802,AGPE,500,500,3
858.0000269412245,AGPE,500,500,3
398.2335055189314,AGPE,500,500,3
444.1306503925315,AGPE,500,500,3
1779.7300738111135,AGPE,500,500,3
426.9395156321849,AGPE,500,500,3
450.9146759527662,AGPE,500,500,3
145.4061357119556,AGPE,500,500,3
189.95398924215286,AGPE,500,500,3
3397.833628180905,AGPE,500,500,3
45.47596149173333,AGPE,500,500,3
61.769879968078236,AGPE,500,500,3
195.1124304766222,AGPE,500,500,3
82.4545025962649,AGPU,500,500,3
399.21949017386487,AGPU,500,500,3
744.2174354175928,AGPU,500,500,3
78.05281440860266,AGPU,500,500,3
2375.064629222223,AGPU,500,500,3
111.6492358950241,AGPU,500,500,3
384.2457098429848,AGPU,500,500,3
112.54977966684264,AGPU,500,500,3
575.2625737642647,AGPU,500,500,3
262.59382911453156,AGPU,500,500,3
314.51089472782206,AGPU,500,500,3
81.5864358004889,AGPU,500,500,3
1994.9193946092778,AGPU,500,500,3
51.62673465557155,AGPU,500,500,3
160.47869061388622,AGPU,500,500,3
34.13310874621156,AGPU,500,500,3
2299.6073055058773,AGPU,500,500,3
143.90264142718397,AGPU,500,500,3
1440.0439958755394,AGPU,500,500,3
47.89236321382223,AGPU,500,500,3
2917.3366913207174,AGPU5,500,500,3
53.860843833855995,AGPU5,500,500,3
1733.5051274248458,AGPU5,500,500,3
3337.7564317120796,AGPU5,500,500,3
29.494722573304877,AGPU5,500,500,3
3916.1658306177983,AGPU5,500,500,3
75.44378600682487,AGPU5,500,500,3
232.98088471615816,AGPU5,500,500,3
1205.1661611726227,AGPU5,500,500,3
268.5123142012516,AGPU5,500,500,3
104.14849559106669,AGPU5,500,500,3
4185.533200598356,AGPU5,500,500,3
240.69919209257054,AGPU5,500,500,3
244.43693439888884,AGPU5,500,500,3
1329.293386612843,AGPU5,500,500,3
99.29427528839828,AGPU5,500,500,3
271.661348602624,AGPU5,500,500,3
149.19328510293326,AGPU5,500,500,3
185.57128502271294,AGPU5,500,500,3
403.78700098705093,AGPU5,500,500,3
676.0790125322224,AGRO3,500,500,3
889.282979945237,AGRO3,500,500,3
113.75200126150933,AGRO3,500,500,3
167.2114109884995,AGRO3,500,500,3
1295.6301917602827,AGRO3,500,500,3
329.1245543734595,AGRO3,500,500,3
1980.9408372222213,AGRO3,500,500,3
809.2956439464887,AGRO3,500,500,3
1045.9020058407182,AGRO3,500,500,3
279.8738172532462,AGRO3,500,500,3
3560.069027458331,AGRO3,500,500,3
20.682312904184894,AGRO3,500,500,3
149.856878464256,AGRO3,500,500,3
1121.3620575371929,AGRO3,500,500,3
74.77973615317158,AGRO3,500,500,3
1324.6397005361764,AGRO3,500,500,3
170.11646932411728,AGRO3,500,500,3
240.90454250057937,AGRO3,500,500,3
240.43036662182223,AGRO3,500,500,3
34.45601930555555,AGRO3,500,500,3
419.41898663265965,AGSC,500,500,3
123.89634370354483,AGSC,500,500,3
974.4901451499443,AGSC,500,500,3
306.55314882961085,AGSC,500,500,3
2809.4037892911697,AGSC,500,500,3
420.8823833811553,AGSC,500,500,3
87.4361348278329,AGSC,500,500,3
364.54159939782414,AGSC,500,500,3
53.905415359139575,AGSC,500,500,3
1211.1766567036,AGSC,500,500,3
734.0091536197531,AGSC,500,500,3
2094.529844279288,AGSC,500,500,3
123.21513682828623,AGSC,500,500,3
617.1451140181175,AGSC,500,500,3
169.3747285621316,AGSC,500,500,3
991.0601464458224,AGSC,500,500,3
739.0625771016519,AGSC,500,500,3
103.37716813556624,AGSC,500,500,3
3089.4302722563134,AGSC,500,500,3
877.6572598879984,AGSC,500,500,3
117.28022973234489,AGSC5,500,500,3
231.5871308830649,AGSC5,500,500,3
838.5458141884001,AGSC5,500,500,3
1228.0502239344644,AGSC5,500,500,3
11.924982113955553,AGSC5,500,500,3
222.98947426724266,AGSC5,500,500,3
1297.3822963729333,AGSC5,500,500,3
737.7868610545493,AGSC5,500,500,3
20.90174425450489,AGSC5,500,500,3
73.43753390395554,AGSC5,500,500,3
14.631697734798223,AGSC5,500,500,3
6120.949423767254,AGSC5,500,500,3
84.80955033350935,AGSC5,500,500,3
121.52957011029159,AGSC5,500,500,3
2527.448725485823,AGSC5,500,500,3
93.07491720493333,AGSC5,500,500,3
23.22977466537066,AGSC5,500,500,3
1436.7688845090063,AGSC5,500,500,3
499.00483589279287,AGSC5,500,500,3
2516.1157461457337,AGSC5,500,500,3
6938.8304956053025,AGSI2,500,500,3
1198.908841333033,AGSI2,500,500,3
1687.4979306660907,AGSI2,500,500,3
1632.4696942286214,AGSI2,500,500,3
2400.0706945950656,AGSI2,500,500,3
1732.954502207955,AGSI2,500,500,3
18.46343814359999,AGSI2,500,500,3
440.1998429030667,AGSI2,500,500,3
1382.72368616354,AGSI2,500,500,3
1774.928988818768,AGSI2,500,500,3
1947.6251177007716,AGSI2,500,500,3
561.9667971018223,AGSI2,500,500,3
2592.2739691309234,AGSI2,500,500,3
285.74659376597157,AGSI2,500,500,3
1655.083143687958,AGSI2,500,500,3
3131.4338209834405,AGSI2,500,500,3
3893.253866740622,AGSI2,500,500,3
329.1632906833049,AGSI2,500,500,3
3098.3452356653797,AGSI2,500,500,3
1894.404028008846,AGSI2,500,500,3
130.91503312173342,AGST,500,500,3
1947.821578604926,AGST,500,500,3
1744.0813045166908,AGST,500,500,3
1882.6423024614385,AGST,500,500,3
2169.5914880074642,AGST,500,500,3
57.931374653822196,AGST,500,500,3
569.5129009481793,AGST,500,500,3
2716.8770842643185,AGST,500,500,3
193.53571798199292,AGST,500,500,3
1688.9397482451557,AGST,500,500,3
226.19519987263814,AGST,500,500,3
136.40795164769958,AGST,500,500,3
74.86245433838934,AGST,500,500,3
2426.351859772864,AGST,500,500,3
618.6484584854593,AGST,500,500,3
1598.9232253204887,AGST,500,500,3
365.8553520724196,AGST,500,500,3
505.3125605413528,AGST,500,500,3
853.8010863721802,AGST,500,500,3
134.83156660044622,AGST,500,500,3
603.0498824730669,AGST2,500,500,3
223.48731719125155,AGST2,500,500,3
7664.454436644012,AGST2,500,500,3
4341.250063972223,AGST2,500,500,3
28.32554391551289,AGST2,500,500,3
982.7401799957312,AGST2,500,500,3
3347.372181649278,AGST2,500,500,3
2820.437970827939,AGST2,500,500,3
221.31988523767288,AGST2,500,500,3
3377.036831364238,AGST2,500,500,3
923.2703382489317,AGST2,500,500,3
3818.333177824079,AGST2,500,500,3
1075.9838160824886,AGST2,500,500,3
254.74196444044634,AGST2,500,500,3
6545.9844350341045,AGST2,500,500,3
2009.8888482493442,AGST2,500,500,3
2325.069000683064,AGST2,500,500,3
5228.402771767023,AGST2,500,500,3
264.9376003087626,AGST2,500,500,3
330.6441106665225,AGST2,500,500,3
331.58782967888885,AGTE3,500,500,3
687.483704098126,AGTE3,500,500,3
51.83920393649601,AGTE3,500,500,3
926.9887928331665,AGTE3,500,500,3
739.1470470858221,AGTE3,500,500,3
1081.2893940021972,AGTE3,500,500,3
201.20896021927823,AGTE3,500,500,3
396.8397901152641,AGTE3,500,500,3
266.72393656137945,AGTE3,500,500,3
14.908221114282668,AGTE3,500,500,3
937.8357637944247,AGTE3,500,500,3
1525.875419297109,AGTE3,500,500,3
2910.522889062223,AGTE3,500,500,3
417.4172055638596,AGTE3,500,500,3
185.9012065471716,AGTE3,500,500,3
341.43995794596276,AGTE3,500,500,3
220.20468279585967,AGTE3,500,500,3
1521.1279565777854,AGTE3,500,500,3
296.5248104868908,AGTE3,500,500,3
3031.3069083922337,AGTE3,500,500,3
400.72595301823833,AGUR,500,500,3
83.34282030604625,AGUR,500,500,3
581.5215117486649,AGUR,500,500,3
1702.1923339988896,AGUR,500,500,3
344.77649292713954,AGUR,500,500,3
318.9955484406027,AGUR,500,500,3
588.9184815230294,AGUR,500,500,3
621.0280550835132,AGUR,500,500,3
4115.262052178424,AGUR,500,500,3
447.44395647675714,AGUR,500,500,3
6083.955744005399,AGUR,500,500,3
127.3245249001173,AGUR,500,500,3
274.34467181222226,AGUR,500,500,3
3925.5284369432975,AGUR,500,500,3
883.2493118888887,AGUR,500,500,3
337.44211007146487,AGUR,500,500,3
367.40092458683745,AGUR,500,500,3
100.4719545116,AGUR,500,500,3
1021.7162679162861,AGUR,500,500,3
5143.989708767288,AGUR,500,500,3
4017.386817596047,AGUT,500,500,3
2636.3193383198654,AGUT,500,500,3
198.63036898758943,AGUT,500,500,3
2469.7293402246237,AGUT,500,500,3
2256.37158989575,AGUT,500,500,3
2738.6186889594023,AGUT,500,500,3
1429.774404694073,AGUT,500,500,3
3963.256596242686,AGUT,500,500,3
2295.7869085322222,AGUT,500,500,3
1224.8905199868518,AGUT,500,500,3
2508.582102545563,AGUT,500,500,3
1603.4452943616002,AGUT,500,500,3
2374.3012171518217,AGUT,500,500,3
295.3318911113796,AGUT,500,500,3
3072.0241464446212,AGUT,500,500,3
1558.6910281274027,AGUT,500,500,3
3430.784280748367,AGUT,500,500,3
477.75146874313936,AGUT,500,500,3
4147.397938551974,AGUT,500,500,3
2432.2900954197266,AGUT,500,500,3
179.6055199879893,AIAL,500,500,3
1437.6984273406556,AIAL,500,500,3
684.9738193578647,AIAL,500,500,3
5286.977198295033,AIAL,500,500,3
3472.372464567289,AIAL,500,500,3
1164.4040859373226,AIAL,500,500,3
3069.9046718245536,AIAL,500,500,3
551.3057610556997,AIAL,500,500,3
4001.533431148585,AIAL,500,500,3
1096.2305302681434,AIAL,500,500,3
407.3876849505849,AIAL,500,500,3
547.5159446517317,AIAL,500,500,3
594.1644719940198,AIAL,500,500,3
1129.828208449024,AIAL,500,500,3
467.7601148138222,AIAL,500,500,3
347.93023144021174,AIAL,500,500,3
392.7629125030667,AIAL,500,500,3
3077.4602954591555,AIAL,500,500,3
586.7328226636781,AIAL,500,500,3
253.34103717625607,AIAL,500,500,3
449.5553562104888,AICA,500,500,3
2420.821734376488,AICA,500,500,3
281.531365837353,AICA,500,500,3
299.19521111338486,AICA,500,500,3
152.16116093222217,AICA,500,500,3
243.09424611378478,AICA,500,500,3
29.112397945299545,AICA,500,500,3
969.6584021405586,AICA,500,500,3
1039.9634266052194,AICA,500,500,3
2188.553267420371,AICA,500,500,3
787.7147387827039,AICA,500,500,3
251.16903759956594,AICA,500,500,3
80.73949085012626,AICA,500,500,3
379.1972908641262,AICA,500,500,3
250.3918654384196,AICA,500,500,3
3019.1631211233966,AICA,500,500,3
254.166774364585,AICA,500,500,3
172.9647982380783,AICA,500,500,3
3099.4070320812793,AICA,500,500,3
2579.0049249764957,AICA,500,500,3
5022.575167799289,AIPR,500,500,3
841.9023064657048,AIPR,500,500,3
36.06467278573333,AIPR,500,500,3
335.64003293129963,AIPR,500,500,3
3057.1809563895463,AIPR,500,500,3
4923.552864423192,AIPR,500,500,3
181.0347986627396,AIPR,500,500,3
40.982324608504896,AIPR,500,500,3
596.8766507518219,AIPR,500,500,3
3330.9409631663716,AIPR,500,500,3
1718.1586572449255,AIPR,500,500,3
550.4962166607928,AIPR,500,500,3
3174.988147797827,AIPR,500,500,3
2065.457272897776,AIPR,500,500,3
1917.4534113355935,AIPR,500,500,3
4776.968785291941,AIPR,500,500,3
6957.0225363429245,AIPR,500,500,3
432.68847164953587,AIPR,500,500,3
518.4505970627628,AIPR,500,500,3
146.69782562354487,AIPR,500,500,3
262.24097889915566,AJGE,500,500,3
1398.7890421505706,AJGE,500,500,3
192.82027078929067,AJGE,500,500,3
535.8500709793848,AJGE,500,500,3
554.5526166954647,AJGE,500,500,3
1528.7156853984643,AJGE,500,500,3
2488.2160370893494,AJGE,500,500,3
684.7272091312642,AJGE,500,500,3
787.9744407916642,AJGE,500,500,3
248.01388625915556,AJGE,500,500,3
2680.0092452576637,AJGE,500,500,3
300.38026247189174,AJGE,500,500,3
809.2615306535182,AJGE,500,500,3
303.83082660777956,AJGE,500,500,3
1403.2096194187359,AJGE,500,500,3
327.65086237951823,AJGE,500,500,3
182.50728759106659,AJGE,500,500,3
242.0070846751555,AJGE,500,500,3
434.3991933333316,AJGE,500,500,3
3451.743915183438,AJGE,500,500,3
4558.31864261777,AJRE,500,500,3
444.98199086826486,AJRE,500,500,3
1416.3954802305257,AJRE,500,500,3
1658.1636742222508,AJRE,500,500,3
3452.4176984045243,AJRE,500,500,3
1770.1269344674113,AJRE,500,500,3
2704.9991395361253,AJRE,500,500,3
275.25349400298484,AJRE,500,500,3
734.7168828929264,AJRE,500,500,3
134.62324557713072,AJRE,500,500,3
2618.3021846884694,AJRE,500,500,3
341.1724758007448,AJRE,500,500,3
854.7892187132514,AJRE,500,500,3
226.0007959527663,AJRE,500,500,3
1458.5557103695628,AJRE,500,500,3
672.5318638547039,AJRE,500,500,3
383.6167319075395,AJRE,500,500,3
3959.4194264947046,AJRE,500,500,3
475.2181018791182,AJRE,500,500,3
1093.0943759744,AJRE,500,500,3
297.96598707519826,ALAC4,500,500,3
93.45656428475733,ALAC4,500,500,3
94.95746383899733,ALAC4,500,500,3
5337.454173757851,ALAC4,500,500,3
3161.3538239981217,ALAC4,500,500,3
4120.382315162365,ALAC4,500,500,3
3818.295738022596,ALAC4,500,500,3
3587.4416898931986,ALAC4,500,500,3
2534.671629247083,ALAC4,500,500,3
94.30097980048889,ALAC4,500,500,3
1538.7429033703663,ALAC4,500,500,3
1150.605664056489,ALAC4,500,500,3
162.20774648398933,ALAC4,500,500,3
64.59421127662216,ALAC4,500,500,3
139.84614747582407,ALAC4,500,500,3
75.38906213084266,ALAC4,500,500,3
74.33455545633954,ALAC4,500,500,3
3437.8520154402117,ALAC4,500,500,3
138.22870174762488,ALAC4,500,500,3
658.7264482678328,ALAC4,500,500,3
3546.2557242366856,ALAE,500,500,3
181.11576251474492,ALAE,500,500,3
24.365151378488882,ALAE,500,500,3
220.51725239113944,ALAE,500,500,3
257.85245975327285,ALAE,500,500,3
64.1367398220729,ALAE,500,500,3
345.23870047840006,ALAE,500,500,3
3994.8000006964885,ALAE,500,500,3
1069.5058912948462,ALAE,500,500,3
220.70078070897065,ALAE,500,500,3
151.32411848327823,ALAE,500,500,3
101.43416575273075,ALAE,500,500,3
338.5122657001795,ALAE,500,500,3
159.15946220515553,ALAE,500,500,3
125.95094420359825,ALAE,500,500,3
1010.6494114074862,ALAE,500,500,3
161.4501593927395,ALAE,500,500,3
4255.8593023163985,ALAE,500,500,3
7432.220899717247,ALAE,500,500,3
383.08385114729055,ALAE,500,500,3
51.12186473156265,ALAL3,500,500,3
95.59792877862228,ALAL3,500,500,3
111.96559840903817,ALAL3,500,500,3
56.6960008282862,ALAL3,500,500,3
64.37565397665955,ALAL3,500,500,3
682.4345302643983,ALAL3,500,500,3
547.9756363988887,ALAL3,500,500,3
548.1707085704375,ALAL3,500,500,3
722.3526200669583,ALAL3,500,500,3
738.549985190953,ALAL3,500,500,3
114.55951598890488,ALAL3,500,500,3
1131.4649838941584,ALAL3,500,500,3
147.64837845909165,ALAL3,500,500,3
138.41504799928884,ALAL3,500,500,3
409.33344352113613,ALAL3,500,500,3
2309.1357666649315,ALAL3,500,500,3
96.62639322487283,ALAL3,500,500,3
95.38463913898492,ALAL3,500,500,3
106.23485426849952,ALAL3,500,500,3
172.80810385661144,ALAL3,500,500,3
2069.3050428263664,ALAR,500,500,3
73.67294677233598,ALAR,500,500,3
56.72857303849068,ALAR,500,500,3
99.0925006777582,ALAR,500,500,3
105.93359058662217,ALAR,500,500,3
1308.9448519415394,ALAR,500,500,3
1754.8043541155573,ALAR,500,500,3
87.02469589468265,ALAR,500,500,3
1517.4662998915978,ALAR,500,500,3
70.64373041799826,ALAR,500,500,3
1083.7163304985581,ALAR,500,500,3
1552.7648059455557,ALAR,500,500,3
1781.9777420622224,ALAR,500,500,3
464.76268650985077,ALAR,500,500,3
1525.6043283458773,ALAR,500,500,3
26.87998258140267,ALAR,500,500,3
194.71587507837145,ALAR,500,500,3
173.98883729646934,ALAR,500,500,3
505.7281131518222,ALAR,500,500,3
1545.6461428231396,ALAR,500,500,3
798.6469976800996,ALAU,500,500,3
3066.3100938500256,ALAU,500,500,3
32.74722742519289,ALAU,500,500,3
83.7093679996516,ALAU,500,500,3
641.4060307411555,ALAU,500,500,3
1047.1804437169756,ALAU,500,500,3
76.98793199103821,ALAU,500,500,3
2581.456912809158,ALAU,500,500,3
72.47590771555556,ALAU,500,500,3
5526.481840616044,ALAU,500,500,3
129.87083588266495,ALAU,500,500,3
4127.281930086184,ALAU,500,500,3
1749.3880529372161,ALAU,500,500,3
139.8906029812462,ALAU,500,500,3
54.065885415251564,ALAU,500,500,3
153.54663487960002,ALAU,500,500,3
383.3455473851716,ALAU,500,500,3
109.53956950026667,ALAU,500,500,3
7266.791180906671,ALAU,500,500,3
26.87329606995734,ALAU,500,500,3
238.1215209701529,ALCA2,500,500,3
306.4016470718507,ALCA2,500,500,3
159.61177378585592,ALCA2,500,500,3
305.5711931143093,ALCA2,500,500,3
91.57592911593063,ALCA2,500,500,3
1845.7401757823134,ALCA2,500,500,3
233.27711222715544,ALCA2,500,500,3
232.57919196902418,ALCA2,500,500,3
511.660457415664,ALCA2,500,500,3
697.4826584395664,ALCA2,500,500,3
2294.743635441067,ALCA2,500,500,3
6912.810495670606,ALCA2,500,500,3
4816.1556112623975,ALCA2,500,500,3
7659.197417093886,ALCA2,500,500,3
28.30883785185956,ALCA2,500,500,3
202.859283640256,ALCA2,500,500,3
672.2588785385528,ALCA2,500,500,3
209.67455708728897,ALCA2,500,500,3
3784.528146972559,ALCA2,500,500,3
114.86679460262216,ALCA2,500,500,3
61.35886485055819,ALCA3,500,500,3
76.29327715539735,ALCA3,500,500,3
218.65274776199828,ALCA3,500,500,3
4251.3000006282655,ALCA3,500,500,3
62.716178815059585,ALCA3,500,500,3
419.1958371187981,ALCA3,500,500,3
124.90045333213159,ALCA3,500,500,3
116.17277948210494,ALCA3,500,500,3
234.739938614073,ALCA3,500,500,3
449.5455973230649,ALCA3,500,500,3
124.01281111295289,ALCA3,500,500,3
32.84789301115556,ALCA3,500,500,3
3958.3993770252514,ALCA3,500,500,3
84.32584108242487,ALCA3,500,500,3
103.32725414450499,ALCA3,500,500,3
3423.21363890449,ALCA3,500,500,3
24.183626591224893,ALCA3,500,500,3
6033.0356994691965,ALCA3,500,500,3
51.150445866238215,ALCA3,500,500,3
2263.5732253176725,ALCA3,500,500,3
4075.1443969322395,ALCA4,500,500,3
325.06564444333327,ALCA4,500,500,3
102.30307171071283,ALCA4,500,500,3
1067.6561381712193,ALCA4,500,500,3
237.79030095058505,ALCA4,500,500,3
86.23213341433603,ALCA4,500,500,3
251.41324231963725,ALCA4,500,500,3
42.81207671942934,ALCA4,500,500,3
1677.3016957763127,ALCA4,500,500,3
264.5354439785173,ALCA4,500,500,3
1411.6262084658913,ALCA4,500,500,3
183.0712421500516,ALCA4,500,500,3
4730.319168859732,ALCA4,500,500,3
47.23719570175289,ALCA4,500,500,3
550.7609518111556,ALCA4,500,500,3
56.20264882067732,ALCA4,500,500,3
441.84282045556625,ALCA4,500,500,3
234.1810428579557,ALCA4,500,500,3
126.94340533332623,ALCA4,500,500,3
53.585595583886224,ALCA4,500,500,3
3670.298148339194,ALCE,500,500,3
523.9274521847393,ALCE,500,500,3
113.478130439536,ALCE,500,500,3
1257.378486160953,ALCE,500,500,3
156.87751158612622,ALCE,500,500,3
3133.4449496586226,ALCE,500,500,3
2826.15433579399,ALCE,500,500,3
172.9066972600249,ALCE,500,500,3
859.5833215622382,ALCE,500,500,3
292.3621194019556,ALCE,500,500,3
1976.926604043691,ALCE,500,500,3
159.00575778079292,ALCE,500,500,3
447.8272814591555,ALCE,500,500,3
1877.010509649066,ALCE,500,500,3
680.7501518858509,ALCE,500,500,3
221.67808985838934,ALCE,500,500,3
2155.7489540181055,ALCE,500,500,3
143.19181330164616,ALCE,500,500,3
1267.7680961759559,ALCE,500,500,3
164.56436057527287,ALCE,500,500,3
216.99489507840005,ALCE2,500,500,3
77.51668174506668,ALCE2,500,500,3
47.801386303459545,ALCE2,500,500,3
117.77330004074486,ALCE2,500,500,3
326.5590091717972,ALCE2,500,500,3
18.739170222222217,ALCE2,500,500,3
441.07433734399285,ALCE2,500,500,3
88.78360811513599,ALCE2,500,500,3
6887.783309911326,ALCE2,500,500,3
1699.8237602187303,ALCE2,500,500,3
1837.5432210379663,ALCE2,500,500,3
4160.0020413023985,ALCE2,500,500,3
35.25922254369956,ALCE2,500,500,3
97.38041759543297,ALCE2,500,500,3
158.87177309778497,ALCE2,500,500,3
3609.5467470365847,ALCE2,500,500,3
6151.322865342179,ALCE2,500,500,3
123.30600513638402,ALCE2,500,500,3
169.1029842895929,ALCE2,500,500,3
1025.775309364336,ALCE2,500,500,3
586.4846509486916,ALDE,500,500,3
309.22424234706494,ALDE,500,500,3
820.1241086726383,ALDE,500,500,3
2971.3019413387296,ALDE,500,500,3
1123.9624606509437,ALDE,500,500,3
362.15878095069144,ALDE,500,500,3
890.3059936092161,ALDE,500,500,3
2503.258479539154,ALDE,500,500,3
1279.1810418887392,ALDE,500,500,3
212.49405228281597,ALDE,500,500,3
1234.8860479732887,ALDE,500,500,3
655.7969684006116,ALDE,500,500,3
79.27093441941155,ALDE,500,500,3
599.8841402117048,ALDE,500,500,3
2998.5355545233333,ALDE,500,500,3
2694.2179477286236,ALDE,500,500,3
1779.439353738233,ALDE,500,500,3
1229.0966206171715,ALDE,500,500,3
348.0515440766861,ALDE,500,500,3
11504.34323616782,ALDE,500,500,3
69.04844640315557,ALDR,500,500,3
506.85089558715566,ALDR,500,500,3
4917.295528488276,ALDR,500,500,3
7058.385054300398,ALDR,500,500,3
181.03764659906665,ALDR,500,500,3
92.90084966666667,ALDR,500,500,3
285.3312249455999,ALDR,500,500,3
1811.5702081617046,ALDR,500,500,3
163.153831559104,ALDR,500,500,3
4120.760856400126,ALDR,500,500,3
439.6682668788891,ALDR,500,500,3
184.7557533332889,ALDR,500,500,3
3178.5778453913545,ALDR,500,500,3
257.8054710677174,ALDR,500,500,3
174.4212672825173,ALDR,500,500,3
215.43574590506677,ALDR,500,500,3
218.6027349288887,ALDR,500,500,3
80.5277012519182,ALDR,500,500,3
528.2751125233707,ALDR,500,500,3
1506.262590666622,ALDR,500,500,3
3695.053017111317,ALFA2,500,500,3
3630.0976414186216,ALFA2,500,500,3
3198.645420728889,ALFA2,500,500,3
1331.8999714553581,ALFA2,500,500,3
234.60236187238397,ALFA2,500,500,3
3282.3226028158224,ALFA2,500,500,3
479.6289633832516,ALFA2,500,500,3
2670.1525498018063,ALFA2,500,500,3
1145.740017493931,ALFA2,500,500,3
4436.5377296907955,ALFA2,500,500,3
152.14665327182936,ALFA2,500,500,3
479.499222655998,ALFA2,500,500,3
4794.414995610878,ALFA2,500,500,3
219.79430641151288,ALFA2,500,500,3
608.471566215104,ALFA2,500,500,3
255.80099208100268,ALFA2,500,500,3
1820.0673739722224,ALFA2,500,500,3
210.67582533222227,ALFA2,500,500,3
126.54297532541153,ALFA2,500,500,3
1404.2034384058863,ALFA2,500,500,3
734.4865141161798,ALFI4,500,500,3
107.08561702762485,ALFI4,500,500,3
1597.5107162279187,ALFI4,500,500,3
845.2287143672887,ALFI4,500,500,3
367.95980323128873,ALFI4,500,500,3
1367.92156915015,ALFI4,500,500,3
1805.1604796346867,ALFI4,500,500,3
1098.3193699642595,ALFI4,500,500,3
1078.708227977358,ALFI4,500,500,3
2669.3592146806336,ALFI4,500,500,3
1846.054190721593,ALFI4,500,500,3
3081.2670826610915,ALFI4,500,500,3
222.27106506555558,ALFI4,500,500,3
1271.731741041065,ALFI4,500,500,3
1804.9639910617307,ALFI4,500,500,3
1827.4140360401052,ALFI4,500,500,3
868.5340532933335,ALFI4,500,500,3
299.3074643318827,ALFI4,500,500,3
255.1244599364961,ALFI4,500,500,3
1186.1451038786827,ALFI4,500,500,3
6604.943819188123,ALGE,500,500,3
187.81793079677152,ALGE,500,500,3
168.27294272618494,ALGE,500,500,3
94.68679599850496,ALGE,500,500,3
46.09370374540622,ALGE,500,500,3
37.906835999784896,ALGE,500,500,3
5242.8712019972245,ALGE,500,500,3
157.24827029025957,ALGE,500,500,3
69.13366415969956,ALGE,500,500,3
3616.4803544749802,ALGE,500,500,3
3761.4423853928497,ALGE,500,500,3
84.39027592085155,ALGE,500,500,3
69.87991120093155,ALGE,500,500,3
62.96869880735292,ALGE,500,500,3
3836.539886388792,ALGE,500,500,3
1924.8036746535174,ALGE,500,500,3
53.794618582158215,ALGE,500,500,3
372.65333951263267,ALGE,500,500,3
3949.355921946267,ALGE,500,500,3
80.24687588812618,ALGE,500,500,3
62.77133733139735,ALGE2,500,500,3
264.26631257559995,ALGE2,500,500,3
2329.829147975822,ALGE2,500,500,3
3499.324143398895,ALGE2,500,500,3
2102.918269228016,ALGE2,500,500,3
137.3289437351182,ALGE2,500,500,3
33.786423975246244,ALGE2,500,500,3
243.99365840838928,ALGE2,500,500,3
97.76190040105071,ALGE2,500,500,3
74.96781199756623,ALGE2,500,500,3
445.5015980224001,ALGE2,500,500,3
436.2051051233264,ALGE2,500,500,3
1057.4389452339124,ALGE2,500,500,3
131.0155491776,ALGE2,500,500,3
179.6120013326915,ALGE2,500,500,3
3024.171906607216,ALGE2,500,500,3
89.4458743711982,ALGE2,500,500,3
802.3714252895129,ALGE2,500,500,3
318.7212440342117,ALGE2,500,500,3
4319.186094382222,ALGE2,500,500,3
406.09561854665947,ALGL2,500,500,3
1172.4804614946063,ALGL2,500,500,3
469.1798879123842,ALGL2,500,500,3
4695.819464080952,ALGL2,500,500,3
5603.255376320286,ALGL2,500,500,3
722.7214725870864,ALGL2,500,500,3
1625.3044427135135,ALGL2,500,500,3
5035.550701426475,ALGL2,500,500,3
4258.005654266365,ALGL2,500,500,3
237.80006396515552,ALGL2,500,500,3
4169.708367555557,ALGL2,500,500,3
4554.484557929069,ALGL2,500,500,3
5605.198202296595,ALGL2,500,500,3
280.85976828373157,ALGL2,500,500,3
206.85970642694926,ALGL2,500,500,3
156.29854811515554,ALGL2,500,500,3
5669.1103087686815,ALGL2,500,500,3
3043.9650563885502,ALGL2,500,500,3
33.19358764333334,ALGL2,500,500,3
3927.4315045762833,ALGL2,500,500,3
734.3653067841258,ALGR,500,500,3
308.38145837226676,ALGR,500,500,3
483.4273923364108,ALGR,500,500,3
34.96084679293156,ALGR,500,500,3
818.1368976099399,ALGR,500,500,3
226.35829191473596,ALGR,500,500,3
1182.638015143758,ALGR,500,500,3
155.93805289300616,ALGR,500,500,3
16.776099199571565,ALGR,500,500,3
1799.7867647711553,ALGR,500,500,3
215.99665780895282,ALGR,500,500,3
22.007389708622217,ALGR,500,500,3
1832.6773943124886,ALGR,500,500,3
61.00265044814933,ALGR,500,500,3
1348.6362113663715,ALGR,500,500,3
62.287305907155556,ALGR,500,500,3
49.045997239288866,ALGR,500,500,3
331.3191359991396,ALGR,500,500,3
11.616994548330666,ALGR,500,500,3
840.3087643699126,ALGR,500,500,3
77.40242264910931,ALHI2,500,500,3
721.9611662950326,ALHI2,500,500,3
138.55935422395555,ALHI2,500,500,3
866.1554908657333,ALHI2,500,500,3
2371.0475381559177,ALHI2,500,500,3
100.08719130555554,ALHI2,500,500,3
245.11674545959823,ALHI2,500,500,3
230.1132596513849,ALHI2,500,500,3
393.5291847193582,ALHI2,500,500,3
102.87324771231287,ALHI2,500,500,3
542.1914833261795,ALHI2,500,500,3
1388.1061949956113,ALHI2,500,500,3
90.7821993797333,ALHI2,500,500,3
429.3591079395393,ALHI2,500,500,3
64.92103649671823,ALHI2,500,500,3
43.541432238072886,ALHI2,500,500,3
181.88643306448884,ALHI2,500,500,3
425.4385649233334,ALHI2,500,500,3
942.6709124192429,ALHI2,500,500,3
284.55849041666664,ALHI2,500,500,3
146.34618759287295,ALIN,500,500,3
451.50773527583283,ALIN,500,500,3
129.54529859160004,ALIN,500,500,3
221.34217846115553,ALIN,500,500,3
61.32085189333331,ALIN,500,500,3
741.6614568280729,ALIN,500,500,3
241.3852167412888,ALIN,500,500,3
3390.5191973012884,ALIN,500,500,3
95.1927005428462,ALIN,500,500,3
668.6355315810915,ALIN,500,500,3
1944.6790759551357,ALIN,500,500,3
503.8742710362382,ALIN,500,500,3
4923.339290037219,ALIN,500,500,3
128.35137457666661,ALIN,500,500,3
2567.9124968818924,ALIN,500,500,3
2974.5385809021855,ALIN,500,500,3
691.6554107391983,ALIN,500,500,3
157.0020418418062,ALIN,500,500,3
2191.9337983645846,ALIN,500,500,3
206.67402665682494,ALIN,500,500,3
2166.886284084819,ALIN2,500,500,3
53.703406278952876,ALIN2,500,500,3
2097.5017625882665,ALIN2,500,500,3
479.992514040489,ALIN2,500,500,3
774.201941723051,ALIN2,500,500,3
103.19875569969601,ALIN2,500,500,3
180.96281671412623,ALIN2,500,500,3
351.2088579476195,ALIN2,500,500,3
215.07806709842487,ALIN2,500,500,3
641.1627963006223,ALIN2,500,500,3
5538.669194246761,ALIN2,500,500,3
294.78912699999995,ALIN2,500,500,3
1742.052550823678,ALIN2,500,500,3
3683.0255122979556,ALIN2,500,500,3
1035.4485693642644,ALIN2,500,500,3
5854.603581187917,ALIN2,500,500,3
3803.9294819475836,ALIN2,500,500,3
256.8932917857261,ALIN2,500,500,3
122.31375889609954,ALIN2,500,500,3
53.38432541951287,ALIN2,500,500,3
403.64723180742425,ALJU,500,500,3
352.9759484021172,ALJU,500,500,3
1151.6636738590653,ALJU,500,500,3
1230.3295661935995,ALJU,500,500,3
3176.213472219931,ALJU,500,500,3
31.49497416161956,ALJU,500,500,3
2442.7863696766212,ALJU,500,500,3
1291.9792142671367,ALJU,500,500,3
3868.672549894933,ALJU,500,500,3
4001.242713965821,ALJU,500,500,3
2105.0867544780785,ALJU,500,500,3
1669.03805152913,ALJU,500,500,3
1565.4665468380163,ALJU,500,500,3
3197.4179866211393,ALJU,500,500,3
389.68124728728884,ALJU,500,500,3
791.7949274488888,ALJU,500,500,3
1833.0571088451977,ALJU,500,500,3
3672.619551209358,ALJU,500,500,3
1408.722217530622,ALJU,500,500,3
2100.1398513540234,ALJU,500,500,3
44.39011905926933,ALLE7,500,500,3
4162.153683936496,ALLE7,500,500,3
24.225842641066667,ALLE7,500,500,3
93.13372584105959,ALLE7,500,500,3
1029.9529500579554,ALLE7,500,500,3
777.1199871665493,ALLE7,500,500,3
2495.9947015099997,ALLE7,500,500,3
697.8838051029331,ALLE7,500,500,3
25.88851444888889,ALLE7,500,500,3
36.44552358796622,ALLE7,500,500,3
1491.6473027591896,ALLE7,500,500,3
113.26173424848888,ALLE7,500,500,3
180.06514319393952,ALLE7,500,500,3
760.7478169012462,ALLE7,500,500,3
682.720641535273,ALLE7,500,500,3
75.80499501328889,ALLE7,500,500,3
2132.693915434311,ALLE7,500,500,3
49.793681805482656,ALLE7,500,500,3
28.77455426111822,ALLE7,500,500,3
70.56854181222224,ALLE7,500,500,3
1273.0067607386864,ALMA12,500,500,3
2865.021927107113,ALMA12,500,500,3
2270.4316827196,ALMA12,500,500,3
4278.211174732621,ALMA12,500,500,3
955.452379595833,ALMA12,500,500,3
1631.19092620106,ALMA12,500,500,3
3987.235590275624,ALMA12,500,500,3
1224.5891077859399,ALMA12,500,500,3
2615.924894218232,ALMA12,500,500,3
3965.8542738637493,ALMA12,500,500,3
7217.976373539909,ALMA12,500,500,3
1052.4549930145852,ALMA12,500,500,3
114.23925391324266,ALMA12,500,500,3
1022.3042425245848,ALMA12,500,500,3
3421.343258222221,ALMA12,500,500,3
709.7485181177582,ALMA12,500,500,3
268.27306776055286,ALMA12,500,500,3
4898.090153647145,ALMA12,500,500,3
530.9837988007183,ALMA12,500,500,3
579.4428652103395,ALMA12,500,500,3
3461.598484065955,ALMA16,500,500,3
689.9347846954596,ALMA16,500,500,3
622.1200255529797,ALMA16,500,500,3
619.7575586824373,ALMA16,500,500,3
2223.3022170225045,ALMA16,500,500,3
1220.366359997696,ALMA16,500,500,3
55.65102108199824,ALMA16,500,500,3
440.7487796119893,ALMA16,500,500,3
372.1770953642382,ALMA16,500,500,3
1026.4030060018326,ALMA16,500,500,3
2528.431106188687,ALMA16,500,500,3
566.4389351052516,ALMA16,500,500,3
1543.9782727096242,ALMA16,500,500,3
604.7398383886772,ALMA16,500,500,3
307.1603464929849,ALMA16,500,500,3
2818.2949269110595,ALMA16,500,500,3
813.6787725779554,ALMA16,500,500,3
1242.5913897937846,ALMA16,500,500,3
979.5346665964378,ALMA16,500,500,3
2153.6389333179714,ALMA16,500,500,3
199.56045137365146,ALMA8,500,500,3
107.25873454164616,ALMA8,500,500,3
33.63108781567289,ALMA8,500,500,3
263.14246592870404,ALMA8,500,500,3
251.71972182026664,ALMA8,500,500,3
3231.8217802810846,ALMA8,500,500,3
585.1489328495626,ALMA8,500,500,3
74.63526443562489,ALMA8,500,500,3
112.18570101793952,ALMA8,500,500,3
323.01120622862226,ALMA8,500,500,3
208.83204132607818,ALMA8,500,500,3
153.82709042516623,ALMA8,500,500,3
140.50477526715557,ALMA8,500,500,3
167.36245119829147,ALMA8,500,500,3
24.955140267518217,ALMA8,500,500,3
2480.310706184318,ALMA8,500,500,3
36.24306813222223,ALMA8,500,500,3
4452.653893084949,ALMA8,500,500,3
3821.677518271289,ALMA8,500,500,3
1948.4772646762667,ALMA8,500,500,3
1540.3278745546218,ALMO,500,500,3
215.99293587796623,ALMO,500,500,3
1089.3089711214056,ALMO,500,500,3
2772.334066381645,ALMO,500,500,3
3033.3256148441437,ALMO,500,500,3
459.5522085796906,ALMO,500,500,3
1621.3591364447134,ALMO,500,500,3
1915.2887624871194,ALMO,500,500,3
1463.0099473351672,ALMO,500,500,3
96.83451191395557,ALMO,500,500,3
3212.30519464271,ALMO,500,500,3
2449.4954652813485,ALMO,500,500,3
524.418766481193,ALMO,500,500,3
504.9763032476001,ALMO,500,500,3
4333.875205959252,ALMO,500,500,3
1002.0944103099998,ALMO,500,500,3
142.91468522222928,ALMO,500,500,3
98.65653433948259,ALMO,500,500,3
677.4396553459984,ALMO,500,500,3
2281.6578289769805,ALMO,500,500,3
69.29890885998938,ALMO4,500,500,3
234.38668830737075,ALMO4,500,500,3
797.5658981370241,ALMO4,500,500,3
319.1296083754028,ALMO4,500,500,3
420.2090277537261,ALMO4,500,500,3
51.971053261651555,ALMO4,500,500,3
793.3523702860783,ALMO4,500,500,3
2658.3235785629586,ALMO4,500,500,3
196.25900142875727,ALMO4,500,500,3
17.851246834232885,ALMO4,500,500,3
704.3259308926222,ALMO4,500,500,3
57.326918420904924,ALMO4,500,500,3
150.224511881664,ALMO4,500,500,3
1192.7521715118057,ALMO4,500,500,3
2719.4542463364255,ALMO4,500,500,3
201.1462655558381,ALMO4,500,500,3
168.86146317212268,ALMO4,500,500,3
197.584951227504,ALMO4,500,500,3
4630.548818948693,ALMO4,500,500,3
673.9973198442664,ALMO4,500,500,3
340.69525607014396,ALMY,500,500,3
120.76129944888892,ALMY,500,500,3
825.6876497396463,ALMY,500,500,3
1635.1342435086228,ALMY,500,500,3
117.75600672594487,ALMY,500,500,3
1537.9828839990596,ALMY,500,500,3
124.08161170465957,ALMY,500,500,3
207.7610918510863,ALMY,500,500,3
2196.8962169119586,ALMY,500,500,3
477.3279548302916,ALMY,500,500,3
668.1500348162116,ALMY,500,500,3
1895.9903261127654,ALMY,500,500,3
156.51024547839293,ALMY,500,500,3
2356.5382562398563,ALMY,500,500,3
185.8758721406223,ALMY,500,500,3
121.15712343182226,ALMY,500,500,3
1422.1327201196775,ALMY,500,500,3
249.7472181405582,ALMY,500,500,3
58.65759127182221,ALMY,500,500,3
209.1538443097581,ALMY,500,500,3
695.3787231103927,ALNE,500,500,3
850.056666157504,ALNE,500,500,3
2393.0101733330775,ALNE,500,500,3
1339.4262597499996,ALNE,500,500,3
1057.402511416825,ALNE,500,500,3
36.846935664069335,ALNE,500,500,3
47.82002979391823,ALNE,500,500,3
1388.4713496419552,ALNE,500,500,3
1906.0215089305532,ALNE,500,500,3
2642.0381169860193,ALNE,500,500,3
1948.2901070984256,ALNE,500,500,3
64.01405623335823,ALNE,500,500,3
810.5706036970671,ALNE,500,500,3
433.3067796826382,ALNE,500,500,3
641.9157918965317,ALNE,500,500,3
369.2311261469848,ALNE,500,500,3
341.911536332656,ALNE,500,500,3
1548.0315139306217,ALNE,500,500,3
232.7713611190596,ALNE,500,500,3
202.54351191395557,ALNE,500,500,3
168.8020338136729,ALNE3,500,500,3
927.0097085049439,ALNE3,500,500,3
30.297075066792882,ALNE3,500,500,3
157.29389605521067,ALNE3,500,500,3
2046.715723370267,ALNE3,500,500,3
463.50735188888905,ALNE3,500,500,3
385.39373086879283,ALNE3,500,500,3
114.14791107037163,ALNE3,500,500,3
49.94683187108267,ALNE3,500,500,3
396.0948969149705,ALNE3,500,500,3
1545.3923974499553,ALNE3,500,500,3
2974.529166636143,ALNE3,500,500,3
267.31398413021157,ALNE3,500,500,3
1630.0164642034317,ALNE3,500,500,3
34.631554637539544,ALNE3,500,500,3
502.04181172888883,ALNE3,500,500,3
1988.272576122766,ALNE3,500,500,3
166.78829314849955,ALNE3,500,500,3
97.04010616908624,ALNE3,500,500,3
2401.4893255282327,ALNE3,500,500,3
1178.9828544679094,ALNI,500,500,3
3811.1202763556894,ALNI,500,500,3
2003.8624359378327,ALNI,500,500,3
668.5761799504197,ALNI,500,500,3
72.87143199954492,ALNI,500,500,3
1537.8148034252517,ALNI,500,500,3
220.21485870549145,ALNI,500,500,3
2890.4132032372913,ALNI,500,500,3
457.5660677860695,ALNI,500,500,3
1054.5396950589,ALNI,500,500,3
1154.8170399659925,ALNI,500,500,3
5987.48917734805,ALNI,500,500,3
274.13687450879274,ALNI,500,500,3
882.1970300298224,ALNI,500,500,3
129.36190692371733,ALNI,500,500,3
1091.1566030483627,ALNI,500,500,3
2778.740419718824,ALNI,500,500,3
422.98436305663824,ALNI,500,500,3
1446.9106547620904,ALNI,500,500,3
205.4112358140515,ALNI,500,500,3
1068.1413986647306,ALOC2,500,500,3
110.66544153719288,ALOC2,500,500,3
2230.31435116202,ALOC2,500,500,3
6950.393984660878,ALOC2,500,500,3
721.9095031644997,ALOC2,500,500,3
930.6010272261532,ALOC2,500,500,3
4824.024719573327,ALOC2,500,500,3
4241.383405797482,ALOC2,500,500,3
773.9481423806507,ALOC2,500,500,3
1789.1440904868914,ALOC2,500,500,3
10447.860323168128,ALOC2,500,500,3
3067.8298653398583,ALOC2,500,500,3
1796.5729920206222,ALOC2,500,500,3
4790.112131565142,ALOC2,500,500,3
3202.218358421289,ALOC2,500,500,3
2763.676192944496,ALOC2,500,500,3
2241.414396545492,ALOC2,500,500,3
2688.727122759238,ALOC2,500,500,3
2726.147747989156,ALOC2,500,500,3
4519.958675940465,ALOC2,500,500,3
651.0302153667128,ALOF2,500,500,3
91.29504461222221,ALOF2,500,500,3
1360.7393649239445,ALOF2,500,500,3
1051.2454491451713,ALOF2,500,500,3
517.162204893353,ALOF2,500,500,3
1761.8211439684958,ALOF2,500,500,3
171.96524788585074,ALOF2,500,500,3
101.58473998961071,ALOF2,500,500,3
23.57254665528889,ALOF2,500,500,3
344.55071407684267,ALOF2,500,500,3
281.7639429494826,ALOF2,500,500,3
3283.596741935487,ALOF2,500,500,3
410.5178394862772,ALOF2,500,500,3
2559.5084383335093,ALOF2,500,500,3
206.71049842062223,ALOF2,500,500,3
3210.3602462415633,ALOF2,500,500,3
3284.850367412264,ALOF2,500,500,3
252.90456335358397,ALOF2,500,500,3
1260.0559464064,ALOF2,500,500,3
1929.1324961151931,ALOF2,500,500,3
154.96028288234493,ALPA20,500,500,3
2510.7788425322233,ALPA20,500,500,3
4112.733411881796,ALPA20,500,500,3
1012.953186178532,ALPA20,500,500,3
1544.8188817145585,ALPA20,500,500,3
676.5770665050863,ALPA20,500,500,3
181.6461215547093,ALPA20,500,500,3
2304.9705025628155,ALPA20,500,500,3
426.2262650622223,ALPA20,500,500,3
837.5771015802025,ALPA20,500,500,3
526.866303928889,ALPA20,500,500,3
1089.7051379733334,ALPA20,500,500,3
1312.6876499023936,ALPA20,500,500,3
1688.8413337770598,ALPA20,500,500,3
3292.680836764357,ALPA20,500,500,3
1000.5148554128783,ALPA20,500,500,3
7323.583787892625,ALPA20,500,500,3
1053.8684700851127,ALPA20,500,500,3
1059.4741077730914,ALPA20,500,500,3
240.57374670647272,ALPA20,500,500,3
6863.0585381249275,ALPE4,500,500,3
693.8248266435982,ALPE4,500,500,3
756.4518172711179,ALPE4,500,500,3
924.4156682205793,ALPE4,500,500,3
457.3676322797226,ALPE4,500,500,3
1378.666023941113,ALPE4,500,500,3
1887.992752516393,ALPE4,500,500,3
646.0116686122221,ALPE4,500,500,3
1607.0042647733967,ALPE4,500,500,3
2154.2221267067707,ALPE4,500,500,3
548.2170169543397,ALPE4,500,500,3
349.1362200156996,ALPE4,500,500,3
1342.6208662406245,ALPE4,500,500,3
1795.699857297733,ALPE4,500,500,3
552.0288737032464,ALPE4,500,500,3
1763.857924053156,ALPE4,500,500,3
438.08038186180266,ALPE4,500,500,3
1264.9210141822227,ALPE4,500,500,3
1724.6251648948466,ALPE4,500,500,3
1449.940480526064,ALPE4,500,500,3
3842.5651751594605,ALPH,500,500,3
1050.2626836630595,ALPH,500,500,3
1636.0165634982668,ALPH,500,500,3
949.6096405699628,ALPH,500,500,3
529.671422264825,ALPH,500,500,3
148.82232529308266,ALPH,500,500,3
169.0973666018115,ALPH,500,500,3
2204.734087700622,ALPH,500,500,3
179.6193116270861,ALPH,500,500,3
231.95847842090487,ALPH,500,500,3
353.79738363946484,ALPH,500,500,3
5278.672515841917,ALPH,500,500,3
97.48103371050489,ALPH,500,500,3
787.1076591577312,ALPH,500,500,3
689.0685103624462,ALPH,500,500,3
113.76681843453154,ALPH,500,500,3
70.92091984974934,ALPH,500,500,3
49.54911215999998,ALPH,500,500,3
439.152122768384,ALPH,500,500,3
735.4820266559558,ALPH,500,500,3
113.86553867660623,ALPI2,500,500,3
62.895123851518214,ALPI2,500,500,3
3500.01284392085,ALPI2,500,500,3
2397.365273228401,ALPI2,500,500,3
517.0333530751554,ALPI2,500,500,3
825.2780636377438,ALPI2,500,500,3
78.38945649641067,ALPI2,500,500,3
488.7697488745527,ALPI2,500,500,3
589.6973213204889,ALPI2,500,500,3
296.72484883054915,ALPI2,500,500,3
214.0567906662667,ALPI2,500,500,3
10.490414445139558,ALPI2,500,500,3
253.92464738451724,ALPI2,500,500,3
121.32209136447823,ALPI2,500,500,3
1423.3787984718224,ALPI2,500,500,3
565.5611173321317,ALPI2,500,500,3
165.05343812684617,ALPI2,500,500,3
2301.7306490554874,ALPI2,500,500,3
209.19475811728887,ALPI2,500,500,3
201.18036331882485,ALPI2,500,500,3
566.8575367908961,ALPL,500,500,3
1485.1893542684002,ALPL,500,500,3
4416.953600951352,ALPL,500,500,3
500.48774560164276,ALPL,500,500,3
4735.165826278145,ALPL,500,500,3
2814.5600502719126,ALPL,500,500,3
2402.117115991251,ALPL,500,500,3
2525.498088779433,ALPL,500,500,3
379.5099979646221,ALPL,500,500,3
1510.149625266176,ALPL,500,500,3
4631.901398866258,ALPL,500,500,3
1579.7363852229341,ALPL,500,500,3
103.04419866081955,ALPL,500,500,3
3389.579689816487,ALPL,500,500,3
3888.583181461267,ALPL,500,500,3
2183.4597113471364,ALPL,500,500,3
1755.814788983211,ALPL,500,500,3
499.7829066522665,ALPL,500,500,3
1132.4122304257266,ALPL,500,500,3
8137.120529232851,ALPL,500,500,3
2221.200689067077,ALPR,500,500,3
1564.275570654713,ALPR,500,500,3
3421.7275873144167,ALPR,500,500,3
112.15309569908622,ALPR,500,500,3
3476.6750385055975,ALPR,500,500,3
506.9168022917973,ALPR,500,500,3
2396.2194997623405,ALPR,500,500,3
1015.1766318997312,ALPR,500,500,3
3111.029393616149,ALPR,500,500,3
1739.2638755748956,ALPR,500,500,3
425.1678439722221,ALPR,500,500,3
962.3916173724,ALPR,500,500,3
400.0746270830914,ALPR,500,500,3
1336.430693098489,ALPR,500,500,3
189.2960434524,ALPR,500,500,3
370.34371980873965,ALPR,500,500,3
90.62207247626664,ALPR,500,500,3
3243.4888895057857,ALPR,500,500,3
204.15514931893333,ALPR,500,500,3
511.98163999078406,ALPR,500,500,3
1831.2480763493265,ALPR3,500,500,3
153.19611010798934,ALPR3,500,500,3
5735.815299950205,ALPR3,500,500,3
76.06849311555554,ALPR3,500,500,3
338.8172322208428,ALPR3,500,500,3
61.480725267966214,ALPR3,500,500,3
1574.4945319894591,ALPR3,500,500,3
743.5441140789314,ALPR3,500,500,3
426.5012246875999,ALPR3,500,500,3
232.6263435081316,ALPR3,500,500,3
2154.2152146854396,ALPR3,500,500,3
57.208051969491564,ALPR3,500,500,3
427.832702548473,ALPR3,500,500,3
106.62901115114487,ALPR3,500,500,3
70.84072103302934,ALPR3,500,500,3
284.09342544127287,ALPR3,500,500,3
67.95480098695819,ALPR3,500,500,3
123.39737960561605,ALPR3,500,500,3
245.64706685012627,ALPR3,500,500,3
2060.8995782079987,ALPR3,500,500,3
546.1627422484889,ALRH2,500,500,3
1411.6875317473268,ALRH2,500,500,3
131.1141770503094,ALRH2,500,500,3
3218.1961551464506,ALRH2,500,500,3
2992.377960062798,ALRH2,500,500,3
157.93668183005167,ALRH2,500,500,3
2251.4287038105526,ALRH2,500,500,3
588.3018836454382,ALRH2,500,500,3
546.0677074400639,ALRH2,500,500,3
1775.1668132914924,ALRH2,500,500,3
3713.758889937912,ALRH2,500,500,3
203.97728963937965,ALRH2,500,500,3
99.77279321773328,ALRH2,500,500,3
1889.4221751555122,ALRH2,500,500,3
286.58546098772626,ALRH2,500,500,3
207.30401894291714,ALRH2,500,500,3
2079.16282462929,ALRH2,500,500,3
3311.599527005225,ALRH2,500,500,3
422.83193618794513,ALRH2,500,500,3
2698.810817450011,ALRH2,500,500,3
1489.5343067731553,ALRO3,500,500,3
1731.4229630419893,ALRO3,500,500,3
1968.6693306905327,ALRO3,500,500,3
1868.6258278052248,ALRO3,500,500,3
2267.8070306203726,ALRO3,500,500,3
463.0402582706061,ALRO3,500,500,3
705.5956754970863,ALRO3,500,500,3
2736.1183295957276,ALRO3,500,500,3
960.5735265748198,ALRO3,500,500,3
620.8933639833315,ALRO3,500,500,3
711.7984612196962,ALRO3,500,500,3
183.29117071253157,ALRO3,500,500,3
1673.0315290899625,ALRO3,500,500,3
885.838465730553,ALRO3,500,500,3
2421.9018367376784,ALRO3,500,500,3
2255.6723720106656,ALRO3,500,500,3
747.5650052376732,ALRO3,500,500,3
1512.2163172037335,ALRO3,500,500,3
1364.836250870265,ALRO3,500,500,3
931.0678505245855,ALRO3,500,500,3
1485.3134422345229,ALRU2,500,500,3
560.2374457796197,ALRU2,500,500,3
551.6084196701224,ALRU2,500,500,3
873.5716009387927,ALRU2,500,500,3
2214.132675265833,ALRU2,500,500,3
329.9751407725797,ALRU2,500,500,3
266.6049279606329,ALRU2,500,500,3
1447.8296459779988,ALRU2,500,500,3
3582.679555782819,ALRU2,500,500,3
2987.3111595568653,ALRU2,500,500,3
336.24729651057595,ALRU2,500,500,3
1526.9593204305845,ALRU2,500,500,3
88.90653889973336,ALRU2,500,500,3
668.2577739316459,ALRU2,500,500,3
1635.3509692532466,ALRU2,500,500,3
1985.6814745215365,ALRU2,500,500,3
82.25303949994483,ALRU2,500,500,3
2585.4048113139984,ALRU2,500,500,3
1893.7309172737707,ALRU2,500,500,3
403.5678577737229,ALRU2,500,500,3
942.7592163816962,ALSA2,500,500,3
71.24838849433598,ALSA2,500,500,3
197.23816408573146,ALSA2,500,500,3
132.66153034239827,ALSA2,500,500,3
45.62940389153955,ALSA2,500,500,3
75.82256309531735,ALSA2,500,500,3
70.30693192085155,ALSA2,500,500,3
329.72566148041943,ALSA2,500,500,3
694.2139378325317,ALSA2,500,500,3
2047.1408391010123,ALSA2,500,500,3
1056.5209674084958,ALSA2,500,500,3
2820.6416169082286,ALSA2,500,500,3
304.75763581550933,ALSA2,500,500,3
128.95012875121066,ALSA2,500,500,3
2643.2431441356784,ALSA2,500,500,3
1279.8437132146325,ALSA2,500,500,3
115.503432521456,ALSA2,500,500,3
6229.112872387153,ALSA2,500,500,3
6069.548915998067,ALSA2,500,500,3
271.6255941068781,ALSA2,500,500,3
2231.933296684926,ALSC3,500,500,3
2346.878402936256,ALSC3,500,500,3
2691.0889202645176,ALSC3,500,500,3
13.796427532144008,ALSC3,500,500,3
2626.737281153733,ALSC3,500,500,3
205.93544258826665,ALSC3,500,500,3
490.2447493068728,ALSC3,500,500,3
88.77563011395554,ALSC3,500,500,3
5397.59129512889,ALSC3,500,500,3
463.2962949025974,ALSC3,500,500,3
113.50958100428618,ALSC3,500,500,3
3826.565613936042,ALSC3,500,500,3
339.0329986773315,ALSC3,500,500,3
453.640218580416,ALSC3,500,500,3
113.02877190220624,ALSC3,500,500,3
71.37959708577957,ALSC3,500,500,3
524.4311136201793,ALSC3,500,500,3
253.26014765902937,ALSC3,500,500,3
2437.562580885331,ALSC3,500,500,3
793.1863217615578,ALSC3,500,500,3
2912.241664701823,ALSE2,500,500,3
3202.8445509012895,ALSE2,500,500,3
3296.254068937273,ALSE2,500,500,3
1488.8127738476371,ALSE2,500,500,3
649.5423525544888,ALSE2,500,500,3
282.04945276381164,ALSE2,500,500,3
335.96629892373153,ALSE2,500,500,3
519.1245571617493,ALSE2,500,500,3
514.6340890015838,ALSE2,500,500,3
1930.3985991704724,ALSE2,500,500,3
400.8973267411182,ALSE2,500,500,3
939.6707714413227,ALSE2,500,500,3
3757.1623560447947,ALSE2,500,500,3
407.26257946026493,ALSE2,500,500,3
99.35516619334935,ALSE2,500,500,3
955.9019999123839,ALSE2,500,500,3
383.26978231210495,ALSE2,500,500,3
90.71882023967292,ALSE2,500,500,3
4296.707381906414,ALSE2,500,500,3
345.3561623256106,ALSE2,500,500,3
973.4395801564726,ALSE4,500,500,3
1276.4574671071555,ALSE4,500,500,3
326.65639937973333,ALSE4,500,500,3
371.6683185361049,ALSE4,500,500,3
52.310007392739564,ALSE4,500,500,3
1087.8045048071897,ALSE4,500,500,3
5237.297744896846,ALSE4,500,500,3
487.73359765328877,ALSE4,500,500,3
1273.5160636102669,ALSE4,500,500,3
1098.7774018999182,ALSE4,500,500,3
2023.080273666667,ALSE4,500,500,3
1668.746746344532,ALSE4,500,500,3
300.14800148649067,ALSE4,500,500,3
97.65835552113596,ALSE4,500,500,3
821.8425466140728,ALSE4,500,500,3
537.2201643369527,ALSE4,500,500,3
260.7757243473049,ALSE4,500,500,3
377.8049855978223,ALSE4,500,500,3
240.51967155199821,ALSE4,500,500,3
505.72308777289936,ALSE4,500,500,3
378.59311240012624,ALST,500,500,3
335.23582042822403,ALST,500,500,3
2362.4631159074065,ALST,500,500,3
720.0402570842382,ALST,500,500,3
2290.0860315971986,ALST,500,500,3
176.97026641666673,ALST,500,500,3
2388.5098358778237,ALST,500,500,3
256.4136485518773,ALST,500,500,3
272.95019847657073,ALST,500,500,3
438.31484337595583,ALST,500,500,3
95.03978593661155,ALST,500,500,3
198.94595172942937,ALST,500,500,3
1731.0379435272241,ALST,500,500,3
443.82154507687824,ALST,500,500,3
262.1146035644427,ALST,500,500,3
1229.5357018297434,ALST,500,500,3
556.7200308179556,ALST,500,500,3
112.81456329685153,ALST,500,500,3
1625.1796642710597,ALST,500,500,3
1600.1906291363844,ALST,500,500,3
1280.307730964905,ALSU,500,500,3
546.0698246083981,ALSU,500,500,3
129.02185930555558,ALSU,500,500,3
45.11346679037157,ALSU,500,500,3
13.88805117553601,ALSU,500,500,3
1022.5474390842863,ALSU,500,500,3
189.56687017228623,ALSU,500,500,3
921.0047591154328,ALSU,500,500,3
2172.4643133950867,ALSU,500,500,3
3465.8810900594344,ALSU,500,500,3
5373.619677009065,ALSU,500,500,3
53.03914791782221,ALSU,500,500,3
17.807129789822223,ALSU,500,500,3
229.0780370653227,ALSU,500,500,3
3437.3161698970284,ALSU,500,500,3
687.1938024602666,ALSU,500,500,3
135.0056860816996,ALSU,500,500,3
40.19882099555556,ALSU,500,500,3
24.668137333317336,ALSU,500,500,3
258.94020278185945,ALSU,500,500,3
336.6661959377049,ALTE,500,500,3
42.936315412250664,ALTE,500,500,3
60.70756887995555,ALTE,500,500,3
242.3363212648107,ALTE,500,500,3
68.47053054463291,ALTE,500,500,3
243.62877558065594,ALTE,500,500,3
440.92232578448886,ALTE,500,500,3
37.114817666666674,ALTE,500,500,3
649.4467449369529,ALTE,500,500,3
1216.5499141290602,ALTE,500,500,3
1276.6763451610382,ALTE,500,500,3
545.5164515836998,ALTE,500,500,3
218.0637544391661,ALTE,500,500,3
30.49419082783289,ALTE,500,500,3
868.968029883669,ALTE,500,500,3
31.18039370837156,ALTE,500,500,3
687.5794327459554,ALTE,500,500,3
31.47342458453155,ALTE,500,500,3
35.035025101651556,ALTE,500,500,3
43.54337574297601,ALTE,500,500,3
484.079178495886,ALTR3,500,500,3
835.7600300926866,ALTR3,500,500,3
2759.4957773210667,ALTR3,500,500,3
1592.135027264979,ALTR3,500,500,3
1134.9682051715129,ALTR3,500,500,3
1630.0002051308647,ALTR3,500,500,3
3038.0351438030502,ALTR3,500,500,3
3132.211291737998,ALTR3,500,500,3
1665.0410569676726,ALTR3,500,500,3
1427.4028127714914,ALTR3,500,500,3
3667.2278412902674,ALTR3,500,500,3
510.3770078514331,ALTR3,500,500,3
2033.3096109011565,ALTR3,500,500,3
216.92666380819725,ALTR3,500,500,3
646.1926866360728,ALTR3,500,500,3
186.08646108973332,ALTR3,500,500,3
68.66238661665955,ALTR3,500,500,3
3463.686642157821,ALTR3,500,500,3
284.59082318099723,ALTR3,500,500,3
2487.8068380547134,ALTR3,500,500,3
1115.3358374538227,ALTR7,500,500,3
2766.1959199955563,ALTR7,500,500,3
62.951941229219564,ALTR7,500,500,3
298.2305753853439,ALTR7,500,500,3
1224.5708198252782,ALTR7,500,500,3
1705.9834350449332,ALTR7,500,500,3
1541.1584229859557,ALTR7,500,500,3
3238.7674952450097,ALTR7,500,500,3
3443.0939746655554,ALTR7,500,500,3
143.35706626386482,ALTR7,500,500,3
4543.9051774884965,ALTR7,500,500,3
70.12874033079291,ALTR7,500,500,3
2042.4986719125038,ALTR7,500,500,3
76.3647876878916,ALTR7,500,500,3
61.39305898662222,ALTR7,500,500,3
1530.6364858152892,ALTR7,500,500,3
2282.3962750650862,ALTR7,500,500,3
414.7578422902027,ALTR7,500,500,3
1370.3456606734917,ALTR7,500,500,3
1375.043695548864,ALTR7,500,500,3
982.4351125766665,ALVA,500,500,3
538.1811373204888,ALVA,500,500,3
114.32081761791824,ALVA,500,500,3
663.9924021491985,ALVA,500,500,3
759.4091491793847,ALVA,500,500,3
1089.2882047311575,ALVA,500,500,3
435.8870078517971,ALVA,500,500,3
1562.785060948819,ALVA,500,500,3
636.7086439337797,ALVA,500,500,3
1259.4446209584637,ALVA,500,500,3
321.89469881335276,ALVA,500,500,3
70.87910917760001,ALVA,500,500,3
2487.3681301935717,ALVA,500,500,3
347.82483576248893,ALVA,500,500,3
780.9913304726032,ALVA,500,500,3
8219.422936081379,ALVA,500,500,3
704.6097950655555,ALVA,500,500,3
257.8645854327397,ALVA,500,500,3
3055.8792658169427,ALVA,500,500,3
923.9899788714594,ALVA,500,500,3
392.66976475285173,ALVA2,500,500,3
1815.6330091371362,ALVA2,500,500,3
780.2207382363305,ALVA2,500,500,3
177.27692962269154,ALVA2,500,500,3
194.05776231248888,ALVA2,500,500,3
2060.056614247166,ALVA2,500,500,3
233.91864948671812,ALVA2,500,500,3
38.45256908599289,ALVA2,500,500,3
1962.0514989468368,ALVA2,500,500,3
121.34975116262227,ALVA2,500,500,3
1679.015329718683,ALVA2,500,500,3
820.8775528156001,ALVA2,500,500,3
1572.0584837646225,ALVA2,500,500,3
489.04828158395543,ALVA2,500,500,3
58.68375715128889,ALVA2,500,500,3
2567.0106704209325,ALVA2,500,500,3
1144.5867665005794,ALVA2,500,500,3
1249.0767979724787,ALVA2,500,500,3
1133.067940638889,ALVA2,500,500,3
4858.301008065193,ALVA2,500,500,3
3803.5819409593164,ALVE2,500,500,3
5998.797411601059,ALVE2,500,500,3
2343.3341933550055,ALVE2,500,500,3
130.09058513713595,ALVE2,500,500,3
2468.3956495470056,ALVE2,500,500,3
2203.5630003413316,ALVE2,500,500,3
1998.3229782754909,ALVE2,500,500,3
4115.34272507082,ALVE2,500,500,3
1407.9806859370667,ALVE2,500,500,3
87.55462797566399,ALVE2,500,500,3
2850.2847251942667,ALVE2,500,500,3
79.36760369969599,ALVE2,500,500,3
122.38978204151293,ALVE2,500,500,3
231.7750534408462,ALVE2,500,500,3
238.08622009940612,ALVE2,500,500,3
4003.61883978095,ALVE2,500,500,3
228.97239519657958,ALVE2,500,500,3
3334.1898192206218,ALVE2,500,500,3
66.94206240041068,ALVE2,500,500,3
748.161300666197,ALVE2,500,500,3
3119.451005003945,ALVI,500,500,3
2095.9755107707565,ALVI,500,500,3
560.0419535739449,ALVI,500,500,3
1924.816703142229,ALVI,500,500,3
156.86663338939738,ALVI,500,500,3
3952.287627886926,ALVI,500,500,3
950.924640718419,ALVI,500,500,3
2530.913395714046,ALVI,500,500,3
6948.882730821288,ALVI,500,500,3
2627.5126321488783,ALVI,500,500,3
3879.569333287807,ALVI,500,500,3
2295.290552424489,ALVI,500,500,3
5046.479603929596,ALVI,500,500,3
3773.162122378623,ALVI,500,500,3
610.8379575655665,ALVI,500,500,3
755.6299587455998,ALVI,500,500,3
2656.75792175,ALVI,500,500,3
1909.6257245775928,ALVI,500,500,3
5073.430171912526,ALVI,500,500,3
4606.725554900025,ALVI,500,500,3
169.682054259184,ALVI3,500,500,3
1401.2161723824906,ALVI3,500,500,3
450.9075018538594,ALVI3,500,500,3
6869.124556687189,ALVI3,500,500,3
2493.2406412499554,ALVI3,500,500,3
158.67922228885155,ALVI3,500,500,3
369.73497863753954,ALVI3,500,500,3
4293.929298839039,ALVI3,500,500,3
666.3462528817494,ALVI3,500,500,3
1041.2041793894325,ALVI3,500,500,3
1693.6057528125702,ALVI3,500,500,3
844.3698165471551,ALVI3,500,500,3
303.58903541630406,ALVI3,500,500,3
130.24943329697956,ALVI3,500,500,3
585.0464076803983,ALVI3,500,500,3
1852.597551856612,ALVI3,500,500,3
305.30310519692614,ALVI3,500,500,3
304.22326665693157,ALVI3,500,500,3
438.14627866666467,ALVI3,500,500,3
343.34767311679826,ALVI3,500,500,3
4091.048052540131,ALWR,500,500,3
216.8210032027573,ALWR,500,500,3
2257.65599707978,ALWR,500,500,3
2911.230159737856,ALWR,500,500,3
2616.580622660478,ALWR,500,500,3
4614.486231049643,ALWR,500,500,3
2303.9295330674922,ALWR,500,500,3
2865.409937522843,ALWR,500,500,3
4466.701499671066,ALWR,500,500,3
179.76849930555733,ALWR,500,500,3
4850.081032929165,ALWR,500,500,3
75.6548733643929,ALWR,500,500,3
184.55918749694408,ALWR,500,500,3
704.3496510113848,ALWR,500,500,3
395.49782037958414,ALWR,500,500,3
3904.297513143237,ALWR,500,500,3
5608.46168451433,ALWR,500,500,3
4130.450060657832,ALWR,500,500,3
4258.062571478073,ALWR,500,500,3
1182.3028934823183,ALWR,500,500,3
476.17123854557167,AMAC2,500,500,3
3807.6778830574317,AMAC2,500,500,3
6402.482548923944,AMAC2,500,500,3
808.227378505664,AMAC2,500,500,3
836.9573148831983,AMAC2,500,500,3
182.02499092876621,AMAC2,500,500,3
267.2256283097581,AMAC2,500,500,3
6327.188041926528,AMAC2,500,500,3
109.17642624084624,AMAC2,500,500,3
296.6615475289584,AMAC2,500,500,3
159.57689020443738,AMAC2,500,500,3
136.1373893133582,AMAC2,500,500,3
5848.5884502596955,AMAC2,500,500,3
260.0112254016693,AMAC2,500,500,3
329.6895209662506,AMAC2,500,500,3
302.83985810986485,AMAC2,500,500,3
155.35723145042488,AMAC2,500,500,3
490.6432650553439,AMAC2,500,500,3
646.8631150675183,AMAC2,500,500,3
2758.4633048078917,AMAC2,500,500,3
692.1594303366383,AMAL,500,500,3
483.5940097411395,AMAL,500,500,3
606.111070949945,AMAL,500,500,3
256.0962760245974,AMAL,500,500,3
198.54646416519827,AMAL,500,500,3
219.4654325006063,AMAL,500,500,3
479.35090542598897,AMAL,500,500,3
1447.411348048889,AMAL,500,500,3
1523.6744936333498,AMAL,500,500,3
1857.057562254479,AMAL,500,500,3
3166.3249006804695,AMAL,500,500,3
4463.8343773949855,AMAL,500,500,3
1765.1656339708513,AMAL,500,500,3
444.9917342822665,AMAL,500,500,3
268.17043045751285,AMAL,500,500,3
75.1362179836,AMAL,500,500,3
641.207485229353,AMAL,500,500,3
2649.4816434528693,AMAL,500,500,3
79.25086266666489,AMAL,500,500,3
1140.7612439391555,AMAL,500,500,3
3291.315589718585,AMAR2,500,500,3
1036.1887091012252,AMAR2,500,500,3
483.78700997115567,AMAR2,500,500,3
2547.795303828123,AMAR2,500,500,3
325.37523066448887,AMAR2,500,500,3
3446.2181693780194,AMAR2,500,500,3
1101.8733703347184,AMAR2,500,500,3
2703.371626102016,AMAR2,500,500,3
208.39406701461155,AMAR2,500,500,3
1773.1427927414595,AMAR2,500,500,3
1417.9154603028196,AMAR2,500,500,3
1717.7964788884888,AMAR2,500,500,3
505.71567578316626,AMAR2,500,500,3
3025.5784898423394,AMAR2,500,500,3
5318.11224491946,AMAR2,500,500,3
3091.770556307621,AMAR2,500,500,3
729.6600413832463,AMAR2,500,500,3
445.2213196374596,AMAR2,500,500,3
475.8256777010329,AMAR2,500,500,3
805.1027999084371,AMAR2,500,500,3
885.4669805272724,AMAR4,500,500,3
450.45942880617054,AMAR4,500,500,3
1477.1131155322596,AMAR4,500,500,3
2608.0518424304,AMAR4,500,500,3
1990.5967570545488,AMAR4,500,500,3
2836.0432711900144,AMAR4,500,500,3
4392.51875043426,AMAR4,500,500,3
5774.506262730175,AMAR4,500,500,3
2294.878785055487,AMAR4,500,500,3
3130.0942904465,AMAR4,500,500,3
3753.0424124049327,AMAR4,500,500,3
6946.715734301862,AMAR4,500,500,3
2844.844949576729,AMAR4,500,500,3
1817.9763451192728,AMAR4,500,500,3
338.7644021723573,AMAR4,500,500,3
78.62223904170487,AMAR4,500,500,3
104.12922627241069,AMAR4,500,500,3
78.02947084748622,AMAR4,500,500,3
171.7090939876107,AMAR4,500,500,3
2793.232813591296,AMAR4,500,500,3
246.10631113881587,AMAU2,500,500,3
416.8856868788889,AMAU2,500,500,3
130.4547211807129,AMAU2,500,500,3
203.06248355497058,AMAU2,500,500,3
2061.896978656932,AMAU2,500,500,3
467.8960340561847,AMAU2,500,500,3
767.6321049070915,AMAU2,500,500,3
106.37554264631287,AMAU2,500,500,3
4846.958312498971,AMAU2,500,500,3
1852.8035912323135,AMAU2,500,500,3
651.2502984476159,AMAU2,500,500,3
267.59856535395556,AMAU2,500,500,3
4166.172621991749,AMAU2,500,500,3
293.1671914258329,AMAU2,500,500,3
71.9911896007093,AMAU2,500,500,3
1958.2680177812897,AMAU2,500,500,3
194.6829115021582,AMAU2,500,500,3
631.8162916180463,AMAU2,500,500,3
83.1874971807129,AMAU2,500,500,3
716.6240877728997,AMAU2,500,500,3
1624.3980980679391,AMBA,500,500,3
2051.057800460622,AMBA,500,500,3
316.50564122769055,AMBA,500,500,3
5527.454854792489,AMBA,500,500,3
347.1081888889174,AMBA,500,500,3
2518.3909324545252,AMBA,500,500,3
76.81012049897066,AMBA,500,500,3
156.05645974182224,AMBA,500,500,3
1237.4623500792889,AMBA,500,500,3
363.20652190628266,AMBA,500,500,3
249.96520109648887,AMBA,500,500,3
678.9870239879893,AMBA,500,500,3
1793.3874485033796,AMBA,500,500,3
346.59478789328887,AMBA,500,500,3
214.04687371455825,AMBA,500,500,3
176.41792720844617,AMBA,500,500,3
539.2859363237263,AMBA,500,500,3
480.6655260100196,AMBA,500,500,3
576.7882449121262,AMBA,500,500,3
196.74734479359822,AMBA,500,500,3
10292.377351801682,AMBE3,500,500,3
3177.7336637822223,AMBE3,500,500,3
1113.9894565404004,AMBE3,500,500,3
476.1375217125759,AMBE3,500,500,3
9911.628004940401,AMBE3,500,500,3
2212.083910711354,AMBE3,500,500,3
414.00803257962474,AMBE3,500,500,3
130.82302357395736,AMBE3,500,500,3
713.4443817266917,AMBE3,500,500,3
2312.270209957288,AMBE3,500,500,3
1121.8507979143892,AMBE3,500,500,3
8781.552215883286,AMBE3,500,500,3
47.126104233066656,AMBE3,500,500,3
4175.450426833733,AMBE3,500,500,3
2605.869070929059,AMBE3,500,500,3
75.62761966222224,AMBE3,500,500,3
555.2574194344891,AMBE3,500,500,3
91.02888057962485,AMBE3,500,500,3
1204.4822237684893,AMBE3,500,500,3
638.3783018730667,AMBE3,500,500,3
1611.7507198421258,AMBI2,500,500,3
277.708799995193,AMBI2,500,500,3
171.85872885801064,AMBI2,500,500,3
1065.910901903296,AMBI2,500,500,3
434.8841653705794,AMBI2,500,500,3
317.826201962489,AMBI2,500,500,3
592.053993267113,AMBI2,500,500,3
148.9671939684249,AMBI2,500,500,3
484.27714286928887,AMBI2,500,500,3
262.18971448063286,AMBI2,500,500,3
612.0010692002063,AMBI2,500,500,3
201.62715183841956,AMBI2,500,500,3
121.62376431726929,AMBI2,500,500,3
167.46441587084624,AMBI2,500,500,3
1319.4258167364194,AMBI2,500,500,3
458.2328822872107,AMBI2,500,500,3
120.1163632068196,AMBI2,500,500,3
811.4961063450667,AMBI2,500,500,3
307.13745261422935,AMBI2,500,500,3
1524.226087365531,AMBI2,500,500,3
2551.986335712637,AMBL,500,500,3
1589.190334710358,AMBL,500,500,3
181.64018981492623,AMBL,500,500,3
1499.9350830369492,AMBL,500,500,3
585.6331198547041,AMBL,500,500,3
1137.0710488315449,AMBL,500,500,3
337.2944662143715,AMBL,500,500,3
394.0998302293263,AMBL,500,500,3
833.5776971801314,AMBL,500,500,3
908.6815989956247,AMBL,500,500,3
57.866154586766214,AMBL,500,500,3
2646.936651047679,AMBL,500,500,3
1448.2813918460517,AMBL,500,500,3
1176.2901407982858,AMBL,500,500,3
708.5699497756002,AMBL,500,500,3
2476.8536644987453,AMBL,500,500,3
4066.1401703752367,AMBL,500,500,3
175.376938531056,AMBL,500,500,3
883.1879990515984,AMBL,500,500,3
6940.786563278889,AMBL,500,500,3
1674.045319046251,AMBR2,500,500,3
674.3831540386062,AMBR2,500,500,3
64.19078536526935,AMBR2,500,500,3
117.93874458674492,AMBR2,500,500,3
108.67245331956624,AMBR2,500,500,3
3012.585751930366,AMBR2,500,500,3
2788.734553767167,AMBR2,500,500,3
845.0249630718563,AMBR2,500,500,3
1075.7825327581793,AMBR2,500,500,3
922.5329509253046,AMBR2,500,500,3
1109.0891707598064,AMBR2,500,500,3
597.0719416007094,AMBR2,500,500,3
1602.004774949483,AMBR2,500,500,3
96.67938777457599,AMBR2,500,500,3
1501.2678197857263,AMBR2,500,500,3
117.4819076659129,AMBR2,500,500,3
1094.0157705886559,AMBR2,500,500,3
219.26149708114477,AMBR2,500,500,3
942.394974844073,AMBR2,500,500,3
1271.1054355056,AMBR2,500,500,3
1311.3283190431557,AMCA2,500,500,3
236.70718426418495,AMCA2,500,500,3
51.424865281536015,AMCA2,500,500,3
420.94139689953965,AMCA2,500,500,3
224.16164787108264,AMCA2,500,500,3
2158.7932500400198,AMCA2,500,500,3
207.40101032361068,AMCA2,500,500,3
159.79018895387736,AMCA2,500,500,3
12.927396330792892,AMCA2,500,500,3
577.5372865262917,AMCA2,500,500,3
287.02289238534945,AMCA2,500,500,3
452.78977487357173,AMCA2,500,500,3
523.2124460072889,AMCA2,500,500,3
262.3849616936374,AMCA2,500,500,3
4392.823770028783,AMCA2,500,500,3
2231.2465743357006,AMCA2,500,500,3
3228.2973650227123,AMCA2,500,500,3
2764.7766108767996,AMCA2,500,500,3
935.5576130344888,AMCA2,500,500,3
712.053798336638,AMCA2,500,500,3
128.65960859831287,AMCA3,500,500,3
873.7986291690386,AMCA3,500,500,3
410.66485896248906,AMCA3,500,500,3
2142.014657595556,AMCA3,500,500,3
1483.887528576256,AMCA3,500,500,3
1267.9888784554382,AMCA3,500,500,3
891.7126751278647,AMCA3,500,500,3
1933.1249294782558,AMCA3,500,500,3
993.7742271965705,AMCA3,500,500,3
3274.1054065575195,AMCA3,500,500,3
712.029359885305,AMCA3,500,500,3
2380.580052245287,AMCA3,500,500,3
483.0665530401493,AMCA3,500,500,3
587.5176257264197,AMCA3,500,500,3
958.0232814932883,AMCA3,500,500,3
686.5431749792692,AMCA3,500,500,3
1500.3258279780953,AMCA3,500,500,3
1684.6978707630908,AMCA3,500,500,3
1511.9350586636638,AMCA3,500,500,3
758.0847239999127,AMCA3,500,500,3
152.2283639375574,AMCA4,500,500,3
329.3254388042507,AMCA4,500,500,3
341.81472110916275,AMCA4,500,500,3
133.7888734014559,AMCA4,500,500,3
188.8641934134026,AMCA4,500,500,3
379.569938608633,AMCA4,500,500,3
75.28909825666665,AMCA4,500,500,3
4044.1597487186787,AMCA4,500,500,3
7635.489024932267,AMCA4,500,500,3
124.40434138109156,AMCA4,500,500,3
88.93775270395554,AMCA4,500,500,3
90.61135761305603,AMCA4,500,500,3
5678.5797919777515,AMCA4,500,500,3
164.98390911248882,AMCA4,500,500,3
167.91568693702936,AMCA4,500,500,3
158.0289924604516,AMCA4,500,500,3
64.40417059383284,AMCA4,500,500,3
202.97521117553592,AMCA4,500,500,3
328.1465726804463,AMCA4,500,500,3
352.0390185604106,AMCA4,500,500,3
1481.9605886233435,AMCA5,500,500,3
4755.442303524344,AMCA5,500,500,3
952.2722216515128,AMCA5,500,500,3
290.16004665683744,AMCA5,500,500,3
542.6421829443983,AMCA5,500,500,3
4760.816773368233,AMCA5,500,500,3
915.0166202415716,AMCA5,500,500,3
152.812992716656,AMCA5,500,500,3
257.919458659385,AMCA5,500,500,3
840.211238365865,AMCA5,500,500,3
677.7804459724783,AMCA5,500,500,3
929.8868624704693,AMCA5,500,500,3
221.90375792220271,AMCA5,500,500,3
801.1388045455362,AMCA5,500,500,3
540.3390685155555,AMCA5,500,500,3
482.8171392367628,AMCA5,500,500,3
1223.5381585482505,AMCA5,500,500,3
3999.0137274546905,AMCA5,500,500,3
69.62473078270396,AMCA5,500,500,3
523.9780623918648,AMCA5,500,500,3
1621.8585181913445,AMCA6,500,500,3
1723.1761353311138,AMCA6,500,500,3
1346.0025209351656,AMCA6,500,500,3
1202.6916961251557,AMCA6,500,500,3
318.56796579804256,AMCA6,500,500,3
1951.0217091686318,AMCA6,500,500,3
1505.0534476002115,AMCA6,500,500,3
1834.0930408834563,AMCA6,500,500,3
635.5429292541851,AMCA6,500,500,3
1114.5626062286217,AMCA6,500,500,3
1059.732779464489,AMCA6,500,500,3
407.01128860159986,AMCA6,500,500,3
309.42180174506683,AMCA6,500,500,3
971.136073917945,AMCA6,500,500,3
2419.1225050736193,AMCA6,500,500,3
346.515886220784,AMCA6,500,500,3
818.4105709919844,AMCA6,500,500,3
775.0146025050866,AMCA6,500,500,3
1410.135703879822,AMCA6,500,500,3
2461.655168595113,AMCA6,500,500,3
921.8315863739667,AMCI,500,500,3
402.401415376953,AMCI,500,500,3
6122.433877065786,AMCI,500,500,3
572.6587280607982,AMCI,500,500,3
107.05181531690484,AMCI,500,500,3
139.00761331022932,AMCI,500,500,3
396.674827234304,AMCI,500,500,3
3468.1985304925784,AMCI,500,500,3
369.5405142570667,AMCI,500,500,3
782.6919492994775,AMCI,500,500,3
397.1506372441315,AMCI,500,500,3
5898.545413640182,AMCI,500,500,3
2394.3014113422773,AMCI,500,500,3
400.06783831782224,AMCI,500,500,3
598.0467018086381,AMCI,500,500,3
335.1039319351449,AMCI,500,500,3
220.9621407102862,AMCI,500,500,3
7490.824012431635,AMCI,500,500,3
39.21106466743287,AMCI,500,500,3
1195.817536597118,AMCI,500,500,3
1628.0803276757324,AMCO,500,500,3
61.293119731989336,AMCO,500,500,3
378.39421111265955,AMCO,500,500,3
69.17200369706664,AMCO,500,500,3
367.82747535325143,AMCO,500,500,3
2943.760421243944,AMCO,500,500,3
36.93781174182223,AMCO,500,500,3
1027.0205991682565,AMCO,500,500,3
418.4623252744515,AMCO,500,500,3
3183.835903745407,AMCO,500,500,3
4965.565011993809,AMCO,500,500,3
199.03527075156615,AMCO,500,500,3
115.52527569575818,AMCO,500,500,3
221.11350457527288,AMCO,500,500,3
144.60670286139742,AMCO,500,500,3
255.82871598040003,AMCO,500,500,3
1722.2113809064883,AMCO,500,500,3
162.18445864669158,AMCO,500,500,3
131.80903855106666,AMCO,500,500,3
195.53404526796626,AMCO,500,500,3
677.9378770843998,AMCO2,500,500,3
924.2873520983892,AMCO2,500,500,3
1603.8879584477847,AMCO2,500,500,3
822.2449200046058,AMCO2,500,500,3
666.5561418470381,AMCO2,500,500,3
1430.647431020772,AMCO2,500,500,3
457.01598626555557,AMCO2,500,500,3
1070.4492753402294,AMCO2,500,500,3
561.2888559917793,AMCO2,500,500,3
691.0379751420516,AMCO2,500,500,3
341.3802350538221,AMCO2,500,500,3
1936.7893074471187,AMCO2,500,500,3
883.9590437311556,AMCO2,500,500,3
465.0377141797529,AMCO2,500,500,3
1039.9152139375997,AMCO2,500,500,3
866.761941480489,AMCO2,500,500,3
42.06000905030933,AMCO2,500,500,3
3907.8692518395997,AMCO2,500,500,3
349.10318269735825,AMCO2,500,500,3
367.7887004784,AMCO2,500,500,3
1110.3686701012887,AMCR4,500,500,3
6005.9098471667885,AMCR4,500,500,3
685.5989639994864,AMCR4,500,500,3
1401.5335333324729,AMCR4,500,500,3
861.1487854241261,AMCR4,500,500,3
209.7343133139557,AMCR4,500,500,3
1623.4028869839922,AMCR4,500,500,3
2088.3228820465706,AMCR4,500,500,3
5816.282632486906,AMCR4,500,500,3
2022.2806846531626,AMCR4,500,500,3
1295.3432167018225,AMCR4,500,500,3
3256.6250073100528,AMCR4,500,500,3
499.50565956444274,AMCR4,500,500,3
2299.3749057535997,AMCR4,500,500,3
2861.1994041947305,AMCR4,500,500,3
2088.6646623420424,AMCR4,500,500,3
1436.2899530538225,AMCR4,500,500,3
87.14371242865067,AMCR4,500,500,3
3588.0523406411107,AMCR4,500,500,3
2369.889382099278,AMCR4,500,500,3
2338.800908386638,AMDE,500,500,3
354.0078052421528,AMDE,500,500,3
990.3255928981175,AMDE,500,500,3
3181.509116284756,AMDE,500,500,3
1827.6917658868456,AMDE,500,500,3
1280.455161628985,AMDE,500,500,3
1795.3152566329445,AMDE,500,500,3
176.94701148138492,AMDE,500,500,3
183.9844698150667,AMDE,500,500,3
277.1691370020249,AMDE,500,500,3
2611.632801327557,AMDE,500,500,3
386.6486899225316,AMDE,500,500,3
71.99765625450489,AMDE,500,500,3
3329.5759606296165,AMDE,500,500,3
597.8494345389795,AMDE,500,500,3
2744.8720381744197,AMDE,500,500,3
82.650831418816,AMDE,500,500,3
727.2046145782595,AMDE,500,500,3
2483.1026927214866,AMDE,500,500,3
624.9045006322061,AMDE,500,500,3
1288.6537932671135,AMDR,500,500,3
1291.416830449264,AMDR,500,500,3
131.17617464248892,AMDR,500,500,3
1196.0226944575127,AMDR,500,500,3
1307.5253389667394,AMDR,500,500,3
5970.971388666737,AMDR,500,500,3
2283.6078941777755,AMDR,500,500,3
3470.078602886286,AMDR,500,500,3
300.1280517017314,AMDR,500,500,3
2139.523338039403,AMDR,500,500,3
1163.3107382771977,AMDR,500,500,3
520.0752688176641,AMDR,500,500,3
423.4928217241528,AMDR,500,500,3
12.204669186552888,AMDR,500,500,3
5807.002420698958,AMDR,500,500,3
2047.6055641579455,AMDR,500,500,3
121.4684897898222,AMDR,500,500,3
1635.3491450022118,AMDR,500,500,3
245.47004308733165,AMDR,500,500,3
4775.49172353849,AMDR,500,500,3
4794.509977559034,AMFR,500,500,3
2950.6515082014657,AMFR,500,500,3
1820.566879224318,AMFR,500,500,3
3415.0711051969247,AMFR,500,500,3
2221.778082334718,AMFR,500,500,3
478.4557574364731,AMFR,500,500,3
403.68452362911296,AMFR,500,500,3
3632.084732199679,AMFR,500,500,3
375.7092129598864,AMFR,500,500,3
384.2992745389796,AMFR,500,500,3
381.6844934804196,AMFR,500,500,3
115.45002238881959,AMFR,500,500,3
92.24651660059732,AMFR,500,500,3
492.3256694668515,AMFR,500,500,3
571.0241662340248,AMFR,500,500,3
1024.7082868726825,AMFR,500,500,3
4470.626013171192,AMFR,500,500,3
559.3424047818218,AMFR,500,500,3
6447.239388179734,AMFR,500,500,3
487.45327466222204,AMFR,500,500,3
172.7013661172889,AMLA,500,500,3
51.34084569403733,AMLA,500,500,3
132.55226071028625,AMLA,500,500,3
502.736891462825,AMLA,500,500,3
941.2105200895719,AMLA,500,500,3
452.05022993249946,AMLA,500,500,3
134.5687481086222,AMLA,500,500,3
3761.0670363966524,AMLA,500,500,3
111.63886837554493,AMLA,500,500,3
63.19227983871823,AMLA,500,500,3
3669.9987358517965,AMLA,500,500,3
3109.7554093610674,AMLA,500,500,3
34.358717729955565,AMLA,500,500,3
5749.763289055699,AMLA,500,500,3
314.61022160042484,AMLA,500,500,3
4218.005499598889,AMLA,500,500,3
141.337201441216,AMLA,500,500,3
423.3460715733333,AMLA,500,500,3
1499.0508013842327,AMLA,500,500,3
228.65760261159818,AMLA,500,500,3
426.8540011432373,AMLA3,500,500,3
54.4882477012889,AMLA3,500,500,3
106.0965437240249,AMLA3,500,500,3
94.04807425407822,AMLA3,500,500,3
81.40385187135828,AMLA3,500,500,3
290.58001201447826,AMLA3,500,500,3
62.00922176375289,AMLA3,500,500,3
154.48642639265955,AMLA3,500,500,3
243.15302650452622,AMLA3,500,500,3
248.59639987906664,AMLA3,500,500,3
760.1793882063929,AMLA3,500,500,3
2801.7430866559985,AMLA3,500,500,3
4351.372679536292,AMLA3,500,500,3
8414.64552747946,AMLA3,500,500,3
78.19771570551283,AMLA3,500,500,3
94.60862603370488,AMLA3,500,500,3
1565.9934984681795,AMLA3,500,500,3
185.18679534675738,AMLA3,500,500,3
1434.0482084532464,AMLA3,500,500,3
111.32284987238393,AMLA3,500,500,3
1540.2561977429311,AMLA4,500,500,3
397.8046929865315,AMLA4,500,500,3
1196.1178786492426,AMLA4,500,500,3
779.9255411965848,AMLA4,500,500,3
341.91792099737603,AMLA4,500,500,3
81.59805911640001,AMLA4,500,500,3
95.35482918653156,AMLA4,500,500,3
2012.7245897218115,AMLA4,500,500,3
3053.704576367061,AMLA4,500,500,3
1125.8229098422028,AMLA4,500,500,3
124.11229882261155,AMLA4,500,500,3
866.7158784743664,AMLA4,500,500,3
256.2747974993848,AMLA4,500,500,3
563.7041519868516,AMLA4,500,500,3
3765.7153806478227,AMLA4,500,500,3
903.7454783700693,AMLA4,500,500,3
1172.201412577593,AMLA4,500,500,3
165.79636503448887,AMLA4,500,500,3
82.85012499538492,AMLA4,500,500,3
293.2467120639556,AMLA4,500,500,3
399.10088219724605,AMLY,500,500,3
44.36930133173334,AMLY,500,500,3
59.39012120083734,AMLY,500,500,3
27.721635221155548,AMLY,500,500,3
1336.238122167166,AMLY,500,500,3
33.9110788336,AMLY,500,500,3
23.760174501288887,AMLY,500,500,3
74.7864439377849,AMLY,500,500,3
359.64464926573356,AMLY,500,500,3
445.2925504257262,AMLY,500,500,3
94.5467127896729,AMLY,500,500,3
413.2955311773849,AMLY,500,500,3
799.3813990263446,AMLY,500,500,3
267.0879248462062,AMLY,500,500,3
1265.5019394104158,AMLY,500,500,3
173.90349596210487,AMLY,500,500,3
27.273655068131546,AMLY,500,500,3
24.492991426666674,AMLY,500,500,3
178.2338236244195,AMLY,500,500,3
286.9654820202382,AMLY,500,500,3
160.14538857759285,AMMA,500,500,3
1468.41584243882,AMMA,500,500,3
210.27951899590929,AMMA,500,500,3
267.07956499027745,AMMA,500,500,3
37.69093165111289,AMMA,500,500,3
595.1498020443717,AMMA,500,500,3
1030.681989796677,AMMA,500,500,3
343.7562467693795,AMMA,500,500,3
179.57017197887825,AMMA,500,500,3
3857.946389305556,AMMA,500,500,3
343.63277492888886,AMMA,500,500,3
84.02593605148269,AMMA,500,500,3
711.3850594932461,AMMA,500,500,3
436.0138427462666,AMMA,500,500,3
632.2730951388158,AMMA,500,500,3
569.1714073524887,AMMA,500,500,3
649.832952680489,AMMA,500,500,3
383.3856032528995,AMMA,500,500,3
160.47876202666663,AMMA,500,500,3
419.1983718805049,AMMA,500,500,3
5823.726217745466,AMMU,500,500,3
2988.099982158905,AMMU,500,500,3
1375.5815541960374,AMMU,500,500,3
260.26436923681956,AMMU,500,500,3
46.49951988166397,AMMU,500,500,3
4843.58108619656,AMMU,500,500,3
384.0260586820961,AMMU,500,500,3
520.1725697500002,AMMU,500,500,3
3529.7963967120436,AMMU,500,500,3
330.58707183529975,AMMU,500,500,3
609.0300900298221,AMMU,500,500,3
188.14015215922487,AMMU,500,500,3
3581.9681865377497,AMMU,500,500,3
303.94555281706664,AMMU,500,500,3
821.5272266419123,AMMU,500,500,3
1139.9885197684891,AMMU,500,500,3
2796.862381228656,AMMU,500,500,3
369.7221663366382,AMMU,500,500,3
535.272338573305,AMMU,500,500,3
716.5764621100782,AMMU,500,500,3
679.6354296715094,AMMU2,500,500,3
131.2629027215929,AMMU2,500,500,3
4278.068695593955,AMMU2,500,500,3
569.0874431388371,AMMU2,500,500,3
150.38145172821146,AMMU2,500,500,3
4691.624100898733,AMMU2,500,500,3
1742.7950452692885,AMMU2,500,500,3
198.6379627132516,AMMU2,500,500,3
319.3271347601047,AMMU2,500,500,3
2360.6060609668966,AMMU2,500,500,3
4383.1335063533825,AMMU2,500,500,3
4526.019871910611,AMMU2,500,500,3
1299.4635981223184,AMMU2,500,500,3
95.77586210771733,AMMU2,500,500,3
252.6705063565583,AMMU2,500,500,3
351.0711334698597,AMMU2,500,500,3
114.6412929244,AMMU2,500,500,3
1497.2075227042062,AMMU2,500,500,3
2802.4465233091128,AMMU2,500,500,3
205.58369080063295,AMMU2,500,500,3
784.8930128563128,AMNA,500,500,3
1629.8537592672646,AMNA,500,500,3
4336.924868538301,AMNA,500,500,3
65.49750432190402,AMNA,500,500,3
4730.059268989819,AMNA,500,500,3
758.2760034218649,AMNA,500,500,3
6182.963913226213,AMNA,500,500,3
4056.0594967512093,AMNA,500,500,3
7612.59337176729,AMNA,500,500,3
195.3046488691183,AMNA,500,500,3
2558.0989746986015,AMNA,500,500,3
334.7177113591396,AMNA,500,500,3
1496.1644438707187,AMNA,500,500,3
280.42895857825954,AMNA,500,500,3
285.1035114873581,AMNA,500,500,3
3621.4247529289296,AMNA,500,500,3
73.14943642858492,AMNA,500,500,3
276.7917879871556,AMNA,500,500,3
1113.0817539564782,AMNA,500,500,3
620.0349277920639,AMNA,500,500,3
1447.967830115838,AMPA,500,500,3
505.3083989148996,AMPA,500,500,3
354.6890433916001,AMPA,500,500,3
212.3107559962293,AMPA,500,500,3
2445.2445476180196,AMPA,500,500,3
802.0854143114503,AMPA,500,500,3
3603.2763729064886,AMPA,500,500,3
683.4588957696001,AMPA,500,500,3
2126.0131045434596,AMPA,500,500,3
4142.963110169254,AMPA,500,500,3
491.92720695345616,AMPA,500,500,3
1284.1840070703715,AMPA,500,500,3
1328.55084237898,AMPA,500,500,3
91.67710299925153,AMPA,500,500,3
905.5806594326122,AMPA,500,500,3
751.0204085287183,AMPA,500,500,3
5811.88611135368,AMPA,500,500,3
3312.4231127046382,AMPA,500,500,3
1866.6810947222602,AMPA,500,500,3
1093.2074026581315,AMPA,500,500,3
1841.3723266236,AMPO2,500,500,3
623.5850741750825,AMPO2,500,500,3
1820.0184482744887,AMPO2,500,500,3
53.59872877382935,AMPO2,500,500,3
307.6924073169333,AMPO2,500,500,3
2907.2140435839724,AMPO2,500,500,3
185.49452140991818,AMPO2,500,500,3
111.5008228565262,AMPO2,500,500,3
841.66202685898,AMPO2,500,500,3
2451.6518823381266,AMPO2,500,500,3
501.88115721023814,AMPO2,500,500,3
1235.8316263071554,AMPO2,500,500,3
835.800647491411,AMPO2,500,500,3
491.7545966860515,AMPO2,500,500,3
163.21877028721073,AMPO2,500,500,3
830.0355246347305,AMPO2,500,500,3
1276.5609427988882,AMPO2,500,500,3
1124.725168392505,AMPO2,500,500,3
1073.721625122446,AMPO2,500,500,3
4132.020521245859,AMPO2,500,500,3
1883.6293751876246,AMPO4,500,500,3
230.98889475195546,AMPO4,500,500,3
424.49973463799284,AMPO4,500,500,3
162.93685403613154,AMPO4,500,500,3
120.50480983636619,AMPO4,500,500,3
148.5522628046222,AMPO4,500,500,3
427.1903045850384,AMPO4,500,500,3
929.7610419359555,AMPO4,500,500,3
274.2125127263128,AMPO4,500,500,3
2195.5648824779933,AMPO4,500,500,3
318.1163279507627,AMPO4,500,500,3
390.8357755357795,AMPO4,500,500,3
152.691867636336,AMPO4,500,500,3
1459.3265962538226,AMPO4,500,500,3
6591.869800781931,AMPO4,500,500,3
336.66520776959993,AMPO4,500,500,3
220.3658092266649,AMPO4,500,500,3
105.83017753934934,AMPO4,500,500,3
96.68211700428618,AMPO4,500,500,3
48.40824786438935,AMPO4,500,500,3
3844.2325074686237,AMPS,500,500,3
277.5372614032906,AMPS,500,500,3
3616.9339155459393,AMPS,500,500,3
576.6621760824892,AMPS,500,500,3
531.9321249688161,AMPS,500,500,3
1197.652954793726,AMPS,500,500,3
128.5397217296427,AMPS,500,500,3
121.91158363715553,AMPS,500,500,3
3499.819994363945,AMPS,500,500,3
1472.011397176598,AMPS,500,500,3
3754.472337586331,AMPS,500,500,3
1992.2178093838224,AMPS,500,500,3
773.8098252895129,AMPS,500,500,3
526.2800079596374,AMPS,500,500,3
76.23672008373332,AMPS,500,500,3
918.8614962929331,AMPS,500,500,3
388.2096077772162,AMPS,500,500,3
10103.547129528893,AMPS,500,500,3
2512.7662486135396,AMPS,500,500,3
2257.2508201279566,AMPS,500,500,3
294.5561117268195,AMPU2,500,500,3
107.20021590433957,AMPU2,500,500,3
113.53707375527823,AMPU2,500,500,3
852.5824957233332,AMPU2,500,500,3
4860.463031817956,AMPU2,500,500,3
686.5836340084888,AMPU2,500,500,3
1471.6288453328782,AMPU2,500,500,3
1619.5534968305496,AMPU2,500,500,3
4327.051482499625,AMPU2,500,500,3
392.36672246026666,AMPU2,500,500,3
2146.20546598769,AMPU2,500,500,3
2874.361123165822,AMPU2,500,500,3
1282.0204931884782,AMPU2,500,500,3
93.36048399999821,AMPU2,500,500,3
779.411542292123,AMPU2,500,500,3
5614.829473427734,AMPU2,500,500,3
648.836458254078,AMPU2,500,500,3
1921.5674165898222,AMPU2,500,500,3
3445.020426930046,AMPU2,500,500,3
556.9371128515396,AMPU2,500,500,3
358.18974645601946,AMRE,500,500,3
445.18619548138486,AMRE,500,500,3
29.605755326399997,AMRE,500,500,3
579.7944909648904,AMRE,500,500,3
452.17432537313954,AMRE,500,500,3
318.66836402167286,AMRE,500,500,3
398.7541182953794,AMRE,500,500,3
2815.604139230144,AMRE,500,500,3
1334.0059866248253,AMRE,500,500,3
517.208344773033,AMRE,500,500,3
149.4260017972889,AMRE,500,500,3
1826.9010603997224,AMRE,500,500,3
404.7529105877331,AMRE,500,500,3
1153.9421420015997,AMRE,500,500,3
436.3812551359556,AMRE,500,500,3
4570.736751956738,AMRE,500,500,3
382.41477457666673,AMRE,500,500,3
317.2728817283982,AMRE,500,500,3
2102.3453046681584,AMRE,500,500,3
3619.5770820764733,AMRE,500,500,3
182.92235309522496,AMSA,500,500,3
354.5629585399306,AMSA,500,500,3
252.00080763774395,AMSA,500,500,3
701.0866533675929,AMSA,500,500,3
78.73228476381155,AMSA,500,500,3
3758.64084532039,AMSA,500,500,3
259.00577285566396,AMSA,500,500,3
1385.2273958971448,AMSA,500,500,3
52.605061018010645,AMSA,500,500,3
198.81962555517154,AMSA,500,500,3
383.91566123598943,AMSA,500,500,3
260.0456809510667,AMSA,500,500,3
1049.9811797221257,AMSA,500,500,3
116.5509688799555,AMSA,500,500,3
296.4959092664248,AMSA,500,500,3
4821.346000595396,AMSA,500,500,3
5675.454448494278,AMSA,500,500,3
206.2115189956249,AMSA,500,500,3
2877.629557658767,AMSA,500,500,3
83.52911200315556,AMSA,500,500,3
133.0122225177529,AMSE,500,500,3
55.15365497315556,AMSE,500,500,3
299.644935,AMSE,500,500,3
609.0523103427392,AMSE,500,500,3
106.18526814492263,AMSE,500,500,3
119.8907286473316,AMSE,500,500,3
65.03774265557158,AMSE,500,500,3
2211.9096546148107,AMSE,500,500,3
2374.7540678691844,AMSE,500,500,3
55.01815744454935,AMSE,500,500,3
221.98567163033596,AMSE,500,500,3
5978.559543120042,AMSE,500,500,3
83.60115209812625,AMSE,500,500,3
155.33980705926936,AMSE,500,500,3
76.29920032340623,AMSE,500,500,3
1498.5146242572514,AMSE,500,500,3
86.02779042517155,AMSE,500,500,3
459.9826958381796,AMSE,500,500,3
3871.119784330667,AMSE,500,500,3
144.89692807395556,AMSE,500,500,3
690.0619950962329,AMSP,500,500,3
1306.3570859034298,AMSP,500,500,3
143.22906309132622,AMSP,500,500,3
1983.7659045953983,AMSP,500,500,3
2147.566072968489,AMSP,500,500,3
147.1821210736196,AMSP,500,500,3
3841.0445589864107,AMSP,500,500,3
1417.567010599758,AMSP,500,500,3
2798.080709912488,AMSP,500,500,3
768.7431404118026,AMSP,500,500,3
1814.8291254798228,AMSP,500,500,3
404.5988903744784,AMSP,500,500,3
612.5179747284889,AMSP,500,500,3
1864.262970924629,AMSP,500,500,3
2326.1505301580783,AMSP,500,500,3
3962.4402932795088,AMSP,500,500,3
1747.568036016127,AMSP,500,500,3
271.93149400938483,AMSP,500,500,3
1663.4428199796457,AMSP,500,500,3
481.83240394648885,AMSP,500,500,3
179.20490454943288,AMST80,500,500,3
286.71127835195557,AMST80,500,500,3
155.4656922675182,AMST80,500,500,3
253.33521320972625,AMST80,500,500,3
107.69029273906486,AMST80,500,500,3
732.6977422291557,AMST80,500,500,3
5329.518373958824,AMST80,500,500,3
481.47600901823836,AMST80,500,500,3
4358.202114734066,AMST80,500,500,3
812.2223011796196,AMST80,500,500,3
555.7642757766665,AMST80,500,500,3
87.33613618069154,AMST80,500,500,3
213.1605282909583,AMST80,500,500,3
4833.9166632384,AMST80,500,500,3
348.58046512759284,AMST80,500,500,3
428.0540098529849,AMST80,500,500,3
252.8756870212195,AMST80,500,500,3
2560.2504063061033,AMST80,500,500,3
5519.626432031343,AMST80,500,500,3
113.19587921220271,AMST80,500,500,3
4360.736975239426,AMTA2,500,500,3
231.59998502419734,AMTA2,500,500,3
106.71417466737067,AMTA2,500,500,3
140.1897582484889,AMTA2,500,500,3
207.14041941222234,AMTA2,500,500,3
502.6588679110665,AMTA2,500,500,3
3251.0784393531094,AMTA2,500,500,3
278.6986531979091,AMTA2,500,500,3
472.0091438517973,AMTA2,500,500,3
1209.6811811813263,AMTA2,500,500,3
2924.36560750569,AMTA2,500,500,3
1467.3188546664514,AMTA2,500,500,3
331.35818903893346,AMTA2,500,500,3
10.8501710396,AMTA2,500,500,3
111.07797528652623,AMTA2,500,500,3
338.89365724087276,AMTA2,500,500,3
510.9201079142114,AMTA2,500,500,3
223.19752909907723,AMTA2,500,500,3
80.77212461440001,AMTA2,500,500,3
304.3505074780728,AMTA2,500,500,3
365.3401265616905,AMTE3,500,500,3
1479.7674748820461,AMTE3,500,500,3
207.62160916273606,AMTE3,500,500,3
2881.6545986790334,AMTE3,500,500,3
1330.8504908830653,AMTE3,500,500,3
2897.6893443830027,AMTE3,500,500,3
261.5080984992996,AMTE3,500,500,3
398.6886238016782,AMTE3,500,500,3
2986.413811944659,AMTE3,500,500,3
177.80316790265599,AMTE3,500,500,3
1025.8297407955554,AMTE3,500,500,3
1743.5321123729327,AMTE3,500,500,3
1046.0874718586597,AMTE3,500,500,3
99.53933063844262,AMTE3,500,500,3
4023.272678317823,AMTE3,500,500,3
1668.5653872668731,AMTE3,500,500,3
413.78952798559993,AMTE3,500,500,3
1639.8567461371447,AMTE3,500,500,3
28.298515177242667,AMTE3,500,500,3
3623.2428141794917,AMTE3,500,500,3
4453.6645119237055,AMTR,500,500,3
1071.3959061629434,AMTR,500,500,3
1178.9244279342063,AMTR,500,500,3
839.7170351680694,AMTR,500,500,3
1376.2885838251352,AMTR,500,500,3
916.6644717269334,AMTR,500,500,3
429.34793524166923,AMTR,500,500,3
1036.108732062633,AMTR,500,500,3
968.6349249797047,AMTR,500,500,3
1693.3125694232724,AMTR,500,500,3
573.8044707797338,AMTR,500,500,3
85.34656418709156,AMTR,500,500,3
2295.667425106757,AMTR,500,500,3
1696.9750051539559,AMTR,500,500,3
1789.9851429328191,AMTR,500,500,3
812.6825537088779,AMTR,500,500,3
58.32385331956624,AMTR,500,500,3
973.5001531551553,AMTR,500,500,3
1075.4524807676426,AMTR,500,500,3
807.7705453643929,AMTR,500,500,3
319.012659999984,AMTU,500,500,3
276.2711176906507,AMTU,500,500,3
947.8094793429315,AMTU,500,500,3
484.5937699942329,AMTU,500,500,3
176.92385587609596,AMTU,500,500,3
1294.7682745789846,AMTU,500,500,3
437.7352805670384,AMTU,500,500,3
84.76721812422403,AMTU,500,500,3
741.6108082853528,AMTU,500,500,3
4318.88609436,AMTU,500,500,3
252.57392686790394,AMTU,500,500,3
954.3240982399994,AMTU,500,500,3
2134.515642588268,AMTU,500,500,3
147.12830047652267,AMTU,500,500,3
2309.644014545776,AMTU,500,500,3
3778.342444673491,AMTU,500,500,3
1446.3419770655553,AMTU,500,500,3
975.6086407054064,AMTU,500,500,3
210.75517987889594,AMTU,500,500,3
988.7887381059129,AMTU,500,500,3
380.2191529156197,AMUT,500,500,3
618.0843894678115,AMUT,500,500,3
192.98053513226665,AMUT,500,500,3
783.7501500188729,AMUT,500,500,3
526.897042691691,AMUT,500,500,3
1017.6160647658226,AMUT,500,500,3
1206.9661003140104,AMUT,500,500,3
2658.4543641894375,AMUT,500,500,3
2487.555857858389,AMUT,500,500,3
3764.1772813258235,AMUT,500,500,3
710.3184250531397,AMUT,500,500,3
432.3497696764518,AMUT,500,500,3
692.9379269253049,AMUT,500,500,3
66.11796068906666,AMUT,500,500,3
4017.858913658949,AMUT,500,500,3
447.03400451555547,AMUT,500,500,3
352.23052428526944,AMUT,500,500,3
257.0895363988889,AMUT,500,500,3
564.2120591577315,AMUT,500,500,3
1200.0826553286383,AMUT,500,500,3
564.0089474326114,ANAL4,500,500,3
104.42767708970487,ANAL4,500,500,3
4035.4270188681785,ANAL4,500,500,3
1208.0622619722224,ANAL4,500,500,3
563.0155619587397,ANAL4,500,500,3
2035.5685002466828,ANAL4,500,500,3
186.6552414951662,ANAL4,500,500,3
974.4344114716723,ANAL4,500,500,3
445.9334106622223,ANAL4,500,500,3
504.71907926595577,ANAL4,500,500,3
3117.7526914404702,ANAL4,500,500,3
1201.5915386264735,ANAL4,500,500,3
2475.8833279786595,ANAL4,500,500,3
2405.3749561663994,ANAL4,500,500,3
2042.2314098879551,ANAL4,500,500,3
239.41608670343808,ANAL4,500,500,3
823.888803243333,ANAL4,500,500,3
113.29747040647828,ANAL4,500,500,3
381.2516782239555,ANAL4,500,500,3
1219.1831917030668,ANAL4,500,500,3
187.44524126982927,ANAR16,500,500,3
153.79372686973156,ANAR16,500,500,3
1658.3661893734115,ANAR16,500,500,3
203.22451199655816,ANAR16,500,500,3
420.33671445691726,ANAR16,500,500,3
89.04440650231288,ANAR16,500,500,3
122.86353767888887,ANAR16,500,500,3
3603.137284108142,ANAR16,500,500,3
264.14622442267734,ANAR16,500,500,3
257.7787529844463,ANAR16,500,500,3
573.9611343335092,ANAR16,500,500,3
1802.088409703246,ANAR16,500,500,3
2007.0255437779545,ANAR16,500,500,3
584.3183586591553,ANAR16,500,500,3
775.0071170739128,ANAR16,500,500,3
70.44459399953067,ANAR16,500,500,3
282.373643116025,ANAR16,500,500,3
694.8991628187574,ANAR16,500,500,3
426.25746742519266,ANAR16,500,500,3
1259.4763690926652,ANAR16,500,500,3
164.45518035455294,ANAR6,500,500,3
185.69966772862404,ANAR6,500,500,3
186.97140786653162,ANAR6,500,500,3
211.40009696528887,ANAR6,500,500,3
114.34476798077154,ANAR6,500,500,3
3136.400315273037,ANAR6,500,500,3
1203.886722375465,ANAR6,500,500,3
1692.463020558934,ANAR6,500,500,3
799.3302575397264,ANAR6,500,500,3
718.6691310877851,ANAR6,500,500,3
150.93713709077156,ANAR6,500,500,3
530.0814359504197,ANAR6,500,500,3
899.0663258443095,ANAR6,500,500,3
4961.989992745701,ANAR6,500,500,3
42.65984196999822,ANAR6,500,500,3
333.6937755091555,ANAR6,500,500,3
2307.1149194661275,ANAR6,500,500,3
260.30062611233956,ANAR6,500,500,3
364.994640610126,ANAR6,500,500,3
34108.564843958375,ANAR6,500,500,3
2400.9969271141526,ANAR7,500,500,3
3038.1794833055556,ANAR7,500,500,3
1091.4837066786063,ANAR7,500,500,3
393.8854472620372,ANAR7,500,500,3
397.72182887673586,ANAR7,500,500,3
66.50778003677154,ANAR7,500,500,3
74.5554008727449,ANAR7,500,500,3
1364.5263123400518,ANAR7,500,500,3
4388.175185033386,ANAR7,500,500,3
158.6430279988889,ANAR7,500,500,3
122.10630080693335,ANAR7,500,500,3
1843.8326221624895,ANAR7,500,500,3
122.80119048706669,ANAR7,500,500,3
356.0989366595129,ANAR7,500,500,3
77.68779761048891,ANAR7,500,500,3
533.400869485113,ANAR7,500,500,3
1021.9097133973174,ANAR7,500,500,3
1404.1678320211038,ANAR7,500,500,3
3111.019308973334,ANAR7,500,500,3
46.16774933330489,ANAR7,500,500,3
4772.095093065599,ANAT,500,500,3
1175.4579851214503,ANAT,500,500,3
3841.06083793354,ANAT,500,500,3
3953.2992505535967,ANAT,500,500,3
4287.835178090096,ANAT,500,500,3
4713.295923490979,ANAT,500,500,3
439.3961412507573,ANAT,500,500,3
1103.007172281086,ANAT,500,500,3
105.15838915539736,ANAT,500,500,3
4328.513289314126,ANAT,500,500,3
6292.481778318148,ANAT,500,500,3
6050.147714234284,ANAT,500,500,3
2167.015920863225,ANAT,500,500,3
2870.7148979374915,ANAT,500,500,3
269.7824257796249,ANAT,500,500,3
4850.231480493332,ANAT,500,500,3
146.874859595504,ANAT,500,500,3
516.4003474813849,ANAT,500,500,3
1148.81593198154,ANAT,500,500,3
349.48369681471814,ANAT,500,500,3
437.28938804302925,ANAZ,500,500,3
1822.6349486064003,ANAZ,500,500,3
4644.028952109724,ANAZ,500,500,3
2318.7806928959553,ANAZ,500,500,3
2443.3860745613492,ANAZ,500,500,3
3904.3492263418857,ANAZ,500,500,3
2084.853255785798,ANAZ,500,500,3
5389.766874233371,ANAZ,500,500,3
832.7721436109492,ANAZ,500,500,3
1615.2462705748198,ANAZ,500,500,3
3796.7254146913833,ANAZ,500,500,3
63.65877555199291,ANAZ,500,500,3
582.3958358769493,ANAZ,500,500,3
6153.772465478229,ANAZ,500,500,3
112.17692133239291,ANAZ,500,500,3
603.1222692240996,ANAZ,500,500,3
429.8153699201706,ANAZ,500,500,3
221.0569358684728,ANAZ,500,500,3
2116.2937880548247,ANAZ,500,500,3
1489.3000896099395,ANAZ,500,500,3
334.56662992706674,ANBE,500,500,3
112.65612712981158,ANBE,500,500,3
160.56365319182225,ANBE,500,500,3
170.5680133155555,ANBE,500,500,3
1772.396524453518,ANBE,500,500,3
111.67784614311816,ANBE,500,500,3
142.92622582595558,ANBE,500,500,3
885.959339153833,ANBE,500,500,3
98.41896135463816,ANBE,500,500,3
879.2688165389584,ANBE,500,500,3
1374.665109721883,ANBE,500,500,3
1797.2635471429526,ANBE,500,500,3
806.4442802401974,ANBE,500,500,3
1500.9787521936194,ANBE,500,500,3
185.34550286139728,ANBE,500,500,3
2618.225998992496,ANBE,500,500,3
2640.725810679749,ANBE,500,500,3
1355.545498513003,ANBE,500,500,3
204.0966156367573,ANBE,500,500,3
2027.3654349810915,ANBE,500,500,3
3033.80676409385,ANBR2,500,500,3
3936.7215143376775,ANBR2,500,500,3
3877.4541902419573,ANBR2,500,500,3
1385.9032677500004,ANBR2,500,500,3
855.2465439441846,ANBR2,500,500,3
3325.4346210951894,ANBR2,500,500,3
1021.0053269578216,ANBR2,500,500,3
5837.337800791032,ANBR2,500,500,3
1989.8366405000247,ANBR2,500,500,3
4863.741772521065,ANBR2,500,500,3
360.5573191457263,ANBR2,500,500,3
2679.3660477040644,ANBR2,500,500,3
306.00211625173324,ANBR2,500,500,3
5139.6408038769705,ANBR2,500,500,3
6736.971492893005,ANBR2,500,500,3
156.60557989502402,ANBR2,500,500,3
383.59936115540626,ANBR2,500,500,3
5104.176414595407,ANBR2,500,500,3
585.0003351584994,ANBR2,500,500,3
1684.8815205981855,ANBR2,500,500,3
2366.2334917315984,ANBR5,500,500,3
4144.218080697384,ANBR5,500,500,3
4221.693214962474,ANBR5,500,500,3
1173.7708935711976,ANBR5,500,500,3
845.5415185791929,ANBR5,500,500,3
1269.1394475904,ANBR5,500,500,3
4984.712282543955,ANBR5,500,500,3
622.7778201947307,ANBR5,500,500,3
7426.1590005322205,ANBR5,500,500,3
1261.0456775704458,ANBR5,500,500,3
156.19543895961607,ANBR5,500,500,3
2084.3071674566672,ANBR5,500,500,3
375.68905731373326,ANBR5,500,500,3
345.48835710497946,ANBR5,500,500,3
3259.8761873764934,ANBR5,500,500,3
6198.921216714128,ANBR5,500,500,3
2519.2944391590663,ANBR5,500,500,3
569.5365200000001,ANBR5,500,500,3
1601.47697668847,ANBR5,500,500,3
2859.5879534002556,ANBR5,500,500,3
534.8940380622225,ANCA10,500,500,3
1555.1650173119717,ANCA10,500,500,3
2907.641356580934,ANCA10,500,500,3
6831.390130196764,ANCA10,500,500,3
1046.068398752398,ANCA10,500,500,3
81.31072108065956,ANCA10,500,500,3
628.1533406244109,ANCA10,500,500,3
1019.5398801998507,ANCA10,500,500,3
1018.3884894500112,ANCA10,500,500,3
680.2394631942379,ANCA10,500,500,3
502.957647980025,ANCA10,500,500,3
325.0631568888889,ANCA10,500,500,3
116.48683953031816,ANCA10,500,500,3
393.1449788304906,ANCA10,500,500,3
67.20156349115736,ANCA10,500,500,3
5676.329748108144,ANCA10,500,500,3
2839.525940869112,ANCA10,500,500,3
620.3913691275931,ANCA10,500,500,3
1745.490738604799,ANCA10,500,500,3
3995.728837723733,ANCA10,500,500,3
167.22941117587735,ANCA9,500,500,3
119.29567485012626,ANCA9,500,500,3
104.40358663645148,ANCA9,500,500,3
2674.874440828286,ANCA9,500,500,3
3230.7952903069013,ANCA9,500,500,3
2979.1618155971614,ANCA9,500,500,3
525.4235788194061,ANCA9,500,500,3
820.3418172977332,ANCA9,500,500,3
28.361391920099553,ANCA9,500,500,3
1915.232999613183,ANCA9,500,500,3
3531.211792340474,ANCA9,500,500,3
754.3856155733262,ANCA9,500,500,3
123.877355982576,ANCA9,500,500,3
247.42139992198935,ANCA9,500,500,3
459.5404834829582,ANCA9,500,500,3
175.03676376055293,ANCA9,500,500,3
141.55197227380629,ANCA9,500,500,3
68.80085861767824,ANCA9,500,500,3
52.78020908423822,ANCA9,500,500,3
113.09918886613158,ANCA9,500,500,3
1768.5561187916737,ANCE,500,500,3
492.63763569851756,ANCE,500,500,3
419.5660843324994,ANCE,500,500,3
539.7504138259839,ANCE,500,500,3
289.95692357141155,ANCE,500,500,3
1939.1706471615985,ANCE,500,500,3
540.1351130866061,ANCE,500,500,3
103.50728076569601,ANCE,500,500,3
278.4215660522647,ANCE,500,500,3
109.22899182513602,ANCE,500,500,3
82.51070245506668,ANCE,500,500,3
662.3286710934119,ANCE,500,500,3
255.82009629293321,ANCE,500,500,3
2408.559288729023,ANCE,500,500,3
4352.91931288681,ANCE,500,500,3
316.15213399753947,ANCE,500,500,3
65.79541543047824,ANCE,500,500,3
74.53058236242488,ANCE,500,500,3
2867.8385983728194,ANCE,500,500,3
127.09921558781157,ANCE,500,500,3
86.2991935852373,ANCH,500,500,3
345.42118364769965,ANCH,500,500,3
417.52612991486404,ANCH,500,500,3
2805.7706156014774,ANCH,500,500,3
1953.902637307519,ANCH,500,500,3
46.543083046526235,ANCH,500,500,3
437.7372992282667,ANCH,500,500,3
1553.232115118393,ANCH,500,500,3
310.53983607658495,ANCH,500,500,3
394.65381351978493,ANCH,500,500,3
1492.7839834839033,ANCH,500,500,3
201.5357417642649,ANCH,500,500,3
1815.3041262910556,ANCH,500,500,3
1121.5502532770063,ANCH,500,500,3
955.1487921546226,ANCH,500,500,3
1543.6960106184365,ANCH,500,500,3
341.0647877585049,ANCH,500,500,3
1986.9789645256374,ANCH,500,500,3
4119.090168408399,ANCH,500,500,3
162.8629434728374,ANCH,500,500,3
727.2194532348514,ANCH9,500,500,3
997.5294216308458,ANCH9,500,500,3
449.91772924333344,ANCH9,500,500,3
260.0597003646223,ANCH9,500,500,3
396.56824716969936,ANCH9,500,500,3
239.23625471607284,ANCH9,500,500,3
199.339333475584,ANCH9,500,500,3
98.73378685012626,ANCH9,500,500,3
384.03257362662373,ANCH9,500,500,3
434.41070629048875,ANCH9,500,500,3
650.477705971184,ANCH9,500,500,3
139.71268777129953,ANCH9,500,500,3
147.96476645751287,ANCH9,500,500,3
413.4610151338594,ANCH9,500,500,3
311.8615438504889,ANCH9,500,500,3
3391.1295846787148,ANCH9,500,500,3
3222.016234065564,ANCH9,500,500,3
370.1296104828997,ANCH9,500,500,3
62.9410641596996,ANCH9,500,500,3
43.666729315198225,ANCH9,500,500,3
398.41990625429156,ANCO,500,500,3
99.150510486896,ANCO,500,500,3
308.6756699819928,ANCO,500,500,3
146.23715227901155,ANCO,500,500,3
775.0869619524252,ANCO,500,500,3
2881.7614262328243,ANCO,500,500,3
136.11413531662222,ANCO,500,500,3
300.8963663100001,ANCO,500,500,3
2235.0746317863664,ANCO,500,500,3
2455.8625904807172,ANCO,500,500,3
836.4475581331629,ANCO,500,500,3
123.77930284407287,ANCO,500,500,3
1723.8081677224893,ANCO,500,500,3
1452.4245740526912,ANCO,500,500,3
791.1852024129258,ANCO,500,500,3
283.5160266437334,ANCO,500,500,3
53.32911315693334,ANCO,500,500,3
3342.734524371113,ANCO,500,500,3
1518.6848624477793,ANCO,500,500,3
122.75941407888891,ANCO,500,500,3
1264.729369797945,ANCO2,500,500,3
3829.2919173493165,ANCO2,500,500,3
341.0609322784994,ANCO2,500,500,3
93.98093665961952,ANCO2,500,500,3
158.79236298878396,ANCO2,500,500,3
282.9938314204,ANCO2,500,500,3
1296.9963231567926,ANCO2,500,500,3
977.8559553862381,ANCO2,500,500,3
2782.49786736586,ANCO2,500,500,3
347.3740760104888,ANCO2,500,500,3
1998.5728964085313,ANCO2,500,500,3
7903.511122236332,ANCO2,500,500,3
324.1163343150061,ANCO2,500,500,3
654.2991962758825,ANCO2,500,500,3
58.26572125418486,ANCO2,500,500,3
66.2199714190062,ANCO2,500,500,3
246.3290512279449,ANCO2,500,500,3
531.0625517429759,ANCO2,500,500,3
161.9876096191556,ANCO2,500,500,3
316.39925708599276,ANCO2,500,500,3
335.3969627455555,ANCO30,500,500,3
1641.9726476403046,ANCO30,500,500,3
844.5084202377797,ANCO30,500,500,3
1617.9731356443997,ANCO30,500,500,3
4090.280499792717,ANCO30,500,500,3
1160.3102947544157,ANCO30,500,500,3
1051.8541320681231,ANCO30,500,500,3
1625.0310305890118,ANCO30,500,500,3
313.6763191138915,ANCO30,500,500,3
1581.538050499057,ANCO30,500,500,3
548.7729330566668,ANCO30,500,500,3
1439.0966983678222,ANCO30,500,500,3
536.8209154178772,ANCO30,500,500,3
973.0970832268785,ANCO30,500,500,3
2834.4260300430064,ANCO30,500,500,3
759.1894533084,ANCO30,500,500,3
2359.0020569455996,ANCO30,500,500,3
2948.4989810378647,ANCO30,500,500,3
1609.2805836229338,ANCO30,500,500,3
720.9937622266862,ANCO30,500,500,3
173.5377048981173,ANCO9,500,500,3
276.49932278928884,ANCO9,500,500,3
3519.032449671992,ANCO9,500,500,3
596.310151851433,ANCO9,500,500,3
815.1844016366067,ANCO9,500,500,3
242.82572532479816,ANCO9,500,500,3
336.6464270605581,ANCO9,500,500,3
653.3467623238381,ANCO9,500,500,3
201.7377563812693,ANCO9,500,500,3
2150.1767391081803,ANCO9,500,500,3
1349.1990588147985,ANCO9,500,500,3
133.9425353978027,ANCO9,500,500,3
1007.5941664281441,ANCO9,500,500,3
1569.3127400678384,ANCO9,500,500,3
497.75882706679295,ANCO9,500,500,3
662.084573129664,ANCO9,500,500,3
276.91151546190935,ANCO9,500,500,3
1062.5231258655551,ANCO9,500,500,3
3053.5552618547135,ANCO9,500,500,3
2015.8515285725584,ANCO9,500,500,3
42.85620023223288,ANCR2,500,500,3
157.40560777972627,ANCR2,500,500,3
135.30444204765155,ANCR2,500,500,3
1703.3411537077973,ANCR2,500,500,3
238.70817570197144,ANCR2,500,500,3
207.9115293546382,ANCR2,500,500,3
28.176751994019554,ANCR2,500,500,3
156.1590402909582,ANCR2,500,500,3
797.6753096586224,ANCR2,500,500,3
310.16011579515555,ANCR2,500,500,3
242.7907113428196,ANCR2,500,500,3
382.9885072244463,ANCR2,500,500,3
888.2347009974023,ANCR2,500,500,3
61.755959877966234,ANCR2,500,500,3
361.3809715822861,ANCR2,500,500,3
206.7645561437795,ANCR2,500,500,3
995.1797164096788,ANCR2,500,500,3
66.21494511715555,ANCR2,500,500,3
362.24180606286944,ANCR2,500,500,3
469.86770252532625,ANCR2,500,500,3
580.1600164819556,ANCY,500,500,3
197.70143302715547,ANCY,500,500,3
114.1721130212249,ANCY,500,500,3
365.5829472301441,ANCY,500,500,3
378.28864271960003,ANCY,500,500,3
1748.380299492345,ANCY,500,500,3
110.97281536315559,ANCY,500,500,3
1955.793138495545,ANCY,500,500,3
289.7205512538294,ANCY,500,500,3
109.78356599534939,ANCY,500,500,3
283.0193282579627,ANCY,500,500,3
161.05640995319288,ANCY,500,500,3
344.2647501496249,ANCY,500,500,3
343.89325883071814,ANCY,500,500,3
182.4074308758027,ANCY,500,500,3
1544.1679764607713,ANCY,500,500,3
1928.658036851155,ANCY,500,500,3
314.37046138279817,ANCY,500,500,3
599.7615364622225,ANCY,500,500,3
40.11132265795556,ANCY,500,500,3
1528.8073117783451,ANDI2,500,500,3
464.50102437540266,ANDI2,500,500,3
1322.3702019062823,ANDI2,500,500,3
475.16538602128895,ANDI2,500,500,3
7517.433474425912,ANDI2,500,500,3
329.3572594323182,ANDI2,500,500,3
811.6958495672889,ANDI2,500,500,3
854.5033987406915,ANDI2,500,500,3
1312.8446750429796,ANDI2,500,500,3
3203.8026597649027,ANDI2,500,500,3
876.7541143795983,ANDI2,500,500,3
319.00018881062226,ANDI2,500,500,3
3283.780703049598,ANDI2,500,500,3
554.2911609991894,ANDI2,500,500,3
192.68632102526394,ANDI2,500,500,3
1178.5231234655557,ANDI2,500,500,3
249.6917172984889,ANDI2,500,500,3
790.7350377518912,ANDI2,500,500,3
343.4880964795573,ANDI2,500,500,3
1402.7554087227659,ANDI2,500,500,3
2119.069455855145,ANGE,500,500,3
219.13072507873943,ANGE,500,500,3
105.32370366805151,ANGE,500,500,3
342.678507106345,ANGE,500,500,3
1125.0510631626223,ANGE,500,500,3
328.2854111103929,ANGE,500,500,3
4345.2284109065795,ANGE,500,500,3
4546.296812650437,ANGE,500,500,3
140.81252115453157,ANGE,500,500,3
3978.955946538223,ANGE,500,500,3
127.7611765612782,ANGE,500,500,3
2407.3309181951126,ANGE,500,500,3
3868.3927658129005,ANGE,500,500,3
151.91868578626668,ANGE,500,500,3
194.2600770567094,ANGE,500,500,3
363.80338493894936,ANGE,500,500,3
2134.3339958694387,ANGE,500,500,3
266.8295197357228,ANGE,500,500,3
1512.441135164869,ANGE,500,500,3
3630.8446802021276,ANGE,500,500,3
237.07056005845152,ANGL4,500,500,3
5476.224275383865,ANGL4,500,500,3
775.7517380436198,ANGL4,500,500,3
727.9631492056465,ANGL4,500,500,3
2732.729733551672,ANGL4,500,500,3
331.9655785184641,ANGL4,500,500,3
193.3012801856,ANGL4,500,500,3
179.25128062623287,ANGL4,500,500,3
6124.04748507082,ANGL4,500,500,3
787.3750091338221,ANGL4,500,500,3
2850.0105807964155,ANGL4,500,500,3
3291.6814292828726,ANGL4,500,500,3
2158.4249287603125,ANGL4,500,500,3
720.1158056186862,ANGL4,500,500,3
245.10847464817058,ANGL4,500,500,3
1263.4894870522028,ANGL4,500,500,3
3091.707561692267,ANGL4,500,500,3
381.177417224873,ANGL4,500,500,3
540.8800694126775,ANGL4,500,500,3
745.7007096939446,ANGL4,500,500,3
1963.2336103418868,ANGR2,500,500,3
2254.8991160891655,ANGR2,500,500,3
6206.586219455972,ANGR2,500,500,3
3403.539754841594,ANGR2,500,500,3
751.9694255955559,ANGR2,500,500,3
474.66258339114506,ANGR2,500,500,3
4559.306305711359,ANGR2,500,500,3
765.1044299543306,ANGR2,500,500,3
528.7473399726916,ANGR2,500,500,3
315.5483480669582,ANGR2,500,500,3
34.79578438052267,ANGR2,500,500,3
4812.626319503955,ANGR2,500,500,3
4042.168248103225,ANGR2,500,500,3
347.41036697855293,ANGR2,500,500,3
884.5987771739711,ANGR2,500,500,3
654.1221319950063,ANGR2,500,500,3
220.0178760789334,ANGR2,500,500,3
2455.8456531242673,ANGR2,500,500,3
181.69273224157146,ANGR2,500,500,3
8770.696551704536,ANGR2,500,500,3
105.35981728838937,ANHA,500,500,3
111.65629514306667,ANHA,500,500,3
141.00385128270935,ANHA,500,500,3
461.25998989556615,ANHA,500,500,3
365.5725575711555,ANHA,500,500,3
113.76814498167292,ANHA,500,500,3
133.36146869545067,ANHA,500,500,3
3547.015862334277,ANHA,500,500,3
141.36436330836625,ANHA,500,500,3
110.51555960057598,ANHA,500,500,3
212.9565094078507,ANHA,500,500,3
85.4814937441849,ANHA,500,500,3
147.59220926982934,ANHA,500,500,3
146.69918761497593,ANHA,500,500,3
5783.330720517034,ANHA,500,500,3
3458.2585221332874,ANHA,500,500,3
689.6008238417335,ANHA,500,500,3
4746.719414542204,ANHA,500,500,3
1893.6715002517335,ANHA,500,500,3
432.1685868997334,ANHA,500,500,3
2313.0163300974295,ANKI,500,500,3
341.2276490615449,ANKI,500,500,3
673.0832532343182,ANKI,500,500,3
271.6828288268517,ANKI,500,500,3
287.2481193210241,ANKI,500,500,3
63.18491440724621,ANKI,500,500,3
504.62558428202505,ANKI,500,500,3
425.9999275502648,ANKI,500,500,3
61.02047959380626,ANKI,500,500,3
684.5363149443396,ANKI,500,500,3
538.229462887652,ANKI,500,500,3
603.9082181075892,ANKI,500,500,3
342.2425033122063,ANKI,500,500,3
3111.271016781779,ANKI,500,500,3
465.8496365354383,ANKI,500,500,3
289.6482801879448,ANKI,500,500,3
307.92625189525137,ANKI,500,500,3
110.08830780757155,ANKI,500,500,3
1589.0348419771092,ANKI,500,500,3
793.5680023786219,ANKI,500,500,3
403.05019192831827,ANLA,500,500,3
297.0393574818115,ANLA,500,500,3
532.9731716758596,ANLA,500,500,3
1715.9759706184377,ANLA,500,500,3
175.77910133076622,ANLA,500,500,3
470.1476824206504,ANLA,500,500,3
949.8437072159555,ANLA,500,500,3
217.08141735082484,ANLA,500,500,3
3544.060936978118,ANLA,500,500,3
242.01916504190402,ANLA,500,500,3
196.57692876582226,ANLA,500,500,3
264.87700473271286,ANLA,500,500,3
79.42103265973337,ANLA,500,500,3
339.812498323753,ANLA,500,500,3
236.87561650886937,ANLA,500,500,3
501.26511076260255,ANLA,500,500,3
874.8223706593849,ANLA,500,500,3
109.77662625364621,ANLA,500,500,3
2623.429151121059,ANLA,500,500,3
421.96471306222224,ANLA,500,500,3
148.2395814928996,ANLA3,500,500,3
443.8752025213708,ANLA3,500,500,3
2850.0641012605006,ANLA3,500,500,3
1976.5544305134656,ANLA3,500,500,3
2230.806141341992,ANLA3,500,500,3
475.1907451067574,ANLA3,500,500,3
211.14977419148624,ANLA3,500,500,3
1489.409231914553,ANLA3,500,500,3
193.51771243575294,ANLA3,500,500,3
3708.6629372049,ANLA3,500,500,3
3252.425427350464,ANLA3,500,500,3
1185.2511081379557,ANLA3,500,500,3
967.7585682669493,ANLA3,500,500,3
90.3980775944462,ANLA3,500,500,3
597.5338093724729,ANLA3,500,500,3
696.669143613945,ANLA3,500,500,3
1852.9883585455714,ANLA3,500,500,3
729.2718827319447,ANLA3,500,500,3
1553.9551590975843,ANLA3,500,500,3
647.2393137942115,ANLA3,500,500,3
2566.890921716478,ANLE4,500,500,3
1607.0740631740994,ANLE4,500,500,3
590.1638464194117,ANLE4,500,500,3
1747.1142363755448,ANLE4,500,500,3
213.69053878412632,ANLE4,500,500,3
736.971815848233,ANLE4,500,500,3
952.2809971711927,ANLE4,500,500,3
1626.413195080526,ANLE4,500,500,3
3241.423086751117,ANLE4,500,500,3
541.2071102291554,ANLE4,500,500,3
279.2442103500729,ANLE4,500,500,3
1320.4363291390293,ANLE4,500,500,3
253.5840502751556,ANLE4,500,500,3
48.05600675956618,ANLE4,500,500,3
1036.9380584681796,ANLE4,500,500,3
193.4594202692196,ANLE4,500,500,3
1703.2127751247933,ANLE4,500,500,3
91.26319877454932,ANLE4,500,500,3
230.5039199669974,ANLE4,500,500,3
156.82764254804619,ANLE4,500,500,3
1761.443090975145,ANLU,500,500,3
7227.284298436949,ANLU,500,500,3
734.922718100976,ANLU,500,500,3
648.3562976235452,ANLU,500,500,3
1555.4445316653791,ANLU,500,500,3
2397.777044775759,ANLU,500,500,3
2077.7178467302656,ANLU,500,500,3
3358.0941986815114,ANLU,500,500,3
2230.2127180671714,ANLU,500,500,3
6407.291480428773,ANLU,500,500,3
2613.8545424614335,ANLU,500,500,3
485.9203799064962,ANLU,500,500,3
1149.9701085559395,ANLU,500,500,3
556.5176609272888,ANLU,500,500,3
115.6875088423662,ANLU,500,500,3
1543.7874524166664,ANLU,500,500,3
3289.0095763942377,ANLU,500,500,3
261.67972338823824,ANLU,500,500,3
2610.704310129039,ANLU,500,500,3
1718.5069306959574,ANLU,500,500,3
42.171830494179545,ANMA,500,500,3
108.9695445756427,ANMA,500,500,3
574.2786071423839,ANMA,500,500,3
304.70634365319825,ANMA,500,500,3
256.1638197947715,ANMA,500,500,3
58.40160829641953,ANMA,500,500,3
2573.365241503956,ANMA,500,500,3
2023.7275263209235,ANMA,500,500,3
420.28226099515575,ANMA,500,500,3
1574.6876958723133,ANMA,500,500,3
2923.4564059053446,ANMA,500,500,3
26.546754267859562,ANMA,500,500,3
78.43933750115552,ANMA,500,500,3
183.2585739352729,ANMA,500,500,3
598.6837204531893,ANMA,500,500,3
1702.031444565289,ANMA,500,500,3
129.31875989929952,ANMA,500,500,3
1112.6803861933224,ANMA,500,500,3
2211.1225409859635,ANMA,500,500,3
822.16915709602,ANMA,500,500,3
4362.002137476335,ANMA3,500,500,3
646.2789143962666,ANMA3,500,500,3
452.982326612473,ANMA3,500,500,3
2319.3739904499043,ANMA3,500,500,3
4332.712847332464,ANMA3,500,500,3
1248.0325044433055,ANMA3,500,500,3
1919.3556742751555,ANMA3,500,500,3
869.552649485865,ANMA3,500,500,3
282.88739964769957,ANMA3,500,500,3
1567.8439526388884,ANMA3,500,500,3
316.8567097599129,ANMA3,500,500,3
74.08890035745958,ANMA3,500,500,3
99.31725264528889,ANMA3,500,500,3
2459.1524556377435,ANMA3,500,500,3
2960.8724721828908,ANMA3,500,500,3
1093.9356772112428,ANMA3,500,500,3
355.13315046240007,ANMA3,500,500,3
448.5269331890561,ANMA3,500,500,3
1820.0889866920509,ANMA3,500,500,3
2257.7728313262905,ANMA3,500,500,3
235.3185828730595,ANMU2,500,500,3
286.3374181696783,ANMU2,500,500,3
490.15793898506666,ANMU2,500,500,3
902.0996297525974,ANMU2,500,500,3
1077.4276775815097,ANMU2,500,500,3
572.0916181242242,ANMU2,500,500,3
92.02639264381156,ANMU2,500,500,3
4096.412432554622,ANMU2,500,500,3
6663.868937018621,ANMU2,500,500,3
2549.1858483095452,ANMU2,500,500,3
88.52989639888888,ANMU2,500,500,3
384.35941726506655,ANMU2,500,500,3
560.1263528063926,ANMU2,500,500,3
3459.9673130901324,ANMU2,500,500,3
1657.668939658879,ANMU2,500,500,3
1528.3820887839552,ANMU2,500,500,3
456.01380751287263,ANMU2,500,500,3
896.2162512859715,ANMU2,500,500,3
728.0073634563394,ANMU2,500,500,3
1064.720289330629,ANMU2,500,500,3
1521.162337196926,ANNE,500,500,3
2005.351322445638,ANNE,500,500,3
343.9732170091929,ANNE,500,500,3
937.2232323788779,ANNE,500,500,3
265.27111914982214,ANNE,500,500,3
2932.9335469265766,ANNE,500,500,3
5265.655072335997,ANNE,500,500,3
840.5903488354912,ANNE,500,500,3
4196.945625171086,ANNE,500,500,3
1298.729879192171,ANNE,500,500,3
2273.3772127394072,ANNE,500,500,3
2788.1882140691628,ANNE,500,500,3
2015.0512190270504,ANNE,500,500,3
3363.6004911839573,ANNE,500,500,3
341.32403394183814,ANNE,500,500,3
214.92581576028272,ANNE,500,500,3
439.66286088177617,ANNE,500,500,3
1453.4530303340782,ANNE,500,500,3
181.4928675182062,ANNE,500,500,3
208.16546560425957,ANNE,500,500,3
926.6862636801266,ANOC2,500,500,3
2253.2628758920514,ANOC2,500,500,3
192.62272011498496,ANOC2,500,500,3
603.4442822798508,ANOC2,500,500,3
41.51625363711822,ANOC2,500,500,3
111.16991038867734,ANOC2,500,500,3
13.514111375637334,ANOC2,500,500,3
246.07261532541148,ANOC2,500,500,3
143.51840174662937,ANOC2,500,500,3
114.04098290727828,ANOC2,500,500,3
1042.1154821225794,ANOC2,500,500,3
677.6334675586775,ANOC2,500,500,3
155.93788964934936,ANOC2,500,500,3
1522.017370891406,ANOC2,500,500,3
20.41168127106667,ANOC2,500,500,3
134.5203686656,ANOC2,500,500,3
1056.7236650214325,ANOC2,500,500,3
250.31996467453163,ANOC2,500,500,3
327.3633873322222,ANOC2,500,500,3
13.656033657166224,ANOC2,500,500,3
1368.8590800584516,ANOD,500,500,3
313.44598951335826,ANOD,500,500,3
146.54305742676613,ANOD,500,500,3
761.6523588278328,ANOD,500,500,3
261.7705475697494,ANOD,500,500,3
372.64777998143813,ANOD,500,500,3
1815.4258149976101,ANOD,500,500,3
97.00533919709157,ANOD,500,500,3
1171.4194114683578,ANOD,500,500,3
337.9252778598383,ANOD,500,500,3
342.9241857036516,ANOD,500,500,3
1278.9622026563984,ANOD,500,500,3
867.0132071222324,ANOD,500,500,3
199.6338368853263,ANOD,500,500,3
1428.5822823773797,ANOD,500,500,3
4886.299395119487,ANOD,500,500,3
53.26482718037156,ANOD,500,500,3
354.2352395125173,ANOD,500,500,3
5072.523234446393,ANOD,500,500,3
4502.403139195556,ANOD,500,500,3
771.9139406144,ANOF,500,500,3
336.28464580582215,ANOF,500,500,3
193.63208783018493,ANOF,500,500,3
99.95346541862222,ANOF,500,500,3
163.27502221510403,ANOF,500,500,3
1962.2860862507362,ANOF,500,500,3
315.73320042662226,ANOF,500,500,3
273.4821799359841,ANOF,500,500,3
225.84982151871822,ANOF,500,500,3
63.86051817949155,ANOF,500,500,3
84.64497809333334,ANOF,500,500,3
2528.124286483172,ANOF,500,500,3
193.22992574599837,ANOF,500,500,3
256.02297196465605,ANOF,500,500,3
4850.258081722877,ANOF,500,500,3
3723.721771095437,ANOF,500,500,3
154.58356688861153,ANOF,500,500,3
139.26940998687292,ANOF,500,500,3
167.6802585679929,ANOF,500,500,3
1419.174552479557,ANOF,500,500,3
1985.917934802489,ANPA,500,500,3
63.46256550781157,ANPA,500,500,3
55.949068021672886,ANPA,500,500,3
5404.875981236267,ANPA,500,500,3
6205.073655909542,ANPA,500,500,3
138.2629155752889,ANPA,500,500,3
271.22034139715555,ANPA,500,500,3
474.2655012457175,ANPA,500,500,3
79.2496605055929,ANPA,500,500,3
3332.2916420167676,ANPA,500,500,3
2318.5203820068905,ANPA,500,500,3
2464.2072248019545,ANPA,500,500,3
1539.2097399883362,ANPA,500,500,3
100.36938808233063,ANPA,500,500,3
182.23631012857595,ANPA,500,500,3
2107.816155975822,ANPA,500,500,3
91.88857067860621,ANPA,500,500,3
631.4343631772426,ANPA,500,500,3
585.0868452522666,ANPA,500,500,3
199.90051805906486,ANPA,500,500,3
3406.124914639332,ANPA4,500,500,3
1112.1475646237584,ANPA4,500,500,3
5258.109869285104,ANPA4,500,500,3
351.2943334202026,ANPA4,500,500,3
1378.898300228544,ANPA4,500,500,3
52.00326106905599,ANPA4,500,500,3
1893.2335379374908,ANPA4,500,500,3
2592.5455182838327,ANPA4,500,500,3
39.65212704789155,ANPA4,500,500,3
689.3459481584003,ANPA4,500,500,3
3052.4213055749055,ANPA4,500,500,3
8677.496482643603,ANPA4,500,500,3
3231.2101970030294,ANPA4,500,500,3
662.666554773732,ANPA4,500,500,3
1170.5260672620645,ANPA4,500,500,3
1174.0828037745764,ANPA4,500,500,3
24.63475323347733,ANPA4,500,500,3
153.5903546176,ANPA4,500,500,3
2323.7722378333583,ANPA4,500,500,3
2746.8936375428243,ANPA4,500,500,3
249.5379876606223,ANPA9,500,500,3
1070.3246013780201,ANPA9,500,500,3
8869.497814019405,ANPA9,500,500,3
2555.276886085118,ANPA9,500,500,3
2357.4682602802914,ANPA9,500,500,3
923.9017223002294,ANPA9,500,500,3
1135.4932144423185,ANPA9,500,500,3
2592.5955594591555,ANPA9,500,500,3
1242.4745112086118,ANPA9,500,500,3
55.06654903156623,ANPA9,500,500,3
42.26507679945955,ANPA9,500,500,3
519.9238662392889,ANPA9,500,500,3
358.3914139132427,ANPA9,500,500,3
1372.5086294800192,ANPA9,500,500,3
1246.1195235435357,ANPA9,500,500,3
2290.260909288177,ANPA9,500,500,3
2073.8918654271843,ANPA9,500,500,3
1428.2605192664462,ANPA9,500,500,3
1896.6997343547453,ANPA9,500,500,3
49.93822847623821,ANPA9,500,500,3
165.53631345915554,ANPO,500,500,3
2162.8980160229517,ANPO,500,500,3
191.07508694473958,ANPO,500,500,3
278.2383272327661,ANPO,500,500,3
1101.6528078514918,ANPO,500,500,3
164.91366256341146,ANPO,500,500,3
37.80330728820623,ANPO,500,500,3
289.1318848036905,ANPO,500,500,3
53.818890627726226,ANPO,500,500,3
357.587483039984,ANPO,500,500,3
196.4770942574862,ANPO,500,500,3
648.255509746046,ANPO,500,500,3
425.54111817528894,ANPO,500,500,3
3688.7585795989344,ANPO,500,500,3
215.8710031663715,ANPO,500,500,3
2714.6189917981587,ANPO,500,500,3
178.3043608470116,ANPO,500,500,3
512.6433846616106,ANPO,500,500,3
174.96628516522492,ANPO,500,500,3
364.0810544570293,ANPO,500,500,3
2133.5748469121977,ANQU,500,500,3
67.94738950889068,ANQU,500,500,3
310.1284371733333,ANQU,500,500,3
1668.4034433868733,ANQU,500,500,3
2641.079218374933,ANQU,500,500,3
732.4538276425794,ANQU,500,500,3
100.68565474337949,ANQU,500,500,3
615.7380893144731,ANQU,500,500,3
434.16848347582396,ANQU,500,500,3
92.76370399128886,ANQU,500,500,3
1765.599557462526,ANQU,500,500,3
235.77308143462213,ANQU,500,500,3
103.19910863928892,ANQU,500,500,3
45.10066713385066,ANQU,500,500,3
16.878615289912894,ANQU,500,500,3
1547.6446787215923,ANQU,500,500,3
1119.742877234318,ANQU,500,500,3
1672.4797707294654,ANQU,500,500,3
388.05265941630427,ANQU,500,500,3
27.740677957006213,ANQU,500,500,3
312.52923863031293,ANSC4,500,500,3
193.78507760988276,ANSC4,500,500,3
1479.5133905954117,ANSC4,500,500,3
3311.948493629424,ANSC4,500,500,3
246.17046568447287,ANSC4,500,500,3
117.19038855593953,ANSC4,500,500,3
62.76660835626668,ANSC4,500,500,3
459.14630764422947,ANSC4,500,500,3
163.63500874836632,ANSC4,500,500,3
277.87883970062217,ANSC4,500,500,3
535.5703667406918,ANSC4,500,500,3
2591.4869305997577,ANSC4,500,500,3
162.76448110916272,ANSC4,500,500,3
128.32436110915555,ANSC4,500,500,3
144.369677892464,ANSC4,500,500,3
168.8702367060693,ANSC4,500,500,3
2658.699921567786,ANSC4,500,500,3
77.21190786261155,ANSC4,500,500,3
528.6949527426774,ANSC4,500,500,3
155.0734466239129,ANSC4,500,500,3
1663.0596225380252,ANSE4,500,500,3
590.4056657135628,ANSE4,500,500,3
1327.6896810495718,ANSE4,500,500,3
2585.636663996499,ANSE4,500,500,3
2202.114094176211,ANSE4,500,500,3
1146.5038209439572,ANSE4,500,500,3
40.00045192524623,ANSE4,500,500,3
37.926845031566245,ANSE4,500,500,3
3682.1983421256255,ANSE4,500,500,3
87.12416880169064,ANSE4,500,500,3
3644.618841035085,ANSE4,500,500,3
1290.2355196706121,ANSE4,500,500,3
843.7145169271392,ANSE4,500,500,3
2409.8312018067836,ANSE4,500,500,3
573.2007909767393,ANSE4,500,500,3
1687.0596173566223,ANSE4,500,500,3
96.59719177469152,ANSE4,500,500,3
769.2199277319892,ANSE4,500,500,3
2183.3605567572886,ANSE4,500,500,3
730.2835586608905,ANSE4,500,500,3
144.98299036115733,ANSO,500,500,3
468.72421818395725,ANSO,500,500,3
6297.474030882068,ANSO,500,500,3
396.7195784068105,ANSO,500,500,3
178.32173530555553,ANSO,500,500,3
1220.9860076346858,ANSO,500,500,3
549.2725047166293,ANSO,500,500,3
633.1344850531552,ANSO,500,500,3
6566.719194223004,ANSO,500,500,3
256.47907721663825,ANSO,500,500,3
396.6543025718026,ANSO,500,500,3
1546.49436928135,ANSO,500,500,3
293.0776686232463,ANSO,500,500,3
4474.878038123945,ANSO,500,500,3
296.7509838906594,ANSO,500,500,3
1905.6925406706337,ANSO,500,500,3
1420.448679215955,ANSO,500,500,3
218.71894842465954,ANSO,500,500,3
2388.393559818793,ANSO,500,500,3
1142.4921188569579,ANSO,500,500,3
1736.5555393379548,ANSQ,500,500,3
375.8445543467928,ANSQ,500,500,3
3270.7732973643947,ANSQ,500,500,3
2010.3554985608243,ANSQ,500,500,3
136.70053056765155,ANSQ,500,500,3
797.3847365143041,ANSQ,500,500,3
1625.3510024575999,ANSQ,500,500,3
1626.682387961998,ANSQ,500,500,3
1126.322482146558,ANSQ,500,500,3
285.55579372059725,ANSQ,500,500,3
1182.1912906437337,ANSQ,500,500,3
2225.6194855099993,ANSQ,500,500,3
201.76998630023817,ANSQ,500,500,3
502.70949413653165,ANSQ,500,500,3
724.9047959296,ANSQ,500,500,3
1766.8212205250575,ANSQ,500,500,3
392.47071814625957,ANSQ,500,500,3
2864.4956861832525,ANSQ,500,500,3
402.9477553639662,ANSQ,500,500,3
1147.4489216283998,ANSQ,500,500,3
147.8512373207894,ANTH2,500,500,3
90.7893849322222,ANTH2,500,500,3
5698.441372909964,ANTH2,500,500,3
137.38395460906656,ANTH2,500,500,3
848.2961937051714,ANTH2,500,500,3
2105.8007284058376,ANTH2,500,500,3
806.8500319989756,ANTH2,500,500,3
221.89620678334396,ANTH2,500,500,3
258.31996333582225,ANTH2,500,500,3
3569.8400759252886,ANTH2,500,500,3
1645.264070107989,ANTH2,500,500,3
106.21903598113954,ANTH2,500,500,3
285.9258691602773,ANTH2,500,500,3
1983.8207671434247,ANTH2,500,500,3
2936.2153745102055,ANTH2,500,500,3
5121.542076623346,ANTH2,500,500,3
2206.3088150686635,ANTH2,500,500,3
2277.5490157240247,ANTH2,500,500,3
32.86004796711822,ANTH2,500,500,3
274.6952366231448,ANTH2,500,500,3
1894.386502573332,ANTR2,500,500,3
3003.8208099454296,ANTR2,500,500,3
508.35496643127277,ANTR2,500,500,3
445.9694605342647,ANTR2,500,500,3
1376.8545899702328,ANTR2,500,500,3
102.13157636919294,ANTR2,500,500,3
1739.7723670036198,ANTR2,500,500,3
1189.1538614212109,ANTR2,500,500,3
1073.4084615768106,ANTR2,500,500,3
2407.645955078479,ANTR2,500,500,3
835.2334705077318,ANTR2,500,500,3
587.2115281302117,ANTR2,500,500,3
3019.908358392091,ANTR2,500,500,3
2044.9972809248993,ANTR2,500,500,3
621.2113137098221,ANTR2,500,500,3
328.5194979418382,ANTR2,500,500,3
1357.1544124803393,ANTR2,500,500,3
1890.2779849578226,ANTR2,500,500,3
639.5392922193759,ANTR2,500,500,3
2302.274565533006,ANTR2,500,500,3
1046.4314331969263,ANTU,500,500,3
1317.7087719467927,ANTU,500,500,3
37.15680537313955,ANTU,500,500,3
568.6820714704783,ANTU,500,500,3
148.14602869751292,ANTU,500,500,3
53.97111193582223,ANTU,500,500,3
777.164352699717,ANTU,500,500,3
34.52701994430401,ANTU,500,500,3
502.12483199453146,ANTU,500,500,3
2655.1301144269487,ANTU,500,500,3
620.957891528446,ANTU,500,500,3
2959.505684989156,ANTU,500,500,3
119.22998684073063,ANTU,500,500,3
3372.2110834636514,ANTU,500,500,3
1279.2874813802664,ANTU,500,500,3
1058.5510509903934,ANTU,500,500,3
69.72643936211735,ANTU,500,500,3
2805.569255662052,ANTU,500,500,3
163.18609986115558,ANTU,500,500,3
1752.7220614567177,ANTU,500,500,3
696.5165045594861,ANVE,500,500,3
757.9626664648248,ANVE,500,500,3
128.9908316194116,ANVE,500,500,3
2144.813171086064,ANVE,500,500,3
763.9829269850383,ANVE,500,500,3
336.34062820202496,ANVE,500,500,3
898.9914384759181,ANVE,500,500,3
363.6788065919556,ANVE,500,500,3
269.7602103231556,ANVE,500,500,3
286.89869713126393,ANVE,500,500,3
145.41658623423828,ANVE,500,500,3
3690.4395003368504,ANVE,500,500,3
426.78089766666665,ANVE,500,500,3
1836.15979869858,ANVE,500,500,3
3474.1700885640457,ANVE,500,500,3
670.7449047455555,ANVE,500,500,3
3526.9221578461215,ANVE,500,500,3
2394.1019603081227,ANVE,500,500,3
397.8851639056996,ANVE,500,500,3
630.2012079827184,ANVE,500,500,3
681.7328001676641,ANVI2,500,500,3
4066.262358216469,ANVI2,500,500,3
689.3051983692782,ANVI2,500,500,3
5499.427651567913,ANVI2,500,500,3
1734.4288519990594,ANVI2,500,500,3
2982.3899188667665,ANVI2,500,500,3
4700.734787925287,ANVI2,500,500,3
7010.8496705766665,ANVI2,500,500,3
1900.1624402488887,ANVI2,500,500,3
492.61431298167275,ANVI2,500,500,3
184.69375791302394,ANVI2,500,500,3
1137.580995998889,ANVI2,500,500,3
4750.521956956901,ANVI2,500,500,3
4051.328998372969,ANVI2,500,500,3
2289.518775750934,ANVI2,500,500,3
2105.4913878749785,ANVI2,500,500,3
1368.5839580950594,ANVI2,500,500,3
6638.305380638891,ANVI2,500,500,3
772.1190892868194,ANVI2,500,500,3
242.60033143551811,ANVI2,500,500,3
274.2499400974917,ANVI3,500,500,3
264.49236532786495,ANVI3,500,500,3
551.7207274150118,ANVI3,500,500,3
870.1874866379924,ANVI3,500,500,3
469.8442319974329,ANVI3,500,500,3
91.07079575850491,ANVI3,500,500,3
119.17504091515553,ANVI3,500,500,3
378.55391342623284,ANVI3,500,500,3
180.09933387285162,ANVI3,500,500,3
2224.2870656361533,ANVI3,500,500,3
2078.8841088037266,ANVI3,500,500,3
196.93569642033606,ANVI3,500,500,3
538.9885098024889,ANVI3,500,500,3
309.61000384737963,ANVI3,500,500,3
183.17277553759996,ANVI3,500,500,3
149.7728799584427,ANVI3,500,500,3
921.9264754199307,ANVI3,500,500,3
260.3735850555662,ANVI3,500,500,3
324.17224037333324,ANVI3,500,500,3
1351.1959360750864,ANVI3,500,500,3
297.86254228226676,ANVU,500,500,3
1425.6504960217583,ANVU,500,500,3
790.1204924820196,ANVU,500,500,3
2143.5430445204893,ANVU,500,500,3
4247.007509856212,ANVU,500,500,3
824.1828855664,ANVU,500,500,3
1723.9327444969526,ANVU,500,500,3
3483.551048845822,ANVU,500,500,3
2420.3230768387393,ANVU,500,500,3
1563.3088701431398,ANVU,500,500,3
814.6807778899554,ANVU,500,500,3
2177.526890922553,ANVU,500,500,3
151.59395754438395,ANVU,500,500,3
1423.8247318650026,ANVU,500,500,3
2454.142330871289,ANVU,500,500,3
495.60473195838404,ANVU,500,500,3
6440.196383499306,ANVU,500,500,3
558.3523807428196,ANVU,500,500,3
1044.4427176610059,ANVU,500,500,3
334.4763733985263,ANVU,500,500,3
709.9960125858062,APAM,500,500,3
5540.3569010704905,APAM,500,500,3
403.76109362292624,APAM,500,500,3
467.4506141761263,APAM,500,500,3
550.8411836773761,APAM,500,500,3
3557.696045186555,APAM,500,500,3
4836.293129023291,APAM,500,500,3
3255.7514855009968,APAM,500,500,3
3345.9688941077175,APAM,500,500,3
1550.4685317947715,APAM,500,500,3
2885.056302953883,APAM,500,500,3
209.04740668023297,APAM,500,500,3
3315.191269894571,APAM,500,500,3
3011.2608979214065,APAM,500,500,3
320.03308388440007,APAM,500,500,3
4494.270615003584,APAM,500,500,3
2968.352868895998,APAM,500,500,3
4478.039962555565,APAM,500,500,3
1807.6654496921533,APAM,500,500,3
4574.358875399889,APAM,500,500,3
3488.238904547157,APAN2,500,500,3
2382.597652672637,APAN2,500,500,3
763.5867201912888,APAN2,500,500,3
367.6046636620516,APAN2,500,500,3
934.3937451412462,APAN2,500,500,3
257.9280168315448,APAN2,500,500,3
1641.828078680233,APAN2,500,500,3
525.5389854244959,APAN2,500,500,3
3926.5442162895934,APAN2,500,500,3
1276.4918248488887,APAN2,500,500,3
297.2642052488463,APAN2,500,500,3
3890.0452292346604,APAN2,500,500,3
537.5067869337583,APAN2,500,500,3
3883.150651981539,APAN2,500,500,3
189.2390983686382,APAN2,500,500,3
75.22156555807291,APAN2,500,500,3
1785.5007881194508,APAN2,500,500,3
1117.343966943344,APAN2,500,500,3
505.7410895839554,APAN2,500,500,3
527.6665741839628,APAN2,500,500,3
96.0913662122222,APAR2,500,500,3
101.09570529491737,APAR2,500,500,3
137.14034441429158,APAR2,500,500,3
228.82895085277164,APAR2,500,500,3
1573.6133417500007,APAR2,500,500,3
2118.364423031289,APAR2,500,500,3
89.52520933089956,APAR2,500,500,3
171.81810936251736,APAR2,500,500,3
119.35856806382225,APAR2,500,500,3
64.82855339285156,APAR2,500,500,3
138.9299333319395,APAR2,500,500,3
28.830622760896016,APAR2,500,500,3
114.38084530630933,APAR2,500,500,3
3455.7312669666817,APAR2,500,500,3
296.05528832298495,APAR2,500,500,3
2232.099719881664,APAR2,500,500,3
1091.2800893237763,APAR2,500,500,3
129.7367906566666,APAR2,500,500,3
111.00694817734933,APAR2,500,500,3
296.330175,APAR2,500,500,3
4172.607137492933,APCA,500,500,3
214.79405521521076,APCA,500,500,3
563.3206180478222,APCA,500,500,3
1346.4087623697333,APCA,500,500,3
842.2977967260994,APCA,500,500,3
1930.3545734058036,APCA,500,500,3
230.4031347831396,APCA,500,500,3
3348.8850170186206,APCA,500,500,3
443.50059624439274,APCA,500,500,3
5617.525045452573,APCA,500,500,3
388.29226860916623,APCA,500,500,3
651.7405806502381,APCA,500,500,3
4979.579981151289,APCA,500,500,3
370.7710729641227,APCA,500,500,3
2423.108899407956,APCA,500,500,3
186.77991803477144,APCA,500,500,3
2598.116149137379,APCA,500,500,3
3596.9089604416004,APCA,500,500,3
383.04679299383304,APCA,500,500,3
104.4876476458222,APCA,500,500,3
203.41035277339734,APDI,500,500,3
114.27720129798931,APDI,500,500,3
130.6132078460516,APDI,500,500,3
109.17029590595563,APDI,500,500,3
1384.5943958122223,APDI,500,500,3
335.66685516338487,APDI,500,500,3
183.82534380639999,APDI,500,500,3
260.41055163033593,APDI,500,500,3
1956.6693031522916,APDI,500,500,3
369.89854795276636,APDI,500,500,3
128.68800625535815,APDI,500,500,3
214.01861066982227,APDI,500,500,3
2894.746976668927,APDI,500,500,3
419.57072832531713,APDI,500,500,3
245.3677603571893,APDI,500,500,3
101.1436363279929,APDI,500,500,3
645.3040462553586,APDI,500,500,3
181.8724970069333,APDI,500,500,3
171.08902094058485,APDI,500,500,3
2150.060124570622,APDI,500,500,3
1941.4505067242515,APFL,500,500,3
779.0414258387893,APFL,500,500,3
1630.903397028629,APFL,500,500,3
1972.3375838888899,APFL,500,500,3
238.14549602062226,APFL,500,500,3
270.25514569363736,APFL,500,500,3
2077.737420449251,APFL,500,500,3
474.4899833166221,APFL,500,500,3
1273.2298315275098,APFL,500,500,3
56.77541391295821,APFL,500,500,3
2072.114919024838,APFL,500,500,3
2155.5271352882924,APFL,500,500,3
2057.7910807847666,APFL,500,500,3
355.23855022078385,APFL,500,500,3
435.8828943547662,APFL,500,500,3
1038.4691990588997,APFL,500,500,3
637.8348797857493,APFL,500,500,3
1813.1302916046077,APFL,500,500,3
2428.221846130843,APFL,500,500,3
139.39852129595553,APFL,500,500,3
2530.202037648889,APHY,500,500,3
1996.2730476065,APHY,500,500,3
2460.069484170267,APHY,500,500,3
58.29890755555555,APHY,500,500,3
428.9051092234649,APHY,500,500,3
5550.429364132052,APHY,500,500,3
2336.7960211646864,APHY,500,500,3
730.7579331862025,APHY,500,500,3
1551.638874244238,APHY,500,500,3
2611.8975621474915,APHY,500,500,3
1202.479090822612,APHY,500,500,3
2324.42663935311,APHY,500,500,3
2413.2386923507183,APHY,500,500,3
1889.962642572972,APHY,500,500,3
36.936777090104876,APHY,500,500,3
3458.3308363399406,APHY,500,500,3
1478.1003281115713,APHY,500,500,3
1500.7988487794055,APHY,500,500,3
415.0337859387663,APHY,500,500,3
1070.4244794458382,APHY,500,500,3
1143.5260154609332,APMU2,500,500,3
1729.8469532541847,APMU2,500,500,3
329.958544378153,APMU2,500,500,3
67.86342888533157,APMU2,500,500,3
316.6961394375039,APMU2,500,500,3
94.71084306555554,APMU2,500,500,3
3584.7145319304377,APMU2,500,500,3
78.61093035306666,APMU2,500,500,3
195.5047020870381,APMU2,500,500,3
193.9934982399555,APMU2,500,500,3
52.93796770826667,APMU2,500,500,3
47.131942636158215,APMU2,500,500,3
649.3085959452374,APMU2,500,500,3
3466.2781818096214,APMU2,500,500,3
113.77924228391824,APMU2,500,500,3
44.43430176796267,APMU2,500,500,3
126.37552707840005,APMU2,500,500,3
49.76090497173154,APMU2,500,500,3
23.528694739619553,APMU2,500,500,3
2239.733589908452,APMU2,500,500,3
1994.1272882433968,APSK,500,500,3
526.8672519713265,APSK,500,500,3
32.3275834111929,APSK,500,500,3
71.76454970626664,APSK,500,500,3
216.7133509338382,APSK,500,500,3
124.05345550915555,APSK,500,500,3
4493.699223774692,APSK,500,500,3
1949.6515626064777,APSK,500,500,3
290.4986534982667,APSK,500,500,3
178.4149418567039,APSK,500,500,3
4936.991870010622,APSK,500,500,3
2683.079842675326,APSK,500,500,3
62.19947121145601,APSK,500,500,3
106.6760542574862,APSK,500,500,3
274.46173385981155,APSK,500,500,3
835.032657252153,APSK,500,500,3
561.589505050366,APSK,500,500,3
12.787101743571554,APSK,500,500,3
1184.7508209835926,APSK,500,500,3
2461.242329543822,APSK,500,500,3
2086.64588033641,APSP,500,500,3
166.26489613222225,APSP,500,500,3
200.45836470004622,APSP,500,500,3
360.0556504337334,APSP,500,500,3
1031.3531295850664,APSP,500,500,3
1638.829004357376,APSP,500,500,3
3325.6551624980216,APSP,500,500,3
1227.2596193708646,APSP,500,500,3
690.6901070833334,APSP,500,500,3
7482.585344644664,APSP,500,500,3
578.0404479732889,APSP,500,500,3
700.6377914892515,APSP,500,500,3
457.4644415802598,APSP,500,500,3
773.4331752095127,APSP,500,500,3
783.5618979876906,APSP,500,500,3
1768.499391273699,APSP,500,500,3
555.4026772549332,APSP,500,500,3
801.4021131092888,APSP,500,500,3
523.0722767557334,APSP,500,500,3
305.8519393929796,APSP,500,500,3
987.5813097379842,APUN,500,500,3
1282.8003052043096,APUN,500,500,3
3040.3796457204903,APUN,500,500,3
968.2172109990665,APUN,500,500,3
350.63232302293153,APUN,500,500,3
4166.777531294506,APUN,500,500,3
1419.8307544124,APUN,500,500,3
5150.387881791428,APUN,500,500,3
7168.967391041878,APUN,500,500,3
435.4521852449975,APUN,500,500,3
4772.848765806763,APUN,500,500,3
6043.528579456666,APUN,500,500,3
1439.9196935088908,APUN,500,500,3
348.8823084967182,APUN,500,500,3
2291.2964281480454,APUN,500,500,3
3299.347641498338,APUN,500,500,3
393.154197284345,APUN,500,500,3
5276.177693496489,APUN,500,500,3
1383.356560797353,APUN,500,500,3
1833.0735944369494,APUN,500,500,3
59.57482757141156,AQBR,500,500,3
251.13448124492612,AQBR,500,500,3
70.42014922043735,AQBR,500,500,3
951.0105354310242,AQBR,500,500,3
416.88249284248883,AQBR,500,500,3
104.10957799423291,AQBR,500,500,3
20.140000039806228,AQBR,500,500,3
178.30682710241956,AQBR,500,500,3
189.79872983005157,AQBR,500,500,3
147.4668253166062,AQBR,500,500,3
568.0821859306222,AQBR,500,500,3
118.69254579421148,AQBR,500,500,3
109.31558931956623,AQBR,500,500,3
64.13821210849954,AQBR,500,500,3
300.1374033457335,AQBR,500,500,3
830.9076199865444,AQBR,500,500,3
52.232478937592894,AQBR,500,500,3
55.18502332179734,AQBR,500,500,3
113.17219679555558,AQBR,500,500,3
1522.1001518832204,AQBR,500,500,3
31.66097758222222,AQCA,500,500,3
1570.6306240745175,AQCA,500,500,3
614.9691490085529,AQCA,500,500,3
206.54059593514486,AQCA,500,500,3
3508.5228545078603,AQCA,500,500,3
522.7141195555841,AQCA,500,500,3
4766.008433648837,AQCA,500,500,3
5634.648146215531,AQCA,500,500,3
3172.936357998888,AQCA,500,500,3
188.68912886043722,AQCA,500,500,3
4286.9425092392885,AQCA,500,500,3
226.26546814804618,AQCA,500,500,3
969.2772728841794,AQCA,500,500,3
1989.7555591455553,AQCA,500,500,3
1387.1317575905848,AQCA,500,500,3
2456.379935654229,AQCA,500,500,3
259.81042251910935,AQCA,500,500,3
700.3612791988891,AQCA,500,500,3
2026.748862062419,AQCA,500,500,3
1742.9285697892249,AQCA,500,500,3
83.08096886177957,AQCH,500,500,3
2414.4602573794914,AQCH,500,500,3
118.71784579804266,AQCH,500,500,3
855.1933394769328,AQCH,500,500,3
989.3541990418776,AQCH,500,500,3
287.32924180565146,AQCH,500,500,3
93.54796458919827,AQCH,500,500,3
355.5895093288889,AQCH,500,500,3
363.4300139721315,AQCH,500,500,3
1772.5062415382122,AQCH,500,500,3
584.4643228645263,AQCH,500,500,3
190.11580351743825,AQCH,500,500,3
1063.9464376106223,AQCH,500,500,3
309.44674766715553,AQCH,500,500,3
4232.393217888739,AQCH,500,500,3
4836.695657097938,AQCH,500,500,3
116.50223007082491,AQCH,500,500,3
85.09783673929957,AQCH,500,500,3
60.27594102271291,AQCH,500,500,3
127.6970412629333,AQCH,500,500,3
157.3670270067183,AQCO,500,500,3
217.7398134425315,AQCO,500,500,3
2776.0810240348997,AQCO,500,500,3
303.4133713862381,AQCO,500,500,3
842.0658990775185,AQCO,500,500,3
202.50708664396623,AQCO,500,500,3
585.7332968746381,AQCO,500,500,3
73.71868918485151,AQCO,500,500,3
1313.7969573282066,AQCO,500,500,3
2674.0835850290914,AQCO,500,500,3
129.47353333173328,AQCO,500,500,3
4495.708238599824,AQCO,500,500,3
104.5867825718027,AQCO,500,500,3
104.86934639903285,AQCO,500,500,3
1470.4344892899555,AQCO,500,500,3
98.52866307996266,AQCO,500,500,3
145.95880264669145,AQCO,500,500,3
170.71568998990932,AQCO,500,500,3
6336.673970926703,AQCO,500,500,3
413.45911073191803,AQCO,500,500,3
2660.2401234982663,AQEL,500,500,3
3788.3422538401865,AQEL,500,500,3
1050.0152792020701,AQEL,500,500,3
3933.589310631324,AQEL,500,500,3
2165.1942972601587,AQEL,500,500,3
59.60004130555552,AQEL,500,500,3
403.0412132222223,AQEL,500,500,3
1624.4325138056463,AQEL,500,500,3
1097.203157519913,AQEL,500,500,3
44.57457921652622,AQEL,500,500,3
1325.5143689002653,AQEL,500,500,3
98.31539791786486,AQEL,500,500,3
99.51244289188267,AQEL,500,500,3
348.8538753803663,AQEL,500,500,3
60.66903301276263,AQEL,500,500,3
578.248876945003,AQEL,500,500,3
3865.48721397896,AQEL,500,500,3
10645.942294031249,AQEL,500,500,3
46.00836902122489,AQEL,500,500,3
64.7412825693227,AQEL,500,500,3
60.010497915555554,AQFO,500,500,3
202.06147257990938,AQFO,500,500,3
2907.4554760000783,AQFO,500,500,3
5673.66303362364,AQFO,500,500,3
3403.806975644266,AQFO,500,500,3
121.51992811121599,AQFO,500,500,3
1164.3794426622221,AQFO,500,500,3
65.39007704317156,AQFO,500,500,3
1457.1972975005847,AQFO,500,500,3
3589.991046600872,AQFO,500,500,3
854.768018548651,AQFO,500,500,3
90.72997646836619,AQFO,500,500,3
2180.890091357859,AQFO,500,500,3
554.1672871431892,AQFO,500,500,3
2718.612875982442,AQFO,500,500,3
42.24635328126401,AQFO,500,500,3
202.11987516637154,AQFO,500,500,3
476.5344079125049,AQFO,500,500,3
5755.990062741245,AQFO,500,500,3
2872.6943790603923,AQFO,500,500,3
114.91287199487284,AQVU,500,500,3
3227.170194511598,AQVU,500,500,3
1281.8580909921263,AQVU,500,500,3
2307.745094704851,AQVU,500,500,3
2765.873613065598,AQVU,500,500,3
440.8898133117705,AQVU,500,500,3
1052.8089930203998,AQVU,500,500,3
547.6149659086061,AQVU,500,500,3
101.95108771743286,AQVU,500,500,3
2879.7111372529057,AQVU,500,500,3
584.2312032564888,AQVU,500,500,3
434.27005835690477,AQVU,500,500,3
489.7231835438061,AQVU,500,500,3
333.8475967701314,AQVU,500,500,3
94.33469820897963,AQVU,500,500,3
1930.1697167308782,AQVU,500,500,3
1227.1759134808465,AQVU,500,500,3
854.6417862442665,AQVU,500,500,3
720.1211953104786,AQVU,500,500,3
2983.8973666194324,AQVU,500,500,3
1376.3306112617531,ARAB2,500,500,3
787.409420912126,ARAB2,500,500,3
1405.9097055788638,ARAB2,500,500,3
2000.6093406078219,ARAB2,500,500,3
4068.99468921463,ARAB2,500,500,3
7132.935016633389,ARAB2,500,500,3
4113.332185043966,ARAB2,500,500,3
5787.609991288291,ARAB2,500,500,3
4139.054118577065,ARAB2,500,500,3
3883.1528297471923,ARAB2,500,500,3
780.7001053970766,ARAB2,500,500,3
2259.9659153434864,ARAB2,500,500,3
602.2302765369172,ARAB2,500,500,3
118.9273005030329,ARAB2,500,500,3
4641.25219689062,ARAB2,500,500,3
2482.5742541683894,ARAB2,500,500,3
779.4379495497323,ARAB2,500,500,3
6954.284164456489,ARAB2,500,500,3
1390.009081048889,ARAB2,500,500,3
6164.04437032925,ARAB2,500,500,3
692.248780686505,ARAB3,500,500,3
2970.5967370000203,ARAB3,500,500,3
2483.7925941202325,ARAB3,500,500,3
5068.132755933865,ARAB3,500,500,3
2462.8023579947935,ARAB3,500,500,3
1016.798956565289,ARAB3,500,500,3
3213.5801508050336,ARAB3,500,500,3
1241.1000160042665,ARAB3,500,500,3
535.5199891029334,ARAB3,500,500,3
3098.5937115434017,ARAB3,500,500,3
1757.187168155646,ARAB3,500,500,3
634.4875631971396,ARAB3,500,500,3
4732.70317795754,ARAB3,500,500,3
1351.2394779980161,ARAB3,500,500,3
2758.706777198934,ARAB3,500,500,3
3990.2533517119527,ARAB3,500,500,3
2674.080928045083,ARAB3,500,500,3
894.701016115705,ARAB3,500,500,3
962.6143037127035,ARAB3,500,500,3
865.0890263124891,ARAB3,500,500,3
1992.0948036762666,ARAC3,500,500,3
3015.9587119272883,ARAC3,500,500,3
2921.1681374457453,ARAC3,500,500,3
5366.616436451326,ARAC3,500,500,3
3366.123824173733,ARAC3,500,500,3
80.10711914228624,ARAC3,500,500,3
214.98754798222225,ARAC3,500,500,3
5615.038111702042,ARAC3,500,500,3
411.4439331858774,ARAC3,500,500,3
1863.7492464718923,ARAC3,500,500,3
2876.8368640826848,ARAC3,500,500,3
469.1949152043361,ARAC3,500,500,3
804.1688746166598,ARAC3,500,500,3
1448.4145367737578,ARAC3,500,500,3
178.45541524501155,ARAC3,500,500,3
245.52536116217604,ARAC3,500,500,3
94.75045956195557,ARAC3,500,500,3
2119.531091797289,ARAC3,500,500,3
3415.3303825661837,ARAC3,500,500,3
278.32291592888885,ARAC3,500,500,3
137.6072223836427,ARAD,500,500,3
464.33473994555555,ARAD,500,500,3
22.490607952184895,ARAD,500,500,3
4810.8784262770905,ARAD,500,500,3
1897.9836837886226,ARAD,500,500,3
39.52644097666666,ARAD,500,500,3
1252.3987784772198,ARAD,500,500,3
1325.9121243050379,ARAD,500,500,3
1174.379514439822,ARAD,500,500,3
122.46192988285144,ARAD,500,500,3
5869.367928093139,ARAD,500,500,3
1024.611749778131,ARAD,500,500,3
3962.9131632417857,ARAD,500,500,3
3727.4768872712357,ARAD,500,500,3
262.525285362489,ARAD,500,500,3
2927.2545137619554,ARAD,500,500,3
70.60515813663288,ARAD,500,500,3
1714.975162566526,ARAD,500,500,3
2108.401532522319,ARAD,500,500,3
3727.4768872712357,ARAD,500,500,3
1156.8542827318597,ARAL,500,500,3
783.374734878889,ARAL,500,500,3
842.4770477592459,ARAL,500,500,3
1419.4685477672892,ARAL,500,500,3
1475.2483052753055,ARAL,500,500,3
575.4519935088194,ARAL,500,500,3
2308.9621584909573,ARAL,500,500,3
1136.9326406318917,ARAL,500,500,3
2015.9898345454776,ARAL,500,500,3
1710.5320785945441,ARAL,500,500,3
620.6187833217979,ARAL,500,500,3
3335.0295130765585,ARAL,500,500,3
4372.1657451827905,ARAL,500,500,3
653.3724119571181,ARAL,500,500,3
5817.487783224818,ARAL,500,500,3
2070.1883974202024,ARAL,500,500,3
1815.1642599466209,ARAL,500,500,3
3406.5773973752894,ARAL,500,500,3
2754.797056405155,ARAL,500,500,3
204.28638190860624,ARAL,500,500,3
866.3982533066225,ARAL3,500,500,3
38.65967257527287,ARAL3,500,500,3
173.48076514670933,ARAL3,500,500,3
82.88179062719824,ARAL3,500,500,3
365.2093904832782,ARAL3,500,500,3
73.54616531159998,ARAL3,500,500,3
3670.7745252878062,ARAL3,500,500,3
61.06782255466489,ARAL3,500,500,3
608.3389600523307,ARAL3,500,500,3
1001.7370335551716,ARAL3,500,500,3
258.19068074963735,ARAL3,500,500,3
598.8339173731393,ARAL3,500,500,3
91.13571863614405,ARAL3,500,500,3
2756.623222760932,ARAL3,500,500,3
68.53546450328889,ARAL3,500,500,3
1182.9980856369336,ARAL3,500,500,3
924.2908570531396,ARAL3,500,500,3
40.60766543573153,ARAL3,500,500,3
67.154175981504,ARAL3,500,500,3
69.20914069559286,ARAL3,500,500,3
274.8920294407892,ARAL8,500,500,3
7234.873002924628,ARAL8,500,500,3
1541.6387263072995,ARAL8,500,500,3
1463.9410268304907,ARAL8,500,500,3
1257.3725875822065,ARAL8,500,500,3
2684.727742574072,ARAL8,500,500,3
3041.762959318691,ARAL8,500,500,3
160.91035234292622,ARAL8,500,500,3
3151.2621711365537,ARAL8,500,500,3
4008.119872224255,ARAL8,500,500,3
2074.0473769909313,ARAL8,500,500,3
2912.306203624897,ARAL8,500,500,3
2432.9069444721713,ARAL8,500,500,3
4263.895953932622,ARAL8,500,500,3
778.4468646312963,ARAL8,500,500,3
224.301719938496,ARAL8,500,500,3
2167.0911860337046,ARAL8,500,500,3
218.56186341222215,ARAL8,500,500,3
2387.2566621276997,ARAL8,500,500,3
155.34886938279814,ARAL8,500,500,3
4003.509259266344,ARAN3,500,500,3
1352.2500808544698,ARAN3,500,500,3
1202.0849903859983,ARAN3,500,500,3
561.5714896694026,ARAN3,500,500,3
2846.919513809856,ARAN3,500,500,3
519.4645473055556,ARAN3,500,500,3
2216.2571599855996,ARAN3,500,500,3
127.14927308660624,ARAN3,500,500,3
1138.5964200851627,ARAN3,500,500,3
440.4996893572251,ARAN3,500,500,3
1222.6906011224464,ARAN3,500,500,3
615.0752727551553,ARAN3,500,500,3
1138.7004928959984,ARAN3,500,500,3
1184.683141532784,ARAN3,500,500,3
445.19334355438946,ARAN3,500,500,3
372.2004911978382,ARAN3,500,500,3
3291.635386039721,ARAN3,500,500,3
1331.6023683000733,ARAN3,500,500,3
1927.6486344526218,ARAN3,500,500,3
5002.426067371434,ARAN3,500,500,3
2211.9533008904245,ARAN7,500,500,3
1773.802666824276,ARAN7,500,500,3
3463.903773197723,ARAN7,500,500,3
1742.3812296110054,ARAN7,500,500,3
503.7346237686596,ARAN7,500,500,3
6805.651403651156,ARAN7,500,500,3
2963.332982474368,ARAN7,500,500,3
1146.651683768633,ARAN7,500,500,3
373.98648486473957,ARAN7,500,500,3
2959.003613323491,ARAN7,500,500,3
1403.0230671743925,ARAN7,500,500,3
2698.816228678798,ARAN7,500,500,3
4837.455538934041,ARAN7,500,500,3
168.34057039069162,ARAN7,500,500,3
330.2461024732995,ARAN7,500,500,3
1502.1613495779552,ARAN7,500,500,3
814.5385893031179,ARAN7,500,500,3
2309.1138390027363,ARAN7,500,500,3
1081.5438224996105,ARAN7,500,500,3
1088.557386569726,ARAN7,500,500,3
4264.2808468960975,ARAR2,500,500,3
4694.30313317034,ARAR2,500,500,3
4465.532441486784,ARAR2,500,500,3
3948.889646664959,ARAR2,500,500,3
394.54326317758415,ARAR2,500,500,3
4307.482867555556,ARAR2,500,500,3
3415.909263306176,ARAR2,500,500,3
4154.742672647822,ARAR2,500,500,3
3405.0498777679636,ARAR2,500,500,3
1179.6205608989583,ARAR2,500,500,3
3570.258254957824,ARAR2,500,500,3
5047.199187863465,ARAR2,500,500,3
3887.911226597289,ARAR2,500,500,3
1412.6177244905177,ARAR2,500,500,3
4332.575534320064,ARAR2,500,500,3
4589.989270088531,ARAR2,500,500,3
3392.525772400638,ARAR2,500,500,3
3841.5985993321538,ARAR2,500,500,3
6496.6906771774575,ARAR2,500,500,3
1792.9491495819361,ARAR2,500,500,3
4037.058716281486,ARAR7,500,500,3
3399.9702129251564,ARAR7,500,500,3
239.7562669487627,ARAR7,500,500,3
5117.603745565823,ARAR7,500,500,3
136.56486119195736,ARAR7,500,500,3
69.06227849911286,ARAR7,500,500,3
173.98917325257955,ARAR7,500,500,3
228.75069984874503,ARAR7,500,500,3
3489.8492071005003,ARAR7,500,500,3
297.36818569215296,ARAR7,500,500,3
6691.088906315859,ARAR7,500,500,3
153.9264009258222,ARAR7,500,500,3
1211.1251728523357,ARAR7,500,500,3
193.50072722750397,ARAR7,500,500,3
616.3178588952732,ARAR7,500,500,3
1094.037951780864,ARAR7,500,500,3
459.7408853066221,ARAR7,500,500,3
2784.3773031770384,ARAR7,500,500,3
1020.0849945092253,ARAR7,500,500,3
4482.671519772155,ARAR7,500,500,3
3691.914141546266,ARAR8,500,500,3
911.4584845636194,ARAR8,500,500,3
6897.138145390717,ARAR8,500,500,3
2038.810694475598,ARAR8,500,500,3
4042.122844782933,ARAR8,500,500,3
208.1880606426862,ARAR8,500,500,3
3762.6371849291663,ARAR8,500,500,3
214.6262428997333,ARAR8,500,500,3
278.75979920297954,ARAR8,500,500,3
283.4930569662506,ARAR8,500,500,3
3244.768206400411,ARAR8,500,500,3
1394.0386708478225,ARAR8,500,500,3
177.78372274093334,ARAR8,500,500,3
1128.0725095386292,ARAR8,500,500,3
2314.591196612037,ARAR8,500,500,3
3538.4228037381063,ARAR8,500,500,3
4275.843583505692,ARAR8,500,500,3
4858.400304210899,ARAR8,500,500,3
3707.295841266176,ARAR8,500,500,3
224.3893945501583,ARAR8,500,500,3
1613.2911709226228,ARAT,500,500,3
549.7690860457228,ARAT,500,500,3
879.0879497279558,ARAT,500,500,3
533.9753926969584,ARAT,500,500,3
392.0044071282915,ARAT,500,500,3
1186.6506930674918,ARAT,500,500,3
1092.6309978710028,ARAT,500,500,3
2142.846522171051,ARAT,500,500,3
185.26031049095826,ARAT,500,500,3
94.29145811709154,ARAT,500,500,3
4180.10625688655,ARAT,500,500,3
1644.250817333189,ARAT,500,500,3
224.286068275136,ARAT,500,500,3
3220.856004824744,ARAT,500,500,3
2086.5231958367995,ARAT,500,500,3
973.0805926473315,ARAT,500,500,3
331.43843794076264,ARAT,500,500,3
1223.2004450897055,ARAT,500,500,3
934.0023308795999,ARAT,500,500,3
271.00693910715546,ARAT,500,500,3
404.049472349353,ARBA2,500,500,3
133.95376483902405,ARBA2,500,500,3
56.220033226622235,ARBA2,500,500,3
43.41110792382399,ARBA2,500,500,3
99.47276604991819,ARBA2,500,500,3
407.0379406242062,ARBA2,500,500,3
62.37376288204622,ARBA2,500,500,3
2706.999336287955,ARBA2,500,500,3
438.14645473870945,ARBA2,500,500,3
889.6014880946328,ARBA2,500,500,3
188.7893028915129,ARBA2,500,500,3
1413.202465820267,ARBA2,500,500,3
153.89173844639294,ARBA2,500,500,3
199.9269293328195,ARBA2,500,500,3
2099.5894718853046,ARBA2,500,500,3
1484.9267407599998,ARBA2,500,500,3
120.33332594076272,ARBA2,500,500,3
6434.336081233479,ARBA2,500,500,3
137.25963882783293,ARBA2,500,500,3
84.9451214079129,ARBA2,500,500,3
3355.988504593732,ARBI2,500,500,3
376.70203415209954,ARBI2,500,500,3
2594.7159943394918,ARBI2,500,500,3
58.504210306666664,ARBI2,500,500,3
819.4813143500512,ARBI2,500,500,3
981.8959676803983,ARBI2,500,500,3
2353.7707742466127,ARBI2,500,500,3
584.3798440692891,ARBI2,500,500,3
125.79789637660264,ARBI2,500,500,3
4391.419522521571,ARBI2,500,500,3
338.70993187553944,ARBI2,500,500,3
177.56839059484273,ARBI2,500,500,3
1025.6804954684,ARBI2,500,500,3
788.957424778267,ARBI2,500,500,3
1659.111216546532,ARBI2,500,500,3
708.6772868392517,ARBI2,500,500,3
1010.4396987426115,ARBI2,500,500,3
474.1654111947929,ARBI2,500,500,3
1408.6899692103657,ARBI2,500,500,3
5682.655591737961,ARBI2,500,500,3
4284.521126348622,ARBI3,500,500,3
5390.149405876045,ARBI3,500,500,3
1248.2006611137263,ARBI3,500,500,3
3683.139267929939,ARBI3,500,500,3
2527.637326117519,ARBI3,500,500,3
336.414798209776,ARBI3,500,500,3
1145.2925222790386,ARBI3,500,500,3
2114.1638691899448,ARBI3,500,500,3
273.2230298767929,ARBI3,500,500,3
189.36447566887819,ARBI3,500,500,3
4450.048046500523,ARBI3,500,500,3
422.5294424398221,ARBI3,500,500,3
128.90319578911289,ARBI3,500,500,3
178.6099333148374,ARBI3,500,500,3
509.3062980476517,ARBI3,500,500,3
202.763784411705,ARBI3,500,500,3
5666.757453969056,ARBI3,500,500,3
6436.584920163625,ARBI3,500,500,3
3817.253121738517,ARBI3,500,500,3
4833.330014914899,ARBI3,500,500,3
631.2760633559897,ARBU,500,500,3
604.2075673830115,ARBU,500,500,3
1684.5183965141316,ARBU,500,500,3
111.87454793239996,ARBU,500,500,3
282.852487062976,ARBU,500,500,3
600.2885639375626,ARBU,500,500,3
396.65206499383277,ARBU,500,500,3
768.1673595822648,ARBU,500,500,3
925.0613995404785,ARBU,500,500,3
364.69006831827744,ARBU,500,500,3
155.60845957375827,ARBU,500,500,3
4563.953151191318,ARBU,500,500,3
126.56386832021157,ARBU,500,500,3
184.0790154914827,ARBU,500,500,3
151.9597389959893,ARBU,500,500,3
7272.164342099083,ARBU,500,500,3
180.22212599000002,ARBU,500,500,3
191.31552741980263,ARBU,500,500,3
259.36229199999997,ARBU,500,500,3
158.10501346837157,ARBU,500,500,3
1588.9361916783996,ARCA13,500,500,3
2610.9637089075122,ARCA13,500,500,3
2770.3219868117258,ARCA13,500,500,3
2461.302715086064,ARCA13,500,500,3
1457.2815498347927,ARCA13,500,500,3
3413.4882103024,ARCA13,500,500,3
591.1261693037494,ARCA13,500,500,3
700.0759905486769,ARCA13,500,500,3
3742.661830341402,ARCA13,500,500,3
4231.917567851796,ARCA13,500,500,3
3508.1863664884886,ARCA13,500,500,3
631.9068861397316,ARCA13,500,500,3
3452.5492657518653,ARCA13,500,500,3
5510.033822359999,ARCA13,500,500,3
1264.077495015822,ARCA13,500,500,3
2204.262209741993,ARCA13,500,500,3
2640.1912893316257,ARCA13,500,500,3
1396.873570043733,ARCA13,500,500,3
378.0416452534596,ARCA13,500,500,3
3038.062259255465,ARCA13,500,500,3
3359.0012262151095,ARCA14,500,500,3
2131.3183902406836,ARCA14,500,500,3
4869.883724191744,ARCA14,500,500,3
1624.4577933822225,ARCA14,500,500,3
5358.849887159289,ARCA14,500,500,3
48.379169284933326,ARCA14,500,500,3
240.6339668714383,ARCA14,500,500,3
4070.438779421821,ARCA14,500,500,3
1910.1073035895186,ARCA14,500,500,3
4295.590857215914,ARCA14,500,500,3
378.0945436864002,ARCA14,500,500,3
142.997957708736,ARCA14,500,500,3
6843.230908846208,ARCA14,500,500,3
1152.0658472488892,ARCA14,500,500,3
409.32235573924265,ARCA14,500,500,3
1064.9453260558223,ARCA14,500,500,3
4248.822985552709,ARCA14,500,500,3
403.49043511265944,ARCA14,500,500,3
469.59774327174927,ARCA14,500,500,3
98.2444031743929,ARCA14,500,500,3
1561.9606001912894,ARCA2,500,500,3
2555.830310881963,ARCA2,500,500,3
5127.325342050446,ARCA2,500,500,3
1439.3301304068107,ARCA2,500,500,3
484.8992462222223,ARCA2,500,500,3
2180.865560774657,ARCA2,500,500,3
5102.020436223701,ARCA2,500,500,3
1853.0799619148636,ARCA2,500,500,3
1030.8102712177047,ARCA2,500,500,3
1034.6551798825797,ARCA2,500,500,3
1522.0314931988885,ARCA2,500,500,3
3337.631528153173,ARCA2,500,500,3
4813.836406008254,ARCA2,500,500,3
210.71566555906662,ARCA2,500,500,3
3213.5914929168785,ARCA2,500,500,3
2360.994070013822,ARCA2,500,500,3
4830.481007945557,ARCA2,500,500,3
3516.6984677111386,ARCA2,500,500,3
1423.070909060096,ARCA2,500,500,3
567.7794789158116,ARCA2,500,500,3
843.1378531071556,ARCH3,500,500,3
100.26463188888886,ARCH3,500,500,3
166.35760395276623,ARCH3,500,500,3
86.62559167782219,ARCH3,500,500,3
584.9897174683715,ARCH3,500,500,3
1066.0368425679924,ARCH3,500,500,3
249.16240258022387,ARCH3,500,500,3
212.84610399879833,ARCH3,500,500,3
472.3038612765582,ARCH3,500,500,3
874.8776572774115,ARCH3,500,500,3
294.95862906845167,ARCH3,500,500,3
285.1768998709761,ARCH3,500,500,3
221.43487856848887,ARCH3,500,500,3
628.1869891350116,ARCH3,500,500,3
1100.0396058347924,ARCH3,500,500,3
470.8944283744641,ARCH3,500,500,3
241.78565955728885,ARCH3,500,500,3
265.5199433936782,ARCH3,500,500,3
212.3953881618329,ARCH3,500,500,3
2170.866323180972,ARCH3,500,500,3
184.590084539376,ARCL,500,500,3
1197.8267083731555,ARCL,500,500,3
4131.455334388818,ARCL,500,500,3
99.48963917830926,ARCL,500,500,3
116.09280538524268,ARCL,500,500,3
36.890058666211566,ARCL,500,500,3
61.182278880339545,ARCL,500,500,3
538.2920665389797,ARCL,500,500,3
2188.6836171035297,ARCL,500,500,3
408.55564672848874,ARCL,500,500,3
530.0270587319451,ARCL,500,500,3
927.050077926905,ARCL,500,500,3
116.1693654445493,ARCL,500,500,3
576.9550861168907,ARCL,500,500,3
161.05747965010494,ARCL,500,500,3
456.061905823118,ARCL,500,500,3
813.6300066771555,ARCL,500,500,3
721.5782005983125,ARCL,500,500,3
476.9765233050667,ARCL,500,500,3
853.5614460372889,ARCL,500,500,3
1130.3333976760243,ARCO3,500,500,3
3318.4873880931564,ARCO3,500,500,3
2166.1789039868518,ARCO3,500,500,3
127.60385000515558,ARCO3,500,500,3
3941.261219625956,ARCO3,500,500,3
148.53054437644622,ARCO3,500,500,3
1678.9667911179931,ARCO3,500,500,3
3014.829758302079,ARCO3,500,500,3
1552.7562796625843,ARCO3,500,500,3
3177.9966778935445,ARCO3,500,500,3
3508.8144559091975,ARCO3,500,500,3
1860.5913679578384,ARCO3,500,500,3
695.8372375434648,ARCO3,500,500,3
3856.233860672341,ARCO3,500,500,3
2072.4934803426913,ARCO3,500,500,3
723.3615810567093,ARCO3,500,500,3
302.1953114486328,ARCO3,500,500,3
857.2797544120726,ARCO3,500,500,3
3974.170300961954,ARCO3,500,500,3
2991.556087519289,ARCO3,500,500,3
4205.786678817917,ARCO7,500,500,3
346.46326386438943,ARCO7,500,500,3
108.10482069247284,ARCO7,500,500,3
683.9522161204461,ARCO7,500,500,3
309.00112133403724,ARCO7,500,500,3
1528.5844456730667,ARCO7,500,500,3
167.36784447214933,ARCO7,500,500,3
1153.3612669992888,ARCO7,500,500,3
296.17193716273596,ARCO7,500,500,3
4082.0535687338383,ARCO7,500,500,3
186.77575448914487,ARCO7,500,500,3
1247.5019747746057,ARCO7,500,500,3
3714.6657110182673,ARCO7,500,500,3
479.8331454260908,ARCO7,500,500,3
3334.047445151289,ARCO7,500,500,3
3825.8384695475133,ARCO7,500,500,3
1956.554828029652,ARCO7,500,500,3
978.3778463918652,ARCO7,500,500,3
3478.9210020933338,ARCO7,500,500,3
252.5339041408693,ARCO7,500,500,3
1901.0076710729802,ARCO9,500,500,3
2034.0269729584645,ARCO9,500,500,3
1179.9290675805712,ARCO9,500,500,3
311.7356079344641,ARCO9,500,500,3
1851.1391372103665,ARCO9,500,500,3
1358.1191039461755,ARCO9,500,500,3
3595.561960548038,ARCO9,500,500,3
764.8570507518222,ARCO9,500,500,3
644.326963493289,ARCO9,500,500,3
131.5798101266329,ARCO9,500,500,3
909.2461079704957,ARCO9,500,500,3
2155.270322608633,ARCO9,500,500,3
96.39431364521954,ARCO9,500,500,3
4709.8300357604685,ARCO9,500,500,3
866.5740706058224,ARCO9,500,500,3
2460.593574002986,ARCO9,500,500,3
793.3873780132906,ARCO9,500,500,3
745.384909334585,ARCO9,500,500,3
1932.5938974357332,ARCO9,500,500,3
386.859072261113,ARCO9,500,500,3
1886.100896989519,ARCR80,500,500,3
2169.6708560273,ARCR80,500,500,3
217.6839733304888,ARCR80,500,500,3
3500.243983706794,ARCR80,500,500,3
534.4820260863929,ARCR80,500,500,3
1539.114796600489,ARCR80,500,500,3
97.64566599764628,ARCR80,500,500,3
440.83912660970475,ARCR80,500,500,3
1144.1970306282503,ARCR80,500,500,3
2848.25397918306,ARCR80,500,500,3
389.582305598889,ARCR80,500,500,3
1237.8912097396455,ARCR80,500,500,3
465.19218437929067,ARCR80,500,500,3
2413.8035731814102,ARCR80,500,500,3
1193.9595821168907,ARCR80,500,500,3
1782.9721761119845,ARCR80,500,500,3
3330.3740909627577,ARCR80,500,500,3
942.8276775822916,ARCR80,500,500,3
189.87856205772619,ARCR80,500,500,3
314.54754879982204,ARCR80,500,500,3
375.6267568414648,ARDE3,500,500,3
448.1287341822559,ARDE3,500,500,3
504.5432781394773,ARDE3,500,500,3
133.62094481258484,ARDE3,500,500,3
710.8761700976909,ARDE3,500,500,3
248.28847618985955,ARDE3,500,500,3
325.6222571110668,ARDE3,500,500,3
465.0983698885974,ARDE3,500,500,3
7319.702524507007,ARDE3,500,500,3
307.4391454076514,ARDE3,500,500,3
395.2728568316001,ARDE3,500,500,3
306.8833883963092,ARDE3,500,500,3
3066.3975925155555,ARDE3,500,500,3
445.75265278873604,ARDE3,500,500,3
80.77591055820622,ARDE3,500,500,3
1951.0303545546224,ARDE3,500,500,3
5670.111611397613,ARDE3,500,500,3
2694.8142958269445,ARDE3,500,500,3
39.87708474182933,ARDE3,500,500,3
202.6391464045227,ARDE3,500,500,3
319.9503826666509,ARDE5,500,500,3
549.907683146224,ARDE5,500,500,3
1743.5582309322224,ARDE5,500,500,3
258.5527465310558,ARDE5,500,500,3
1679.5183144828998,ARDE5,500,500,3
1870.7257891035995,ARDE5,500,500,3
342.2701163693494,ARDE5,500,500,3
399.2213779587394,ARDE5,500,500,3
1309.963202167289,ARDE5,500,500,3
1155.760736230526,ARDE5,500,500,3
1316.5357944438829,ARDE5,500,500,3
1367.5602207323307,ARDE5,500,500,3
1232.802340206393,ARDE5,500,500,3
222.35099745649603,ARDE5,500,500,3
842.4109645447897,ARDE5,500,500,3
455.10002335166394,ARDE5,500,500,3
456.3608478528694,ARDE5,500,500,3
678.8504199099998,ARDE5,500,500,3
1291.7947563386597,ARDE5,500,500,3
688.8525427892905,ARDE5,500,500,3
63.92301030666661,ARDI4,500,500,3
6856.244615518845,ARDI4,500,500,3
151.31035030653157,ARDI4,500,500,3
97.20611289895821,ARDI4,500,500,3
2757.4679311081786,ARDI4,500,500,3
51.84582127426668,ARDI4,500,500,3
1714.6344525738227,ARDI4,500,500,3
65.7684388682649,ARDI4,500,500,3
89.90109301673957,ARDI4,500,500,3
202.19194578889957,ARDI4,500,500,3
1429.7095351731132,ARDI4,500,500,3
1015.2696149443985,ARDI4,500,500,3
193.44150577191823,ARDI4,500,500,3
4585.768913035939,ARDI4,500,500,3
122.43660740543818,ARDI4,500,500,3
48.113108960419545,ARDI4,500,500,3
1586.3326863607183,ARDI4,500,500,3
101.21514705524623,ARDI4,500,500,3
86.46044533330486,ARDI4,500,500,3
118.49219332017597,ARDI4,500,500,3
4668.305107221156,ARDO4,500,500,3
1939.1025919726649,ARDO4,500,500,3
121.27711220462221,ARDO4,500,500,3
2796.98473885295,ARDO4,500,500,3
4078.6619150604643,ARDO4,500,500,3
1939.7847239375626,ARDO4,500,500,3
592.2472798698225,ARDO4,500,500,3
1218.0079498271555,ARDO4,500,500,3
221.79313726150926,ARDO4,500,500,3
104.49274448062404,ARDO4,500,500,3
1483.2170636729177,ARDO4,500,500,3
139.99555599639996,ARDO4,500,500,3
1246.0223400639713,ARDO4,500,500,3
2189.649379388713,ARDO4,500,500,3
2294.8638420351717,ARDO4,500,500,3
135.78221120706664,ARDO4,500,500,3
1677.6518470471394,ARDO4,500,500,3
526.1672820686223,ARDO4,500,500,3
3816.6521640042647,ARDO4,500,500,3
873.2559600519095,ARDO4,500,500,3
358.03040373563744,ARDR3,500,500,3
4577.001455110954,ARDR3,500,500,3
778.7373818734915,ARDR3,500,500,3
1605.0960554785852,ARDR3,500,500,3
689.1191321374649,ARDR3,500,500,3
5159.027047905491,ARDR3,500,500,3
260.9908530797795,ARDR3,500,500,3
1099.7569207038223,ARDR3,500,500,3
2286.2346702291557,ARDR3,500,500,3
655.5457551419715,ARDR3,500,500,3
3280.7963009348096,ARDR3,500,500,3
425.1060265181583,ARDR3,500,500,3
3326.1910224976773,ARDR3,500,500,3
1710.277297435007,ARDR3,500,500,3
707.3726986522666,ARDR3,500,500,3
1268.2065268569581,ARDR3,500,500,3
217.42559907113068,ARDR3,500,500,3
1661.3161237252245,ARDR3,500,500,3
140.05731348586488,ARDR3,500,500,3
815.6020192503394,ARDR3,500,500,3
509.6543356265529,ARDR4,500,500,3
2181.7755648532893,ARDR4,500,500,3
2168.977275419192,ARDR4,500,500,3
1586.915887010638,ARDR4,500,500,3
996.8397604641493,ARDR4,500,500,3
1038.5445252050774,ARDR4,500,500,3
5085.59586301673,ARDR4,500,500,3
3685.6612804904894,ARDR4,500,500,3
3432.5064713355314,ARDR4,500,500,3
3327.2471448731717,ARDR4,500,500,3
5715.465432460544,ARDR4,500,500,3
508.95002388721593,ARDR4,500,500,3
160.4356474939449,ARDR4,500,500,3
528.974649060336,ARDR4,500,500,3
133.4921946669796,ARDR4,500,500,3
1045.1290237183923,ARDR4,500,500,3
3503.464227921808,ARDR4,500,500,3
5600.461402893298,ARDR4,500,500,3
670.3727073427183,ARDR4,500,500,3
280.46009320417954,ARDR4,500,500,3
294.92332062099734,AREL3,500,500,3
1185.8655276251304,AREL3,500,500,3
196.84170441939727,AREL3,500,500,3
716.4898227786225,AREL3,500,500,3
3530.6970980902665,AREL3,500,500,3
4899.044904784709,AREL3,500,500,3
285.18977160498497,AREL3,500,500,3
1149.5235631113794,AREL3,500,500,3
258.59452316307744,AREL3,500,500,3
5718.715400271487,AREL3,500,500,3
272.66196862153953,AREL3,500,500,3
1122.7695501632782,AREL3,500,500,3
237.62874190329592,AREL3,500,500,3
217.41108625915558,AREL3,500,500,3
120.19182066747734,AREL3,500,500,3
1107.065105332393,AREL3,500,500,3
297.2761286209973,AREL3,500,500,3
131.95404588991823,AREL3,500,500,3
63.492242747669316,AREL3,500,500,3
269.89075458261146,AREL3,500,500,3
972.6808800852189,AREL8,500,500,3
1077.1557887066294,AREL8,500,500,3
6781.711656713696,AREL8,500,500,3
1441.560155816505,AREL8,500,500,3
116.47486,AREL8,500,500,3
282.18901460582214,AREL8,500,500,3
3235.590030649913,AREL8,500,500,3
1667.4425217822647,AREL8,500,500,3
827.380408860331,AREL8,500,500,3
826.8557505701527,AREL8,500,500,3
660.7293288003981,AREL8,500,500,3
6476.635597533291,AREL8,500,500,3
1100.1261366117267,AREL8,500,500,3
1782.3292505053848,AREL8,500,500,3
1950.385531626667,AREL8,500,500,3
5930.291476679166,AREL8,500,500,3
917.8637157364889,AREL8,500,500,3
1512.4026085930666,AREL8,500,500,3
5843.699494429155,AREL8,500,500,3
955.6480693277576,AREL8,500,500,3
530.5328907426116,ARFE5,500,500,3
3723.2293793122935,ARFE5,500,500,3
2226.36841307818,ARFE5,500,500,3
3391.6992943197856,ARFE5,500,500,3
2006.7706269941164,ARFE5,500,500,3
2636.216084155733,ARFE5,500,500,3
3645.5246433814127,ARFE5,500,500,3
4182.479787053824,ARFE5,500,500,3
329.9969430847982,ARFE5,500,500,3
289.66297840490495,ARFE5,500,500,3
883.7826724952728,ARFE5,500,500,3
518.2406834081263,ARFE5,500,500,3
1610.7621281235176,ARFE5,500,500,3
439.4483423888995,ARFE5,500,500,3
289.2812904689333,ARFE5,500,500,3
2784.0393483440903,ARFE5,500,500,3
829.2784695988888,ARFE5,500,500,3
2052.628554523812,ARFE5,500,500,3
483.89168192935807,ARFE5,500,500,3
1594.3154507356999,ARFE5,500,500,3
2293.885206115111,ARFI,500,500,3
2729.5023255443184,ARFI,500,500,3
3068.4025218974643,ARFI,500,500,3
977.3962250004885,ARFI,500,500,3
2517.037118888504,ARFI,500,500,3
2349.728110500934,ARFI,500,500,3
537.6473874318222,ARFI,500,500,3
1248.2472440247448,ARFI,500,500,3
685.0807210619573,ARFI,500,500,3
403.04073448801944,ARFI,500,500,3
1334.7625239811393,ARFI,500,500,3
1531.1550706642336,ARFI,500,500,3
445.5622174980959,ARFI,500,500,3
720.4144292692694,ARFI,500,500,3
789.3792031830592,ARFI,500,500,3
2584.2856493527042,ARFI,500,500,3
594.8492861269316,ARFI,500,500,3
1032.0238483676992,ARFI,500,500,3
1277.0822173333177,ARFI,500,500,3
8751.266947361957,ARFI,500,500,3
1389.3825741223184,ARFI2,500,500,3
1071.6962134550595,ARFI2,500,500,3
882.9662441084995,ARFI2,500,500,3
87.35578503948624,ARFI2,500,500,3
317.67761577631285,ARFI2,500,500,3
847.7844335852371,ARFI2,500,500,3
1116.7174988629174,ARFI2,500,500,3
771.570551888889,ARFI2,500,500,3
2363.4303058389264,ARFI2,500,500,3
4131.746069077221,ARFI2,500,500,3
2276.658707098522,ARFI2,500,500,3
4374.766399909199,ARFI2,500,500,3
2017.8730719123837,ARFI2,500,500,3
4996.018682043733,ARFI2,500,500,3
193.62057008500628,ARFI2,500,500,3
2854.8307323136005,ARFI2,500,500,3
290.8572013755716,ARFI2,500,500,3
1723.7053029865178,ARFI2,500,500,3
2728.5093783709,ARFI2,500,500,3
8044.7485010897035,ARFI2,500,500,3
7259.2364592956,ARFR4,500,500,3
1264.8595909155554,ARFR4,500,500,3
898.9905682259554,ARFR4,500,500,3
2210.166460337891,ARFR4,500,500,3
5269.450213723331,ARFR4,500,500,3
2106.3617714750503,ARFR4,500,500,3
1522.6000142655557,ARFR4,500,500,3
595.3650799706384,ARFR4,500,500,3
1260.1715853340374,ARFR4,500,500,3
7720.126405669247,ARFR4,500,500,3
3731.265351624362,ARFR4,500,500,3
1452.9960641751447,ARFR4,500,500,3
4253.8491608032,ARFR4,500,500,3
3035.1193287801575,ARFR4,500,500,3
2127.5280211080244,ARFR4,500,500,3
541.4729557251395,ARFR4,500,500,3
7302.87337006449,ARFR4,500,500,3
1271.3958056131626,ARFR4,500,500,3
3765.2381335359137,ARFR4,500,500,3
1167.6956698728516,ARFR4,500,500,3
784.8429123871574,ARGI,500,500,3
52.92098571788623,ARGI,500,500,3
524.1747557759553,ARGI,500,500,3
311.9893604203448,ARGI,500,500,3
463.3755665119556,ARGI,500,500,3
3202.945780977039,ARGI,500,500,3
1192.6759944590062,ARGI,500,500,3
395.83910852550355,ARGI,500,500,3
978.2806627102563,ARGI,500,500,3
2001.7145381071937,ARGI,500,500,3
223.60667199519284,ARGI,500,500,3
707.7082290712958,ARGI,500,500,3
123.73332837293337,ARGI,500,500,3
618.7140181727982,ARGI,500,500,3
53.96559902412622,ARGI,500,500,3
5068.003229722446,ARGI,500,500,3
3814.7928084815917,ARGI,500,500,3
4600.973421402011,ARGI,500,500,3
194.85409834404274,ARGI,500,500,3
452.41010216388247,ARGI,500,500,3
1015.6159197882862,ARGL4,500,500,3
233.31603758301162,ARGL4,500,500,3
1212.4629388743042,ARGL4,500,500,3
1044.954193758122,ARGL4,500,500,3
1691.661377092606,ARGL4,500,500,3
335.31004523764625,ARGL4,500,500,3
6385.091195750004,ARGL4,500,500,3
607.8105547406219,ARGL4,500,500,3
1564.072082329252,ARGL4,500,500,3
3577.092215749969,ARGL4,500,500,3
1822.6804696334057,ARGL4,500,500,3
1512.0593845578223,ARGL4,500,500,3
389.2639157804782,ARGL4,500,500,3
2727.8533976135036,ARGL4,500,500,3
1634.8498590078214,ARGL4,500,500,3
377.24229587728905,ARGL4,500,500,3
1046.0666795931713,ARGL4,500,500,3
1407.5181380198378,ARGL4,500,500,3
2166.90575141834,ARGL4,500,500,3
264.5729173452729,ARGL4,500,500,3
223.30300261415815,ARGR2,500,500,3
809.5335149687186,ARGR2,500,500,3
701.6239087530596,ARGR2,500,500,3
22.63443985143289,ARGR2,500,500,3
1018.8540390834333,ARGR2,500,500,3
98.68834091377066,ARGR2,500,500,3
920.1003910122223,ARGR2,500,500,3
563.4670893769224,ARGR2,500,500,3
517.2998073881528,ARGR2,500,500,3
447.3025881533848,ARGR2,500,500,3
1117.2668465202332,ARGR2,500,500,3
1460.61290742897,ARGR2,500,500,3
558.764674301945,ARGR2,500,500,3
2190.681850506736,ARGR2,500,500,3
860.6277306625709,ARGR2,500,500,3
2882.7154467338232,ARGR2,500,500,3
402.10334769493335,ARGR2,500,500,3
1442.6829599593527,ARGR2,500,500,3
836.3968497343715,ARGR2,500,500,3
126.38428516572269,ARGR2,500,500,3
87.34753071613154,ARGR6,500,500,3
2696.7636545600003,ARGR6,500,500,3
340.95931689300613,ARGR6,500,500,3
7916.527969858391,ARGR6,500,500,3
309.1239923218328,ARGR6,500,500,3
313.09037785493155,ARGR6,500,500,3
291.48198629973314,ARGR6,500,500,3
907.8012146666666,ARGR6,500,500,3
4933.339597173546,ARGR6,500,500,3
159.88119957315553,ARGR6,500,500,3
622.681177133822,ARGR6,500,500,3
35.01112530599822,ARGR6,500,500,3
190.14407008848897,ARGR6,500,500,3
123.93140507305066,ARGR6,500,500,3
82.09757062115554,ARGR6,500,500,3
1668.4630251167987,ARGR6,500,500,3
1706.345274198073,ARGR6,500,500,3
52.99188793981154,ARGR6,500,500,3
720.4260420616463,ARGR6,500,500,3
203.08473000255816,ARGR6,500,500,3
2418.0033731020735,ARHE12,500,500,3
2569.072368880292,ARHE12,500,500,3
2619.3319669679718,ARHE12,500,500,3
2191.5791594232887,ARHE12,500,500,3
1604.883274492985,ARHE12,500,500,3
423.83039874098483,ARHE12,500,500,3
3565.6879902843575,ARHE12,500,500,3
2681.9009014407893,ARHE12,500,500,3
1940.7135323162668,ARHE12,500,500,3
3923.288092317438,ARHE12,500,500,3
224.46083413161958,ARHE12,500,500,3
1373.3511771909048,ARHE12,500,500,3
754.0236401237049,ARHE12,500,500,3
694.2125314758242,ARHE12,500,500,3
1749.7500586619444,ARHE12,500,500,3
249.49946628605147,ARHE12,500,500,3
1434.3607553851716,ARHE12,500,500,3
1745.5328643504913,ARHE12,500,500,3
6017.440607919601,ARHE12,500,500,3
1917.473220432638,ARHE12,500,500,3
68.63886051626669,ARHI,500,500,3
2110.336308365305,ARHI,500,500,3
553.200072210197,ARHI,500,500,3
714.0068038376106,ARHI,500,500,3
49.80346577372267,ARHI,500,500,3
39.311658926704,ARHI,500,500,3
1493.3447239351447,ARHI,500,500,3
3393.9672420309257,ARHI,500,500,3
480.39028113953947,ARHI,500,500,3
82.7553341031662,ARHI,500,500,3
3816.075627759333,ARHI,500,500,3
84.5788909044889,ARHI,500,500,3
243.03419733230936,ARHI,500,500,3
140.88910752481954,ARHI,500,500,3
328.0443252593495,ARHI,500,500,3
347.17696235604615,ARHI,500,500,3
574.0527697619182,ARHI,500,500,3
1796.9616129006072,ARHI,500,500,3
251.08678157652625,ARHI,500,500,3
384.20119510900616,ARHI,500,500,3
572.7946940982595,ARHI2,500,500,3
2358.9888757932777,ARHI2,500,500,3
1251.8283131456785,ARHI2,500,500,3
297.3310142216373,ARHI2,500,500,3
449.098407978489,ARHI2,500,500,3
86.05263426837152,ARHI2,500,500,3
208.06981424503294,ARHI2,500,500,3
398.77319778115583,ARHI2,500,500,3
610.4559054809439,ARHI2,500,500,3
1344.1922945561585,ARHI2,500,500,3
316.9155241922116,ARHI2,500,500,3
184.72823625062225,ARHI2,500,500,3
1207.9032009483094,ARHI2,500,500,3
64.67078133648887,ARHI2,500,500,3
883.3600948563625,ARHI2,500,500,3
517.6192282257333,ARHI2,500,500,3
1973.7465799323995,ARHI2,500,500,3
210.59790511927287,ARHI2,500,500,3
2224.7800949785537,ARHI2,500,500,3
1012.9204165591311,ARHI2,500,500,3
2507.852764708971,ARHI3,500,500,3
194.04886349351824,ARHI3,500,500,3
434.4470965386221,ARHI3,500,500,3
173.1356509411556,ARHI3,500,500,3
1284.2414671947931,ARHI3,500,500,3
2051.533076462222,ARHI3,500,500,3
117.52278307159992,ARHI3,500,500,3
3818.6856680324236,ARHI3,500,500,3
1493.316595353913,ARHI3,500,500,3
3891.5999901067294,ARHI3,500,500,3
215.12849734990925,ARHI3,500,500,3
2584.5208953535707,ARHI3,500,500,3
111.27233366227736,ARHI3,500,500,3
196.82177727982224,ARHI3,500,500,3
2195.7058490806585,ARHI3,500,500,3
481.8909899170063,ARHI3,500,500,3
1047.492278313785,ARHI3,500,500,3
349.757350816256,ARHI3,500,500,3
459.1127281017174,ARHI3,500,500,3
627.6195027882594,ARHI3,500,500,3
3416.9658506222863,ARLA2,500,500,3
428.355785540238,ARLA2,500,500,3
263.09838890382224,ARLA2,500,500,3
193.93375628742396,ARLA2,500,500,3
225.20425791486397,ARLA2,500,500,3
159.5636445636196,ARLA2,500,500,3
446.2031497642029,ARLA2,500,500,3
1997.817642781838,ARLA2,500,500,3
144.12772037985954,ARLA2,500,500,3
289.17657122423304,ARLA2,500,500,3
194.3647231391556,ARLA2,500,500,3
289.8299384794383,ARLA2,500,500,3
98.58365681706668,ARLA2,500,500,3
539.2975148910064,ARLA2,500,500,3
497.57099872417956,ARLA2,500,500,3
284.5607409372729,ARLA2,500,500,3
449.8435986771555,ARLA2,500,500,3
154.81198644065955,ARLA2,500,500,3
463.3988022590559,ARLA2,500,500,3
2739.115158759567,ARLA2,500,500,3
1807.5402150661043,ARLA3,500,500,3
336.41570074751826,ARLA3,500,500,3
1555.8278972130913,ARLA3,500,500,3
3368.1166736180903,ARLA3,500,500,3
3459.8620032793533,ARLA3,500,500,3
4209.636661019297,ARLA3,500,500,3
2176.820563004842,ARLA3,500,500,3
733.8915999868516,ARLA3,500,500,3
1057.968008754745,ARLA3,500,500,3
312.5426782293263,ARLA3,500,500,3
710.0912629155557,ARLA3,500,500,3
1736.2411767764886,ARLA3,500,500,3
1464.9715742684996,ARLA3,500,500,3
2160.4832091165704,ARLA3,500,500,3
2617.7450768195617,ARLA3,500,500,3
722.7798612757334,ARLA3,500,500,3
3073.328231081955,ARLA3,500,500,3
1956.992286781823,ARLA3,500,500,3
1794.3367563315176,ARLA3,500,500,3
2326.9419271555125,ARLA3,500,500,3
210.38823202154498,ARLA8,500,500,3
199.4824333915716,ARLA8,500,500,3
867.8830363032728,ARLA8,500,500,3
423.86673378652245,ARLA8,500,500,3
438.86738259079846,ARLA8,500,500,3
229.46675298770484,ARLA8,500,500,3
99.5510519957316,ARLA8,500,500,3
3498.0587994486336,ARLA8,500,500,3
141.42892572188268,ARLA8,500,500,3
241.29632623229153,ARLA8,500,500,3
940.4547338767927,ARLA8,500,500,3
438.7714452191554,ARLA8,500,500,3
379.2127714653582,ARLA8,500,500,3
541.6549740989847,ARLA8,500,500,3
588.5033209355928,ARLA8,500,500,3
365.7904694382914,ARLA8,500,500,3
165.87134950781154,ARLA8,500,500,3
99.51353707169957,ARLA8,500,500,3
182.83631058487285,ARLA8,500,500,3
106.09525597812619,ARLA8,500,500,3
610.4313456642772,ARLO16,500,500,3
118.17124959613159,ARLO16,500,500,3
65.81787972402489,ARLO16,500,500,3
258.6093679398116,ARLO16,500,500,3
869.0399399992729,ARLO16,500,500,3
716.8265616186026,ARLO16,500,500,3
244.19743721705066,ARLO16,500,500,3
569.2527943962667,ARLO16,500,500,3
101.67122246240002,ARLO16,500,500,3
364.9610581090914,ARLO16,500,500,3
271.2487368220995,ARLO16,500,500,3
380.3779421545174,ARLO16,500,500,3
355.5219556585796,ARLO16,500,500,3
750.9972323579451,ARLO16,500,500,3
1031.8208187519717,ARLO16,500,500,3
295.9329511547573,ARLO16,500,500,3
1323.8399508956004,ARLO16,500,500,3
563.0442605589334,ARLO16,500,500,3
158.24618395448888,ARLO16,500,500,3
214.79304104028265,ARLO16,500,500,3
247.35326736213165,ARLO6,500,500,3
802.9417152486114,ARLO6,500,500,3
740.9905759191452,ARLO6,500,500,3
2287.622594669909,ARLO6,500,500,3
2462.7385892911716,ARLO6,500,500,3
274.6643482455306,ARLO6,500,500,3
86.32501385478936,ARLO6,500,500,3
3786.0304836122664,ARLO6,500,500,3
915.7262544799555,ARLO6,500,500,3
510.93734357328884,ARLO6,500,500,3
1751.1125014956783,ARLO6,500,500,3
4355.710865041464,ARLO6,500,500,3
499.84790043209944,ARLO6,500,500,3
3457.206547617691,ARLO6,500,500,3
170.0074207423129,ARLO6,500,500,3
2522.4274733114303,ARLO6,500,500,3
959.4002790559556,ARLO6,500,500,3
270.4537069812462,ARLO6,500,500,3
170.56699709706666,ARLO6,500,500,3
891.4365796636001,ARLO6,500,500,3
897.5549631834384,ARLO7,500,500,3
3060.573494500522,ARLO7,500,500,3
929.4010017552785,ARLO7,500,500,3
979.9829836543933,ARLO7,500,500,3
931.7997949919841,ARLO7,500,500,3
548.682587364345,ARLO7,500,500,3
2861.3174244386837,ARLO7,500,500,3
5860.914345537989,ARLO7,500,500,3
468.83186789951816,ARLO7,500,500,3
60.43466304742399,ARLO7,500,500,3
1215.8168483106058,ARLO7,500,500,3
2753.6501868249434,ARLO7,500,500,3
423.13118662113953,ARLO7,500,500,3
465.6071384952161,ARLO7,500,500,3
530.2392385808787,ARLO7,500,500,3
443.1733386606861,ARLO7,500,500,3
1113.0138337524888,ARLO7,500,500,3
717.5456568255839,ARLO7,500,500,3
1222.492042822612,ARLO7,500,500,3
2169.6710306357763,ARLO7,500,500,3
5467.04508615759,ARLU,500,500,3
406.2879411759715,ARLU,500,500,3
3700.039161542142,ARLU,500,500,3
543.2296145766668,ARLU,500,500,3
4497.75273301674,ARLU,500,500,3
814.4863587717049,ARLU,500,500,3
3273.4257798546787,ARLU,500,500,3
475.3689940677331,ARLU,500,500,3
2430.746452062505,ARLU,500,500,3
1956.4451833189758,ARLU,500,500,3
2828.343980411734,ARLU,500,500,3
2713.8517662223358,ARLU,500,500,3
779.7915634380641,ARLU,500,500,3
1827.4742347462673,ARLU,500,500,3
1112.425649937913,ARLU,500,500,3
1149.1930812600244,ARLU,500,500,3
442.58288871412645,ARLU,500,500,3
1505.0768456024725,ARLU,500,500,3
721.8482504748644,ARLU,500,500,3
363.7320918028639,ARLU,500,500,3
2609.699982524285,ARMA,500,500,3
200.3895261864889,ARMA,500,500,3
3595.7270352859714,ARMA,500,500,3
1051.5305363715986,ARMA,500,500,3
1360.9739379648781,ARMA,500,500,3
1367.0880289568993,ARMA,500,500,3
4856.576091560746,ARMA,500,500,3
4245.300698113132,ARMA,500,500,3
235.41897013725153,ARMA,500,500,3
5029.867457931598,ARMA,500,500,3
750.5438995840694,ARMA,500,500,3
2346.8245215008988,ARMA,500,500,3
980.6621103333533,ARMA,500,500,3
4147.742261941732,ARMA,500,500,3
593.867745022505,ARMA,500,500,3
1146.6548846198596,ARMA,500,500,3
2951.609248745584,ARMA,500,500,3
776.8955198626064,ARMA,500,500,3
410.6255067366242,ARMA,500,500,3
3877.4988290963834,ARMA,500,500,3
1250.2760393811554,ARMA6,500,500,3
202.87942265223828,ARMA6,500,500,3
3191.6859122077008,ARMA6,500,500,3
4017.884032579155,ARMA6,500,500,3
1908.96145260458,ARMA6,500,500,3
2723.6493824626914,ARMA6,500,500,3
398.17238668812627,ARMA6,500,500,3
336.81892921440004,ARMA6,500,500,3
3309.786481683056,ARMA6,500,500,3
1076.8730289211446,ARMA6,500,500,3
1355.4264851439623,ARMA6,500,500,3
1648.8441325538915,ARMA6,500,500,3
519.4563948634864,ARMA6,500,500,3
67.31044470999997,ARMA6,500,500,3
1740.5959536506587,ARMA6,500,500,3
25.434202712531565,ARMA6,500,500,3
3426.81990945482,ARMA6,500,500,3
1647.3234016658328,ARMA6,500,500,3
323.63303861468273,ARMA6,500,500,3
729.5318069494826,ARMA6,500,500,3
4590.803830617021,ARME,500,500,3
2704.7168820783627,ARME,500,500,3
2291.501532,ARME,500,500,3
4360.12408619881,ARME,500,500,3
104.40952782062219,ARME,500,500,3
3357.9061994111144,ARME,500,500,3
5289.552121477397,ARME,500,500,3
7452.176575670611,ARME,500,500,3
1254.4984646969576,ARME,500,500,3
5792.274937882958,ARME,500,500,3
3601.2789440813794,ARME,500,500,3
4220.725128232234,ARME,500,500,3
485.57600698293334,ARME,500,500,3
221.43857106794485,ARME,500,500,3
1085.9640063651843,ARME,500,500,3
526.1841931270386,ARME,500,500,3
2507.776907136554,ARME,500,500,3
3727.828442493611,ARME,500,500,3
4998.627967121914,ARME,500,500,3
302.57286562628263,ARME,500,500,3
1653.718643041956,ARME4,500,500,3
967.1918153411983,ARME4,500,500,3
2906.448856446633,ARME4,500,500,3
149.69594954306666,ARME4,500,500,3
206.16879162513067,ARME4,500,500,3
3442.996154693967,ARME4,500,500,3
4801.746250839167,ARME4,500,500,3
3734.326048340052,ARME4,500,500,3
4836.519526967888,ARME4,500,500,3
611.5711316155999,ARME4,500,500,3
1551.7039670326594,ARME4,500,500,3
3518.809061321273,ARME4,500,500,3
44.0109384259129,ARME4,500,500,3
4961.935135911824,ARME4,500,500,3
1648.6545675275097,ARME4,500,500,3
4199.101031306669,ARME4,500,500,3
418.2632958381795,ARME4,500,500,3
70.50294655679825,ARME4,500,500,3
1685.7967477198063,ARME4,500,500,3
152.50976461439996,ARME4,500,500,3
216.8654933051095,ARME6,500,500,3
1235.7177105816156,ARME6,500,500,3
2009.425058945678,ARME6,500,500,3
1019.0497016104889,ARME6,500,500,3
511.4874884126647,ARME6,500,500,3
1466.501180721145,ARME6,500,500,3
2838.9131209312986,ARME6,500,500,3
783.7887425889849,ARME6,500,500,3
211.5703310699449,ARME6,500,500,3
1414.3339352718226,ARME6,500,500,3
46.052833027823986,ARME6,500,500,3
76.09728216967822,ARME6,500,500,3
260.7376919767448,ARME6,500,500,3
2804.5979399323996,ARME6,500,500,3
31.54594025315555,ARME6,500,500,3
278.28645739167285,ARME6,500,500,3
3216.812936320282,ARME6,500,500,3
1000.3308948952109,ARME6,500,500,3
147.91424302911815,ARME6,500,500,3
2890.643567071131,ARME6,500,500,3
1308.4731377614062,ARME7,500,500,3
57.2537332636373,ARME7,500,500,3
3801.8036695089036,ARME7,500,500,3
556.6022268242774,ARME7,500,500,3
2305.0172613324726,ARME7,500,500,3
3126.04183086272,ARME7,500,500,3
5709.541395662421,ARME7,500,500,3
1248.8813380579556,ARME7,500,500,3
3763.552527299155,ARME7,500,500,3
453.65190345801943,ARME7,500,500,3
2124.9651735317325,ARME7,500,500,3
3135.9548997859843,ARME7,500,500,3
3159.5281970591977,ARME7,500,500,3
2943.4595067046125,ARME7,500,500,3
824.6483497103933,ARME7,500,500,3
4139.080556533547,ARME7,500,500,3
47.25617629822399,ARME7,500,500,3
6414.272204924445,ARME7,500,500,3
3995.1315287825005,ARME7,500,500,3
392.1047282109848,ARME7,500,500,3
3863.9753717289796,ARMI2,500,500,3
1746.4646404138211,ARMI2,500,500,3
1509.6184969932722,ARMI2,500,500,3
3410.934344651731,ARMI2,500,500,3
4738.184153087652,ARMI2,500,500,3
452.9267648671555,ARMI2,500,500,3
297.57812194555567,ARMI2,500,500,3
239.33494368068267,ARMI2,500,500,3
811.6294298180248,ARMI2,500,500,3
1340.7497777646647,ARMI2,500,500,3
469.8113502716513,ARMI2,500,500,3
3051.173871816233,ARMI2,500,500,3
472.772990883184,ARMI2,500,500,3
1424.6919185866225,ARMI2,500,500,3
1291.4794942622648,ARMI2,500,500,3
2657.7820101264997,ARMI2,500,500,3
413.8867799467928,ARMI2,500,500,3
3730.861056430931,ARMI2,500,500,3
749.7803960191719,ARMI2,500,500,3
1033.3706075071984,ARMI2,500,500,3
893.0037578730665,ARMI6,500,500,3
2319.540125459197,ARMI6,500,500,3
854.7721869377259,ARMI6,500,500,3
1909.9319783921774,ARMI6,500,500,3
185.79011876009957,ARMI6,500,500,3
964.5652417989337,ARMI6,500,500,3
1539.923007126256,ARMI6,500,500,3
661.2245812222293,ARMI6,500,500,3
316.79352534527294,ARMI6,500,500,3
719.9612761059554,ARMI6,500,500,3
839.7905120788887,ARMI6,500,500,3
1541.9098237457335,ARMI6,500,500,3
1111.1696895358225,ARMI6,500,500,3
414.37827016361086,ARMI6,500,500,3
987.9075796944906,ARMI6,500,500,3
976.2061374156639,ARMI6,500,500,3
1199.3960361515933,ARMI6,500,500,3
299.1888741258223,ARMI6,500,500,3
3539.172294008718,ARMI6,500,500,3
1409.959919831353,ARMI6,500,500,3
39.30638892114488,ARMO4,500,500,3
997.2801446958917,ARMO4,500,500,3
519.560307640633,ARMO4,500,500,3
349.37754894395727,ARMO4,500,500,3
780.0803088661053,ARMO4,500,500,3
1693.3400945056992,ARMO4,500,500,3
219.7753252048907,ARMO4,500,500,3
583.0670610460376,ARMO4,500,500,3
1267.7996085304253,ARMO4,500,500,3
29.6239044893849,ARMO4,500,500,3
2863.9319062400696,ARMO4,500,500,3
796.8573331512888,ARMO4,500,500,3
72.01953264995556,ARMO4,500,500,3
35.127886956878214,ARMO4,500,500,3
208.85598399686396,ARMO4,500,500,3
127.79934994840006,ARMO4,500,500,3
1453.496171454607,ARMO4,500,500,3
33.48276798862222,ARMO4,500,500,3
957.6455148410297,ARMO4,500,500,3
279.9348319632996,ARMO4,500,500,3
1420.049529227406,ARMU,500,500,3
2038.4999474024964,ARMU,500,500,3
451.2256859798116,ARMU,500,500,3
2424.3016864918595,ARMU,500,500,3
4585.731692479601,ARMU,500,500,3
431.4128870335131,ARMU,500,500,3
15.222377570558217,ARMU,500,500,3
231.35703901092288,ARMU,500,500,3
4115.498627576313,ARMU,500,500,3
1030.7114570948106,ARMU,500,500,3
1204.901225553067,ARMU,500,500,3
2028.8757329269313,ARMU,500,500,3
435.1371731467094,ARMU,500,500,3
1122.7901120631393,ARMU,500,500,3
6257.749515218489,ARMU,500,500,3
577.1619642482328,ARMU,500,500,3
1297.8900862380785,ARMU,500,500,3
674.0285111584997,ARMU,500,500,3
1015.5109435555552,ARMU,500,500,3
119.42390997173334,ARMU,500,500,3
1752.3426304496631,ARNE,500,500,3
478.3067152584374,ARNE,500,500,3
6293.654117786622,ARNE,500,500,3
2465.473217093803,ARNE,500,500,3
2552.7605263988885,ARNE,500,500,3
873.8765177587983,ARNE,500,500,3
2199.317347421156,ARNE,500,500,3
2221.688428925432,ARNE,500,500,3
313.7067398820106,ARNE,500,500,3
1165.118032886549,ARNE,500,500,3
212.05616300266482,ARNE,500,500,3
254.7285616226916,ARNE,500,500,3
1219.5436557027392,ARNE,500,500,3
1040.89463578594,ARNE,500,500,3
1655.3454052606223,ARNE,500,500,3
1543.136101149007,ARNE,500,500,3
915.0375251416467,ARNE,500,500,3
792.5802436508995,ARNE,500,500,3
2059.577453211299,ARNE,500,500,3
176.76080428526933,ARNE,500,500,3
1457.038771896745,ARNE4,500,500,3
756.6083723333334,ARNE4,500,500,3
533.0761297755307,ARNE4,500,500,3
332.3520760640783,ARNE4,500,500,3
152.24509067660622,ARNE4,500,500,3
524.7932575856,ARNE4,500,500,3
676.1063570515041,ARNE4,500,500,3
1564.2440125809335,ARNE4,500,500,3
2907.2482113834603,ARNE4,500,500,3
1454.4751544724882,ARNE4,500,500,3
168.90306224979733,ARNE4,500,500,3
239.35401804515553,ARNE4,500,500,3
1250.339327621673,ARNE4,500,500,3
4442.495121738153,ARNE4,500,500,3
253.4516117683181,ARNE4,500,500,3
359.510523911664,ARNE4,500,500,3
1082.276370263829,ARNE4,500,500,3
5269.624196000001,ARNE4,500,500,3
1473.450845176489,ARNE4,500,500,3
4255.213068363646,ARNE4,500,500,3
3933.356604724123,ARNO4,500,500,3
3582.7570639173528,ARNO4,500,500,3
2977.8549062060647,ARNO4,500,500,3
91.5684067057334,ARNO4,500,500,3
149.60711458215832,ARNO4,500,500,3
2138.700879195734,ARNO4,500,500,3
997.0793970566667,ARNO4,500,500,3
5653.482467215145,ARNO4,500,500,3
940.7879409902771,ARNO4,500,500,3
1241.8285398419628,ARNO4,500,500,3
136.8953177373707,ARNO4,500,500,3
5468.861314578559,ARNO4,500,500,3
4990.406275219797,ARNO4,500,500,3
6632.4507052458575,ARNO4,500,500,3
3994.035797604394,ARNO4,500,500,3
715.3950882579625,ARNO4,500,500,3
230.43783126994484,ARNO4,500,500,3
167.27796666652262,ARNO4,500,500,3
5898.2555617490325,ARNO4,500,500,3
2540.0365686698588,ARNO4,500,500,3
2229.7456315455556,ARNU2,500,500,3
7229.318438335886,ARNU2,500,500,3
5445.7546908422255,ARNU2,500,500,3
2671.7782798853054,ARNU2,500,500,3
158.83353536425952,ARNU2,500,500,3
4261.937189379198,ARNU2,500,500,3
1902.4777787185756,ARNU2,500,500,3
420.58105394601967,ARNU2,500,500,3
100.58421006222223,ARNU2,500,500,3
93.75829657308266,ARNU2,500,500,3
1382.7925495889758,ARNU2,500,500,3
1748.9337088411573,ARNU2,500,500,3
285.1160958083128,ARNU2,500,500,3
1452.3383354638775,ARNU2,500,500,3
3070.348280883137,ARNU2,500,500,3
157.84034899305064,ARNU2,500,500,3
2661.952560329955,ARNU2,500,500,3
77.97965758506665,ARNU2,500,500,3
1401.9300691142826,ARNU2,500,500,3
1450.6244979598919,ARNU2,500,500,3
677.7646038869261,AROL,500,500,3
6292.915575917654,AROL,500,500,3
918.8942810370116,AROL,500,500,3
6311.390015412878,AROL,500,500,3
5669.976863734099,AROL,500,500,3
3375.7424868366234,AROL,500,500,3
45.99552602922487,AROL,500,500,3
529.0203016733583,AROL,500,500,3
64.1247415282329,AROL,500,500,3
3569.1237423891193,AROL,500,500,3
385.6224026659558,AROL,500,500,3
3755.1641561891392,AROL,500,500,3
146.6701333141049,AROL,500,500,3
280.1002377066668,AROL,500,500,3
233.84696242328894,AROL,500,500,3
489.8847323637317,AROL,500,500,3
464.6347763754026,AROL,500,500,3
182.66349978839995,AROL,500,500,3
1704.359515977891,AROL,500,500,3
2196.912664622934,AROL,500,500,3
5994.285412903251,ARPA11,500,500,3
352.3625077526597,ARPA11,500,500,3
50.571320389971554,ARPA11,500,500,3
652.1630443480105,ARPA11,500,500,3
1581.6154207913532,ARPA11,500,500,3
1206.7869313058125,ARPA11,500,500,3
350.9018154318063,ARPA11,500,500,3
488.3994107077333,ARPA11,500,500,3
747.1797652239932,ARPA11,500,500,3
5854.648235014817,ARPA11,500,500,3
255.32486833865966,ARPA11,500,500,3
6783.239213629429,ARPA11,500,500,3
7482.259198531669,ARPA11,500,500,3
545.3839644580961,ARPA11,500,500,3
150.14814946826672,ARPA11,500,500,3
376.13602259541153,ARPA11,500,500,3
195.18451668701147,ARPA11,500,500,3
2852.490188639288,ARPA11,500,500,3
1134.1767728356251,ARPA11,500,500,3
3956.978336929732,ARPA11,500,500,3
2254.3209373046593,ARPA26,500,500,3
5338.8246679182075,ARPA26,500,500,3
136.43979531314486,ARPA26,500,500,3
531.1995525984996,ARPA26,500,500,3
3195.196023335758,ARPA26,500,500,3
671.5520621230061,ARPA26,500,500,3
225.86197756276624,ARPA26,500,500,3
709.4989021100785,ARPA26,500,500,3
707.3994463154562,ARPA26,500,500,3
225.98498885631284,ARPA26,500,500,3
493.2123471350328,ARPA26,500,500,3
253.20606974418484,ARPA26,500,500,3
363.86041142519275,ARPA26,500,500,3
236.40326746862226,ARPA26,500,500,3
299.6044259673315,ARPA26,500,500,3
281.2724425109048,ARPA26,500,500,3
252.6791593845173,ARPA26,500,500,3
461.1418508876784,ARPA26,500,500,3
736.4355919521847,ARPA26,500,500,3
131.40441865745066,ARPA26,500,500,3
155.40980382135285,ARPA6,500,500,3
2317.341727805936,ARPA6,500,500,3
108.7713335655662,ARPA6,500,500,3
2352.8389482268367,ARPA6,500,500,3
4549.457010570977,ARPA6,500,500,3
296.6511845959395,ARPA6,500,500,3
187.44767038173148,ARPA6,500,500,3
1368.4243007653524,ARPA6,500,500,3
1586.5094738985797,ARPA6,500,500,3
797.2956765997794,ARPA6,500,500,3
3512.666747095318,ARPA6,500,500,3
1232.971218277092,ARPA6,500,500,3
3111.677761766287,ARPA6,500,500,3
1176.3572768072256,ARPA6,500,500,3
307.9680328654774,ARPA6,500,500,3
382.6300456744891,ARPA6,500,500,3
510.75775339498506,ARPA6,500,500,3
1740.7067833812457,ARPA6,500,500,3
427.6232114972161,ARPA6,500,500,3
4739.590556044359,ARPA6,500,500,3
2104.3022066004464,ARPL3,500,500,3
725.0827319034241,ARPL3,500,500,3
3316.877464199957,ARPL3,500,500,3
948.4015833066671,ARPL3,500,500,3
5945.434642437758,ARPL3,500,500,3
1669.9412174944996,ARPL3,500,500,3
3003.5343771569324,ARPL3,500,500,3
328.3824999252888,ARPL3,500,500,3
287.04520665194497,ARPL3,500,500,3
709.5950104221579,ARPL3,500,500,3
1498.5469763039982,ARPL3,500,500,3
2174.3003517513316,ARPL3,500,500,3
4235.281022891514,ARPL3,500,500,3
237.53622125934947,ARPL3,500,500,3
3138.961057012222,ARPL3,500,500,3
1218.3111557494026,ARPL3,500,500,3
126.68931887357155,ARPL3,500,500,3
4355.133592508237,ARPL3,500,500,3
241.69626213528883,ARPL3,500,500,3
585.5564566611555,ARPL3,500,500,3
386.8490502297583,ARPL4,500,500,3
305.53157589973154,ARPL4,500,500,3
1655.5867850188636,ARPL4,500,500,3
422.0671158655557,ARPL4,500,500,3
4967.125845056668,ARPL4,500,500,3
7390.287799531407,ARPL4,500,500,3
4008.287682666603,ARPL4,500,500,3
652.2161206674331,ARPL4,500,500,3
410.18516393915536,ARPL4,500,500,3
479.0424911822223,ARPL4,500,500,3
2772.123229544101,ARPL4,500,500,3
811.6678297425043,ARPL4,500,500,3
1909.0222638139444,ARPL4,500,500,3
1372.806843638398,ARPL4,500,500,3
1964.502642166611,ARPL4,500,500,3
2156.2655999859985,ARPL4,500,500,3
1106.7836290227185,ARPL4,500,500,3
3931.098520798492,ARPL4,500,500,3
1695.4724802826224,ARPL4,500,500,3
3554.9414576131103,ARPL4,500,500,3
1870.322125009264,ARPO2,500,500,3
436.9518198351572,ARPO2,500,500,3
360.9660789533706,ARPO2,500,500,3
745.2710004125581,ARPO2,500,500,3
69.38735814634491,ARPO2,500,500,3
1638.7211272028424,ARPO2,500,500,3
3343.838382431273,ARPO2,500,500,3
3738.8749900535413,ARPO2,500,500,3
1299.2229851167979,ARPO2,500,500,3
546.2743691802668,ARPO2,500,500,3
1934.239598475599,ARPO2,500,500,3
474.0082074873583,ARPO2,500,500,3
517.5993844166828,ARPO2,500,500,3
912.4542136788888,ARPO2,500,500,3
141.6062954384996,ARPO2,500,500,3
3700.5951892094276,ARPO2,500,500,3
664.0089555643999,ARPO2,500,500,3
5756.55238773076,ARPO2,500,500,3
441.29818253764256,ARPO2,500,500,3
858.8326520582243,ARPO2,500,500,3
430.4875249627715,ARPO4,500,500,3
4780.302698190576,ARPO4,500,500,3
473.01471022570473,ARPO4,500,500,3
2437.9272326281794,ARPO4,500,500,3
1184.3511417703664,ARPO4,500,500,3
1255.9027232054593,ARPO4,500,500,3
222.69993574573334,ARPO4,500,500,3
3315.322466200091,ARPO4,500,500,3
987.3230202930916,ARPO4,500,500,3
440.22479287644285,ARPO4,500,500,3
3992.3229187706306,ARPO4,500,500,3
3178.075596600488,ARPO4,500,500,3
368.9940856110061,ARPO4,500,500,3
7700.566500649956,ARPO4,500,500,3
2284.8263900180455,ARPO4,500,500,3
3352.450928335955,ARPO4,500,500,3
1309.0876064895838,ARPO4,500,500,3
262.6693532433334,ARPO4,500,500,3
1717.2498617268911,ARPO4,500,500,3
2270.1566518779437,ARPO4,500,500,3
463.25038457009634,ARPR,500,500,3
4407.743876619029,ARPR,500,500,3
3253.675522257279,ARPR,500,500,3
223.27026577321962,ARPR,500,500,3
285.4379632663449,ARPR,500,500,3
2390.496576538793,ARPR,500,500,3
6375.042365648,ARPR,500,500,3
1297.9282748924516,ARPR,500,500,3
240.9681782104731,ARPR,500,500,3
77.94177649202489,ARPR,500,500,3
3869.3044483155577,ARPR,500,500,3
295.05937529439996,ARPR,500,500,3
4636.703037637113,ARPR,500,500,3
4318.488999910798,ARPR,500,500,3
162.00873426855827,ARPR,500,500,3
509.1654216814861,ARPR,500,500,3
189.33171842886938,ARPR,500,500,3
73.06474439252624,ARPR,500,500,3
307.27022474963735,ARPR,500,500,3
97.81257530777602,ARPR,500,500,3
194.20332262621153,ARPR2,500,500,3
74.48629297703826,ARPR2,500,500,3
2082.1902363304894,ARPR2,500,500,3
627.4970831614866,ARPR2,500,500,3
416.2960712226062,ARPR2,500,500,3
647.0910415417438,ARPR2,500,500,3
46.43456725108621,ARPR2,500,500,3
897.8858839067711,ARPR2,500,500,3
1569.8765622311182,ARPR2,500,500,3
35.45623047423822,ARPR2,500,500,3
387.4519626797493,ARPR2,500,500,3
616.5207338964461,ARPR2,500,500,3
73.04416604031823,ARPR2,500,500,3
279.5622857114862,ARPR2,500,500,3
2054.310201333333,ARPR2,500,500,3
181.71004931063285,ARPR2,500,500,3
306.6743268206293,ARPR2,500,500,3
76.01601514687822,ARPR2,500,500,3
575.2345601031398,ARPR2,500,500,3
675.7911847568427,ARPR2,500,500,3
294.9124012140782,ARPU3,500,500,3
75.24039328725155,ARPU3,500,500,3
1382.4272666309328,ARPU3,500,500,3
222.3221679720373,ARPU3,500,500,3
1125.9341689422918,ARPU3,500,500,3
730.4638180451556,ARPU3,500,500,3
217.7104770849849,ARPU3,500,500,3
497.63360799974384,ARPU3,500,500,3
485.84730333183256,ARPU3,500,500,3
621.8238223976515,ARPU3,500,500,3
547.1739461500513,ARPU3,500,500,3
373.10297277582225,ARPU3,500,500,3
358.25127996542403,ARPU3,500,500,3
314.1442515466222,ARPU3,500,500,3
483.5747974946062,ARPU3,500,500,3
116.9353024086027,ARPU3,500,500,3
517.578577792923,ARPU3,500,500,3
286.67146075167284,ARPU3,500,500,3
180.95142372121597,ARPU3,500,500,3
36.5303151857049,ARPU3,500,500,3
3705.449683253751,ARPU5,500,500,3
642.5922756402562,ARPU5,500,500,3
710.529569192873,ARPU5,500,500,3
910.6238623482864,ARPU5,500,500,3
1448.9450815345704,ARPU5,500,500,3
1883.7823096004242,ARPU5,500,500,3
134.6954536262667,ARPU5,500,500,3
2051.7541950833497,ARPU5,500,500,3
3506.957856357319,ARPU5,500,500,3
5008.040600271573,ARPU5,500,500,3
303.07127584167813,ARPU5,500,500,3
2657.8895725741504,ARPU5,500,500,3
541.376697127038,ARPU5,500,500,3
5180.773652733432,ARPU5,500,500,3
5348.200783012225,ARPU5,500,500,3
1348.570862107733,ARPU5,500,500,3
3852.7989097756717,ARPU5,500,500,3
6174.922641567954,ARPU5,500,500,3
124.16446966521599,ARPU5,500,500,3
1193.3884293189333,ARPU5,500,500,3
434.41185689062223,ARPU8,500,500,3
872.2411786347448,ARPU8,500,500,3
65.569227878896,ARPU8,500,500,3
3613.602504951119,ARPU8,500,500,3
535.9059117939892,ARPU8,500,500,3
28.31927250772621,ARPU8,500,500,3
181.54327976959996,ARPU8,500,500,3
1749.1195314664967,ARPU8,500,500,3
289.8224529558026,ARPU8,500,500,3
2953.631162493326,ARPU8,500,500,3
135.7319796156,ARPU8,500,500,3
162.49462539707733,ARPU8,500,500,3
20.399556358312882,ARPU8,500,500,3
354.96012701582214,ARPU8,500,500,3
249.90664699590945,ARPU8,500,500,3
257.97572556639994,ARPU8,500,500,3
5086.050731629164,ARPU8,500,500,3
2731.492635622811,ARPU8,500,500,3
5335.970881204312,ARPU8,500,500,3
157.15021335995556,ARPU8,500,500,3
374.9285721262648,ARPU9,500,500,3
175.76843571113957,ARPU9,500,500,3
3973.5167770241974,ARPU9,500,500,3
1234.8097592232896,ARPU9,500,500,3
995.1589363409054,ARPU9,500,500,3
65.74940801414935,ARPU9,500,500,3
2255.0708378955665,ARPU9,500,500,3
3226.847090707733,ARPU9,500,500,3
422.7272960126223,ARPU9,500,500,3
590.3486395112516,ARPU9,500,500,3
4573.409213422906,ARPU9,500,500,3
307.00086059319295,ARPU9,500,500,3
3932.9213545679936,ARPU9,500,500,3
222.70306108199824,ARPU9,500,500,3
6130.955985044025,ARPU9,500,500,3
472.7834928189848,ARPU9,500,500,3
5269.631792790615,ARPU9,500,500,3
3373.8940013643914,ARPU9,500,500,3
653.3484312712371,ARPU9,500,500,3
3834.6851721476114,ARPU9,500,500,3
2767.0501356106256,ARRA,500,500,3
567.2278214973852,ARRA,500,500,3
2004.234488528639,ARRA,500,500,3
2049.9550271423986,ARRA,500,500,3
535.2855775951626,ARRA,500,500,3
3291.891695470585,ARRA,500,500,3
84.72005698645158,ARRA,500,500,3
1477.587177729984,ARRA,500,500,3
745.7952019384162,ARRA,500,500,3
1406.3458700688996,ARRA,500,500,3
680.7115889791556,ARRA,500,500,3
189.0750010290916,ARRA,500,500,3
193.96804371063288,ARRA,500,500,3
1384.6094785999633,ARRA,500,500,3
147.86054018269158,ARRA,500,500,3
577.5906298451556,ARRA,500,500,3
1105.8156518478222,ARRA,500,500,3
668.0697321079396,ARRA,500,500,3
1070.8206890022113,ARRA,500,500,3
75.44107692778488,ARRA,500,500,3
623.851511297593,ARRE6,500,500,3
532.100903098304,ARRE6,500,500,3
3685.8102198669585,ARRE6,500,500,3
255.17225663443733,ARRE6,500,500,3
717.9901365762563,ARRE6,500,500,3
459.25796772209605,ARRE6,500,500,3
171.19949301364613,ARRE6,500,500,3
1353.180048780452,ARRE6,500,500,3
1256.6371108999097,ARRE6,500,500,3
271.3063041983999,ARRE6,500,500,3
320.9903589999999,ARRE6,500,500,3
381.3035996487094,ARRE6,500,500,3
1347.1709569192888,ARRE6,500,500,3
1123.0829718168159,ARRE6,500,500,3
679.8661862371395,ARRE6,500,500,3
80.09510425796262,ARRE6,500,500,3
2524.7040074304773,ARRE6,500,500,3
610.9099839246222,ARRE6,500,500,3
2562.777660234621,ARRE6,500,500,3
699.2275836988426,ARRE6,500,500,3
1816.7322765738218,ARRU4,500,500,3
364.9005060478221,ARRU4,500,500,3
919.3930802195894,ARRU4,500,500,3
730.4363444964106,ARRU4,500,500,3
2610.0796891807126,ARRU4,500,500,3
2453.0144042627985,ARRU4,500,500,3
4446.527227029886,ARRU4,500,500,3
153.515009023289,ARRU4,500,500,3
228.70543810771736,ARRU4,500,500,3
1887.3778331468159,ARRU4,500,500,3
112.67127243703288,ARRU4,500,500,3
296.74434685518924,ARRU4,500,500,3
2632.8406465945445,ARRU4,500,500,3
699.5652214804192,ARRU4,500,500,3
1981.579564688197,ARRU4,500,500,3
3145.468103131077,ARRU4,500,500,3
352.7278919756641,ARRU4,500,500,3
275.02556890124623,ARRU4,500,500,3
666.8376344931554,ARRU4,500,500,3
363.33883899228255,ARRU4,500,500,3
1140.70407424546,ARSA5,500,500,3
4848.11707935249,ARSA5,500,500,3
337.2820304058862,ARSA5,500,500,3
3343.718574364584,ARSA5,500,500,3
2919.7386570069334,ARSA5,500,500,3
407.0985455699556,ARSA5,500,500,3
743.1943353642381,ARSA5,500,500,3
1584.7072501102919,ARSA5,500,500,3
522.7824959509333,ARSA5,500,500,3
2509.084455716762,ARSA5,500,500,3
5222.695761688533,ARSA5,500,500,3
1629.6934853646774,ARSA5,500,500,3
1064.934237439572,ARSA5,500,500,3
3245.6883166045704,ARSA5,500,500,3
1867.4916083988885,ARSA5,500,500,3
1310.6965251293852,ARSA5,500,500,3
3070.7556319084783,ARSA5,500,500,3
422.56364342115546,ARSA5,500,500,3
3397.7937474053515,ARSA5,500,500,3
1211.5482030369499,ARSA5,500,500,3
578.8973177163928,ARSC,500,500,3
38.98376114323733,ARSC,500,500,3
341.72917996262214,ARSC,500,500,3
268.4519372065974,ARSC,500,500,3
3041.6323777638336,ARSC,500,500,3
600.2621508231397,ARSC,500,500,3
2438.4570322035984,ARSC,500,500,3
321.61567439799273,ARSC,500,500,3
1706.1390557410912,ARSC,500,500,3
3644.3570184337004,ARSC,500,500,3
946.0965360348997,ARSC,500,500,3
125.64347050862933,ARSC,500,500,3
2345.292229814925,ARSC,500,500,3
820.296989573744,ARSC,500,500,3
3312.6246316301585,ARSC,500,500,3
145.62330591111817,ARSC,500,500,3
1375.286016987589,ARSC,500,500,3
1796.05986648234,ARSC,500,500,3
3431.629775320104,ARSC,500,500,3
310.6087275406063,ARSC,500,500,3
396.65664265065067,ARSE2,500,500,3
7.610045566400001,ARSE2,500,500,3
2809.722413381859,ARSE2,500,500,3
2894.03833272889,ARSE2,500,500,3
3204.6022394878223,ARSE2,500,500,3
78.3694325898222,ARSE2,500,500,3
1665.58327923313,ARSE2,500,500,3
1996.229581441733,ARSE2,500,500,3
9.333461100366224,ARSE2,500,500,3
1852.146962152319,ARSE2,500,500,3
543.1449334122223,ARSE2,500,500,3
634.4230994218651,ARSE2,500,500,3
240.63013507135832,ARSE2,500,500,3
3057.8055687284877,ARSE2,500,500,3
4078.3028414745527,ARSE2,500,500,3
99.23916132385959,ARSE2,500,500,3
1322.0314977283979,ARSE2,500,500,3
287.696809094896,ARSE2,500,500,3
5924.16868120431,ARSE2,500,500,3
926.437696609956,ARSE2,500,500,3
2105.6456992419394,ARSE3,500,500,3
3494.954493221289,ARSE3,500,500,3
163.2806998952515,ARSE3,500,500,3
849.0688741332893,ARSE3,500,500,3
554.0220562401975,ARSE3,500,500,3
1358.693941701033,ARSE3,500,500,3
1776.0244445169335,ARSE3,500,500,3
3476.6470622167053,ARSE3,500,500,3
181.2427526258916,ARSE3,500,500,3
54.104754617678225,ARSE3,500,500,3
960.7967428686916,ARSE3,500,500,3
3855.672462530213,ARSE3,500,500,3
1470.0642759929437,ARSE3,500,500,3
301.055600048185,ARSE3,500,500,3
334.82568992183286,ARSE3,500,500,3
26.221505199955548,ARSE3,500,500,3
634.4285391333759,ARSE3,500,500,3
1784.6775250107091,ARSE3,500,500,3
1746.4103188956003,ARSE3,500,500,3
1147.5127764605847,ARSE3,500,500,3
3996.672750803184,ARSE4,500,500,3
531.6450497619182,ARSE4,500,500,3
1399.8571420116464,ARSE4,500,500,3
590.8083217885794,ARSE4,500,500,3
3512.150620194971,ARSE4,500,500,3
230.6257002675182,ARSE4,500,500,3
381.18833680494936,ARSE4,500,500,3
309.7627277181706,ARSE4,500,500,3
1396.1262888531558,ARSE4,500,500,3
117.05588531022936,ARSE4,500,500,3
242.33167450452618,ARSE4,500,500,3
710.6449455429529,ARSE4,500,500,3
1313.1226581225792,ARSE4,500,500,3
3593.4325487600004,ARSE4,500,500,3
378.27506277204617,ARSE4,500,500,3
1695.1879424047709,ARSE4,500,500,3
1064.760066913536,ARSE4,500,500,3
647.1448062875716,ARSE4,500,500,3
1260.7510615829317,ARSE4,500,500,3
606.1422070348515,ARSE4,500,500,3
702.5348463057334,ARSE8,500,500,3
808.1374557214648,ARSE8,500,500,3
153.5891802455307,ARSE8,500,500,3
2216.4876215443833,ARSE8,500,500,3
1870.6656727908949,ARSE8,500,500,3
611.3543384369332,ARSE8,500,500,3
1285.2950229293797,ARSE8,500,500,3
322.4019815666915,ARSE8,500,500,3
138.6714845741493,ARSE8,500,500,3
50.64925574540623,ARSE8,500,500,3
1039.023327449385,ARSE8,500,500,3
2048.2643277524467,ARSE8,500,500,3
81.67752266527287,ARSE8,500,500,3
166.37004129171734,ARSE8,500,500,3
1673.7626613258242,ARSE8,500,500,3
163.71029866666666,ARSE8,500,500,3
1410.2968541839628,ARSE8,500,500,3
29.951333994266665,ARSE8,500,500,3
897.6959744285581,ARSE8,500,500,3
149.94171971975823,ARSE8,500,500,3
1354.7802825951555,ARSP2,500,500,3
781.4865264220997,ARSP2,500,500,3
465.93734406382214,ARSP2,500,500,3
1407.5306112991552,ARSP2,500,500,3
2156.2584657385173,ARSP2,500,500,3
4988.277415015821,ARSP2,500,500,3
929.3645866478861,ARSP2,500,500,3
3076.073537313734,ARSP2,500,500,3
394.77978261188275,ARSP2,500,500,3
817.7372843810058,ARSP2,500,500,3
419.6909015369316,ARSP2,500,500,3
2041.5737239865439,ARSP2,500,500,3
3178.93210864111,ARSP2,500,500,3
505.10709490169614,ARSP2,500,500,3
182.88199107666492,ARSP2,500,500,3
4355.435171651752,ARSP2,500,500,3
560.1645917882862,ARSP2,500,500,3
413.17309461486957,ARSP2,500,500,3
6008.228333032174,ARSP2,500,500,3
3558.102995075839,ARSP2,500,500,3
6316.960567625132,ARSP3,500,500,3
341.4457305693227,ARSP3,500,500,3
1126.7645716321847,ARSP3,500,500,3
5981.573826651814,ARSP3,500,500,3
1858.4642341977574,ARSP3,500,500,3
5303.987876645005,ARSP3,500,500,3
34.49346313385955,ARSP3,500,500,3
101.94248249582219,ARSP3,500,500,3
1081.9963389667396,ARSP3,500,500,3
513.6012503672889,ARSP3,500,500,3
663.5680565634776,ARSP3,500,500,3
7040.159083926821,ARSP3,500,500,3
3793.3114822078883,ARSP3,500,500,3
5975.511321279274,ARSP3,500,500,3
1295.2004910164883,ARSP3,500,500,3
543.2177073574117,ARSP3,500,500,3
2890.300986651811,ARSP3,500,500,3
4675.71570349703,ARSP3,500,500,3
746.9006452048907,ARSP3,500,500,3
380.77811653431286,ARSP3,500,500,3
2169.077164969726,ARST2,500,500,3
113.22487332671821,ARST2,500,500,3
783.0252940245263,ARST2,500,500,3
520.3929399066668,ARST2,500,500,3
3711.3324043333346,ARST2,500,500,3
1111.3493697676784,ARST2,500,500,3
410.1536182724107,ARST2,500,500,3
2989.6357655443835,ARST2,500,500,3
346.6329223169262,ARST2,500,500,3
486.12403054741173,ARST2,500,500,3
143.88410598564266,ARST2,500,500,3
1758.8164704947185,ARST2,500,500,3
151.11966621866486,ARST2,500,500,3
3167.041850245886,ARST2,500,500,3
3907.509889079026,ARST2,500,500,3
4953.428261627705,ARST2,500,500,3
1681.2657277259095,ARST2,500,500,3
164.8781606655555,ARST2,500,500,3
241.3767500287981,ARST2,500,500,3
2443.7596426197265,ARST2,500,500,3
121.63098658975291,ARST5,500,500,3
5035.856640107457,ARST5,500,500,3
2382.702530905911,ARST5,500,500,3
341.54955916825594,ARST5,500,500,3
3685.749829472199,ARST5,500,500,3
4697.357075926892,ARST5,500,500,3
5700.790977808283,ARST5,500,500,3
7306.478433066488,ARST5,500,500,3
258.75624726726426,ARST5,500,500,3
53.82188753577959,ARST5,500,500,3
2023.4812738057233,ARST5,500,500,3
3854.7306577552777,ARST5,500,500,3
7073.836851241786,ARST5,500,500,3
1823.562376005332,ARST5,500,500,3
158.3740682956515,ARST5,500,500,3
2825.3224308440726,ARST5,500,500,3
4522.713226998549,ARST5,500,500,3
3046.100174776091,ARST5,500,500,3
898.944338495118,ARST5,500,500,3
116.53132951201951,ARST5,500,500,3
2113.3664981892116,ARST6,500,500,3
3707.744840887109,ARST6,500,500,3
263.33810065228613,ARST6,500,500,3
3474.048016603732,ARST6,500,500,3
4537.732883881787,ARST6,500,500,3
4677.307844421858,ARST6,500,500,3
2482.262717231358,ARST6,500,500,3
4703.767178859378,ARST6,500,500,3
58.46551836159997,ARST6,500,500,3
3251.4549108527717,ARST6,500,500,3
494.2186212362508,ARST6,500,500,3
2864.4148799436716,ARST6,500,500,3
4002.3492579942335,ARST6,500,500,3
3103.283046231877,ARST6,500,500,3
1680.739193748132,ARST6,500,500,3
658.8393153250829,ARST6,500,500,3
3494.441314513059,ARST6,500,500,3
3527.226515460179,ARST6,500,500,3
3228.5434274254053,ARST6,500,500,3
438.4731433975446,ARST6,500,500,3
232.26991912315552,ARTE3,500,500,3
3884.053835055914,ARTE3,500,500,3
2022.3010808183458,ARTE3,500,500,3
1700.2338578543993,ARTE3,500,500,3
4003.4670648410865,ARTE3,500,500,3
298.9190519988888,ARTE3,500,500,3
57.553161317957354,ARTE3,500,500,3
3361.1092209243984,ARTE3,500,500,3
3103.1766992790026,ARTE3,500,500,3
1534.664765318251,ARTE3,500,500,3
2303.3868151429047,ARTE3,500,500,3
2491.9681831900157,ARTE3,500,500,3
2249.1437279216007,ARTE3,500,500,3
4342.087678662398,ARTE3,500,500,3
1047.6649613201757,ARTE3,500,500,3
646.6079915458115,ARTE3,500,500,3
2546.544565941732,ARTE3,500,500,3
123.86130319718399,ARTE3,500,500,3
136.49235249202482,ARTE3,500,500,3
525.0863169147574,ARTE3,500,500,3
317.25599262367297,ARTE4,500,500,3
4118.743264745585,ARTE4,500,500,3
4985.14843452495,ARTE4,500,500,3
3318.4792814864904,ARTE4,500,500,3
72.48997844388268,ARTE4,500,500,3
315.747590798784,ARTE4,500,500,3
958.5903590053259,ARTE4,500,500,3
94.60703061141155,ARTE4,500,500,3
6352.770090574075,ARTE4,500,500,3
139.06381958526399,ARTE4,500,500,3
3215.740290666659,ARTE4,500,500,3
4551.891822325247,ARTE4,500,500,3
3613.2537282634653,ARTE4,500,500,3
2539.639854591886,ARTE4,500,500,3
891.9127444675623,ARTE4,500,500,3
577.0136126157494,ARTE4,500,500,3
914.0232018559553,ARTE4,500,500,3
5125.959155230507,ARTE4,500,500,3
4727.683074378622,ARTE4,500,500,3
69.76089612172622,ARTE4,500,500,3
1286.83935965002,ARTH,500,500,3
674.6369639824426,ARTH,500,500,3
960.1763375786227,ARTH,500,500,3
3656.4165626376375,ARTH,500,500,3
453.70148627562486,ARTH,500,500,3
94.55793813950399,ARTH,500,500,3
847.7530384259394,ARTH,500,500,3
237.00943960021146,ARTH,500,500,3
145.9628286157493,ARTH,500,500,3
921.0818065050669,ARTH,500,500,3
804.6009910159361,ARTH,500,500,3
203.31365278428274,ARTH,500,500,3
18.727101225749337,ARTH,500,500,3
2199.6842734673855,ARTH,500,500,3
1994.8599902175129,ARTH,500,500,3
1044.0270492629336,ARTH,500,500,3
924.9488399195999,ARTH,500,500,3
965.0682082744887,ARTH,500,500,3
269.6039575822221,ARTH,500,500,3
1882.2781188522647,ARTH,500,500,3
1294.6435386641006,ARTO,500,500,3
637.0787320062863,ARTO,500,500,3
687.4397592815999,ARTO,500,500,3
965.5178024590061,ARTO,500,500,3
1500.2515194264456,ARTO,500,500,3
2528.415082698011,ARTO,500,500,3
110.2971582986222,ARTO,500,500,3
197.83102619332269,ARTO,500,500,3
2173.290546158079,ARTO,500,500,3
2165.407919052286,ARTO,500,500,3
968.4197224206221,ARTO,500,500,3
1552.8345226024899,ARTO,500,500,3
1236.210361003092,ARTO,500,500,3
1281.9751704259131,ARTO,500,500,3
3673.3931963348186,ARTO,500,500,3
3064.8565919112384,ARTO,500,500,3
1529.976112075945,ARTO,500,500,3
715.0734931278226,ARTO,500,500,3
316.7748517402862,ARTO,500,500,3
3043.476583113273,ARTO,500,500,3
516.1374199999557,ARTO3,500,500,3
342.252352510576,ARTO3,500,500,3
414.6583256110061,ARTO3,500,500,3
2798.8332206149335,ARTO3,500,500,3
2688.567384018629,ARTO3,500,500,3
158.56189599655823,ARTO3,500,500,3
558.491725536766,ARTO3,500,500,3
206.83793805395737,ARTO3,500,500,3
502.02721976315576,ARTO3,500,500,3
522.1827387668195,ARTO3,500,500,3
177.8520285943449,ARTO3,500,500,3
3101.1004620995386,ARTO3,500,500,3
746.3882389063394,ARTO3,500,500,3
633.7318494641048,ARTO3,500,500,3
459.8807202437973,ARTO3,500,500,3
863.5305913206324,ARTO3,500,500,3
60.629134340266674,ARTO3,500,500,3
74.45223222101158,ARTO3,500,500,3
224.06039247692624,ARTO3,500,500,3
148.81892738098477,ARTO3,500,500,3
426.87736273885145,ARTR,500,500,3
5499.727611117211,ARTR,500,500,3
1507.6858975057853,ARTR,500,500,3
4993.618551789823,ARTR,500,500,3
109.49805687686933,ARTR,500,500,3
513.7766699526383,ARTR,500,500,3
906.9239636944781,ARTR,500,500,3
156.26630292048887,ARTR,500,500,3
913.8390798196908,ARTR,500,500,3
201.10755796330488,ARTR,500,500,3
2983.661929315777,ARTR,500,500,3
46.19348848528889,ARTR,500,500,3
457.7165278059359,ARTR,500,500,3
2448.2820649188957,ARTR,500,500,3
789.9723682101975,ARTR,500,500,3
354.2611130290916,ARTR,500,500,3
1721.9113412346594,ARTR,500,500,3
2175.1633636742827,ARTR,500,500,3
193.21534271035736,ARTR,500,500,3
2364.6077613822226,ARTR,500,500,3
1715.5083862400002,ARTU,500,500,3
1590.4641600099553,ARTU,500,500,3
199.3475154984889,ARTU,500,500,3
1178.1890225119555,ARTU,500,500,3
201.22435991551296,ARTU,500,500,3
231.8626078094506,ARTU,500,500,3
3091.7340435955043,ARTU,500,500,3
470.3721605612375,ARTU,500,500,3
813.217808085838,ARTU,500,500,3
432.8129371704885,ARTU,500,500,3
800.6930273819712,ARTU,500,500,3
2826.134877326499,ARTU,500,500,3
919.8593100024891,ARTU,500,500,3
411.3147177261494,ARTU,500,500,3
1295.6263961702666,ARTU,500,500,3
989.4197293715181,ARTU,500,500,3
205.63461913633955,ARTU,500,500,3
3827.712060545064,ARTU,500,500,3
555.7992535883094,ARTU,500,500,3
526.473596566464,ARTU,500,500,3
1054.8830850723398,ARUN4,500,500,3
442.06380992049606,ARUN4,500,500,3
2753.5134029362566,ARUN4,500,500,3
3008.0523507732873,ARUN4,500,500,3
32.38238655377066,ARUN4,500,500,3
307.58810918905584,ARUN4,500,500,3
1027.7163741418383,ARUN4,500,500,3
1593.4517038888887,ARUN4,500,500,3
445.031092753136,ARUN4,500,500,3
69.264475690864,ARUN4,500,500,3
1409.252302104171,ARUN4,500,500,3
365.8180952060427,ARUN4,500,500,3
706.4565128799554,ARUN4,500,500,3
1043.935233885822,ARUN4,500,500,3
1941.0424784004106,ARUN4,500,500,3
1186.8178866397707,ARUN4,500,500,3
1982.8855647038868,ARUN4,500,500,3
55.75538399715555,ARUN4,500,500,3
2992.795771464447,ARUN4,500,500,3
424.01917000848897,ARUN4,500,500,3
2425.407896385252,ARUV,500,500,3
119.13505201628267,ARUV,500,500,3
3219.3546041202912,ARUV,500,500,3
2231.4182394530835,ARUV,500,500,3
3785.341987727955,ARUV,500,500,3
1580.841474826366,ARUV,500,500,3
1412.6834000398223,ARUV,500,500,3
1754.0939459549584,ARUV,500,500,3
5418.115361456669,ARUV,500,500,3
4849.638684724391,ARUV,500,500,3
2058.1559785299546,ARUV,500,500,3
4053.827686647743,ARUV,500,500,3
226.134833224185,ARUV,500,500,3
1043.6349625251835,ARUV,500,500,3
4661.7411366234355,ARUV,500,500,3
4851.692942222221,ARUV,500,500,3
891.6277204166663,ARUV,500,500,3
4230.324314382065,ARUV,500,500,3
906.7260756508994,ARUV,500,500,3
2540.2529195811553,ARUV,500,500,3
1512.9546741707666,ARVA,500,500,3
559.557834730603,ARVA,500,500,3
353.5036800819182,ARVA,500,500,3
1018.4065975354598,ARVA,500,500,3
116.62716923681953,ARVA,500,500,3
2701.050844107939,ARVA,500,500,3
1613.2627735844906,ARVA,500,500,3
1016.1739514320194,ARVA,500,500,3
365.15668395505594,ARVA,500,500,3
1297.2846539257441,ARVA,500,500,3
2087.2334934561,ARVA,500,500,3
3631.7909181077043,ARVA,500,500,3
370.5187888507449,ARVA,500,500,3
1723.398189241913,ARVA,500,500,3
302.5387609101583,ARVA,500,500,3
1481.651766364843,ARVA,500,500,3
1371.6376385599997,ARVA,500,500,3
717.8584881322225,ARVA,500,500,3
432.16548257586527,ARVA,500,500,3
247.06280005233057,ARVA,500,500,3
1189.5606984549531,ARVU,500,500,3
1033.721839286526,ARVU,500,500,3
1183.119949644771,ARVU,500,500,3
1173.6884146453044,ARVU,500,500,3
652.4632151499666,ARVU,500,500,3
6902.4484583793,ARVU,500,500,3
4011.236009619155,ARVU,500,500,3
4329.128634897571,ARVU,500,500,3
1656.3875765403998,ARVU,500,500,3
2345.6738409652876,ARVU,500,500,3
5400.287985705174,ARVU,500,500,3
1140.8608863479178,ARVU,500,500,3
294.69629606995744,ARVU,500,500,3
820.1305945284106,ARVU,500,500,3
183.13984263640003,ARVU,500,500,3
953.9773717439556,ARVU,500,500,3
2339.874491988336,ARVU,500,500,3
7215.79794244258,ARVU,500,500,3
1076.854266645931,ARVU,500,500,3
4938.117254351146,ARVU,500,500,3
531.4638695912104,ARXA80,500,500,3
3031.371950847822,ARXA80,500,500,3
1771.3445160488889,ARXA80,500,500,3
1382.8678612581532,ARXA80,500,500,3
985.6818010000197,ARXA80,500,500,3
4646.306032612222,ARXA80,500,500,3
1926.9491457887125,ARXA80,500,500,3
1002.0752368402328,ARXA80,500,500,3
2691.567000931299,ARXA80,500,500,3
1396.194265997993,ARXA80,500,500,3
247.2269235454861,ARXA80,500,500,3
3337.6197801373005,ARXA80,500,500,3
7467.0012907785795,ARXA80,500,500,3
1560.4442825146598,ARXA80,500,500,3
4919.047093958933,ARXA80,500,500,3
1333.756152592411,ARXA80,500,500,3
4571.347468472445,ARXA80,500,500,3
353.61656565523725,ARXA80,500,500,3
649.621624839593,ARXA80,500,500,3
2280.955496658197,ARXA80,500,500,3
1747.9089319865443,ASAE3,500,500,3
992.4428771335662,ASAE3,500,500,3
512.5606809870914,ASAE3,500,500,3
1750.5229119518556,ASAE3,500,500,3
434.6325372283573,ASAE3,500,500,3
2001.536056948899,ASAE3,500,500,3
1502.1298629758219,ASAE3,500,500,3
4944.09636991,ASAE3,500,500,3
1564.4818852866774,ASAE3,500,500,3
3693.44961726481,ASAE3,500,500,3
2523.8252297321797,ASAE3,500,500,3
2943.921416588623,ASAE3,500,500,3
584.8670561707361,ASAE3,500,500,3
5478.969463887759,ASAE3,500,500,3
3513.0739224744893,ASAE3,500,500,3
3702.125965079806,ASAE3,500,500,3
520.189631753664,ASAE3,500,500,3
484.22272308522497,ASAE3,500,500,3
2978.679757776716,ASAE3,500,500,3
1708.247735536852,ASAE3,500,500,3
3130.7212054558645,ASAG2,500,500,3
1300.2116366242062,ASAG2,500,500,3
22.728975987456018,ASAG2,500,500,3
111.21839425905603,ASAG2,500,500,3
1253.0458246944422,ASAG2,500,500,3
7243.779133594104,ASAG2,500,500,3
19.35293074982222,ASAG2,500,500,3
133.32112757068623,ASAG2,500,500,3
40.04273831000002,ASAG2,500,500,3
512.0418395519981,ASAG2,500,500,3
2510.8544090854116,ASAG2,500,500,3
94.71415475681947,ASAG2,500,500,3
2692.4243320767127,ASAG2,500,500,3
135.83945180995556,ASAG2,500,500,3
296.8791505723999,ASAG2,500,500,3
85.77481281723733,ASAG2,500,500,3
3082.130167515619,ASAG2,500,500,3
2478.072199455886,ASAG2,500,500,3
100.31961962217069,ASAG2,500,500,3
196.246867517296,ASAG2,500,500,3
110.6335465098222,ASAL3,500,500,3
852.1664250624,ASAL3,500,500,3
4525.584835313834,ASAL3,500,500,3
10743.210013122685,ASAL3,500,500,3
5093.866880658196,ASAL3,500,500,3
1501.874867053824,ASAL3,500,500,3
2372.7529997441707,ASAL3,500,500,3
755.5693512510862,ASAL3,500,500,3
6613.6609169550065,ASAL3,500,500,3
338.841743891824,ASAL3,500,500,3
256.4974333959663,ASAL3,500,500,3
1320.2867932400002,ASAL3,500,500,3
2022.876474777884,ASAL3,500,500,3
2369.7975960681215,ASAL3,500,500,3
3594.6021402700703,ASAL3,500,500,3
1758.738951515584,ASAL3,500,500,3
825.919694048638,ASAL3,500,500,3
724.9296683924889,ASAL3,500,500,3
1273.307609217733,ASAL3,500,500,3
8672.757555555158,ASAL3,500,500,3
2970.260112555647,ASAL7,500,500,3
287.0914898442508,ASAL7,500,500,3
461.4765391090062,ASAL7,500,500,3
2172.5438947067714,ASAL7,500,500,3
62.65099855110936,ASAL7,500,500,3
628.2916997410065,ASAL7,500,500,3
86.24757553759999,ASAL7,500,500,3
603.4708762551181,ASAL7,500,500,3
4194.083815286443,ASAL7,500,500,3
99.89502161234488,ASAL7,500,500,3
1021.7856532525793,ASAL7,500,500,3
461.536047177584,ASAL7,500,500,3
747.3702969190667,ASAL7,500,500,3
134.10819266965152,ASAL7,500,500,3
638.7040709560252,ASAL7,500,500,3
1036.5959530149528,ASAL7,500,500,3
2391.2435908872476,ASAL7,500,500,3
1637.2131219723094,ASAL7,500,500,3
800.1803500245265,ASAL7,500,500,3
1247.3276496291398,ASAL7,500,500,3
766.6374557155553,ASAM,500,500,3
677.0377501575093,ASAM,500,500,3
257.60889957318403,ASAM,500,500,3
6657.140317444549,ASAM,500,500,3
188.94566591092627,ASAM,500,500,3
351.4293823427397,ASAM,500,500,3
396.00679788458496,ASAM,500,500,3
206.90065595198405,ASAM,500,500,3
759.1110647778116,ASAM,500,500,3
5114.271809114444,ASAM,500,500,3
718.1017263544888,ASAM,500,500,3
2637.438420365224,ASAM,500,500,3
713.0833554619096,ASAM,500,500,3
2780.676355825833,ASAM,500,500,3
6012.636915044934,ASAM,500,500,3
174.95097638857948,ASAM,500,500,3
203.8873801669334,ASAM,500,500,3
662.2574824166329,ASAM,500,500,3
7547.135594887677,ASAM,500,500,3
1863.1581030414509,ASAM,500,500,3
2462.759738943955,ASAM3,500,500,3
289.9985672095129,ASAM3,500,500,3
2339.696631412793,ASAM3,500,500,3
167.22475156755738,ASAM3,500,500,3
1137.9248039773584,ASAM3,500,500,3
193.64425502497966,ASAM3,500,500,3
243.7613307871556,ASAM3,500,500,3
670.1182630269849,ASAM3,500,500,3
44.33905912639822,ASAM3,500,500,3
404.7692870947396,ASAM3,500,500,3
2116.0054540854026,ASAM3,500,500,3
283.7244014813797,ASAM3,500,500,3
279.34025805481957,ASAM3,500,500,3
180.37664224732268,ASAM3,500,500,3
84.30225043369956,ASAM3,500,500,3
828.1570238247178,ASAM3,500,500,3
452.7913116696959,ASAM3,500,500,3
330.3573879868997,ASAM3,500,500,3
695.393165250985,ASAM3,500,500,3
162.49623428248887,ASAM3,500,500,3
375.65615935367805,ASAN2,500,500,3
382.0909846808462,ASAN2,500,500,3
3851.5923824969223,ASAN2,500,500,3
131.7412077069582,ASAN2,500,500,3
135.24797124230938,ASAN2,500,500,3
179.8622599957316,ASAN2,500,500,3
100.87016092893155,ASAN2,500,500,3
810.2222870188784,ASAN2,500,500,3
221.19646659268273,ASAN2,500,500,3
1147.5220531196996,ASAN2,500,500,3
140.11922506555558,ASAN2,500,500,3
2260.74817437218,ASAN2,500,500,3
5347.717480481955,ASAN2,500,500,3
2442.8531002740456,ASAN2,500,500,3
3309.9374684820186,ASAN2,500,500,3
109.64347082506667,ASAN2,500,500,3
2405.2200219669335,ASAN2,500,500,3
121.54995943180623,ASAN2,500,500,3
321.3220152359664,ASAN2,500,500,3
101.66173066631819,ASAN2,500,500,3
2908.9738283583124,ASAR,500,500,3
6729.305215506901,ASAR,500,500,3
329.99769263860605,ASAR,500,500,3
507.4996844777793,ASAR,500,500,3
1812.07675338666,ASAR,500,500,3
291.8163497057849,ASAR,500,500,3
330.94708527950945,ASAR,500,500,3
1231.3704225877336,ASAR,500,500,3
676.6568474982384,ASAR,500,500,3
523.250843635184,ASAR,500,500,3
796.1334751305797,ASAR,500,500,3
241.5635751138916,ASAR,500,500,3
3051.316896282025,ASAR,500,500,3
144.44821692883727,ASAR,500,500,3
1310.680104959403,ASAR,500,500,3
1207.6402412620782,ASAR,500,500,3
4856.315058520817,ASAR,500,500,3
706.7403999271658,ASAR,500,500,3
1216.9468468098773,ASAR,500,500,3
1343.4306526478217,ASAR,500,500,3
1704.3690610443307,ASAS,500,500,3
475.6968825909971,ASAS,500,500,3
2735.792701606677,ASAS,500,500,3
3525.635149800895,ASAS,500,500,3
4637.037949104979,ASAS,500,500,3
762.0236813028108,ASAS,500,500,3
6918.209302442496,ASAS,500,500,3
6708.807636452238,ASAS,500,500,3
2468.7798280309316,ASAS,500,500,3
3852.690618920447,ASAS,500,500,3
1975.8166857499996,ASAS,500,500,3
4520.0328044082335,ASAS,500,500,3
156.6346813297333,ASAS,500,500,3
2495.9229648609844,ASAS,500,500,3
3720.288006620096,ASAS,500,500,3
2902.414696282025,ASAS,500,500,3
715.8219226176783,ASAS,500,500,3
3767.8863491836523,ASAS,500,500,3
2738.8342205953704,ASAS,500,500,3
1976.8595889671399,ASAS,500,500,3
105.58050374484621,ASAS4,500,500,3
6669.842761991169,ASAS4,500,500,3
1393.0437396095995,ASAS4,500,500,3
416.16628392874486,ASAS4,500,500,3
2427.2429868743034,ASAS4,500,500,3
3851.607022759424,ASAS4,500,500,3
2666.081215212203,ASAS4,500,500,3
1065.505620867838,ASAS4,500,500,3
771.5452340300156,ASAS4,500,500,3
4410.80717225105,ASAS4,500,500,3
692.1969944354064,ASAS4,500,500,3
44.35244543145954,ASAS4,500,500,3
159.4975149824,ASAS4,500,500,3
3273.1520587369246,ASAS4,500,500,3
3358.1784460019976,ASAS4,500,500,3
228.76162264476267,ASAS4,500,500,3
22.53648265226667,ASAS4,500,500,3
527.1892822471043,ASAS4,500,500,3
50.434753326277324,ASAS4,500,500,3
564.6960216760248,ASAS4,500,500,3
206.52991596364626,ASAU4,500,500,3
854.0430213030666,ASAU4,500,500,3
483.91596531797165,ASAU4,500,500,3
71.57080527182934,ASAU4,500,500,3
4841.520531160919,ASAU4,500,500,3
165.75332492114484,ASAU4,500,500,3
117.25938812885161,ASAU4,500,500,3
177.88549588349156,ASAU4,500,500,3
127.04915999128885,ASAU4,500,500,3
430.6432631239039,ASAU4,500,500,3
206.92233466657962,ASAU4,500,500,3
1732.6467168488095,ASAU4,500,500,3
229.2541169571555,ASAU4,500,500,3
699.1665972409173,ASAU4,500,500,3
390.67937861033965,ASAU4,500,500,3
114.2828933182863,ASAU4,500,500,3
101.95316118485157,ASAU4,500,500,3
474.85451643545605,ASAU4,500,500,3
214.1839944666382,ASAU4,500,500,3
624.6832592925584,ASAU4,500,500,3
154.5119794122506,ASBE3,500,500,3
472.86820425173323,ASBE3,500,500,3
178.08561689777602,ASBE3,500,500,3
2005.780358369279,ASBE3,500,500,3
32.49624195657955,ASBE3,500,500,3
211.9598205943449,ASBE3,500,500,3
26.64132817436267,ASBE3,500,500,3
868.4269968877225,ASBE3,500,500,3
704.0143439864889,ASBE3,500,500,3
3831.0549693881576,ASBE3,500,500,3
3330.2354971732684,ASBE3,500,500,3
1225.9520962635927,ASBE3,500,500,3
2358.190129323504,ASBE3,500,500,3
156.49157256528883,ASBE3,500,500,3
503.96590029021144,ASBE3,500,500,3
683.150551527509,ASBE3,500,500,3
2143.988021100259,ASBE3,500,500,3
6196.237947460261,ASBE3,500,500,3
140.11073050982225,ASBE3,500,500,3
652.4462069021707,ASBE3,500,500,3
1712.6457429611444,ASBI2,500,500,3
892.4779291224457,ASBI2,500,500,3
7109.3741557593285,ASBI2,500,500,3
515.7640757026119,ASBI2,500,500,3
2946.595703124623,ASBI2,500,500,3
255.21686833333337,ASBI2,500,500,3
468.45251694058487,ASBI2,500,500,3
2433.535617469752,ASBI2,500,500,3
2045.9237179954325,ASBI2,500,500,3
550.7773419876959,ASBI2,500,500,3
4415.458427828052,ASBI2,500,500,3
5480.056365345275,ASBI2,500,500,3
836.149247929856,ASBI2,500,500,3
4691.204216211051,ASBI2,500,500,3
4075.1677806022385,ASBI2,500,500,3
3756.056557509114,ASBI2,500,500,3
2603.5507090844,ASBI2,500,500,3
93.94965928597156,ASBI2,500,500,3
681.8104556798222,ASBI2,500,500,3
433.87233041691746,ASBI2,500,500,3
146.64404204515566,ASBI4,500,500,3
1704.143319537776,ASBI4,500,500,3
3591.6582738513075,ASBI4,500,500,3
1530.9077126792463,ASBI4,500,500,3
1767.259719464384,ASBI4,500,500,3
1286.4280306309524,ASBI4,500,500,3
1162.1639478881266,ASBI4,500,500,3
1118.3168427898295,ASBI4,500,500,3
1598.479831083433,ASBI4,500,500,3
97.59548856247288,ASBI4,500,500,3
1107.8901338186226,ASBI4,500,500,3
48.787802651304894,ASBI4,500,500,3
52.349142727616005,ASBI4,500,500,3
2536.7758973494597,ASBI4,500,500,3
505.3858973216692,ASBI4,500,500,3
880.4995241483662,ASBI4,500,500,3
1540.2917388864778,ASBI4,500,500,3
2716.2521185569267,ASBI4,500,500,3
1158.0039760450825,ASBI4,500,500,3
287.3306263962667,ASBI4,500,500,3
392.8824325455575,ASBO2,500,500,3
3649.464978549289,ASBO2,500,500,3
1180.2155099270663,ASBO2,500,500,3
433.1853102076,ASBO2,500,500,3
411.2252013333316,ASBO2,500,500,3
8538.46814673681,ASBO2,500,500,3
217.26866799391289,ASBO2,500,500,3
202.38127726928886,ASBO2,500,500,3
148.7726982566667,ASBO2,500,500,3
3397.8118149502557,ASBO2,500,500,3
87.08111992433066,ASBO2,500,500,3
555.1543875812961,ASBO2,500,500,3
43.784225069822234,ASBO2,500,500,3
179.9287874680728,ASBO2,500,500,3
115.6206391352889,ASBO2,500,500,3
86.22033019807289,ASBO2,500,500,3
412.0694490779714,ASBO2,500,500,3
182.52020924806936,ASBO2,500,500,3
63.08527301862222,ASBO2,500,500,3
96.76191780317157,ASBO2,500,500,3
86.81830585026665,ASBR,500,500,3
453.9126110272783,ASBR,500,500,3
55.02209914623289,ASBR,500,500,3
3939.4802748085767,ASBR,500,500,3
362.11135302143293,ASBR,500,500,3
3782.789375513593,ASBR,500,500,3
4499.582663533822,ASBR,500,500,3
1060.2846349853849,ASBR,500,500,3
2594.777984369195,ASBR,500,500,3
2422.5123616878063,ASBR,500,500,3
2734.7513223009855,ASBR,500,500,3
1108.4635959996003,ASBR,500,500,3
1982.0841131067095,ASBR,500,500,3
2987.4985067940947,ASBR,500,500,3
1212.991278666745,ASBR,500,500,3
45.50023483647822,ASBR,500,500,3
1085.7484842716,ASBR,500,500,3
5236.141967094739,ASBR,500,500,3
349.8761365105759,ASBR,500,500,3
6302.578386828624,ASBR,500,500,3
379.1831073658594,ASBR2,500,500,3
3631.384389332983,ASBR2,500,500,3
2710.555350288853,ASBR2,500,500,3
1373.8678326477489,ASBR2,500,500,3
1246.9858084012783,ASBR2,500,500,3
3422.0664930401263,ASBR2,500,500,3
913.6507745727715,ASBR2,500,500,3
616.3684905130026,ASBR2,500,500,3
480.85761449606935,ASBR2,500,500,3
921.7058318259129,ASBR2,500,500,3
1926.3426043321588,ASBR2,500,500,3
483.59794126078424,ASBR2,500,500,3
3113.0733586602014,ASBR2,500,500,3
966.5436285206029,ASBR2,500,500,3
1200.4702980986865,ASBR2,500,500,3
1731.8430404968958,ASBR2,500,500,3
851.5110649864515,ASBR2,500,500,3
1215.6336149183994,ASBR2,500,500,3
1633.5673446607927,ASBR2,500,500,3
991.7862611469585,ASBR2,500,500,3
24.849717727059552,ASCA,500,500,3
1717.6915793002672,ASCA,500,500,3
1641.9648938144999,ASCA,500,500,3
1394.956396275883,ASCA,500,500,3
1241.5151748203928,ASCA,500,500,3
5404.161362768147,ASCA,500,500,3
1065.6982039639304,ASCA,500,500,3
647.7910758089316,ASCA,500,500,3
2784.8341272473576,ASCA,500,500,3
2450.7312105949864,ASCA,500,500,3
193.6396091085494,ASCA,500,500,3
3039.386176530475,ASCA,500,500,3
528.1897287185049,ASCA,500,500,3
1211.8384052807035,ASCA,500,500,3
3008.4448873905044,ASCA,500,500,3
674.9259113591398,ASCA,500,500,3
5533.282694565116,ASCA,500,500,3
1947.3502252384708,ASCA,500,500,3
185.13805846463816,ASCA,500,500,3
1418.4409727071557,ASCA,500,500,3
424.96671701246413,ASCA11,500,500,3
352.4175147958597,ASCA11,500,500,3
450.97540277412264,ASCA11,500,500,3
1619.278298271216,ASCA11,500,500,3
51.55592561062222,ASCA11,500,500,3
336.23135294011746,ASCA11,500,500,3
702.1807471024196,ASCA11,500,500,3
1558.0441631218062,ASCA11,500,500,3
372.9445266644889,ASCA11,500,500,3
1003.0458011144456,ASCA11,500,500,3
1783.5843349504,ASCA11,500,500,3
230.63654822890496,ASCA11,500,500,3
1297.1809513927396,ASCA11,500,500,3
792.6641645652888,ASCA11,500,500,3
391.12447560046934,ASCA11,500,500,3
2371.017721875371,ASCA11,500,500,3
4576.9019777986105,ASCA11,500,500,3
1470.363337384233,ASCA11,500,500,3
626.9500706485318,ASCA11,500,500,3
227.98374955303828,ASCA11,500,500,3
121.61993651057605,ASCE,500,500,3
167.41482150890488,ASCE,500,500,3
138.9438959288889,ASCE,500,500,3
731.7841520925706,ASCE,500,500,3
127.87597219959281,ASCE,500,500,3
114.01177950862225,ASCE,500,500,3
999.6733225159664,ASCE,500,500,3
2010.131545376666,ASCE,500,500,3
280.4244443950649,ASCE,500,500,3
770.9143606904892,ASCE,500,500,3
642.6578213463041,ASCE,500,500,3
761.0606068726826,ASCE,500,500,3
67.17801586457603,ASCE,500,500,3
31.704014816255995,ASCE,500,500,3
1426.5452655600004,ASCE,500,500,3
332.88418180169964,ASCE,500,500,3
195.42484128493334,ASCE,500,500,3
2175.964638365156,ASCE,500,500,3
1537.3417732048908,ASCE,500,500,3
1486.8002808727451,ASCE,500,500,3
2708.449605409066,ASCI4,500,500,3
2954.7543175385445,ASCI4,500,500,3
2419.0128328125847,ASCI4,500,500,3
2144.973590260365,ASCI4,500,500,3
6238.478863511887,ASCI4,500,500,3
3253.1130779895393,ASCI4,500,500,3
191.79808085815287,ASCI4,500,500,3
1591.3984852914914,ASCI4,500,500,3
317.7676289422062,ASCI4,500,500,3
1667.9498554238219,ASCI4,500,500,3
3292.9087454259884,ASCI4,500,500,3
3204.414354904399,ASCI4,500,500,3
59.643881235539546,ASCI4,500,500,3
2555.5885807632194,ASCI4,500,500,3
485.48538209277154,ASCI4,500,500,3
760.8821540890668,ASCI4,500,500,3
1481.8954037937053,ASCI4,500,500,3
1305.2651979940108,ASCI4,500,500,3
5942.251299833911,ASCI4,500,500,3
2135.4965788646327,ASCI4,500,500,3
1289.3712067694912,ASCO42,500,500,3
1693.316544201513,ASCO42,500,500,3
3396.576249325353,ASCO42,500,500,3
735.4507671925315,ASCO42,500,500,3
2033.9734266625703,ASCO42,500,500,3
1415.8523932334774,ASCO42,500,500,3
3216.8129834111123,ASCO42,500,500,3
2989.254228980933,ASCO42,500,500,3
1417.0051989358865,ASCO42,500,500,3
1294.5694374818108,ASCO42,500,500,3
4589.411754683727,ASCO42,500,500,3
1978.5537425832888,ASCO42,500,500,3
1586.634335651833,ASCO42,500,500,3
359.171350619433,ASCO42,500,500,3
2760.0275526323126,ASCO42,500,500,3
2096.0162210179396,ASCO42,500,500,3
3301.7848577088794,ASCO42,500,500,3
329.73786072528884,ASCO42,500,500,3
939.7478928039179,ASCO42,500,500,3
1413.9387336479128,ASCO42,500,500,3
2589.2043702393585,ASCO7,500,500,3
53.9879826419982,ASCO7,500,500,3
2946.2664850346214,ASCO7,500,500,3
444.61718339882475,ASCO7,500,500,3
50.183664454739564,ASCO7,500,500,3
179.55982486271287,ASCO7,500,500,3
2214.6378653329334,ASCO7,500,500,3
1851.001637538629,ASCO7,500,500,3
96.99475965717154,ASCO7,500,500,3
543.8829279474062,ASCO7,500,500,3
72.36622388530485,ASCO7,500,500,3
62.92210271555556,ASCO7,500,500,3
1282.5671511696994,ASCO7,500,500,3
84.48659809915556,ASCO7,500,500,3
188.35364399338488,ASCO7,500,500,3
1011.7259637449313,ASCO7,500,500,3
4349.242538832999,ASCO7,500,500,3
69.75282778346492,ASCO7,500,500,3
1166.463480255033,ASCO7,500,500,3
5473.124954503992,ASCO7,500,500,3
3077.226599895886,ASCR2,500,500,3
1421.641998001349,ASCR2,500,500,3
1792.2400401049583,ASCR2,500,500,3
386.0184364099982,ASCR2,500,500,3
3231.221827688847,ASCR2,500,500,3
162.5240424169173,ASCR2,500,500,3
1152.5366115284464,ASCR2,500,500,3
994.5220012799558,ASCR2,500,500,3
699.1487353485581,ASCR2,500,500,3
400.93648532852626,ASCR2,500,500,3
2098.7349183818224,ASCR2,500,500,3
2183.1600166388903,ASCR2,500,500,3
2341.6285554750502,ASCR2,500,500,3
1482.539425301289,ASCR2,500,500,3
3539.91491492463,ASCR2,500,500,3
362.88329031293136,ASCR2,500,500,3
268.71685920706665,ASCR2,500,500,3
1509.2849274341522,ASCR2,500,500,3
1987.2933886624432,ASCR2,500,500,3
4085.0563524910654,ASCR2,500,500,3
71.67938130773332,ASCU,500,500,3
329.8862889334329,ASCU,500,500,3
4349.872467939155,ASCU,500,500,3
254.25044475596627,ASCU,500,500,3
565.2783017796193,ASCU,500,500,3
38.165578253646224,ASCU,500,500,3
390.5264820561851,ASCU,500,500,3
64.64118931797155,ASCU,500,500,3
246.600187873264,ASCU,500,500,3
246.39060526642484,ASCU,500,500,3
674.9964223284888,ASCU,500,500,3
788.5773136250865,ASCU,500,500,3
425.0522578590648,ASCU,500,500,3
420.9528927311358,ASCU,500,500,3
213.2962943845263,ASCU,500,500,3
360.22391919715545,ASCU,500,500,3
111.05296113382222,ASCU,500,500,3
47.42968395041955,ASCU,500,500,3
158.5529127732907,ASCU,500,500,3
426.9091759606827,ASCU,500,500,3
142.3491966931182,ASCU4,500,500,3
2565.6532564882773,ASCU4,500,500,3
545.1165501400161,ASCU4,500,500,3
382.9097253247983,ASCU4,500,500,3
1431.06905475746,ASCU4,500,500,3
6975.735952194902,ASCU4,500,500,3
121.36776589574932,ASCU4,500,500,3
5112.686043828841,ASCU4,500,500,3
4410.443761392852,ASCU4,500,500,3
130.00537044563734,ASCU4,500,500,3
755.6841969211448,ASCU4,500,500,3
377.2500706973581,ASCU4,500,500,3
57.32876133324624,ASCU4,500,500,3
498.51172624195567,ASCU4,500,500,3
2508.7030335559657,ASCU4,500,500,3
96.1252063721796,ASCU4,500,500,3
979.6701621025265,ASCU4,500,500,3
6513.446493894183,ASCU4,500,500,3
423.32910246715545,ASCU4,500,500,3
780.2173227208248,ASCU4,500,500,3
1668.6276851467087,ASCU8,500,500,3
2602.4934144704694,ASCU8,500,500,3
330.06795424511284,ASCU8,500,500,3
52.15409084795557,ASCU8,500,500,3
297.5582154628106,ASCU8,500,500,3
341.2982211018222,ASCU8,500,500,3
1794.8220510146116,ASCU8,500,500,3
432.98013333321944,ASCU8,500,500,3
304.60709389457065,ASCU8,500,500,3
3139.3630069481537,ASCU8,500,500,3
183.77612784426665,ASCU8,500,500,3
115.676306736624,ASCU8,500,500,3
181.357733209024,ASCU8,500,500,3
257.60602955340624,ASCU8,500,500,3
479.7204438932889,ASCU8,500,500,3
1985.411152701438,ASCU8,500,500,3
306.6923250161705,ASCU8,500,500,3
118.33104830633957,ASCU8,500,500,3
231.82157680915734,ASCU8,500,500,3
163.96182684114487,ASCU8,500,500,3
665.9132010670777,ASDE6,500,500,3
556.654337722267,ASDE6,500,500,3
4462.796743483221,ASDE6,500,500,3
4070.1641165209344,ASDE6,500,500,3
202.37488386359286,ASDE6,500,500,3
822.1334196033704,ASDE6,500,500,3
494.80576751249083,ASDE6,500,500,3
525.2775817279556,ASDE6,500,500,3
2509.8697912917314,ASDE6,500,500,3
1004.6277397686329,ASDE6,500,500,3
3601.0726201584016,ASDE6,500,500,3
136.83881377804624,ASDE6,500,500,3
337.8641239628729,ASDE6,500,500,3
2591.750213691619,ASDE6,500,500,3
5813.841885896389,ASDE6,500,500,3
2521.394391106551,ASDE6,500,500,3
1387.0342050723398,ASDE6,500,500,3
444.11730814406394,ASDE6,500,500,3
320.925103892416,ASDE6,500,500,3
4994.1179358888885,ASDE6,500,500,3
1048.190119566206,ASDI4,500,500,3
174.01189036782228,ASDI4,500,500,3
297.18722608085153,ASDI4,500,500,3
157.27612762943818,ASDI4,500,500,3
227.35295040657064,ASDI4,500,500,3
1365.4949644767578,ASDI4,500,500,3
94.1652850316782,ASDI4,500,500,3
164.27343166822402,ASDI4,500,500,3
5012.651225938417,ASDI4,500,500,3
460.57885969382215,ASDI4,500,500,3
835.6888062078222,ASDI4,500,500,3
946.2939400452109,ASDI4,500,500,3
2770.099072642474,ASDI4,500,500,3
1761.0472986961856,ASDI4,500,500,3
3286.9904063438225,ASDI4,500,500,3
234.47844891448895,ASDI4,500,500,3
1166.9730064084888,ASDI4,500,500,3
489.9022252005262,ASDI4,500,500,3
401.20102813644615,ASDI4,500,500,3
1073.966309705785,ASDI4,500,500,3
1849.4397079950065,ASDO,500,500,3
3388.9707177766686,ASDO,500,500,3
6218.536119046822,ASDO,500,500,3
319.20021938463265,ASDO,500,500,3
181.10578377228617,ASDO,500,500,3
2897.1733052153454,ASDO,500,500,3
2837.092337888552,ASDO,500,500,3
1452.8110558335359,ASDO,500,500,3
331.3744317082665,ASDO,500,500,3
3791.2049500813587,ASDO,500,500,3
2703.7815093848167,ASDO,500,500,3
1265.3026811726065,ASDO,500,500,3
87.0353779836,ASDO,500,500,3
471.7038795234117,ASDO,500,500,3
1734.7879277902503,ASDO,500,500,3
2867.6189715097453,ASDO,500,500,3
1262.1209111152195,ASDO,500,500,3
1442.9011201115707,ASDO,500,500,3
4498.73131582538,ASDO,500,500,3
267.457111995193,ASDO,500,500,3
173.57068273179738,ASDR3,500,500,3
2457.8927586388895,ASDR3,500,500,3
4631.9185838684725,ASDR3,500,500,3
2380.1835540066127,ASDR3,500,500,3
7168.17388089301,ASDR3,500,500,3
3991.6982665924193,ASDR3,500,500,3
173.57068273179738,ASDR3,500,500,3
7965.7093909535115,ASDR3,500,500,3
6586.622658923289,ASDR3,500,500,3
433.33772862855824,ASDR3,500,500,3
4408.117621520719,ASDR3,500,500,3
719.2595239694773,ASDR3,500,500,3
8726.206561364226,ASDR3,500,500,3
275.19058154652276,ASDR3,500,500,3
3879.781853613821,ASDR3,500,500,3
473.82027641684635,ASDR3,500,500,3
574.0860816184886,ASDR3,500,500,3
434.3875615951627,ASDR3,500,500,3
437.211926666366,ASDR3,500,500,3
4057.434181673466,ASDR3,500,500,3
63.773821326051554,ASEN,500,500,3
279.1330461424907,ASEN,500,500,3
33.21326104603734,ASEN,500,500,3
334.541078264825,ASEN,500,500,3
2592.1425040673503,ASEN,500,500,3
4300.347916016282,ASEN,500,500,3
844.5362452371837,ASEN,500,500,3
109.79947991858486,ASEN,500,500,3
1474.2347279750668,ASEN,500,500,3
1110.6156251455557,ASEN,500,500,3
236.9175640555929,ASEN,500,500,3
839.5669580991561,ASEN,500,500,3
847.6481982519306,ASEN,500,500,3
35.64537383248887,ASEN,500,500,3
127.20688990715557,ASEN,500,500,3
317.3405267589528,ASEN,500,500,3
227.62654422473943,ASEN,500,500,3
57.47803177469155,ASEN,500,500,3
150.2222271063449,ASEN,500,500,3
57.64176530773331,ASEN,500,500,3
600.8251835690666,ASEU2,500,500,3
2366.194012295067,ASEU2,500,500,3
196.82671313143283,ASEU2,500,500,3
531.6051732044162,ASEU2,500,500,3
166.83395059515732,ASEU2,500,500,3
562.8579459913316,ASEU2,500,500,3
723.7773784611554,ASEU2,500,500,3
545.7857457699839,ASEU2,500,500,3
176.11677423360004,ASEU2,500,500,3
56.16248798292622,ASEU2,500,500,3
5098.849098887821,ASEU2,500,500,3
436.89909810986495,ASEU2,500,500,3
137.1292463976515,ASEU2,500,500,3
47.171307089344,ASEU2,500,500,3
1024.5566214709972,ASEU2,500,500,3
181.78389650060618,ASEU2,500,500,3
291.9316568617795,ASEU2,500,500,3
1256.788252881776,ASEU2,500,500,3
213.10996665439995,ASEU2,500,500,3
2417.294249878184,ASEU2,500,500,3
360.4473316884887,ASEX,500,500,3
1729.5044957181694,ASEX,500,500,3
524.0864406216516,ASEX,500,500,3
225.09904761147735,ASEX,500,500,3
386.2696097146862,ASEX,500,500,3
482.10108098956607,ASEX,500,500,3
306.0548184458222,ASEX,500,500,3
473.01339194982387,ASEX,500,500,3
1724.5038205196515,ASEX,500,500,3
947.7595097891553,ASEX,500,500,3
437.56722977335284,ASEX,500,500,3
449.5737038409315,ASEX,500,500,3
360.51763011689053,ASEX,500,500,3
49.234925112488895,ASEX,500,500,3
691.6015209895661,ASEX,500,500,3
4341.883840570266,ASEX,500,500,3
2785.6369882874246,ASEX,500,500,3
1024.0918775655666,ASEX,500,500,3
39.16044745437156,ASEX,500,500,3
767.7876588743042,ASEX,500,500,3
3828.393664818943,ASFA,500,500,3
368.66623237767834,ASFA,500,500,3
3298.507533025679,ASFA,500,500,3
837.9846647185052,ASFA,500,500,3
565.6664969652891,ASFA,500,500,3
2046.7651785613493,ASFA,500,500,3
4197.624533397105,ASFA,500,500,3
1927.8914897450663,ASFA,500,500,3
269.4611849714328,ASFA,500,500,3
3037.9640859087567,ASFA,500,500,3
323.1452435056194,ASFA,500,500,3
238.97087372309161,ASFA,500,500,3
4853.363144347944,ASFA,500,500,3
792.1404717912733,ASFA,500,500,3
161.50973445141165,ASFA,500,500,3
289.3413405123982,ASFA,500,500,3
7666.281351711955,ASFA,500,500,3
3979.1433916501046,ASFA,500,500,3
2928.2864736494857,ASFA,500,500,3
1225.8314012284434,ASFA,500,500,3
116.98353242478939,ASFI,500,500,3
828.4772487455556,ASFI,500,500,3
2557.7959958161046,ASFI,500,500,3
845.0951263410562,ASFI,500,500,3
408.61142707933163,ASFI,500,500,3
433.1032332159127,ASFI,500,500,3
1700.1435901365314,ASFI,500,500,3
79.6563011003662,ASFI,500,500,3
253.6912941691715,ASFI,500,500,3
699.459111405966,ASFI,500,500,3
1532.6417379459126,ASFI,500,500,3
184.5887228910062,ASFI,500,500,3
159.30050320844623,ASFI,500,500,3
273.35157966893337,ASFI,500,500,3
42.501950001491544,ASFI,500,500,3
3666.970633142607,ASFI,500,500,3
2955.5803990783998,ASFI,500,500,3
394.78394615294394,ASFI,500,500,3
1619.3134993210294,ASFI,500,500,3
476.65671123079824,ASFI,500,500,3
632.5715507802295,ASFI2,500,500,3
121.60545258153068,ASFI2,500,500,3
1674.5526450138377,ASFI2,500,500,3
90.61387760959822,ASFI2,500,500,3
116.16199087154487,ASFI2,500,500,3
91.98072849897069,ASFI2,500,500,3
1121.837946370731,ASFI2,500,500,3
846.0929063986559,ASFI2,500,500,3
1396.5806386205852,ASFI2,500,500,3
622.671876015785,ASFI2,500,500,3
5073.031424182891,ASFI2,500,500,3
1627.8642978472894,ASFI2,500,500,3
5667.919666065492,ASFI2,500,500,3
139.9471344674116,ASFI2,500,500,3
137.5402879998862,ASFI2,500,500,3
2686.1091889538775,ASFI2,500,500,3
155.9603152182595,ASFI2,500,500,3
1512.0106794628105,ASFI2,500,500,3
105.89820451128888,ASFI2,500,500,3
2497.4602258974646,ASFI2,500,500,3
73.26485754589154,ASFL2,500,500,3
1222.3897889032519,ASFL2,500,500,3
106.4720434837333,ASFL2,500,500,3
1505.0403570924775,ASFL2,500,500,3
1055.7118132631892,ASFL2,500,500,3
3147.2937194655565,ASFL2,500,500,3
226.46137247561967,ASFL2,500,500,3
284.4529486699929,ASFL2,500,500,3
610.5985409448108,ASFL2,500,500,3
437.5649338429846,ASFL2,500,500,3
264.69289915361963,ASFL2,500,500,3
2853.114319965156,ASFL2,500,500,3
68.3237089203129,ASFL2,500,500,3
86.1015256308462,ASFL2,500,500,3
91.94068505172622,ASFL2,500,500,3
1533.185680423822,ASFL2,500,500,3
4091.108204776448,ASFL2,500,500,3
589.1364763386596,ASFL2,500,500,3
506.296846113065,ASFL2,500,500,3
142.957814106624,ASFL2,500,500,3
1423.4489434816003,ASGA2,500,500,3
4532.590731945239,ASGA2,500,500,3
335.2808744191129,ASGA2,500,500,3
819.7384623291449,ASGA2,500,500,3
790.1117551612513,ASGA2,500,500,3
155.80154279551823,ASGA2,500,500,3
182.65496452061157,ASGA2,500,500,3
52.047485427155536,ASGA2,500,500,3
465.42849239308634,ASGA2,500,500,3
116.09394282726402,ASGA2,500,500,3
286.9306680959359,ASGA2,500,500,3
321.94950526847833,ASGA2,500,500,3
137.83942043263815,ASGA2,500,500,3
427.98636380522487,ASGA2,500,500,3
335.7014413525049,ASGA2,500,500,3
174.76590353287818,ASGA2,500,500,3
158.92343488594503,ASGA2,500,500,3
346.2844050899555,ASGA2,500,500,3
1390.333023765155,ASGA2,500,500,3
113.6456190300729,ASGA2,500,500,3
2146.3335208621793,ASGE,500,500,3
2588.9243152949325,ASGE,500,500,3
22.76652040085155,ASGE,500,500,3
3877.61203997354,ASGE,500,500,3
331.27439446570486,ASGE,500,500,3
3430.4073570111555,ASGE,500,500,3
7447.025018720419,ASGE,500,500,3
2835.221145777619,ASGE,500,500,3
2590.262305530025,ASGE,500,500,3
1968.0456411723665,ASGE,500,500,3
3687.2108074188145,ASGE,500,500,3
2790.9162503672896,ASGE,500,500,3
420.14878875204255,ASGE,500,500,3
211.62397906555557,ASGE,500,500,3
4025.305735585954,ASGE,500,500,3
2232.9556137756,ASGE,500,500,3
205.31427904793597,ASGE,500,500,3
1064.635291791012,ASGE,500,500,3
86.12243949684624,ASGE,500,500,3
4916.3570374195115,ASGE,500,500,3
270.2865702498914,ASGR3,500,500,3
1144.5697140353973,ASGR3,500,500,3
176.40473902988623,ASGR3,500,500,3
1014.9176021973267,ASGR3,500,500,3
1112.7735378943935,ASGR3,500,500,3
266.54442330555554,ASGR3,500,500,3
121.30098343167288,ASGR3,500,500,3
1580.4878594324887,ASGR3,500,500,3
151.0421923519129,ASGR3,500,500,3
2732.2775301219554,ASGR3,500,500,3
163.13373327387737,ASGR3,500,500,3
462.0458206004889,ASGR3,500,500,3
493.6194349850668,ASGR3,500,500,3
2439.181655513385,ASGR3,500,500,3
778.7942707746115,ASGR3,500,500,3
179.59000933311825,ASGR3,500,500,3
50.57923793169066,ASGR3,500,500,3
131.22103066645153,ASGR3,500,500,3
120.63881360042491,ASGR3,500,500,3
536.0919460965528,ASGR3,500,500,3
1014.9466328358383,ASHA13,500,500,3
2497.2428081298326,ASHA13,500,500,3
273.3555774813796,ASHA13,500,500,3
372.494146460656,ASHA13,500,500,3
790.2568619058558,ASHA13,500,500,3
1096.002576147086,ASHA13,500,500,3
540.0116706070112,ASHA13,500,500,3
3591.4552091488426,ASHA13,500,500,3
372.5391764304195,ASHA13,500,500,3
1611.1270065208735,ASHA13,500,500,3
130.12615724689064,ASHA13,500,500,3
853.9207402126218,ASHA13,500,500,3
230.9591474601796,ASHA13,500,500,3
3624.4348812083135,ASHA13,500,500,3
1953.526699694491,ASHA13,500,500,3
75.2021404545262,ASHA13,500,500,3
1306.587968595086,ASHA13,500,500,3
485.2965563323717,ASHA13,500,500,3
308.9239786506508,ASHA13,500,500,3
466.5434972690773,ASHA13,500,500,3
1526.2702408658774,ASHU2,500,500,3
1358.2481779655395,ASHU2,500,500,3
1747.2049063415182,ASHU2,500,500,3
468.51931662476613,ASHU2,500,500,3
179.5268388629333,ASHU2,500,500,3
1261.3230193774857,ASHU2,500,500,3
565.9426022364428,ASHU2,500,500,3
14.297855812222217,ASHU2,500,500,3
354.00177800515553,ASHU2,500,500,3
1092.917887454372,ASHU2,500,500,3
348.0071288087449,ASHU2,500,500,3
37.95769999052622,ASHU2,500,500,3
2781.076716585385,ASHU2,500,500,3
933.4721463822221,ASHU2,500,500,3
258.549220695593,ASHU2,500,500,3
1741.666351869822,ASHU2,500,500,3
2301.2718325467317,ASHU2,500,500,3
214.20654228714494,ASHU2,500,500,3
374.22421738815825,ASHU2,500,500,3
199.71414549439822,ASHU2,500,500,3
1622.8255616933263,ASHU3,500,500,3
1404.0741034556002,ASHU3,500,500,3
3708.738903743744,ASHU3,500,500,3
4645.43738235324,ASHU3,500,500,3
2524.0903861087845,ASHU3,500,500,3
222.76615603105955,ASHU3,500,500,3
2789.9521901006224,ASHU3,500,500,3
4914.142767020687,ASHU3,500,500,3
838.2983722832781,ASHU3,500,500,3
2173.304518772046,ASHU3,500,500,3
1665.0312852765583,ASHU3,500,500,3
2526.386620950692,ASHU3,500,500,3
5125.826822964935,ASHU3,500,500,3
3233.367573100401,ASHU3,500,500,3
3266.9666270374114,ASHU3,500,500,3
2559.413292983167,ASHU3,500,500,3
808.7793449444962,ASHU3,500,500,3
2537.488174778878,ASHU3,500,500,3
4251.443945745065,ASHU3,500,500,3
5006.166683865556,ASHU3,500,500,3
2022.7800789404732,ASHY2,500,500,3
153.8788986547129,ASHY2,500,500,3
3596.461049208875,ASHY2,500,500,3
2333.610640774656,ASHY2,500,500,3
304.73457503031295,ASHY2,500,500,3
1704.2013513947577,ASHY2,500,500,3
933.723138475406,ASHY2,500,500,3
2353.6990261119568,ASHY2,500,500,3
93.15993199870401,ASHY2,500,500,3
3933.3997381589343,ASHY2,500,500,3
2867.0579801962667,ASHY2,500,500,3
894.4094045055929,ASHY2,500,500,3
1036.8663477435448,ASHY2,500,500,3
3388.1018976272426,ASHY2,500,500,3
1228.6422017192886,ASHY2,500,500,3
1231.5779476123307,ASHY2,500,500,3
1751.8913313856783,ASHY2,500,500,3
2751.9416768716783,ASHY2,500,500,3
97.80582441382218,ASHY2,500,500,3
1278.8233630271125,ASHY2,500,500,3
160.10088672761609,ASIN,500,500,3
947.4033695334329,ASIN,500,500,3
455.123160148985,ASIN,500,500,3
3195.7651914930566,ASIN,500,500,3
1040.167414505067,ASIN,500,500,3
458.62058445766934,ASIN,500,500,3
2511.024472186452,ASIN,500,500,3
2903.5610150053267,ASIN,500,500,3
188.1540221496249,ASIN,500,500,3
419.65996233062225,ASIN,500,500,3
2812.4542258214237,ASIN,500,500,3
2423.6028144718916,ASIN,500,500,3
177.31217244219738,ASIN,500,500,3
871.0206140649173,ASIN,500,500,3
719.5687745083574,ASIN,500,500,3
2393.874271416488,ASIN,500,500,3
301.0410252629316,ASIN,500,500,3
298.87268235925166,ASIN,500,500,3
404.4133125895664,ASIN,500,500,3
3328.6409715886925,ASIN,500,500,3
115.05904399248888,ASIN19,500,500,3
2539.245956291154,ASIN19,500,500,3
673.392854497166,ASIN19,500,500,3
1106.328770706046,ASIN19,500,500,3
3699.192449965822,ASIN19,500,500,3
1939.2977801808186,ASIN19,500,500,3
2135.6535334929004,ASIN19,500,500,3
2142.893208082686,ASIN19,500,500,3
1738.9525419771448,ASIN19,500,500,3
1535.8588228024898,ASIN19,500,500,3
982.5996837446382,ASIN19,500,500,3
2510.3625922208425,ASIN19,500,500,3
447.4505998997316,ASIN19,500,500,3
1891.3680294988737,ASIN19,500,500,3
1471.4493422711455,ASIN19,500,500,3
110.67092825725155,ASIN19,500,500,3
3006.3574531919576,ASIN19,500,500,3
2444.798836014478,ASIN19,500,500,3
3010.4060465012885,ASIN19,500,500,3
4201.086940668758,ASIN19,500,500,3
1899.877982551109,ASIO,500,500,3
212.61030282062933,ASIO,500,500,3
69.11846833333334,ASIO,500,500,3
1407.5942695139556,ASIO,500,500,3
4925.678218144703,ASIO,500,500,3
562.6482603178026,ASIO,500,500,3
86.85213198833601,ASIO,500,500,3
2082.3302615543453,ASIO,500,500,3
2265.7570482309056,ASIO,500,500,3
3527.4563847054055,ASIO,500,500,3
4549.219792813011,ASIO,500,500,3
334.4043391409334,ASIO,500,500,3
236.95972499838393,ASIO,500,500,3
4794.904708498946,ASIO,500,500,3
3353.5884988932958,ASIO,500,500,3
113.56667438540626,ASIO,500,500,3
257.31390988262217,ASIO,500,500,3
176.1221783530667,ASIO,500,500,3
61.029103999886225,ASIO,500,500,3
389.5021593688107,ASIO,500,500,3
172.77617591395554,ASKE,500,500,3
2288.2468738089538,ASKE,500,500,3
59.19081460713063,ASKE,500,500,3
28.49323725641955,ASKE,500,500,3
2026.2667125288888,ASKE,500,500,3
2228.3593680552885,ASKE,500,500,3
4179.101539201451,ASKE,500,500,3
2195.7988753050654,ASKE,500,500,3
1393.8883609907182,ASKE,500,500,3
2667.2532781914856,ASKE,500,500,3
692.4117837626862,ASKE,500,500,3
2759.8569955455564,ASKE,500,500,3
2974.995320031345,ASKE,500,500,3
2227.6608646826235,ASKE,500,500,3
4316.493214455638,ASKE,500,500,3
3534.9382769515455,ASKE,500,500,3
2919.058711120043,ASKE,500,500,3
777.5429290158775,ASKE,500,500,3
1896.5468197288885,ASKE,500,500,3
2008.0062794774599,ASKE,500,500,3
3222.018649325353,ASLA2,500,500,3
2277.3268997500004,ASLA2,500,500,3
1887.0867755555846,ASLA2,500,500,3
115.86365426555558,ASLA2,500,500,3
102.5873432928427,ASLA2,500,500,3
3425.691686079289,ASLA2,500,500,3
2371.289239253503,ASLA2,500,500,3
35.752030398888905,ASLA2,500,500,3
77.03537607426667,ASLA2,500,500,3
69.88874774322491,ASLA2,500,500,3
61.18083434151821,ASLA2,500,500,3
153.20835145127828,ASLA2,500,500,3
648.3844553602115,ASLA2,500,500,3
35.72834556836267,ASLA2,500,500,3
2576.3803452872507,ASLA2,500,500,3
91.98850734065599,ASLA2,500,500,3
71.75882729795555,ASLA2,500,500,3
70.92582759251734,ASLA2,500,500,3
175.44487776159292,ASLA2,500,500,3
83.04146594555557,ASLA2,500,500,3
33.699860763811564,ASLA3,500,500,3
37.1416386916249,ASLA3,500,500,3
101.99447618473955,ASLA3,500,500,3
375.3611849357581,ASLA3,500,500,3
722.6095540810647,ASLA3,500,500,3
2349.7864107664204,ASLA3,500,500,3
320.2979782292889,ASLA3,500,500,3
280.04798133333327,ASLA3,500,500,3
1280.3597915555558,ASLA3,500,500,3
4370.821705337726,ASLA3,500,500,3
915.4576457062667,ASLA3,500,500,3
987.4164402380732,ASLA3,500,500,3
4195.8207332403135,ASLA3,500,500,3
148.8347076944907,ASLA3,500,500,3
1029.6480672706557,ASLA3,500,500,3
2414.0758563897175,ASLA3,500,500,3
129.05602944391822,ASLA3,500,500,3
1812.1382159382601,ASLA3,500,500,3
792.3602623150063,ASLA3,500,500,3
131.27011907839997,ASLA3,500,500,3
344.0329875164,ASLA4,500,500,3
701.1588519811396,ASLA4,500,500,3
1742.6696467467366,ASLA4,500,500,3
559.9441825376998,ASLA4,500,500,3
281.28022087673594,ASLA4,500,500,3
459.80295384033957,ASLA4,500,500,3
2127.260847089998,ASLA4,500,500,3
731.6886726007394,ASLA4,500,500,3
2486.290679376952,ASLA4,500,500,3
1509.4795586148102,ASLA4,500,500,3
2667.0971206596196,ASLA4,500,500,3
3738.1301770605487,ASLA4,500,500,3
207.46639446570487,ASLA4,500,500,3
881.6434663765044,ASLA4,500,500,3
194.28080088745074,ASLA4,500,500,3
2158.2160748466913,ASLA4,500,500,3
975.6553261578224,ASLA4,500,500,3
1143.5815310585442,ASLA4,500,500,3
814.0030985377487,ASLA4,500,500,3
232.04844604745944,ASLA4,500,500,3
2859.9772271429533,ASLE8,500,500,3
111.75379889789158,ASLE8,500,500,3
140.27760476812625,ASLE8,500,500,3
2185.586995325224,ASLE8,500,500,3
347.87688237073064,ASLE8,500,500,3
145.74773482626665,ASLE8,500,500,3
126.36650092795558,ASLE8,500,500,3
2853.637866675326,ASLE8,500,500,3
376.070801163833,ASLE8,500,500,3
278.30397438879277,ASLE8,500,500,3
244.94611727700627,ASLE8,500,500,3
3997.0183735912965,ASLE8,500,500,3
243.23277383393963,ASLE8,500,500,3
4156.736206505699,ASLE8,500,500,3
1542.0553905535926,ASLE8,500,500,3
248.16135387869167,ASLE8,500,500,3
182.33217870386488,ASLE8,500,500,3
1602.8170421276427,ASLE8,500,500,3
297.6621045638382,ASLE8,500,500,3
163.64886113737955,ASLE8,500,500,3
251.85985848873074,ASLO,500,500,3
6349.379919607289,ASLO,500,500,3
327.79756575934397,ASLO,500,500,3
1073.1176785376995,ASLO,500,500,3
234.60508451128888,ASLO,500,500,3
3497.541076129834,ASLO,500,500,3
4917.914531357992,ASLO,500,500,3
186.98172135182222,ASLO,500,500,3
849.8950911743925,ASLO,500,500,3
192.73351754871294,ASLO,500,500,3
33.514398435832895,ASLO,500,500,3
487.0442442725263,ASLO,500,500,3
73.53206393855291,ASLO,500,500,3
5016.160943845541,ASLO,500,500,3
3208.606784178489,ASLO,500,500,3
1542.891153329406,ASLO,500,500,3
3734.518702202666,ASLO,500,500,3
86.21633253051736,ASLO,500,500,3
7816.081486726933,ASLO,500,500,3
645.6349359384961,ASLO,500,500,3
874.1002685215985,ASLO4,500,500,3
5484.599475362133,ASLO4,500,500,3
3369.852063661968,ASLO4,500,500,3
501.8350138281531,ASLO4,500,500,3
2357.4663220152884,ASLO4,500,500,3
145.56325424119288,ASLO4,500,500,3
297.39704192017075,ASLO4,500,500,3
1781.0622263925761,ASLO4,500,500,3
390.6750744345316,ASLO4,500,500,3
2254.709563908152,ASLO4,500,500,3
672.7256021969848,ASLO4,500,500,3
3610.662796256767,ASLO4,500,500,3
54.1429792903395,ASLO4,500,500,3
1525.988711347136,ASLO4,500,500,3
3249.6706681364453,ASLO4,500,500,3
228.65714051017957,ASLO4,500,500,3
3933.3257795484383,ASLO4,500,500,3
366.7699018024889,ASLO4,500,500,3
3330.136495976612,ASLO4,500,500,3
724.1266185655451,ASLO4,500,500,3
468.5620979564781,ASMA6,500,500,3
281.6116517319093,ASMA6,500,500,3
28.60281006604623,ASMA6,500,500,3
1691.1289446211983,ASMA6,500,500,3
1931.911893189945,ASMA6,500,500,3
401.7640426200107,ASMA6,500,500,3
482.8781613600998,ASMA6,500,500,3
5740.966349081594,ASMA6,500,500,3
3245.2051616335925,ASMA6,500,500,3
2241.3130104203306,ASMA6,500,500,3
6091.952067929595,ASMA6,500,500,3
1111.1288835278506,ASMA6,500,500,3
1564.9808502230596,ASMA6,500,500,3
123.84069908333333,ASMA6,500,500,3
529.8294804910649,ASMA6,500,500,3
2492.593166476586,ASMA6,500,500,3
3173.5715230667943,ASMA6,500,500,3
1513.7371713645791,ASMA6,500,500,3
379.63860305799824,ASMA6,500,500,3
290.71812563591817,ASMA6,500,500,3
733.2293156585174,ASMI10,500,500,3
1675.9198150592683,ASMI10,500,500,3
83.46844868838402,ASMI10,500,500,3
4136.443976153172,ASMI10,500,500,3
2085.3997484631454,ASMI10,500,500,3
2011.4622196189794,ASMI10,500,500,3
1516.700354177167,ASMI10,500,500,3
3564.4451591866277,ASMI10,500,500,3
1076.4571199313048,ASMI10,500,500,3
476.9037133151983,ASMI10,500,500,3
3313.3848374234854,ASMI10,500,500,3
4706.803901228018,ASMI10,500,500,3
5398.670332814505,ASMI10,500,500,3
1626.5807897642023,ASMI10,500,500,3
2309.6877168969318,ASMI10,500,500,3
4346.6537104209065,ASMI10,500,500,3
101.3688523699129,ASMI10,500,500,3
1002.5525187322238,ASMI10,500,500,3
94.22155074098494,ASMI10,500,500,3
2056.810195239189,ASMI10,500,500,3
1419.5954412883898,ASMO2,500,500,3
2053.7535930215663,ASMO2,500,500,3
369.380761821424,ASMO2,500,500,3
548.8125893169495,ASMO2,500,500,3
3411.907139207067,ASMO2,500,500,3
781.327948858816,ASMO2,500,500,3
1570.0102031032886,ASMO2,500,500,3
219.55638769575808,ASMO2,500,500,3
3091.5523807867457,ASMO2,500,500,3
3816.6238522196463,ASMO2,500,500,3
133.3483063848374,ASMO2,500,500,3
186.68284131477148,ASMO2,500,500,3
199.22798419270933,ASMO2,500,500,3
426.117592935593,ASMO2,500,500,3
80.07298665528887,ASMO2,500,500,3
1114.5927500622229,ASMO2,500,500,3
1303.3210013879307,ASMO2,500,500,3
140.84932379477158,ASMO2,500,500,3
1967.5197858403396,ASMO2,500,500,3
118.57571110101158,ASMO2,500,500,3
397.9754629530863,ASMO7,500,500,3
89.1681269128462,ASMO7,500,500,3
2573.7423956736006,ASMO7,500,500,3
90.54940519790935,ASMO7,500,500,3
3250.5885768574867,ASMO7,500,500,3
39.20796379477156,ASMO7,500,500,3
349.86554708606405,ASMO7,500,500,3
331.9019329736373,ASMO7,500,500,3
367.7206051782666,ASMO7,500,500,3
138.99777897062222,ASMO7,500,500,3
81.12238804760001,ASMO7,500,500,3
473.22294998506464,ASMO7,500,500,3
410.1920239472195,ASMO7,500,500,3
190.8219285699626,ASMO7,500,500,3
4414.07902502909,ASMO7,500,500,3
1909.4792528784196,ASMO7,500,500,3
3150.879792449065,ASMO7,500,500,3
4292.857023836898,ASMO7,500,500,3
466.3161376778506,ASMO7,500,500,3
154.81670994687286,ASMO7,500,500,3
128.73465567527822,ASNE2,500,500,3
239.8427478620728,ASNE2,500,500,3
2925.9726899430325,ASNE2,500,500,3
1611.4293856131128,ASNE2,500,500,3
604.1133232821319,ASNE2,500,500,3
851.7631476622219,ASNE2,500,500,3
70.75120662719827,ASNE2,500,500,3
274.9533451143093,ASNE2,500,500,3
221.75502694715547,ASNE2,500,500,3
555.1672502724108,ASNE2,500,500,3
155.51991595041952,ASNE2,500,500,3
588.3336812788889,ASNE2,500,500,3
722.5870542103448,ASNE2,500,500,3
555.0684718901315,ASNE2,500,500,3
767.081558447785,ASNE2,500,500,3
1228.5798616078919,ASNE2,500,500,3
180.74744791858495,ASNE2,500,500,3
407.2787113055558,ASNE2,500,500,3
803.0767960308901,ASNE2,500,500,3
174.53482865874489,ASNE2,500,500,3
260.06391969151815,ASNE6,500,500,3
6592.616544919066,ASNE6,500,500,3
1870.1953892346596,ASNE6,500,500,3
863.9094734951663,ASNE6,500,500,3
817.324908227056,ASNE6,500,500,3
1582.1083107412464,ASNE6,500,500,3
835.9488172351557,ASNE6,500,500,3
592.1682828782862,ASNE6,500,500,3
424.10232819625077,ASNE6,500,500,3
2334.720667780976,ASNE6,500,500,3
293.7300850374383,ASNE6,500,500,3
48.74196372245154,ASNE6,500,500,3
1185.4454577330562,ASNE6,500,500,3
244.26189599769603,ASNE6,500,500,3
1159.786271209513,ASNE6,500,500,3
209.39289619625072,ASNE6,500,500,3
3531.5036878639726,ASNE6,500,500,3
2138.7136923522107,ASNE6,500,500,3
1403.3043302527929,ASNE6,500,500,3
258.6361980624195,ASNE6,500,500,3
2110.713041813674,ASNI,500,500,3
149.24415814249068,ASNI,500,500,3
3997.9540520430287,ASNI,500,500,3
4347.675093033275,ASNI,500,500,3
1332.8744756985172,ASNI,500,500,3
213.94364331532609,ASNI,500,500,3
3096.664697012223,ASNI,500,500,3
133.08384026709152,ASNI,500,500,3
1408.8131897025266,ASNI,500,500,3
762.0450864766224,ASNI,500,500,3
1590.8036293314565,ASNI,500,500,3
2893.131009000489,ASNI,500,500,3
662.5256915608729,ASNI,500,500,3
904.5963975459554,ASNI,500,500,3
1359.8049280426378,ASNI,500,500,3
2018.976207597731,ASNI,500,500,3
276.19869384888887,ASNI,500,500,3
2579.0942135455543,ASNI,500,500,3
3003.1464326751843,ASNI,500,500,3
3736.204983714818,ASNI,500,500,3
649.7300977818863,ASNU,500,500,3
663.7559159235395,ASNU,500,500,3
4590.7471485373,ASNU,500,500,3
118.35222403413158,ASNU,500,500,3
1633.0491943013528,ASNU,500,500,3
150.1694039941973,ASNU,500,500,3
1142.4604128126225,ASNU,500,500,3
1525.662498626416,ASNU,500,500,3
9000.779243809478,ASNU,500,500,3
3214.417722436266,ASNU,500,500,3
1038.3454399680784,ASNU,500,500,3
1104.5284099790917,ASNU,500,500,3
1751.9433785599556,ASNU,500,500,3
1599.8118803479451,ASNU,500,500,3
1744.866024668158,ASNU,500,500,3
7949.515818420647,ASNU,500,500,3
256.2617947731555,ASNU,500,500,3
2011.4537791486216,ASNU,500,500,3
4101.960898606479,ASNU,500,500,3
248.19302125703828,ASNU,500,500,3
2569.2003167955545,ASOF,500,500,3
290.5609715555556,ASOF,500,500,3
3236.3470157898228,ASOF,500,500,3
3422.0040525844192,ASOF,500,500,3
1829.7594476359047,ASOF,500,500,3
1252.347693130553,ASOF,500,500,3
180.5305599944373,ASOF,500,500,3
4168.146354207857,ASOF,500,500,3
2285.956846545919,ASOF,500,500,3
5123.387483782658,ASOF,500,500,3
1026.7769719993587,ASOF,500,500,3
288.0627973546595,ASOF,500,500,3
5087.741472680745,ASOF,500,500,3
42.294123765744004,ASOF,500,500,3
1837.013114197326,ASOF,500,500,3
319.5530203455555,ASOF,500,500,3
733.2863296261048,ASOF,500,500,3
3577.094165872425,ASOF,500,500,3
255.26944129045157,ASOF,500,500,3
119.25082936262403,ASOF,500,500,3
4151.425913262222,ASOO3,500,500,3
4320.703616105956,ASOO3,500,500,3
137.8674094870595,ASOO3,500,500,3
4910.7319128622075,ASOO3,500,500,3
150.19648584763743,ASOO3,500,500,3
4740.900579827513,ASOO3,500,500,3
4760.699708860758,ASOO3,500,500,3
3521.907732535067,ASOO3,500,500,3
1491.6252762289337,ASOO3,500,500,3
4202.749938625108,ASOO3,500,500,3
314.9285692394382,ASOO3,500,500,3
3559.809645187483,ASOO3,500,500,3
362.9441372899556,ASOO3,500,500,3
2346.907836447913,ASOO3,500,500,3
503.946623378489,ASOO3,500,500,3
1581.2028731144467,ASOO3,500,500,3
3721.134627279215,ASOO3,500,500,3
4926.954841887598,ASOO3,500,500,3
1497.2715671864892,ASOO3,500,500,3
1055.3411423683394,ASOO3,500,500,3
147.94727563633612,ASOV,500,500,3
197.4260315047182,ASOV,500,500,3
184.8863008339556,ASOV,500,500,3
519.4307300915129,ASOV,500,500,3
140.32808183253164,ASOV,500,500,3
339.2264876116693,ASOV,500,500,3
593.4624008866115,ASOV,500,500,3
128.9149331003662,ASOV,500,500,3
63.084527913749355,ASOV,500,500,3
1533.8832205116425,ASOV,500,500,3
435.2922007732904,ASOV,500,500,3
511.0021515220197,ASOV,500,500,3
320.7450746665531,ASOV,500,500,3
504.33690803705565,ASOV,500,500,3
411.47024285897953,ASOV,500,500,3
1050.576695679145,ASOV,500,500,3
162.689687995904,ASOV,500,500,3
1581.488639885304,ASOV,500,500,3
558.7980582826224,ASOV,500,500,3
437.93313356265065,ASOV,500,500,3
3077.4117849461313,ASOX,500,500,3
365.14162423223297,ASOX,500,500,3
4033.9496922927724,ASOX,500,500,3
1982.2112742559548,ASOX,500,500,3
3286.176417756586,ASOX,500,500,3
3528.4230948278346,ASOX,500,500,3
131.5984223333529,ASOX,500,500,3
267.56654146354504,ASOX,500,500,3
673.2619174644889,ASOX,500,500,3
1690.508708944811,ASOX,500,500,3
773.3364829822224,ASOX,500,500,3
2168.456069995519,ASOX,500,500,3
151.7924009662507,ASOX,500,500,3
1162.448603975664,ASOX,500,500,3
1636.14764868009,ASOX,500,500,3
4269.154815650261,ASOX,500,500,3
3188.588909222222,ASOX,500,500,3
1262.0697145897527,ASOX,500,500,3
13303.07892026558,ASOX,500,500,3
4853.835972582222,ASOX,500,500,3
1918.5326825584905,ASPA13,500,500,3
1807.6662986640983,ASPA13,500,500,3
229.69432482793073,ASPA13,500,500,3
195.00632735143824,ASPA13,500,500,3
1250.9648648472464,ASPA13,500,500,3
6771.6392612018035,ASPA13,500,500,3
215.13543807415297,ASPA13,500,500,3
746.7150115413048,ASPA13,500,500,3
2279.9051517763123,ASPA13,500,500,3
130.7489568930062,ASPA13,500,500,3
819.0348264206224,ASPA13,500,500,3
2493.301815938344,ASPA13,500,500,3
63.660675995731545,ASPA13,500,500,3
8063.5907456295645,ASPA13,500,500,3
913.0184185938326,ASPA13,500,500,3
4889.320956125007,ASPA13,500,500,3
56.39827634451734,ASPA13,500,500,3
303.3796702996194,ASPA13,500,500,3
68.84960940166934,ASPA13,500,500,3
1244.804668979598,ASPA13,500,500,3
183.32431615538493,ASPA18,500,500,3
3085.5793786184377,ASPA18,500,500,3
3842.4595497205173,ASPA18,500,500,3
161.24287436489956,ASPA18,500,500,3
342.85064972333333,ASPA18,500,500,3
158.4710210286293,ASPA18,500,500,3
106.96247420048893,ASPA18,500,500,3
3344.2135088203104,ASPA18,500,500,3
3123.660173358251,ASPA18,500,500,3
55.63398405511821,ASPA18,500,500,3
891.6106717992892,ASPA18,500,500,3
128.01654956236612,ASPA18,500,500,3
1856.2655584491447,ASPA18,500,500,3
254.23573164478404,ASPA18,500,500,3
263.2514443136,ASPA18,500,500,3
68.26302791934398,ASPA18,500,500,3
117.84236812778492,ASPA18,500,500,3
173.75466700157153,ASPA18,500,500,3
149.79933218709152,ASPA18,500,500,3
144.62683056639295,ASPA18,500,500,3
2532.319544601599,ASPE,500,500,3
305.63520115916623,ASPE,500,500,3
635.8782223867573,ASPE,500,500,3
300.2273209242666,ASPE,500,500,3
73.75234809173331,ASPE,500,500,3
2943.9847425380244,ASPE,500,500,3
78.69865188074489,ASPE,500,500,3
342.0397719988889,ASPE,500,500,3
279.0241996172515,ASPE,500,500,3
228.8100644611982,ASPE,500,500,3
2006.681054377806,ASPE,500,500,3
868.690265031509,ASPE,500,500,3
393.51916069900625,ASPE,500,500,3
215.54253928173318,ASPE,500,500,3
3350.948245034622,ASPE,500,500,3
111.96907415402484,ASPE,500,500,3
2166.7769012441317,ASPE,500,500,3
3653.430661362489,ASPE,500,500,3
227.15859199839997,ASPE,500,500,3
2300.1889456166114,ASPE,500,500,3
504.40045840681046,ASPE5,500,500,3
4434.220706094076,ASPE5,500,500,3
4326.540809962792,ASPE5,500,500,3
5076.971039009956,ASPE5,500,500,3
9480.142608513706,ASPE5,500,500,3
228.38478378929602,ASPE5,500,500,3
4197.238675698488,ASPE5,500,500,3
1679.0074616110062,ASPE5,500,500,3
405.4353556018328,ASPE5,500,500,3
2148.4780077140686,ASPE5,500,500,3
1515.7800240651318,ASPE5,500,500,3
5103.233846133164,ASPE5,500,500,3
6529.665612827278,ASPE5,500,500,3
390.4570952442596,ASPE5,500,500,3
1152.260721531385,ASPE5,500,500,3
2011.2675756070673,ASPE5,500,500,3
161.90612917439827,ASPE5,500,500,3
4879.7083587089055,ASPE5,500,500,3
1369.7210637299984,ASPE5,500,500,3
371.07741305436264,ASPE5,500,500,3
2830.350979153619,ASPE8,500,500,3
223.6841253255893,ASPE8,500,500,3
115.00250918587733,ASPE8,500,500,3
782.9444342549175,ASPE8,500,500,3
210.445340545065,ASPE8,500,500,3
2096.978782540736,ASPE8,500,500,3
1369.453560011492,ASPE8,500,500,3
117.04536266068625,ASPE8,500,500,3
3774.923633910001,ASPE8,500,500,3
3131.4007823340785,ASPE8,500,500,3
1558.0899045153262,ASPE8,500,500,3
139.9333576733849,ASPE8,500,500,3
136.94774270372272,ASPE8,500,500,3
101.82513868728894,ASPE8,500,500,3
515.5944139484001,ASPE8,500,500,3
1390.3287251659663,ASPE8,500,500,3
173.5655750188782,ASPE8,500,500,3
112.81284897173163,ASPE8,500,500,3
70.91980255377071,ASPE8,500,500,3
158.92246515515558,ASPE8,500,500,3
2492.1262357132796,ASPI,500,500,3
348.4035669530668,ASPI,500,500,3
1256.3101220400195,ASPI,500,500,3
993.9013408069329,ASPI,500,500,3
4598.003976602151,ASPI,500,500,3
243.19406573397157,ASPI,500,500,3
1049.762137962489,ASPI,500,500,3
599.0860993571551,ASPI,500,500,3
1506.0135107359552,ASPI,500,500,3
4929.917489236821,ASPI,500,500,3
4890.858379828841,ASPI,500,500,3
1740.198149318477,ASPI,500,500,3
518.0540519825761,ASPI,500,500,3
1872.1874761726854,ASPI,500,500,3
242.51914529043734,ASPI,500,500,3
225.34574319097607,ASPI,500,500,3
54.167461713856014,ASPI,500,500,3
2068.028022138623,ASPI,500,500,3
955.4583114552252,ASPI,500,500,3
598.0843622502114,ASPI,500,500,3
642.4060254991361,ASPL,500,500,3
1082.5401928984966,ASPL,500,500,3
620.3568191325583,ASPL,500,500,3
2528.552817240872,ASPL,500,500,3
124.8936642879556,ASPL,500,500,3
535.0965046972995,ASPL,500,500,3
1482.2587907136,ASPL,500,500,3
742.003809331625,ASPL,500,500,3
4011.9443001669356,ASPL,500,500,3
235.64469105948268,ASPL,500,500,3
1397.5516677806652,ASPL,500,500,3
244.67173864020637,ASPL,500,500,3
968.6563885304889,ASPL,500,500,3
3229.414323665856,ASPL,500,500,3
104.85407990663822,ASPL,500,500,3
649.2272972736782,ASPL,500,500,3
683.0509788357333,ASPL,500,500,3
305.0232661779182,ASPL,500,500,3
237.03871123495824,ASPL,500,500,3
775.6963208066829,ASPL,500,500,3
1014.136583331412,ASPL2,500,500,3
1556.9902883482669,ASPL2,500,500,3
6595.232407634117,ASPL2,500,500,3
1235.6962150476727,ASPL2,500,500,3
2145.1191575088915,ASPL2,500,500,3
514.0012085627449,ASPL2,500,500,3
1024.944732721733,ASPL2,500,500,3
2612.636980016283,ASPL2,500,500,3
731.4048530353047,ASPL2,500,500,3
481.45731064853146,ASPL2,500,500,3
403.7981538547179,ASPL2,500,500,3
154.6829656586507,ASPL2,500,500,3
519.7871255392639,ASPL2,500,500,3
8651.219107346758,ASPL2,500,500,3
697.3338581098649,ASPL2,500,500,3
501.3171876979182,ASPL2,500,500,3
583.3077717932783,ASPL2,500,500,3
374.4372504178063,ASPL2,500,500,3
469.8466642765491,ASPL2,500,500,3
322.5972237686595,ASPL2,500,500,3
653.5278803732888,ASPO2,500,500,3
995.1632834698221,ASPO2,500,500,3
2463.649274453155,ASPO2,500,500,3
144.95579199897608,ASPO2,500,500,3
2286.3018937429256,ASPO2,500,500,3
69.55287029660268,ASPO2,500,500,3
1416.6515016271576,ASPO2,500,500,3
1342.1136544974775,ASPO2,500,500,3
260.36775542846397,ASPO2,500,500,3
41.002275299775995,ASPO2,500,500,3
1146.3390821294774,ASPO2,500,500,3
166.91768362217064,ASPO2,500,500,3
120.84470703436625,ASPO2,500,500,3
66.47560373563734,ASPO2,500,500,3
147.2933680292907,ASPO2,500,500,3
2436.0935435047195,ASPO2,500,500,3
234.7685416586647,ASPO2,500,500,3
106.65192833599824,ASPO2,500,500,3
26.571207924558212,ASPO2,500,500,3
92.45285303167826,ASPO2,500,500,3
706.057345384233,ASPR,500,500,3
515.6774667881529,ASPR,500,500,3
1153.0318970004887,ASPR,500,500,3
2496.529748829297,ASPR,500,500,3
149.62344718928887,ASPR,500,500,3
186.35216835511287,ASPR,500,500,3
986.5599241510116,ASPR,500,500,3
86.03329460713064,ASPR,500,500,3
1202.2937150784783,ASPR,500,500,3
888.1780106402065,ASPR,500,500,3
393.5620565077048,ASPR,500,500,3
26.715854348570655,ASPR,500,500,3
391.4837686074294,ASPR,500,500,3
61.84066643881954,ASPR,500,500,3
32.3783209254382,ASPR,500,500,3
2325.507619778985,ASPR,500,500,3
129.89449845691732,ASPR,500,500,3
44.44452655106666,ASPR,500,500,3
815.1039157947663,ASPR,500,500,3
1258.0730005518776,ASPR,500,500,3
105.96274112358401,ASPU,500,500,3
163.797591351664,ASPU,500,500,3
398.3853532298225,ASPU,500,500,3
451.76128952554456,ASPU,500,500,3
425.76781691015833,ASPU,500,500,3
2457.4112487857333,ASPU,500,500,3
468.1637343302668,ASPU,500,500,3
717.2750456095841,ASPU,500,500,3
386.50180394153955,ASPU,500,500,3
215.59202120265954,ASPU,500,500,3
609.7931709148428,ASPU,500,500,3
2295.7493522413783,ASPU,500,500,3
1896.8620694683716,ASPU,500,500,3
3469.320532708971,ASPU,500,500,3
2749.3417709597857,ASPU,500,500,3
489.6733846160995,ASPU,500,500,3
1238.5457233918216,ASPU,500,500,3
1542.8089403127174,ASPU,500,500,3
5781.9107093504,ASPU,500,500,3
626.5640175042831,ASPU,500,500,3
1223.4096336611553,ASPU2,500,500,3
331.1809372482828,ASPU2,500,500,3
2290.240670376389,ASPU2,500,500,3
283.6123856207361,ASPU2,500,500,3
453.96442288723745,ASPU2,500,500,3
70.11209294705068,ASPU2,500,500,3
601.5272752968516,ASPU2,500,500,3
675.9656111113798,ASPU2,500,500,3
1599.258629621503,ASPU2,500,500,3
877.6493662312107,ASPU2,500,500,3
161.05066594218493,ASPU2,500,500,3
1801.0123661011553,ASPU2,500,500,3
260.26448239069146,ASPU2,500,500,3
177.04470439252634,ASPU2,500,500,3
507.0937832319555,ASPU2,500,500,3
221.26348832543295,ASPU2,500,500,3
1547.0118698034064,ASPU2,500,500,3
194.6418331632907,ASPU2,500,500,3
438.7134252711664,ASPU2,500,500,3
76.03404395711826,ASPU2,500,500,3
2143.1598226447636,ASPU9,500,500,3
5295.202013065697,ASPU9,500,500,3
6259.772370519211,ASPU9,500,500,3
702.0841282633797,ASPU9,500,500,3
1076.5196304514118,ASPU9,500,500,3
501.8813564433333,ASPU9,500,500,3
304.458285294016,ASPU9,500,500,3
842.1206558084244,ASPU9,500,500,3
883.3403810271556,ASPU9,500,500,3
983.1588494331451,ASPU9,500,500,3
2015.2692186837273,ASPU9,500,500,3
1266.462719113891,ASPU9,500,500,3
1105.201917276558,ASPU9,500,500,3
1283.8410711555982,ASPU9,500,500,3
128.5756063425262,ASPU9,500,500,3
672.2066451443984,ASPU9,500,500,3
1274.5019512185584,ASPU9,500,500,3
1359.4776022751557,ASPU9,500,500,3
3636.21695033105,ASPU9,500,500,3
5274.873617173154,ASPU9,500,500,3
190.0615409800462,ASQU,500,500,3
158.35522486911822,ASQU,500,500,3
133.0031586655556,ASQU,500,500,3
66.66233553760001,ASQU,500,500,3
944.854802662905,ASQU,500,500,3
70.04412959516264,ASQU,500,500,3
374.2137564522509,ASQU,500,500,3
1387.7969499854914,ASQU,500,500,3
140.85515522468268,ASQU,500,500,3
223.3011652222222,ASQU,500,500,3
342.2443857955557,ASQU,500,500,3
61.970665873379566,ASQU,500,500,3
816.6338085949,ASQU,500,500,3
86.06171404515555,ASQU,500,500,3
139.25600850772622,ASQU,500,500,3
363.7884927791714,ASQU,500,500,3
6646.457248645092,ASQU,500,500,3
207.8851878844427,ASQU,500,500,3
740.1984044484959,ASQU,500,500,3
672.0000058622223,ASQU,500,500,3
824.7193722792888,ASRA2,500,500,3
324.05442140191303,ASRA2,500,500,3
2109.1921066306827,ASRA2,500,500,3
7169.971247098797,ASRA2,500,500,3
564.6643183496464,ASRA2,500,500,3
524.2316524099982,ASRA2,500,500,3
4966.006430164877,ASRA2,500,500,3
1160.1323322208639,ASRA2,500,500,3
193.73595539575294,ASRA2,500,500,3
4621.367602412399,ASRA2,500,500,3
308.04479820279283,ASRA2,500,500,3
201.50903098393596,ASRA2,500,500,3
576.216330838313,ASRA2,500,500,3
1537.2081244956162,ASRA2,500,500,3
1345.314240782222,ASRA2,500,500,3
355.92271696972614,ASRA2,500,500,3
154.37498014030933,ASRA2,500,500,3
1015.1182696692889,ASRA2,500,500,3
2334.018999732366,ASRA2,500,500,3
892.4076169241532,ASRA2,500,500,3
310.162905364224,ASRE,500,500,3
3398.1799767232774,ASRE,500,500,3
772.9240761792782,ASRE,500,500,3
98.85714567730489,ASRE,500,500,3
273.48724761898484,ASRE,500,500,3
505.23010551893145,ASRE,500,500,3
556.3313577770597,ASRE,500,500,3
1046.558176809785,ASRE,500,500,3
1442.8789227960247,ASRE,500,500,3
898.738665825955,ASRE,500,500,3
3696.3605210022642,ASRE,500,500,3
307.6475653055555,ASRE,500,500,3
1624.6529010153172,ASRE,500,500,3
3197.4637663374774,ASRE,500,500,3
1284.1534225208254,ASRE,500,500,3
843.8399383415184,ASRE,500,500,3
569.9074078022667,ASRE,500,500,3
1987.1497146798065,ASRE,500,500,3
4161.474936514305,ASRE,500,500,3
613.7526659116783,ASRE,500,500,3
636.6070703658226,ASRE5,500,500,3
446.33582844219734,ASRE5,500,500,3
161.91843412257947,ASRE5,500,500,3
156.76924027972268,ASRE5,500,500,3
1240.242855154046,ASRE5,500,500,3
54.229301305555545,ASRE5,500,500,3
402.5085685845315,ASRE5,500,500,3
3922.597746743288,ASRE5,500,500,3
228.3476199988889,ASRE5,500,500,3
874.7727088853266,ASRE5,500,500,3
4212.770889567785,ASRE5,500,500,3
1214.1653750232729,ASRE5,500,500,3
2842.813983188621,ASRE5,500,500,3
276.60046150468276,ASRE5,500,500,3
109.36626115805156,ASRE5,500,500,3
72.20980339566934,ASRE5,500,500,3
287.09801862001063,ASRE5,500,500,3
7840.765710533287,ASRE5,500,500,3
112.07151813947728,ASRE5,500,500,3
135.66264531259736,ASRE5,500,500,3
2354.497138892452,ASRH2,500,500,3
3683.9219743780905,ASRH2,500,500,3
2934.943289251156,ASRH2,500,500,3
4215.122030250366,ASRH2,500,500,3
1813.8317138606055,ASRH2,500,500,3
2959.3314269520206,ASRH2,500,500,3
1956.2972785382321,ASRH2,500,500,3
4387.18276111593,ASRH2,500,500,3
3592.988885337602,ASRH2,500,500,3
4349.753114752789,ASRH2,500,500,3
3135.2676855218556,ASRH2,500,500,3
4533.892455643192,ASRH2,500,500,3
1251.170977393918,ASRH2,500,500,3
3432.4284242194335,ASRH2,500,500,3
1961.3844767735443,ASRH2,500,500,3
3036.1090106527126,ASRH2,500,500,3
129.39309125887286,ASRH2,500,500,3
1270.3133055334333,ASRH2,500,500,3
3134.0669542117525,ASRH2,500,500,3
3696.7797705791722,ASRH2,500,500,3
427.70856111462393,ASRO,500,500,3
73.77987625173334,ASRO,500,500,3
165.72148653428627,ASRO,500,500,3
1499.1421079694057,ASRO,500,500,3
287.6117117123128,ASRO,500,500,3
1190.6840148376161,ASRO,500,500,3
96.4179422079929,ASRO,500,500,3
602.4596925664639,ASRO,500,500,3
39.812082268437315,ASRO,500,500,3
646.5776429641796,ASRO,500,500,3
307.41650989929065,ASRO,500,500,3
54.883332435455976,ASRO,500,500,3
67.00762450965155,ASRO,500,500,3
1408.210578461007,ASRO,500,500,3
54.807019151758226,ASRO,500,500,3
33.66942868046934,ASRO,500,500,3
177.68286354841595,ASRO,500,500,3
516.1700526277332,ASRO,500,500,3
90.75452072900269,ASRO,500,500,3
121.872276224624,ASRO,500,500,3
298.81831486156625,ASRU,500,500,3
676.2987005644783,ASRU,500,500,3
3687.6279676602617,ASRU,500,500,3
669.9607019449173,ASRU,500,500,3
498.17350543521934,ASRU,500,500,3
725.4646602976997,ASRU,500,500,3
341.1071063785528,ASRU,500,500,3
121.93732492439995,ASRU,500,500,3
2882.607862808489,ASRU,500,500,3
433.0661740387397,ASRU,500,500,3
889.1870539746116,ASRU,500,500,3
2197.6133881453784,ASRU,500,500,3
609.387547122489,ASRU,500,500,3
2488.682778662223,ASRU,500,500,3
3381.4175417600013,ASRU,500,500,3
958.8499577598292,ASRU,500,500,3
290.6307006879555,ASRU,500,500,3
4755.642128317155,ASRU,500,500,3
1066.0057453218067,ASRU,500,500,3
435.52442114439805,ASRU,500,500,3
2544.2594987750663,ASRU2,500,500,3
2198.592072774384,ASRU2,500,500,3
1443.220686344873,ASRU2,500,500,3
1896.4902574242114,ASRU2,500,500,3
2170.2856648865495,ASRU2,500,500,3
1014.9253735167929,ASRU2,500,500,3
1524.9664132097266,ASRU2,500,500,3
834.9443881267129,ASRU2,500,500,3
1185.8177700472893,ASRU2,500,500,3
1641.1469911355089,ASRU2,500,500,3
1329.0609006392888,ASRU2,500,500,3
1902.6562573151564,ASRU2,500,500,3
2970.722677077155,ASRU2,500,500,3
1134.824715457733,ASRU2,500,500,3
1712.6053177358224,ASRU2,500,500,3
1158.394215978267,ASRU2,500,500,3
2042.727354915625,ASRU2,500,500,3
5036.36264779633,ASRU2,500,500,3
947.7850797326216,ASRU2,500,500,3
597.7987326022666,ASRU2,500,500,3
3901.505967975992,ASSC11,500,500,3
1336.6093225312427,ASSC11,500,500,3
4346.2352611071565,ASSC11,500,500,3
1733.5176262293319,ASSC11,500,500,3
693.6101464530329,ASSC11,500,500,3
2901.5818655145804,ASSC11,500,500,3
3542.630606464255,ASSC11,500,500,3
2478.234308791637,ASSC11,500,500,3
177.26296989169595,ASSC11,500,500,3
3684.497566202425,ASSC11,500,500,3
2248.6376033275446,ASSC11,500,500,3
4202.399535879992,ASSC11,500,500,3
2118.696830108712,ASSC11,500,500,3
3265.8391819269523,ASSC11,500,500,3
2802.3034043464254,ASSC11,500,500,3
1710.7565801109317,ASSC11,500,500,3
1137.1939139575395,ASSC11,500,500,3
1173.7174709816252,ASSC11,500,500,3
1735.9418741297493,ASSC11,500,500,3
5036.9757544627155,ASSC11,500,500,3
1947.1731690495712,ASSE12,500,500,3
980.5853875394561,ASSE12,500,500,3
978.6597357892957,ASSE12,500,500,3
800.7813351132728,ASSE12,500,500,3
1295.7529656601312,ASSE12,500,500,3
3255.574745119886,ASSE12,500,500,3
5125.5866012976185,ASSE12,500,500,3
1534.6776799697336,ASSE12,500,500,3
1117.2658109329006,ASSE12,500,500,3
155.58546623633066,ASSE12,500,500,3
465.64090524499727,ASSE12,500,500,3
66.79403914306667,ASSE12,500,500,3
1003.3250595343925,ASSE12,500,500,3
923.7734462847129,ASSE12,500,500,3
2055.8938311071124,ASSE12,500,500,3
2192.860487605744,ASSE12,500,500,3
582.4653042165313,ASSE12,500,500,3
595.3640844191558,ASSE12,500,500,3
246.03006162975282,ASSE12,500,500,3
563.1159059874062,ASSE12,500,500,3
821.7159588592642,ASSE5,500,500,3
4596.585082922794,ASSE5,500,500,3
4482.258104468366,ASSE5,500,500,3
580.3469750036194,ASSE5,500,500,3
148.2370516052889,ASSE5,500,500,3
4137.848735459154,ASSE5,500,500,3
689.724170009486,ASSE5,500,500,3
751.8823937788995,ASSE5,500,500,3
3508.560304778745,ASSE5,500,500,3
1060.7559619374915,ASSE5,500,500,3
272.89666122222235,ASSE5,500,500,3
1650.3363164155999,ASSE5,500,500,3
256.5117825766667,ASSE5,500,500,3
408.2952159146381,ASSE5,500,500,3
4240.592904934385,ASSE5,500,500,3
34.20588279028621,ASSE5,500,500,3
533.2709266492426,ASSE5,500,500,3
34.60774697403732,ASSE5,500,500,3
1067.319615946176,ASSE5,500,500,3
4726.297690639011,ASSE5,500,500,3
56.702687543806235,ASSH3,500,500,3
125.778412525504,ASSH3,500,500,3
4301.767991421566,ASSH3,500,500,3
5040.810657693564,ASSH3,500,500,3
1133.8363153574116,ASSH3,500,500,3
2181.7500554314247,ASSH3,500,500,3
6341.699037146107,ASSH3,500,500,3
1135.0630844141228,ASSH3,500,500,3
5541.747491494286,ASSH3,500,500,3
4268.309336393663,ASSH3,500,500,3
4738.796408015431,ASSH3,500,500,3
1766.6308935945228,ASSH3,500,500,3
2212.098071321797,ASSH3,500,500,3
2515.6488870672197,ASSH3,500,500,3
1204.6722687601487,ASSH3,500,500,3
4842.456068633999,ASSH3,500,500,3
136.61775421510936,ASSH3,500,500,3
1466.4739792891576,ASSH3,500,500,3
2944.7585743210384,ASSH3,500,500,3
4702.803544729535,ASSH3,500,500,3
610.4796617673317,ASSI9,500,500,3
112.3274733303449,ASSI9,500,500,3
2266.0507762662337,ASSI9,500,500,3
172.59898197345953,ASSI9,500,500,3
1705.1786831822221,ASSI9,500,500,3
504.7723309751447,ASSI9,500,500,3
2929.148393661865,ASSI9,500,500,3
627.1374664956002,ASSI9,500,500,3
2985.336727608489,ASSI9,500,500,3
1398.2461975383446,ASSI9,500,500,3
1334.9075048788195,ASSI9,500,500,3
414.4390111772426,ASSI9,500,500,3
953.904105302825,ASSI9,500,500,3
768.0080059524958,ASSI9,500,500,3
2653.8987647988893,ASSI9,500,500,3
919.4827100152728,ASSI9,500,500,3
516.8744535530383,ASSI9,500,500,3
2666.8381744371177,ASSI9,500,500,3
769.5525139406221,ASSI9,500,500,3
1138.968229881913,ASSI9,500,500,3
4709.804070189728,ASSP,500,500,3
1094.4954390515982,ASSP,500,500,3
515.7470520681226,ASSP,500,500,3
1217.8473331226294,ASSP,500,500,3
3184.8016727483655,ASSP,500,500,3
3067.238666736633,ASSP,500,500,3
2893.1905171838234,ASSP,500,500,3
4868.008171007117,ASSP,500,500,3
4559.708279138983,ASSP,500,500,3
2915.1290971383305,ASSP,500,500,3
1341.1640028747092,ASSP,500,500,3
589.8742408389336,ASSP,500,500,3
445.93147821328876,ASSP,500,500,3
185.58321628748624,ASSP,500,500,3
118.60514629700262,ASSP,500,500,3
285.63578242866475,ASSP,500,500,3
86.08464022101157,ASSP,500,500,3
296.07640846836625,ASSP,500,500,3
453.1309263886774,ASSP,500,500,3
244.06003181732262,ASSP,500,500,3
2341.0301618576436,ASSP6,500,500,3
2750.663932938638,ASSP6,500,500,3
342.03151559047825,ASSP6,500,500,3
195.26203686791825,ASSP6,500,500,3
2273.550842457003,ASSP6,500,500,3
72.88874795041954,ASSP6,500,500,3
339.7548543624248,ASSP6,500,500,3
3610.4728339908097,ASSP6,500,500,3
601.4585907259451,ASSP6,500,500,3
164.67928979555552,ASSP6,500,500,3
123.22358515369062,ASSP6,500,500,3
745.1401635596785,ASSP6,500,500,3
6923.160901412222,ASSP6,500,500,3
968.494135771646,ASSP6,500,500,3
1717.1991919944248,ASSP6,500,500,3
87.4607930022667,ASSP6,500,500,3
3170.51954568425,ASSP6,500,500,3
3247.017794719224,ASSP6,500,500,3
592.3257408727308,ASSP6,500,500,3
62.641591436798194,ASSP6,500,500,3
49.31875515081956,ASSP7,500,500,3
6460.427199412606,ASSP7,500,500,3
557.3563899498221,ASSP7,500,500,3
796.8660968088161,ASSP7,500,500,3
422.8121848427928,ASSP7,500,500,3
569.2337511640462,ASSP7,500,500,3
309.05023073450496,ASSP7,500,500,3
106.78101457913603,ASSP7,500,500,3
52.14604107255292,ASSP7,500,500,3
898.8282389649332,ASSP7,500,500,3
932.2237648992696,ASSP7,500,500,3
44.75007035476624,ASSP7,500,500,3
3180.590801293511,ASSP7,500,500,3
6543.9392786854405,ASSP7,500,500,3
307.4765827515662,ASSP7,500,500,3
582.9079054411358,ASSP7,500,500,3
1419.3760798139451,ASSP7,500,500,3
6274.099505064747,ASSP7,500,500,3
5524.9584239750675,ASSP7,500,500,3
402.10569066580615,ASSP7,500,500,3
540.4688688038117,ASST,500,500,3
199.44207699227735,ASST,500,500,3
529.4612455664002,ASST,500,500,3
489.34565316522503,ASST,500,500,3
412.49403604759993,ASST,500,500,3
307.6231023609582,ASST,500,500,3
258.11371665513064,ASST,500,500,3
362.3672778734862,ASST,500,500,3
223.71045760493337,ASST,500,500,3
295.1409310416194,ASST,500,500,3
128.83932709930488,ASST,500,500,3
82.29706868905956,ASST,500,500,3
787.9748163871841,ASST,500,500,3
413.8235709246292,ASST,500,500,3
178.14145863844269,ASST,500,500,3
688.4676429759555,ASST,500,500,3
1737.7959423100008,ASST,500,500,3
127.05886666564268,ASST,500,500,3
798.2275950141443,ASST,500,500,3
546.1526024470114,ASST,500,500,3
66.60305448348267,ASSU2,500,500,3
84.92730896972624,ASSU2,500,500,3
61.35024250020262,ASSU2,500,500,3
1585.464024961643,ASSU2,500,500,3
2599.3904897501798,ASSU2,500,500,3
312.32966490622414,ASSU2,500,500,3
273.9057460062559,ASSU2,500,500,3
310.41050753703826,ASSU2,500,500,3
3030.950836060949,ASSU2,500,500,3
612.0777250925795,ASSU2,500,500,3
983.5703913330914,ASSU2,500,500,3
226.8144993998919,ASSU2,500,500,3
253.9968024123999,ASSU2,500,500,3
342.3087405925528,ASSU2,500,500,3
379.7388137766382,ASSU2,500,500,3
55.927318610744884,ASSU2,500,500,3
3736.7916555249335,ASSU2,500,500,3
5073.605617225956,ASSU2,500,500,3
1382.2803053633263,ASSU2,500,500,3
210.90381131532618,ASSU2,500,500,3
40.948713152424894,ASSU3,500,500,3
572.5418496112197,ASSU3,500,500,3
865.8937936250861,ASSU3,500,500,3
2054.5897413452735,ASSU3,500,500,3
159.9942769558026,ASSU3,500,500,3
929.1331660549048,ASSU3,500,500,3
333.10119463662227,ASSU3,500,500,3
429.0665127512108,ASSU3,500,500,3
1758.7998942644888,ASSU3,500,500,3
2290.8539072301446,ASSU3,500,500,3
906.2874542206864,ASSU3,500,500,3
815.3410139329973,ASSU3,500,500,3
2504.5971910775447,ASSU3,500,500,3
145.8916222398507,ASSU3,500,500,3
375.97609950485156,ASSU3,500,500,3
266.0777963810063,ASSU3,500,500,3
3404.720471376952,ASSU3,500,500,3
2355.0026207021433,ASSU3,500,500,3
847.1716879556195,ASSU3,500,500,3
2252.5868229944895,ASSU3,500,500,3
446.02726614115556,ASSY,500,500,3
496.92088575000025,ASSY,500,500,3
1304.5382548715447,ASSY,500,500,3
315.40140105545964,ASSY,500,500,3
5236.493812582401,ASSY,500,500,3
731.9708238458859,ASSY,500,500,3
486.7169852710382,ASSY,500,500,3
492.33211962708646,ASSY,500,500,3
1850.675843032149,ASSY,500,500,3
868.1466599314774,ASSY,500,500,3
470.013022220144,ASSY,500,500,3
4562.212978279164,ASSY,500,500,3
937.4574937838777,ASSY,500,500,3
1081.3939755604893,ASSY,500,500,3
316.15635260839827,ASSY,500,500,3
2021.6689681531718,ASSY,500,500,3
246.5772136316997,ASSY,500,500,3
130.20823866337955,ASSY,500,500,3
140.913391418816,ASSY,500,500,3
1027.3835866690113,ASSY,500,500,3
506.5235961086223,ASTE5,500,500,3
2569.2124040344734,ASTE5,500,500,3
490.95272253513974,ASTE5,500,500,3
221.08338966227723,ASTE5,500,500,3
1169.5919307865584,ASTE5,500,500,3
2157.409330649385,ASTE5,500,500,3
413.0669963764888,ASTE5,500,500,3
344.5862506331715,ASTE5,500,500,3
525.5365952422666,ASTE5,500,500,3
403.6384133235982,ASTE5,500,500,3
79.65136794240001,ASTE5,500,500,3
695.3895665144887,ASTE5,500,500,3
113.72183999128892,ASTE5,500,500,3
511.7764627199931,ASTE5,500,500,3
848.4915086261759,ASTE5,500,500,3
409.9532987007981,ASTE5,500,500,3
725.8278954664888,ASTE5,500,500,3
396.1481096488888,ASTE5,500,500,3
4910.102181333158,ASTE5,500,500,3
52.547551804046236,ASTE5,500,500,3
117.5680173166062,ASTE7,500,500,3
2702.552676919118,ASTE7,500,500,3
1302.0524303150062,ASTE7,500,500,3
4179.669089583955,ASTE7,500,500,3
1648.6824498240778,ASTE7,500,500,3
457.70057415167827,ASTE7,500,500,3
1921.6554878837167,ASTE7,500,500,3
1179.121831844123,ASTE7,500,500,3
4760.015022346862,ASTE7,500,500,3
2605.409286500934,ASTE7,500,500,3
432.73274053543815,ASTE7,500,500,3
420.4430546608906,ASTE7,500,500,3
639.8184852579557,ASTE7,500,500,3
2905.2681457891554,ASTE7,500,500,3
1725.7432076589441,ASTE7,500,500,3
5154.838618116267,ASTE7,500,500,3
833.5415668584516,ASTE7,500,500,3
2532.4710352674065,ASTE7,500,500,3
1645.8870784742378,ASTE7,500,500,3
569.1714383713263,ASTE7,500,500,3
6350.2440040324245,ASTE8,500,500,3
141.5550680549262,ASTE8,500,500,3
1176.2507150566669,ASTE8,500,500,3
3065.7725129512887,ASTE8,500,500,3
2549.509438007289,ASTE8,500,500,3
2986.2734916067834,ASTE8,500,500,3
3965.9494178122213,ASTE8,500,500,3
69.07327076937955,ASTE8,500,500,3
2759.1117759856,ASTE8,500,500,3
1219.9481694008164,ASTE8,500,500,3
269.94395003728897,ASTE8,500,500,3
609.0319585782028,ASTE8,500,500,3
409.7170198655555,ASTE8,500,500,3
1679.5216560754914,ASTE8,500,500,3
186.79686778382222,ASTE8,500,500,3
859.034537738622,ASTE8,500,500,3
5893.405215483385,ASTE8,500,500,3
894.1419897039574,ASTE8,500,500,3
266.23762096775823,ASTE8,500,500,3
7696.929052781623,ASTE8,500,500,3
2434.88682107082,ASTR,500,500,3
208.22661755419722,ASTR,500,500,3
89.34187537484621,ASTR,500,500,3
2860.07329876642,ASTR,500,500,3
185.3023437944889,ASTR,500,500,3
247.51954661415814,ASTR,500,500,3
177.05517359017958,ASTR,500,500,3
759.6801400669581,ASTR,500,500,3
241.65779290535824,ASTR,500,500,3
264.88607816487814,ASTR,500,500,3
4229.013031338486,ASTR,500,500,3
81.2237661111449,ASTR,500,500,3
238.80799012857605,ASTR,500,500,3
69.71108405328889,ASTR,500,500,3
1721.749233972222,ASTR,500,500,3
40.19888152302934,ASTR,500,500,3
6329.090877240493,ASTR,500,500,3
211.7020216371182,ASTR,500,500,3
99.58692460508267,ASTR,500,500,3
907.4566378149261,ASTR,500,500,3
3628.1446392345524,ASTR2,500,500,3
2202.792514280363,ASTR2,500,500,3
4933.893443121238,ASTR2,500,500,3
4306.960216616042,ASTR2,500,500,3
2318.2694703729708,ASTR2,500,500,3
1539.3218780224001,ASTR2,500,500,3
1788.0601508459447,ASTR2,500,500,3
1891.5187484266667,ASTR2,500,500,3
95.431222617024,ASTR2,500,500,3
2319.6251977002667,ASTR2,500,500,3
448.26787614631843,ASTR2,500,500,3
1094.454515939155,ASTR2,500,500,3
635.0415711571558,ASTR2,500,500,3
98.7528775317315,ASTR2,500,500,3
744.3219044647096,ASTR2,500,500,3
114.07592245588627,ASTR2,500,500,3
706.113180477822,ASTR2,500,500,3
1730.005403906772,ASTR2,500,500,3
1965.5862653788984,ASTR2,500,500,3
1166.1171947562384,ASTR2,500,500,3
615.6478108198382,ASTU,500,500,3
2309.2104817693585,ASTU,500,500,3
1050.0107523935578,ASTU,500,500,3
2891.9716019498596,ASTU,500,500,3
444.9903739349334,ASTU,500,500,3
432.8264926231449,ASTU,500,500,3
338.04328675751816,ASTU,500,500,3
356.31163607658493,ASTU,500,500,3
3336.1306579037696,ASTU,500,500,3
1256.6913402792889,ASTU,500,500,3
374.13241361606384,ASTU,500,500,3
444.8718399797758,ASTU,500,500,3
946.1042762643182,ASTU,500,500,3
178.6301531118062,ASTU,500,500,3
1931.835095283193,ASTU,500,500,3
245.90456447928887,ASTU,500,500,3
625.5995389175307,ASTU,500,500,3
109.10236946977957,ASTU,500,500,3
78.23932061506665,ASTU,500,500,3
2051.496341342633,ASTU,500,500,3
1208.6454895349314,ASUT,500,500,3
637.6822629568784,ASUT,500,500,3
405.08620244065935,ASUT,500,500,3
346.89749558825065,ASUT,500,500,3
192.47991183308622,ASUT,500,500,3
170.76860259241957,ASUT,500,500,3
5295.528863057805,ASUT,500,500,3
2415.5373634655557,ASUT,500,500,3
1406.4563876593047,ASUT,500,500,3
1875.934027694926,ASUT,500,500,3
1919.6678565886218,ASUT,500,500,3
5539.517011491155,ASUT,500,500,3
1177.5554760245977,ASUT,500,500,3
379.35259508606396,ASUT,500,500,3
948.2138261068783,ASUT,500,500,3
2511.4046119351456,ASUT,500,500,3
92.21144798623286,ASUT,500,500,3
205.2110427093262,ASUT,500,500,3
1684.8406105676518,ASUT,500,500,3
516.6412378260461,ASUT,500,500,3
247.31507696349155,ASVA,500,500,3
1144.0379506292886,ASVA,500,500,3
221.3863583658648,ASVA,500,500,3
65.49956095137956,ASVA,500,500,3
233.8035324181316,ASVA,500,500,3
385.4678811514862,ASVA,500,500,3
424.96472007508606,ASVA,500,500,3
819.7094860788891,ASVA,500,500,3
219.41355553463288,ASVA,500,500,3
499.94856164876614,ASVA,500,500,3
409.74566695995577,ASVA,500,500,3
324.47946675284624,ASVA,500,500,3
269.5492516697583,ASVA,500,500,3
244.1688582151093,ASVA,500,500,3
353.4103233402293,ASVA,500,500,3
1282.230067588772,ASVA,500,500,3
127.4748552917316,ASVA,500,500,3
36.3979519951929,ASVA,500,500,3
537.9991538525798,ASVA,500,500,3
217.36675183061155,ASVA,500,500,3
193.68663793799817,ASVE,500,500,3
397.6859367496373,ASVE,500,500,3
254.28511590753948,ASVE,500,500,3
287.18676710525153,ASVE,500,500,3
81.78086994937598,ASVE,500,500,3
751.7553840793441,ASVE,500,500,3
187.60976827484274,ASVE,500,500,3
757.9923416814866,ASVE,500,500,3
400.45820131063294,ASVE,500,500,3
238.59216211128887,ASVE,500,500,3
319.4820160154862,ASVE,500,500,3
202.5007765799663,ASVE,500,500,3
335.2941976315572,ASVE,500,500,3
204.17241289953952,ASVE,500,500,3
238.40449700693344,ASVE,500,500,3
911.0552484223986,ASVE,500,500,3
187.4384155474329,ASVE,500,500,3
697.6514393299557,ASVE,500,500,3
1069.277070983936,ASVE,500,500,3
729.1275863273797,ASVE,500,500,3
4066.0295583745246,ASVI,500,500,3
365.63219733193955,ASVI,500,500,3
137.46647046900625,ASVI,500,500,3
5505.786576598498,ASVI,500,500,3
232.92916115356275,ASVI,500,500,3
872.7605464379667,ASVI,500,500,3
1322.3407696398224,ASVI,500,500,3
666.0457077809757,ASVI,500,500,3
483.6812633919554,ASVI,500,500,3
6655.3589003146235,ASVI,500,500,3
4074.484748188371,ASVI,500,500,3
289.89572932294413,ASVI,500,500,3
2837.982009600339,ASVI,500,500,3
900.8823690584732,ASVI,500,500,3
252.4270691919573,ASVI,500,500,3
288.22391036636276,ASVI,500,500,3
123.29673102492269,ASVI,500,500,3
112.4665299610667,ASVI,500,500,3
4580.224176826623,ASVI,500,500,3
300.0260834090597,ASVI,500,500,3
3735.028448923334,ASVI2,500,500,3
1593.1669675408423,ASVI2,500,500,3
4262.129047975677,ASVI2,500,500,3
4017.816183602629,ASVI2,500,500,3
2507.5570934544985,ASVI2,500,500,3
348.7090626608196,ASVI2,500,500,3
2079.070317629156,ASVI2,500,500,3
2339.751367706766,ASVI2,500,500,3
700.3389639999981,ASVI2,500,500,3
176.54532953639836,ASVI2,500,500,3
1664.734462049963,ASVI2,500,500,3
137.17288582613153,ASVI2,500,500,3
1208.3202223018222,ASVI2,500,500,3
1071.3145852788887,ASVI2,500,500,3
6807.236291305355,ASVI2,500,500,3
737.2838888464786,ASVI2,500,500,3
381.8308089065173,ASVI2,500,500,3
1924.541125965822,ASVI2,500,500,3
1282.0984794043447,ASVI2,500,500,3
3867.7127797952753,ASVI2,500,500,3
2507.1277378655554,ASWI4,500,500,3
2075.390997508891,ASWI4,500,500,3
549.9211673494117,ASWI4,500,500,3
1319.5035710675181,ASWI4,500,500,3
129.22364647236267,ASWI4,500,500,3
2838.2991889244418,ASWI4,500,500,3
933.4572851882386,ASWI4,500,500,3
202.9273757438222,ASWI4,500,500,3
260.19239592382405,ASWI4,500,500,3
203.38684246971738,ASWI4,500,500,3
796.0607780727397,ASWI4,500,500,3
196.3257622271929,ASWI4,500,500,3
304.3566948278331,ASWI4,500,500,3
107.9505237947716,ASWI4,500,500,3
194.32214614055817,ASWI4,500,500,3
173.86240646328892,ASWI4,500,500,3
2896.062310049956,ASWI4,500,500,3
4407.806664993215,ASWI4,500,500,3
2822.0326083706236,ASWI4,500,500,3
909.0124707618114,ASWI4,500,500,3
299.0550251385582,ATAR2,500,500,3
1446.9381543135844,ATAR2,500,500,3
621.3994334062861,ATAR2,500,500,3
179.46574282506668,ATAR2,500,500,3
95.26554538324622,ATAR2,500,500,3
239.76538872831284,ATAR2,500,500,3
1036.0550653334114,ATAR2,500,500,3
1856.497282229289,ATAR2,500,500,3
571.6837594307625,ATAR2,500,500,3
1002.2708610136461,ATAR2,500,500,3
566.9185777199714,ATAR2,500,500,3
2583.7990080963127,ATAR2,500,500,3
146.40776819128894,ATAR2,500,500,3
797.5364517379983,ATAR2,500,500,3
296.284165665216,ATAR2,500,500,3
442.39750547881954,ATAR2,500,500,3
3887.9058643073704,ATAR2,500,500,3
871.7651350948906,ATAR2,500,500,3
664.9802996123308,ATAR2,500,500,3
179.91320761582224,ATAR2,500,500,3
575.4754040157849,ATBE,500,500,3
2441.3617771281,ATBE,500,500,3
1539.5855083386593,ATBE,500,500,3
63.713260321704844,ATBE,500,500,3
1247.4917199917793,ATBE,500,500,3
426.30477500479856,ATBE,500,500,3
38.313482459091574,ATBE,500,500,3
857.6593093219556,ATBE,500,500,3
1145.0451389822222,ATBE,500,500,3
117.27382470666664,ATBE,500,500,3
1587.3059260665582,ATBE,500,500,3
528.9198002773176,ATBE,500,500,3
537.4249453474062,ATBE,500,500,3
380.45753581055305,ATBE,500,500,3
64.39896297002494,ATBE,500,500,3
3379.907782890578,ATBE,500,500,3
1437.6910036119896,ATBE,500,500,3
1973.2995013917846,ATBE,500,500,3
786.589315892793,ATBE,500,500,3
499.1741239764889,ATBE,500,500,3
2062.134193813504,ATCA2,500,500,3
744.8263312297797,ATCA2,500,500,3
4894.780976955518,ATCA2,500,500,3
551.4717919800252,ATCA2,500,500,3
5389.446497467385,ATCA2,500,500,3
207.0003892359893,ATCA2,500,500,3
281.817006115264,ATCA2,500,500,3
2456.173344457669,ATCA2,500,500,3
4570.631531284622,ATCA2,500,500,3
2573.9133644359404,ATCA2,500,500,3
2171.3192153955556,ATCA2,500,500,3
4791.308108124073,ATCA2,500,500,3
1140.3731732943932,ATCA2,500,500,3
690.7187946959572,ATCA2,500,500,3
4908.899713280125,ATCA2,500,500,3
1384.0478938637577,ATCA2,500,500,3
5434.951284493781,ATCA2,500,500,3
4324.04465246222,ATCA2,500,500,3
5813.557590169173,ATCA2,500,500,3
3433.7591596589436,ATCA2,500,500,3
2228.612945106757,ATCO,500,500,3
3781.9951163192236,ATCO,500,500,3
1744.450384417955,ATCO,500,500,3
1399.7473039597494,ATCO,500,500,3
208.03328679551825,ATCO,500,500,3
538.5553739041493,ATCO,500,500,3
324.6847269072783,ATCO,500,500,3
655.5710330579896,ATCO,500,500,3
1849.25005084,ATCO,500,500,3
561.8624443369174,ATCO,500,500,3
966.9337748376158,ATCO,500,500,3
4117.651560940118,ATCO,500,500,3
4720.7925578946115,ATCO,500,500,3
328.4132971826063,ATCO,500,500,3
5556.36910124689,ATCO,500,500,3
2352.6815765172887,ATCO,500,500,3
5565.517232239131,ATCO,500,500,3
675.9439599769313,ATCO,500,500,3
4057.598281528888,ATCO,500,500,3
4860.893451805696,ATCO,500,500,3
106.40846930687286,ATCR2,500,500,3
117.31484850886933,ATCR2,500,500,3
114.99688231071283,ATCR2,500,500,3
147.43479064315554,ATCR2,500,500,3
2146.3328082367993,ATCR2,500,500,3
950.4354573148729,ATCR2,500,500,3
370.2069726970595,ATCR2,500,500,3
206.29014239991295,ATCR2,500,500,3
4680.075217297733,ATCR2,500,500,3
4865.60496674338,ATCR2,500,500,3
168.06076223026488,ATCR2,500,500,3
652.9846364174917,ATCR2,500,500,3
60.92888523598934,ATCR2,500,500,3
232.69065714090482,ATCR2,500,500,3
281.81657839639996,ATCR2,500,500,3
96.44695124166931,ATCR2,500,500,3
95.68193461345955,ATCR2,500,500,3
819.0193225267183,ATCR2,500,500,3
150.52797400737958,ATCR2,500,500,3
830.5760034602645,ATCR2,500,500,3
1709.8220286645978,ATFI,500,500,3
1537.4257050255626,ATFI,500,500,3
3122.9639169107645,ATFI,500,500,3
147.77287598775288,ATFI,500,500,3
1284.2888729485492,ATFI,500,500,3
3094.852801557957,ATFI,500,500,3
1029.9667197621757,ATFI,500,500,3
365.2429045624161,ATFI,500,500,3
989.6960250152887,ATFI,500,500,3
687.0621043660517,ATFI,500,500,3
2189.9363607270243,ATFI,500,500,3
3190.2362030300737,ATFI,500,500,3
1763.4491731059977,ATFI,500,500,3
1523.5065489671392,ATFI,500,500,3
2591.0766210316788,ATFI,500,500,3
2189.0292837592733,ATFI,500,500,3
2340.9943880549263,ATFI,500,500,3
3596.993816469156,ATFI,500,500,3
257.840339440496,ATFI,500,500,3
594.9565577225793,ATFI,500,500,3
1891.2368825454303,ATHO,500,500,3
208.52295277329068,ATHO,500,500,3
1995.7061112763665,ATHO,500,500,3
925.059648328944,ATHO,500,500,3
476.659904737264,ATHO,500,500,3
3393.144971048365,ATHO,500,500,3
1418.6174788559356,ATHO,500,500,3
22.35949314439822,ATHO,500,500,3
5831.445190751145,ATHO,500,500,3
2495.0473831850645,ATHO,500,500,3
1948.6358237464462,ATHO,500,500,3
630.4255884897849,ATHO,500,500,3
1590.5555785181,ATHO,500,500,3
165.91067562836625,ATHO,500,500,3
88.25699304403729,ATHO,500,500,3
417.9108363531929,ATHO,500,500,3
429.132756488185,ATHO,500,500,3
4490.13463637333,ATHO,500,500,3
100.93656234259734,ATHO,500,500,3
344.1586348226117,ATHO,500,500,3
992.9372778825315,ATLE,500,500,3
588.1256782061228,ATLE,500,500,3
228.1215492610827,ATLE,500,500,3
2095.6959939064886,ATLE,500,500,3
990.1764440476,ATLE,500,500,3
2607.5457529132777,ATLE,500,500,3
132.56759345278402,ATLE,500,500,3
6148.560142482773,ATLE,500,500,3
2712.5451538403404,ATLE,500,500,3
2259.3556306606924,ATLE,500,500,3
787.3122734057795,ATLE,500,500,3
1851.7520063637337,ATLE,500,500,3
9941.059736898498,ATLE,500,500,3
469.9251396329174,ATLE,500,500,3
562.158959587243,ATLE,500,500,3
570.8740181276424,ATLE,500,500,3
677.6035557309849,ATLE,500,500,3
437.6694330156374,ATLE,500,500,3
2947.2655583288897,ATLE,500,500,3
39.422990762090656,ATLE,500,500,3
87.87133613351818,ATNU,500,500,3
124.75053930973152,ATNU,500,500,3
371.52227400242487,ATNU,500,500,3
1614.358789084473,ATNU,500,500,3
2526.67961429962,ATNU,500,500,3
397.71387212044635,ATNU,500,500,3
653.5375711951361,ATNU,500,500,3
1708.9478052594914,ATNU,500,500,3
256.6621798791094,ATNU,500,500,3
75.36242435718935,ATNU,500,500,3
3294.5647800885754,ATNU,500,500,3
6830.656153867597,ATNU,500,500,3
4609.44344799818,ATNU,500,500,3
1039.4285436973228,ATNU,500,500,3
2466.388549994793,ATNU,500,500,3
4678.6621934564255,ATNU,500,500,3
980.6848254206224,ATNU,500,500,3
1337.7476025223893,ATNU,500,500,3
3679.463988196268,ATNU,500,500,3
1405.263591745678,ATNU,500,500,3
1231.300504499705,ATPA4,500,500,3
3421.5142584511705,ATPA4,500,500,3
135.57609690026487,ATPA4,500,500,3
295.6701399343718,ATPA4,500,500,3
604.1920826509584,ATPA4,500,500,3
3949.355226825955,ATPA4,500,500,3
2868.233081320488,ATPA4,500,500,3
70.19462814492267,ATPA4,500,500,3
1822.128488477438,ATPA4,500,500,3
114.58938357332624,ATPA4,500,500,3
1432.2961571770861,ATPA4,500,500,3
187.9152736359094,ATPA4,500,500,3
1647.867360263465,ATPA4,500,500,3
2426.431032817476,ATPA4,500,500,3
206.4940022271929,ATPA4,500,500,3
3239.583654520232,ATPA4,500,500,3
134.9657855174827,ATPA4,500,500,3
2061.6733617581435,ATPA4,500,500,3
229.6050410833333,ATPA4,500,500,3
115.04028351558934,ATPA4,500,500,3
965.8534629514241,ATPO,500,500,3
2663.485198478933,ATPO,500,500,3
1879.3139121349332,ATPO,500,500,3
3688.9238836852887,ATPO,500,500,3
1271.7061477831662,ATPO,500,500,3
4670.253751964015,ATPO,500,500,3
458.62584580215287,ATPO,500,500,3
6234.7133139157295,ATPO,500,500,3
573.4735876307896,ATPO,500,500,3
4898.299209810424,ATPO,500,500,3
1694.0181160292107,ATPO,500,500,3
4446.579652194732,ATPO,500,500,3
2845.0186819213573,ATPO,500,500,3
2932.8077518438377,ATPO,500,500,3
483.81000698630936,ATPO,500,500,3
5311.4911327915925,ATPO,500,500,3
6340.261730749819,ATPO,500,500,3
5130.458582819823,ATPO,500,500,3
415.0070954736001,ATPO,500,500,3
219.56243996973325,ATPO,500,500,3
705.067257084238,ATPR,500,500,3
1380.5368712232894,ATPR,500,500,3
246.02540810666662,ATPR,500,500,3
2763.0213602879558,ATPR,500,500,3
3868.499014228985,ATPR,500,500,3
590.0687934504515,ATPR,500,500,3
5696.855116688208,ATPR,500,500,3
2052.989899309296,ATPR,500,500,3
1090.4599224777317,ATPR,500,500,3
3169.4635877955984,ATPR,500,500,3
2262.301007684037,ATPR,500,500,3
2976.403545040283,ATPR,500,500,3
4283.551617156543,ATPR,500,500,3
3525.1086841284236,ATPR,500,500,3
2284.8107758040464,ATPR,500,500,3
2107.3337333599557,ATPR,500,500,3
1994.2141479818226,ATPR,500,500,3
1601.1873164021172,ATPR,500,500,3
1053.939260632489,ATPR,500,500,3
647.4354809489336,ATPR,500,500,3
2743.0111892837763,ATSE,500,500,3
2734.5243258935434,ATSE,500,500,3
598.5067992282862,ATSE,500,500,3
1543.729444221652,ATSE,500,500,3
1275.1012987664994,ATSE,500,500,3
146.812823677376,ATSE,500,500,3
2416.3818795667053,ATSE,500,500,3
4476.672131866621,ATSE,500,500,3
984.675127122046,ATSE,500,500,3
1324.1572659544106,ATSE,500,500,3
1349.2018386655552,ATSE,500,500,3
4523.382802637638,ATSE,500,500,3
2562.799733101225,ATSE,500,500,3
221.53484211967293,ATSE,500,500,3
49.105209029288865,ATSE,500,500,3
251.56170823677158,ATSE,500,500,3
656.3171565354024,ATSE,500,500,3
5534.171806651287,ATSE,500,500,3
1990.4155878655547,ATSE,500,500,3
3111.930961210282,ATSE,500,500,3
214.5151851193173,AUDE,500,500,3
445.33150755733146,AUDE,500,500,3
1079.4969639942242,AUDE,500,500,3
2008.0334306485322,AUDE,500,500,3
843.238233194665,AUDE,500,500,3
1687.5933086549317,AUDE,500,500,3
1576.3077019635982,AUDE,500,500,3
884.2927390769048,AUDE,500,500,3
359.03865446425596,AUDE,500,500,3
2520.3571560443993,AUDE,500,500,3
422.2400074183394,AUDE,500,500,3
2246.1408866055394,AUDE,500,500,3
1115.730446258772,AUDE,500,500,3
57.418778594117335,AUDE,500,500,3
982.6960173222662,AUDE,500,500,3
2098.127676920745,AUDE,500,500,3
141.4991770318507,AUDE,500,500,3
3176.4563290529263,AUDE,500,500,3
319.5525319694774,AUDE,500,500,3
3112.982229853864,AUDE,500,500,3
1250.1153948125227,AUJA,500,500,3
1453.349591235411,AUJA,500,500,3
1542.6536041774073,AUJA,500,500,3
2150.70810853602,AUJA,500,500,3
1816.2151662310657,AUJA,500,500,3
1085.9971797494034,AUJA,500,500,3
930.6139761443394,AUJA,500,500,3
81.46034796393067,AUJA,500,500,3
398.1010354352639,AUJA,500,500,3
2276.009283556686,AUJA,500,500,3
169.86681384515552,AUJA,500,500,3
179.29651496049595,AUJA,500,500,3
1742.2751129144262,AUJA,500,500,3
1134.445382369956,AUJA,500,500,3
1072.0378724505445,AUJA,500,500,3
76.53418307159998,AUJA,500,500,3
379.62211982670954,AUJA,500,500,3
1238.111234654691,AUJA,500,500,3
82.64774078428269,AUJA,500,500,3
107.95734961234488,AUJA,500,500,3
856.9705149833799,AUVI,500,500,3
4072.0597217385157,AUVI,500,500,3
1172.917543271749,AUVI,500,500,3
235.26499872761605,AUVI,500,500,3
150.2671495784516,AUVI,500,500,3
6433.558407706763,AUVI,500,500,3
449.1432936069531,AUVI,500,500,3
437.1468064018775,AUVI,500,500,3
3435.6571200804124,AUVI,500,500,3
699.4010163763129,AUVI,500,500,3
64.43473270633066,AUVI,500,500,3
1250.9699881935933,AUVI,500,500,3
693.1667945909971,AUVI,500,500,3
23.054141856666675,AUVI,500,500,3
426.8092054564693,AUVI,500,500,3
314.86600592509154,AUVI,500,500,3
631.8136126096996,AUVI,500,500,3
253.0239894449048,AUVI,500,500,3
1635.3364295410329,AUVI,500,500,3
385.48822450965156,AUVI,500,500,3
92.83575363113067,AVBA,500,500,3
501.1972059988889,AVBA,500,500,3
835.6186257370384,AVBA,500,500,3
73.70911820969064,AVBA,500,500,3
299.9934085005494,AVBA,500,500,3
224.0994747218773,AVBA,500,500,3
287.0836722015129,AVBA,500,500,3
141.1865899381173,AVBA,500,500,3
55.85921066595557,AVBA,500,500,3
28.606865297989337,AVBA,500,500,3
212.7234856479129,AVBA,500,500,3
132.36380514670927,AVBA,500,500,3
4545.974261767822,AVBA,500,500,3
441.49551021510393,AVBA,500,500,3
161.0115049867306,AVBA,500,500,3
4682.23190215431,AVBA,500,500,3
1590.1207719539989,AVBA,500,500,3
350.2095909514241,AVBA,500,500,3
844.0707992541795,AVBA,500,500,3
4617.577510868263,AVBA,500,500,3
202.0530451235839,AVFA,500,500,3
369.12608419548275,AVFA,500,500,3
4286.040269637289,AVFA,500,500,3
223.31348073726403,AVFA,500,500,3
166.94404095223294,AVFA,500,500,3
271.7290131191306,AVFA,500,500,3
273.26378658217953,AVFA,500,500,3
285.2351706239716,AVFA,500,500,3
3631.814771019516,AVFA,500,500,3
167.39098215401066,AVFA,500,500,3
23.7776859771449,AVFA,500,500,3
4418.428828491377,AVFA,500,500,3
352.3673763833583,AVFA,500,500,3
467.3716740354773,AVFA,500,500,3
302.6743491229581,AVFA,500,500,3
139.46134389065952,AVFA,500,500,3
147.56838654087824,AVFA,500,500,3
201.28250643453148,AVFA,500,500,3
124.76241580142931,AVFA,500,500,3
923.0983357052428,AVFA,500,500,3
49.708568860416015,AVGE,500,500,3
1051.8675687388427,AVGE,500,500,3
3876.5102482938246,AVGE,500,500,3
2791.925898302505,AVGE,500,500,3
1820.1328279999975,AVGE,500,500,3
435.44119797333326,AVGE,500,500,3
3967.5023303551934,AVGE,500,500,3
2403.60289331146,AVGE,500,500,3
135.62277299041952,AVGE,500,500,3
1926.622874043733,AVGE,500,500,3
809.9571773917796,AVGE,500,500,3
234.8819532294827,AVGE,500,500,3
2431.551445329572,AVGE,500,500,3
5257.67125726222,AVGE,500,500,3
104.04167727529953,AVGE,500,500,3
6449.84276593506,AVGE,500,500,3
177.7459167063307,AVGE,500,500,3
3158.7941047402674,AVGE,500,500,3
4056.7250868476,AVGE,500,500,3
242.02984328276614,AVGE,500,500,3
149.82578917921956,AVPU2,500,500,3
624.0323481288518,AVPU2,500,500,3
452.02450371178514,AVPU2,500,500,3
4408.880004181157,AVPU2,500,500,3
2839.5115648069327,AVPU2,500,500,3
210.87163833642487,AVPU2,500,500,3
85.35325975423822,AVPU2,500,500,3
126.37564283999995,AVPU2,500,500,3
113.54024910916267,AVPU2,500,500,3
225.29165470969605,AVPU2,500,500,3
42.31465402407824,AVPU2,500,500,3
84.23549362915554,AVPU2,500,500,3
572.7552620398916,AVPU2,500,500,3
1732.6134660520115,AVPU2,500,500,3
1102.9455712966376,AVPU2,500,500,3
101.90330554214403,AVPU2,500,500,3
1953.0421430716003,AVPU2,500,500,3
109.8414425642666,AVPU2,500,500,3
1549.8260096586228,AVPU2,500,500,3
228.74583816938497,AVPU2,500,500,3
1265.0828491327131,AVSA,500,500,3
280.59175691369074,AVSA,500,500,3
2629.1529778476634,AVSA,500,500,3
475.70494245273596,AVSA,500,500,3
612.1894515183627,AVSA,500,500,3
1189.5428423146382,AVSA,500,500,3
189.4278260915129,AVSA,500,500,3
2605.33884752937,AVSA,500,500,3
171.76004309623286,AVSA,500,500,3
211.17279127123737,AVSA,500,500,3
114.91572713898486,AVSA,500,500,3
1983.0750787967918,AVSA,500,500,3
539.7104648788195,AVSA,500,500,3
156.42936021970485,AVSA,500,500,3
466.29288571935285,AVSA,500,500,3
640.1578588269795,AVSA,500,500,3
262.9741212088729,AVSA,500,500,3
40.947106112504905,AVSA,500,500,3
95.24313327573333,AVSA,500,500,3
567.6129739231557,AVSA,500,500,3
1470.6558371913798,AXAM,500,500,3
215.41843991924617,AXAM,500,500,3
1501.3820030343663,AXAM,500,500,3
610.2288064433335,AXAM,500,500,3
2377.48064327594,AXAM,500,500,3
3745.748378941155,AXAM,500,500,3
378.0126102311181,AXAM,500,500,3
2032.5991195897586,AXAM,500,500,3
2559.93036884386,AXAM,500,500,3
130.0864359083929,AXAM,500,500,3
642.727063899305,AXAM,500,500,3
195.05437857097962,AXAM,500,500,3
4745.149330629246,AXAM,500,500,3
397.63503183999984,AXAM,500,500,3
3202.768801837508,AXAM,500,500,3
260.05950779135816,AXAM,500,500,3
715.3779551338504,AXAM,500,500,3
2793.442314495545,AXAM,500,500,3
789.2851079877336,AXAM,500,500,3
2324.0346977283984,AXAM,500,500,3
348.0156490554862,AXCO,500,500,3
1813.3869627948627,AXCO,500,500,3
887.4443955074775,AXCO,500,500,3
2554.1285757471132,AXCO,500,500,3
3599.6622453241175,AXCO,500,500,3
2219.8932570364514,AXCO,500,500,3
373.58692751903294,AXCO,500,500,3
2191.185423387077,AXCO,500,500,3
1870.336520446931,AXCO,500,500,3
96.24401563679288,AXCO,500,500,3
1313.4731298761797,AXCO,500,500,3
482.10106380831303,AXCO,500,500,3
974.197463972037,AXCO,500,500,3
7214.535636108451,AXCO,500,500,3
850.3017409677582,AXCO,500,500,3
767.9198702484889,AXCO,500,500,3
2212.3067324989447,AXCO,500,500,3
902.326484129678,AXCO,500,500,3
2418.9400017474563,AXCO,500,500,3
592.6001606281798,AXCO,500,500,3
68.77377279828623,AXFI,500,500,3
141.8424143616,AXFI,500,500,3
4491.747490575488,AXFI,500,500,3
3387.147574520943,AXFI,500,500,3
1396.5052022611183,AXFI,500,500,3
40.583652771832895,AXFI,500,500,3
378.65572772402487,AXFI,500,500,3
202.76445621617594,AXFI,500,500,3
82.53835848217601,AXFI,500,500,3
865.3510424126509,AXFI,500,500,3
1483.019862872105,AXFI,500,500,3
183.21214016746478,AXFI,500,500,3
45.04276782694399,AXFI,500,500,3
272.5956010591557,AXFI,500,500,3
199.79951500798407,AXFI,500,500,3
267.81909232780635,AXFI,500,500,3
1327.9786458488886,AXFI,500,500,3
1217.9316853464732,AXFI,500,500,3
121.98731315468623,AXFI,500,500,3
3554.4308773985267,AXFI,500,500,3
1045.228119309909,AZCA,500,500,3
669.8033420992783,AZCA,500,500,3
3808.752081689857,AZCA,500,500,3
663.4326791857336,AZCA,500,500,3
3541.111837731753,AZCA,500,500,3
2081.082438705807,AZCA,500,500,3
4516.007196966676,AZCA,500,500,3
986.3569670159361,AZCA,500,500,3
2040.3465983956203,AZCA,500,500,3
1836.9601385475974,AZCA,500,500,3
210.29589706707745,AZCA,500,500,3
755.8540438023397,AZCA,500,500,3
1658.1973290396372,AZCA,500,500,3
930.8076345823131,AZCA,500,500,3
1028.4809304611556,AZCA,500,500,3
595.6771726388888,AZCA,500,500,3
1343.5949018836466,AZCA,500,500,3
3120.291724893353,AZCA,500,500,3
1262.146253146958,AZCA,500,500,3
252.36026284535293,AZCA,500,500,3
208.8912640249174,BAAL2,500,500,3
1190.2802644942915,BAAL2,500,500,3
69.17696389333155,BAAL2,500,500,3
587.5577839216,BAAL2,500,500,3
102.10881724492617,BAAL2,500,500,3
674.678287014313,BAAL2,500,500,3
66.03350813211732,BAAL2,500,500,3
207.79366792888888,BAAL2,500,500,3
102.03012082209956,BAAL2,500,500,3
655.969138805753,BAAL2,500,500,3
543.2114787362061,BAAL2,500,500,3
312.7278954833848,BAAL2,500,500,3
1081.3726689953853,BAAL2,500,500,3
505.28834622715544,BAAL2,500,500,3
86.38454913638401,BAAL2,500,500,3
4185.123506874368,BAAL2,500,500,3
1689.9071523781531,BAAL2,500,500,3
122.6967953477333,BAAL2,500,500,3
935.1373849717319,BAAL2,500,500,3
165.09569162047822,BAAL2,500,500,3
1379.8431918289843,BAAN,500,500,3
2163.1437393459128,BAAN,500,500,3
1568.1975766473322,BAAN,500,500,3
4615.9396965383075,BAAN,500,500,3
3255.009109876621,BAAN,500,500,3
3834.3285164343447,BAAN,500,500,3
3280.9295341182874,BAAN,500,500,3
399.0538175236249,BAAN,500,500,3
2484.109189674665,BAAN,500,500,3
392.5068005670381,BAAN,500,500,3
2552.5590513079187,BAAN,500,500,3
928.0044911011553,BAAN,500,500,3
2749.189707244772,BAAN,500,500,3
381.027567000304,BAAN,500,500,3
889.4661501616198,BAAN,500,500,3
306.60732483562487,BAAN,500,500,3
907.1845483565226,BAAN,500,500,3
3800.7100803008802,BAAN,500,500,3
4211.694765634756,BAAN,500,500,3
737.3522826709333,BAAN,500,500,3
2253.4982375309587,BAAU,500,500,3
263.2321711164001,BAAU,500,500,3
280.6135359856,BAAU,500,500,3
1452.662662457513,BAAU,500,500,3
2874.4688564788903,BAAU,500,500,3
1366.1272785030667,BAAU,500,500,3
3470.285310411518,BAAU,500,500,3
150.7452230732729,BAAU,500,500,3
8738.656631565394,BAAU,500,500,3
620.7277428076784,BAAU,500,500,3
3620.2187228980447,BAAU,500,500,3
2684.518912619305,BAAU,500,500,3
6128.769472957651,BAAU,500,500,3
118.8755391272516,BAAU,500,500,3
753.4244145341708,BAAU,500,500,3
2056.591330410489,BAAU,500,500,3
318.36915051404617,BAAU,500,500,3
1867.2106950146776,BAAU,500,500,3
3420.7787227655413,BAAU,500,500,3
179.294751610624,BAAU,500,500,3
1180.7606080468465,BABR2,500,500,3
1539.2811657730113,BABR2,500,500,3
2384.3037267717045,BABR2,500,500,3
295.0149282931184,BABR2,500,500,3
650.2585187988892,BABR2,500,500,3
1186.8683943512733,BABR2,500,500,3
195.7496822363307,BABR2,500,500,3
3505.2419038444627,BABR2,500,500,3
2036.511034555556,BABR2,500,500,3
1819.033893754451,BABR2,500,500,3
334.83768655820626,BABR2,500,500,3
1857.4310251608106,BABR2,500,500,3
1498.867893043136,BABR2,500,500,3
2922.2457222864787,BABR2,500,500,3
681.6144835902861,BABR2,500,500,3
222.6012101322222,BABR2,500,500,3
3901.4453959337793,BABR2,500,500,3
1691.769231288255,BABR2,500,500,3
2310.0041017720164,BABR2,500,500,3
1052.2455912425175,BABR2,500,500,3
207.38498025062222,BACA,500,500,3
652.3936332368196,BACA,500,500,3
3028.792933179725,BACA,500,500,3
1396.7297821277793,BACA,500,500,3
558.9254408873527,BACA,500,500,3
108.96229730302399,BACA,500,500,3
3397.9785403839564,BACA,500,500,3
623.4697680551182,BACA,500,500,3
346.5158731635894,BACA,500,500,3
233.76821532995558,BACA,500,500,3
65.28123292973335,BACA,500,500,3
5414.6302436254555,BACA,500,500,3
1549.6013239822216,BACA,500,500,3
1096.2491048019554,BACA,500,500,3
3550.8285329571554,BACA,500,500,3
172.71810499693328,BACA,500,500,3
115.9914302721262,BACA,500,500,3
1256.785471848932,BACA,500,500,3
317.18959172681946,BACA,500,500,3
4012.388475947932,BACA,500,500,3
143.4397633117227,BACI,500,500,3
121.50879216362495,BACI,500,500,3
496.9530087647981,BACI,500,500,3
2852.2802919162855,BACI,500,500,3
5404.055882437287,BACI,500,500,3
519.5298891672462,BACI,500,500,3
1163.5291209220247,BACI,500,500,3
3431.6768872033244,BACI,500,500,3
2195.9839380308194,BACI,500,500,3
1613.7266610124782,BACI,500,500,3
258.4063010112693,BACI,500,500,3
3799.993439828878,BACI,500,500,3
7326.085236765353,BACI,500,500,3
1965.8550314143986,BACI,500,500,3
336.14629929663823,BACI,500,500,3
4029.501275381119,BACI,500,500,3
1390.726546679289,BACI,500,500,3
1565.7135701856698,BACI,500,500,3
3855.0082765746333,BACI,500,500,3
1078.9559444858862,BACI,500,500,3
285.1088880398062,BAHA,500,500,3
275.7861068016,BAHA,500,500,3
210.71040168554484,BAHA,500,500,3
141.7773460436195,BAHA,500,500,3
139.42044143573162,BAHA,500,500,3
178.79587324010492,BAHA,500,500,3
491.77414156973344,BAHA,500,500,3
991.9993812917756,BAHA,500,500,3
57.472383591082675,BAHA,500,500,3
527.980385258489,BAHA,500,500,3
129.0288641321796,BAHA,500,500,3
62.6168169987129,BAHA,500,500,3
1756.8272690622564,BAHA,500,500,3
321.65070967335834,BAHA,500,500,3
461.04525098222206,BAHA,500,500,3
1109.3568102611557,BAHA,500,500,3
3940.276314054821,BAHA,500,500,3
620.7363550500908,BAHA,500,500,3
604.2969238397847,BAHA,500,500,3
568.3570857539983,BAHA,500,500,3
948.8147426277758,BAHY,500,500,3
108.05026891342933,BAHY,500,500,3
315.9952755555555,BAHY,500,500,3
1580.9078198596198,BAHY,500,500,3
142.63951985848885,BAHY,500,500,3
1123.5662973456992,BAHY,500,500,3
2480.357895084287,BAHY,500,500,3
2365.1892837136197,BAHY,500,500,3
1019.5111043114384,BAHY,500,500,3
229.3905813191396,BAHY,500,500,3
333.37341046975814,BAHY,500,500,3
94.9773680092996,BAHY,500,500,3
611.6194780671716,BAHY,500,500,3
401.48271658068626,BAHY,500,500,3
3294.6882670186665,BAHY,500,500,3
464.5887418266666,BAHY,500,500,3
794.1503747259446,BAHY,500,500,3
1333.7267498925494,BAHY,500,500,3
4145.2083966051405,BAHY,500,500,3
298.784891269376,BAHY,500,500,3
5050.250312951108,BAMA5,500,500,3
6254.414676831955,BAMA5,500,500,3
4733.7658809313,BAMA5,500,500,3
682.560556946489,BAMA5,500,500,3
4560.879703951984,BAMA5,500,500,3
2781.4697275816516,BAMA5,500,500,3
4969.147217233912,BAMA5,500,500,3
2773.980365371277,BAMA5,500,500,3
680.1410680015931,BAMA5,500,500,3
483.16701915163753,BAMA5,500,500,3
1279.992661176597,BAMA5,500,500,3
1227.250154623083,BAMA5,500,500,3
257.35890188684624,BAMA5,500,500,3
116.67884090621156,BAMA5,500,500,3
4848.749563772865,BAMA5,500,500,3
5435.019364495955,BAMA5,500,500,3
5851.682854335359,BAMA5,500,500,3
4528.0966258336675,BAMA5,500,500,3
4877.255382315644,BAMA5,500,500,3
2070.745597160277,BAMA5,500,500,3
591.8636838051558,BAMO,500,500,3
616.6878705731625,BAMO,500,500,3
31.95937063081956,BAMO,500,500,3
1725.200454092771,BAMO,500,500,3
82.01945528106664,BAMO,500,500,3
2064.774776260772,BAMO,500,500,3
1233.2714695711556,BAMO,500,500,3
586.2667934484888,BAMO,500,500,3
1975.2236897215118,BAMO,500,500,3
71.96342499093159,BAMO,500,500,3
534.2894305528728,BAMO,500,500,3
2115.32836937617,BAMO,500,500,3
141.24845211195557,BAMO,500,500,3
1303.5030973481798,BAMO,500,500,3
1250.753495088611,BAMO,500,500,3
495.2886159880463,BAMO,500,500,3
7568.736838873572,BAMO,500,500,3
1262.6842325077048,BAMO,500,500,3
202.64135026559995,BAMO,500,500,3
1577.2685647184783,BAMO,500,500,3
338.5982367392996,BAMU,500,500,3
799.5183738736,BAMU,500,500,3
1056.6576891161526,BAMU,500,500,3
3580.7394071470076,BAMU,500,500,3
145.15971510612624,BAMU,500,500,3
185.64772593706672,BAMU,500,500,3
2486.061673424496,BAMU,500,500,3
2710.1276061631547,BAMU,500,500,3
4067.8074500056737,BAMU,500,500,3
66.95454967248891,BAMU,500,500,3
46.24709513595556,BAMU,500,500,3
417.30849457407294,BAMU,500,500,3
1603.2788670396003,BAMU,500,500,3
2071.704884385536,BAMU,500,500,3
81.17091728551824,BAMU,500,500,3
3583.906126511247,BAMU,500,500,3
129.36829118519296,BAMU,500,500,3
1897.434758469433,BAMU,500,500,3
2787.6009603276725,BAMU,500,500,3
216.2750319567361,BAMU,500,500,3
3286.7318052050773,BAMU2,500,500,3
1406.1407815231712,BAMU2,500,500,3
127.96511007201956,BAMU2,500,500,3
575.3808496764515,BAMU2,500,500,3
3579.576329967332,BAMU2,500,500,3
239.73760629958406,BAMU2,500,500,3
1732.096391239617,BAMU2,500,500,3
2426.699880012622,BAMU2,500,500,3
193.3292575951626,BAMU2,500,500,3
635.9138059548729,BAMU2,500,500,3
1779.3468161151918,BAMU2,500,500,3
119.24443280169064,BAMU2,500,500,3
1272.8844176191549,BAMU2,500,500,3
344.7122837624889,BAMU2,500,500,3
620.0098914907306,BAMU2,500,500,3
111.18865612742931,BAMU2,500,500,3
1692.4290398931555,BAMU2,500,500,3
866.2982794428996,BAMU2,500,500,3
711.7112206732784,BAMU2,500,500,3
129.6180958609334,BAMU2,500,500,3
1590.1645691826056,BANE2,500,500,3
2068.0902514982668,BANE2,500,500,3
584.0449039752461,BANE2,500,500,3
712.7083848888885,BANE2,500,500,3
433.9479733519625,BANE2,500,500,3
1781.241948434198,BANE2,500,500,3
4135.837180874663,BANE2,500,500,3
2345.96848003754,BANE2,500,500,3
2959.4843288211828,BANE2,500,500,3
2330.3636021366838,BANE2,500,500,3
3292.9363776228956,BANE2,500,500,3
2388.2702777373706,BANE2,500,500,3
4670.155313376363,BANE2,500,500,3
7231.035150159959,BANE2,500,500,3
100.73190485077153,BANE2,500,500,3
2362.2434704765706,BANE2,500,500,3
2060.7165092065848,BANE2,500,500,3
1283.0886386305976,BANE2,500,500,3
3123.026217000957,BANE2,500,500,3
3428.953569111067,BANE2,500,500,3
181.05351704528897,BANI,500,500,3
1740.9920649473972,BANI,500,500,3
598.8376197857261,BANI,500,500,3
2314.497996153728,BANI,500,500,3
1032.9817239975662,BANI,500,500,3
392.2828477441707,BANI,500,500,3
1221.1104012837532,BANI,500,500,3
701.586609658622,BANI,500,500,3
1070.433949679998,BANI,500,500,3
369.0453944634025,BANI,500,500,3
4244.8790945706505,BANI,500,500,3
1089.953459998064,BANI,500,500,3
317.6502165752728,BANI,500,500,3
3662.8642095349323,BANI,500,500,3
1361.674379157156,BANI,500,500,3
562.524481844976,BANI,500,500,3
118.97635024782224,BANI,500,500,3
1142.2308108327181,BANI,500,500,3
500.2163031942382,BANI,500,500,3
1336.8139735658224,BANI,500,500,3
484.4586512165257,BAOR,500,500,3
549.8303364295663,BAOR,500,500,3
116.83896297621153,BAOR,500,500,3
654.0482093933798,BAOR,500,500,3
3574.4219656229247,BAOR,500,500,3
1031.6796324451843,BAOR,500,500,3
2482.0010774023667,BAOR,500,500,3
230.7338712869529,BAOR,500,500,3
77.44753349853157,BAOR,500,500,3
1256.5818361465442,BAOR,500,500,3
231.3013839971556,BAOR,500,500,3
195.08995303009957,BAOR,500,500,3
5004.910238903638,BAOR,500,500,3
1873.480405160277,BAOR,500,500,3
697.5822970188642,BAOR,500,500,3
13.911411550122663,BAOR,500,500,3
77.6753450145849,BAOR,500,500,3
122.80030408137954,BAOR,500,500,3
6279.756001062222,BAOR,500,500,3
118.43501435157158,BAOR,500,500,3
1698.4908635726224,BAPA2,500,500,3
19.454050740933333,BAPA2,500,500,3
12.796051089343996,BAPA2,500,500,3
59.79131224511822,BAPA2,500,500,3
1036.7430784609264,BAPA2,500,500,3
2386.9202976817323,BAPA2,500,500,3
17.855974125624886,BAPA2,500,500,3
25.46822528012622,BAPA2,500,500,3
368.8178797539556,BAPA2,500,500,3
133.88740379758934,BAPA2,500,500,3
255.78760131487297,BAPA2,500,500,3
477.7510944272197,BAPA2,500,500,3
20.76247552693334,BAPA2,500,500,3
962.5334376897264,BAPA2,500,500,3
13.988722240846222,BAPA2,500,500,3
1282.5266047899997,BAPA2,500,500,3
105.5838530233582,BAPA2,500,500,3
13.98131783379732,BAPA2,500,500,3
282.54431870028617,BAPA2,500,500,3
13.271547953918219,BAPA2,500,500,3
492.6540092799557,BAPI,500,500,3
865.3508269993224,BAPI,500,500,3
3251.1785869704468,BAPI,500,500,3
787.7063749304889,BAPI,500,500,3
913.5723653014114,BAPI,500,500,3
1797.6071862075094,BAPI,500,500,3
421.23584452550404,BAPI,500,500,3
46.10615903850487,BAPI,500,500,3
165.14046702620269,BAPI,500,500,3
4044.0820062576013,BAPI,500,500,3
2022.0805835306596,BAPI,500,500,3
2662.3095711886062,BAPI,500,500,3
1043.6475855189315,BAPI,500,500,3
869.5978355455558,BAPI,500,500,3
6468.760436536178,BAPI,500,500,3
507.3368813332463,BAPI,500,500,3
1458.2466012556781,BAPI,500,500,3
248.77740756501154,BAPI,500,500,3
3477.638642839297,BAPI,500,500,3
4157.189088288419,BAPI,500,500,3
196.76250934997174,BAPR,500,500,3
1924.0364682990853,BAPR,500,500,3
2871.5359258330377,BAPR,500,500,3
307.3230509044888,BAPR,500,500,3
1711.9996295822918,BAPR,500,500,3
78.67558182761067,BAPR,500,500,3
160.26444912902934,BAPR,500,500,3
2628.277818516416,BAPR,500,500,3
196.00832597596255,BAPR,500,500,3
410.3061502844516,BAPR,500,500,3
941.1558093889258,BAPR,500,500,3
98.9882332884889,BAPR,500,500,3
914.1252634801048,BAPR,500,500,3
832.4135367289176,BAPR,500,500,3
2604.1186643852525,BAPR,500,500,3
4169.249768256127,BAPR,500,500,3
3150.584838379518,BAPR,500,500,3
1300.9372074748514,BAPR,500,500,3
424.9718617379841,BAPR,500,500,3
2922.7668077898225,BAPR,500,500,3
1450.695006449145,BAPU,500,500,3
1330.1426544550666,BAPU,500,500,3
426.08593997397185,BAPU,500,500,3
782.5219714150329,BAPU,500,500,3
500.3777584419555,BAPU,500,500,3
2778.162990634661,BAPU,500,500,3
2253.0598289974037,BAPU,500,500,3
445.6921521904001,BAPU,500,500,3
140.63323407017955,BAPU,500,500,3
2852.4769339370655,BAPU,500,500,3
3311.7114983464885,BAPU,500,500,3
3270.293137082735,BAPU,500,500,3
771.2889001531572,BAPU,500,500,3
1820.2542519697054,BAPU,500,500,3
1791.6236857955555,BAPU,500,500,3
982.8453646964894,BAPU,500,500,3
888.676703962579,BAPU,500,500,3
4680.971870730411,BAPU,500,500,3
564.588186349993,BAPU,500,500,3
1800.4753115872427,BAPU,500,500,3
3338.0290140648967,BARO,500,500,3
1618.685107669219,BARO,500,500,3
1187.7386271900007,BARO,500,500,3
3416.9282197039643,BARO,500,500,3
984.7542005612377,BARO,500,500,3
628.1310172737973,BARO,500,500,3
1263.7375426879717,BARO,500,500,3
3261.480808567039,BARO,500,500,3
5227.058711608487,BARO,500,500,3
34.837121661326236,BARO,500,500,3
3092.2108728660696,BARO,500,500,3
5711.965180472148,BARO,500,500,3
1261.5054069200203,BARO,500,500,3
4046.6355091717546,BARO,500,500,3
334.7693606193048,BARO,500,500,3
1345.265959244073,BARO,500,500,3
357.10897062241963,BARO,500,500,3
1644.3808599643999,BARO,500,500,3
2111.6213877379982,BARO,500,500,3
1520.3972746138866,BARO,500,500,3
907.0891011002594,BASA,500,500,3
605.8443501948516,BASA,500,500,3
774.2891114999447,BASA,500,500,3
694.1601392305048,BASA,500,500,3
2644.9375842305253,BASA,500,500,3
855.1211700890669,BASA,500,500,3
1454.8977426558224,BASA,500,500,3
1578.2246440861709,BASA,500,500,3
3491.5642481228783,BASA,500,500,3
2868.6751975889338,BASA,500,500,3
2425.8830133464735,BASA,500,500,3
278.26973280369066,BASA,500,500,3
146.09941054833067,BASA,500,500,3
266.12587320659725,BASA,500,500,3
49.563191581210646,BASA,500,500,3
250.49087974417063,BASA,500,500,3
172.13904921599828,BASA,500,500,3
5885.156055764624,BASA,500,500,3
2252.0280548735723,BASA,500,500,3
495.75658749826664,BASA,500,500,3
1493.3313342843574,BASA3,500,500,3
3186.0758799999917,BASA3,500,500,3
3367.410248555931,BASA3,500,500,3
232.14567724693148,BASA3,500,500,3
2416.959613351963,BASA3,500,500,3
153.39706810862225,BASA3,500,500,3
3789.5599795211365,BASA3,500,500,3
3264.7842428650647,BASA3,500,500,3
1816.960207537776,BASA3,500,500,3
18.66047999442488,BASA3,500,500,3
44.65967880701154,BASA3,500,500,3
1411.1757795856988,BASA3,500,500,3
435.5036792708248,BASA3,500,500,3
2306.856415994736,BASA3,500,500,3
3573.5894116796,BASA3,500,500,3
405.4768420616462,BASA3,500,500,3
3174.420147658025,BASA3,500,500,3
7202.079465174525,BASA3,500,500,3
1113.6301604762666,BASA3,500,500,3
1570.059662499113,BASA3,500,500,3
4402.35579922048,BASA4,500,500,3
212.86834618692268,BASA4,500,500,3
1529.9185244099979,BASA4,500,500,3
1400.7321049662862,BASA4,500,500,3
701.9141083726507,BASA4,500,500,3
304.1046699785228,BASA4,500,500,3
117.2803306786062,BASA4,500,500,3
4543.4839256815985,BASA4,500,500,3
368.3215595835449,BASA4,500,500,3
3100.810315154232,BASA4,500,500,3
1503.1728877789803,BASA4,500,500,3
755.4188193918224,BASA4,500,500,3
471.83737990569966,BASA4,500,500,3
2388.9729145119554,BASA4,500,500,3
4688.652256046717,BASA4,500,500,3
469.13430769492624,BASA4,500,500,3
295.1816835682115,BASA4,500,500,3
172.54303992159996,BASA4,500,500,3
3296.9696753196786,BASA4,500,500,3
419.1473963646224,BASA4,500,500,3
132.55654738743294,BASC5,500,500,3
1361.7215612708908,BASC5,500,500,3
1624.063342226344,BASC5,500,500,3
8739.593664332655,BASC5,500,500,3
4011.367218508793,BASC5,500,500,3
165.1519461404,BASC5,500,500,3
2365.562438146345,BASC5,500,500,3
3966.269907557289,BASC5,500,500,3
712.5157505208729,BASC5,500,500,3
1358.6920911870864,BASC5,500,500,3
332.94540207626665,BASC5,500,500,3
3486.3354704904455,BASC5,500,500,3
3465.848103462222,BASC5,500,500,3
268.622269419513,BASC5,500,500,3
1582.7962786382768,BASC5,500,500,3
124.20019491285153,BASC5,500,500,3
161.36500526503832,BASC5,500,500,3
4701.563839359138,BASC5,500,500,3
2210.9944655639447,BASC5,500,500,3
524.774813472197,BASC5,500,500,3
3983.6771702050114,BASP,500,500,3
1824.4470666079562,BASP,500,500,3
2145.6549961392193,BASP,500,500,3
1121.4206846667357,BASP,500,500,3
648.0334249555038,BASP,500,500,3
76.48223953057959,BASP,500,500,3
1615.2473675362914,BASP,500,500,3
847.0858946453313,BASP,500,500,3
307.14221123982213,BASP,500,500,3
830.5656053179715,BASP,500,500,3
334.3657232957706,BASP,500,500,3
2235.6688521998226,BASP,500,500,3
1730.1438502292888,BASP,500,500,3
317.99668140628626,BASP,500,500,3
978.4496108871397,BASP,500,500,3
1678.5804712359657,BASP,500,500,3
600.1705912219309,BASP,500,500,3
346.3526286924516,BASP,500,500,3
1710.310361426233,BASP,500,500,3
108.79076943012265,BASP,500,500,3
57.74601540663288,BATI,500,500,3
2165.9363987165793,BATI,500,500,3
3647.918021121619,BATI,500,500,3
3277.3260106057796,BATI,500,500,3
7609.109570475511,BATI,500,500,3
311.9135032473529,BATI,500,500,3
622.2931979373226,BATI,500,500,3
230.75368635114492,BATI,500,500,3
3295.80551596271,BATI,500,500,3
2128.350418222251,BATI,500,500,3
237.87342715081945,BATI,500,500,3
5041.452309405822,BATI,500,500,3
3899.240563882487,BATI,500,500,3
3562.488755194795,BATI,500,500,3
3420.945975705157,BATI,500,500,3
999.1720172313528,BATI,500,500,3
558.7798409779127,BATI,500,500,3
7360.192899042068,BATI,500,500,3
691.9499506662665,BATI,500,500,3
125.11008226382938,BATI,500,500,3
1632.1129570416003,BAUN,500,500,3
1030.0348030372918,BAUN,500,500,3
264.1922502000906,BAUN,500,500,3
982.2857195766328,BAUN,500,500,3
273.4217852849334,BAUN,500,500,3
61.5088276884889,BAUN,500,500,3
163.6009629627573,BAUN,500,500,3
199.27350666316616,BAUN,500,500,3
190.65391592682494,BAUN,500,500,3
456.4320586662117,BAUN,500,500,3
91.90175057913598,BAUN,500,500,3
991.0586667902866,BAUN,500,500,3
2949.2559825811045,BAUN,500,500,3
86.51098576036267,BAUN,500,500,3
3627.9757119346327,BAUN,500,500,3
376.41573954662226,BAUN,500,500,3
2394.617874087068,BAUN,500,500,3
1698.9640871909758,BAUN,500,500,3
229.9396937441849,BAUN,500,500,3
2660.3348864996105,BAUN,500,500,3
3475.5707087475976,BAVA,500,500,3
47.28359424787733,BAVA,500,500,3
1502.3129631037,BAVA,500,500,3
422.908669691305,BAVA,500,500,3
1847.4118889332885,BAVA,500,500,3
65.37764799993599,BAVA,500,500,3
1849.0358949452784,BAVA,500,500,3
337.04660032575816,BAVA,500,500,3
204.47514405793962,BAVA,500,500,3
133.42233374599817,BAVA,500,500,3
114.18309373234487,BAVA,500,500,3
230.86553380051737,BAVA,500,500,3
207.27063477233608,BAVA,500,500,3
236.96898618964616,BAVA,500,500,3
183.46457745045154,BAVA,500,500,3
297.4282751535714,BAVA,500,500,3
353.76520797689597,BAVA,500,500,3
1363.1230595077536,BAVA,500,500,3
224.99243183238934,BAVA,500,500,3
340.83754917745597,BAVA,500,500,3
1774.3117526860724,BAVE,500,500,3
156.7601045591307,BAVE,500,500,3
226.96405312539736,BAVE,500,500,3
2732.511650769806,BAVE,500,500,3
1693.4452548058857,BAVE,500,500,3
748.6317862143716,BAVE,500,500,3
925.6006551430669,BAVE,500,500,3
73.62034307185071,BAVE,500,500,3
225.22516196106673,BAVE,500,500,3
281.0516519005795,BAVE,500,500,3
56.442527372736016,BAVE,500,500,3
55.508437745144874,BAVE,500,500,3
421.7718849330063,BAVE,500,500,3
611.1368892034825,BAVE,500,500,3
444.6269562213761,BAVE,500,500,3
2452.4268162433978,BAVE,500,500,3
3193.6187829404985,BAVE,500,500,3
33.063040479557344,BAVE,500,500,3
412.15355546706496,BAVE,500,500,3
2610.842585477398,BAVE,500,500,3
68.71811731913954,BAVE2,500,500,3
2613.2069120119395,BAVE2,500,500,3
289.68259620829156,BAVE2,500,500,3
50.5054134579129,BAVE2,500,500,3
1300.236665702683,BAVE2,500,500,3
1528.9000062222226,BAVE2,500,500,3
134.25399615338483,BAVE2,500,500,3
148.38083197689602,BAVE2,500,500,3
47.99232494727824,BAVE2,500,500,3
280.4203985657582,BAVE2,500,500,3
1164.9533051079093,BAVE2,500,500,3
192.62248895111824,BAVE2,500,500,3
185.95869718689954,BAVE2,500,500,3
4563.0231027296695,BAVE2,500,500,3
46.98628645048888,BAVE2,500,500,3
14.194807683411561,BAVE2,500,500,3
132.74774255644272,BAVE2,500,500,3
6365.160198535821,BAVE2,500,500,3
49.74499862715555,BAVE2,500,500,3
283.3876936652161,BAVE2,500,500,3
169.95870890325156,BAVI3,500,500,3
2802.0092243395125,BAVI3,500,500,3
157.70532573234482,BAVI3,500,500,3
84.16881436839819,BAVI3,500,500,3
76.20705199782223,BAVI3,500,500,3
542.9390464285583,BAVI3,500,500,3
49.09929203255288,BAVI3,500,500,3
221.40907825877147,BAVI3,500,500,3
176.04519166406936,BAVI3,500,500,3
3631.5679130964904,BAVI3,500,500,3
85.22333240660623,BAVI3,500,500,3
273.22032515965145,BAVI3,500,500,3
1092.342127509033,BAVI3,500,500,3
1888.5547730122223,BAVI3,500,500,3
219.86079980970482,BAVI3,500,500,3
5179.955447830156,BAVI3,500,500,3
1240.7329082187923,BAVI3,500,500,3
192.58290206655843,BAVI3,500,500,3
63.133839079935996,BAVI3,500,500,3
803.2133355545584,BAVI3,500,500,3
2278.8815472827664,BAVU,500,500,3
449.6094865258224,BAVU,500,500,3
90.13035946612624,BAVU,500,500,3
3904.3767051553486,BAVU,500,500,3
2313.664001174525,BAVU,500,500,3
165.1137439621049,BAVU,500,500,3
2026.9315438566118,BAVU,500,500,3
1146.596962260336,BAVU,500,500,3
526.7681445518774,BAVU,500,500,3
3801.1296540664175,BAVU,500,500,3
4311.970053832305,BAVU,500,500,3
484.0642733842328,BAVU,500,500,3
2418.8283434728373,BAVU,500,500,3
3521.259094958933,BAVU,500,500,3
2449.1285306563987,BAVU,500,500,3
3006.7184098999182,BAVU,500,500,3
2658.3634845729493,BAVU,500,500,3
1249.2939274289333,BAVU,500,500,3
1457.544133848659,BAVU,500,500,3
1205.4979827165794,BAVU,500,500,3
1487.8219142539094,BEAL2,500,500,3
1750.485998266622,BEAL2,500,500,3
474.3105436491928,BEAL2,500,500,3
291.53018833094393,BEAL2,500,500,3
4336.403049825165,BEAL2,500,500,3
2250.0932462051555,BEAL2,500,500,3
1251.4316175951626,BEAL2,500,500,3
1284.4422135082589,BEAL2,500,500,3
1205.0389230095932,BEAL2,500,500,3
2579.7022779484,BEAL2,500,500,3
3935.7339718597327,BEAL2,500,500,3
404.0279914183396,BEAL2,500,500,3
1914.434151543403,BEAL2,500,500,3
2174.205588469289,BEAL2,500,500,3
1978.7509052791395,BEAL2,500,500,3
2960.746279206043,BEAL2,500,500,3
4801.521653276557,BEAL2,500,500,3
1710.7110799902653,BEAL2,500,500,3
2279.6711601806915,BEAL2,500,500,3
7062.667733798046,BEAL2,500,500,3
183.65315532102932,BEBE4,500,500,3
76.24249242194487,BEBE4,500,500,3
427.3051131502861,BEBE4,500,500,3
23.908022333509336,BEBE4,500,500,3
358.0767262678027,BEBE4,500,500,3
253.16604962079282,BEBE4,500,500,3
156.91933029108625,BEBE4,500,500,3
287.1245555988888,BEBE4,500,500,3
217.7454439722223,BEBE4,500,500,3
117.60564229048892,BEBE4,500,500,3
1271.0243128818915,BEBE4,500,500,3
2256.146792592185,BEBE4,500,500,3
1763.2476424488889,BEBE4,500,500,3
379.48413172380265,BEBE4,500,500,3
373.2444339608157,BEBE4,500,500,3
420.0714234342667,BEBE4,500,500,3
3492.1678595454846,BEBE4,500,500,3
2744.4757157730905,BEBE4,500,500,3
246.23369999248882,BEBE4,500,500,3
544.6498807961582,BEBE4,500,500,3
909.161417351822,BEDA,500,500,3
4626.8938975204255,BEDA,500,500,3
196.60025544703274,BEDA,500,500,3
275.0440178382771,BEDA,500,500,3
795.2361188838117,BEDA,500,500,3
65.35719189013156,BEDA,500,500,3
3153.204631247956,BEDA,500,500,3
669.0189270638865,BEDA,500,500,3
551.7515847069848,BEDA,500,500,3
101.95574439662222,BEDA,500,500,3
123.44035533862221,BEDA,500,500,3
460.68494835745986,BEDA,500,500,3
6425.031895855722,BEDA,500,500,3
1338.9010221614064,BEDA,500,500,3
784.9319308085762,BEDA,500,500,3
240.83071767995546,BEDA,500,500,3
2528.331809043087,BEDA,500,500,3
198.06715117311302,BEDA,500,500,3
545.2942626884106,BEDA,500,500,3
3574.0262634010664,BEDA,500,500,3
74.25515275519821,BEER,500,500,3
695.9946251868995,BEER,500,500,3
1615.875419694934,BEER,500,500,3
3312.2745400951444,BEER,500,500,3
1215.2684079988887,BEER,500,500,3
991.2188879984001,BEER,500,500,3
1147.1134262638648,BEER,500,500,3
1625.7079216789343,BEER,500,500,3
1722.548112303779,BEER,500,500,3
493.97658512173336,BEER,500,500,3
7383.419363223035,BEER,500,500,3
4191.573563335167,BEER,500,500,3
1211.3173005335045,BEER,500,500,3
4056.260665703994,BEER,500,500,3
5537.158462527996,BEER,500,500,3
4645.360906811194,BEER,500,500,3
860.099392357189,BEER,500,500,3
355.2965832831929,BEER,500,500,3
684.3281260798865,BEER,500,500,3
2560.5759444639125,BEER,500,500,3
4972.981259103216,BEGL,500,500,3
1120.0776955387573,BEGL,500,500,3
260.56997424796265,BEGL,500,500,3
1785.0735196476005,BEGL,500,500,3
247.55701993235735,BEGL,500,500,3
341.0578561151715,BEGL,500,500,3
2260.7730177818303,BEGL,500,500,3
481.79568176543285,BEGL,500,500,3
420.9962044168461,BEGL,500,500,3
395.1689531638329,BEGL,500,500,3
567.4675378407661,BEGL,500,500,3
180.86136525038927,BEGL,500,500,3
1087.6426561808426,BEGL,500,500,3
237.42670397565158,BEGL,500,500,3
3379.598128087877,BEGL,500,500,3
556.7672316803983,BEGL,500,500,3
234.92730308351295,BEGL,500,500,3
335.96143378514495,BEGL,500,500,3
631.1922211622112,BEGL,500,500,3
3183.7186910377536,BEGL,500,500,3
200.22229917437153,BEIN2,500,500,3
241.20292561057957,BEIN2,500,500,3
3527.46450013849,BEIN2,500,500,3
255.8439970857796,BEIN2,500,500,3
118.06115842900618,BEIN2,500,500,3
496.89511199649985,BEIN2,500,500,3
116.67904516135823,BEIN2,500,500,3
3301.9106706605785,BEIN2,500,500,3
202.9687560123662,BEIN2,500,500,3
4312.921834570746,BEIN2,500,500,3
6251.778518024489,BEIN2,500,500,3
1920.4272193087725,BEIN2,500,500,3
226.0362166037333,BEIN2,500,500,3
2730.876061442473,BEIN2,500,500,3
7360.100762083267,BEIN2,500,500,3
191.79672560817596,BEIN2,500,500,3
502.64668365371745,BEIN2,500,500,3
341.80843050506667,BEIN2,500,500,3
225.61416209348266,BEIN2,500,500,3
6257.0078829222675,BEIN2,500,500,3
1322.413818229332,BEJU,500,500,3
3582.998858313038,BEJU,500,500,3
449.1209602286064,BEJU,500,500,3
349.66372906707727,BEJU,500,500,3
118.0700399185849,BEJU,500,500,3
268.0361815317316,BEJU,500,500,3
412.4674413275573,BEJU,500,500,3
4292.488675636338,BEJU,500,500,3
4777.400929994978,BEJU,500,500,3
50.87289908606403,BEJU,500,500,3
26.120749332878212,BEJU,500,500,3
773.7444323253176,BEJU,500,500,3
4789.47336676317,BEJU,500,500,3
107.57347395839828,BEJU,500,500,3
161.9927580624195,BEJU,500,500,3
5241.0678705055125,BEJU,500,500,3
28.447883441050667,BEJU,500,500,3
291.3063687207662,BEJU,500,500,3
267.18117403999986,BEJU,500,500,3
1368.710718796345,BEJU,500,500,3
2343.6920869338383,BELE,500,500,3
1685.5977882205705,BELE,500,500,3
2420.830117526043,BELE,500,500,3
1511.1326821303446,BELE,500,500,3
2486.0476376105794,BELE,500,500,3
4251.1848274027925,BELE,500,500,3
1499.28970486033,BELE,500,500,3
117.95313979477152,BELE,500,500,3
2575.543359640234,BELE,500,500,3
2497.805843006491,BELE,500,500,3
525.0578085751395,BELE,500,500,3
987.5712482021257,BELE,500,500,3
3956.7041481279552,BELE,500,500,3
2345.477989373411,BELE,500,500,3
1345.7665468151451,BELE,500,500,3
1489.6303770225709,BELE,500,500,3
1256.0155939255308,BELE,500,500,3
252.82236976466484,BELE,500,500,3
3109.299563887484,BELE,500,500,3
860.6263209555183,BELE,500,500,3
308.5348666666026,BELY,500,500,3
3065.6567842101986,BELY,500,500,3
161.9544477928106,BELY,500,500,3
437.2331660829708,BELY,500,500,3
3647.0005171999555,BELY,500,500,3
108.6583360819182,BELY,500,500,3
1384.4509926980252,BELY,500,500,3
325.4770694740197,BELY,500,500,3
320.36248929501164,BELY,500,500,3
3386.095001463066,BELY,500,500,3
3088.875087605247,BELY,500,500,3
3313.4525018440513,BELY,500,500,3
1284.232605579518,BELY,500,500,3
3769.275067985574,BELY,500,500,3
200.58221331893336,BELY,500,500,3
301.9641323699129,BELY,500,500,3
71.46227610595552,BELY,500,500,3
99.08347677979738,BELY,500,500,3
1291.5918878269442,BELY,500,500,3
79.7746677675929,BELY,500,500,3
3973.5063931412474,BENA,500,500,3
908.3333113978241,BENA,500,500,3
4620.275400031957,BENA,500,500,3
1188.843709833598,BENA,500,500,3
367.545667137278,BENA,500,500,3
1568.684192691199,BENA,500,500,3
2761.7680144759393,BENA,500,500,3
275.8941914197262,BENA,500,500,3
166.63202614677158,BENA,500,500,3
141.40706858953956,BENA,500,500,3
788.9695990231897,BENA,500,500,3
8197.877741691587,BENA,500,500,3
2658.1989642716003,BENA,500,500,3
1297.3690196243833,BENA,500,500,3
412.1867223921759,BENA,500,500,3
657.8663573913526,BENA,500,500,3
4293.334124942207,BENA,500,500,3
118.39837802034488,BENA,500,500,3
1235.9885034266663,BENA,500,500,3
149.58642458982223,BENA,500,500,3
7004.901650775884,BENI,500,500,3
147.71510706002485,BENI,500,500,3
286.5145559404642,BENI,500,500,3
293.69105166921946,BENI,500,500,3
1867.939837396132,BENI,500,500,3
418.15175970983825,BENI,500,500,3
5733.171680718505,BENI,500,500,3
1244.9677820250383,BENI,500,500,3
278.9065903290596,BENI,500,500,3
793.9072835280193,BENI,500,500,3
2252.9913616519652,BENI,500,500,3
156.22166260863824,BENI,500,500,3
1401.3923146826503,BENI,500,500,3
160.80873431145065,BENI,500,500,3
935.0587776291399,BENI,500,500,3
2500.9801006165253,BENI,500,500,3
398.2440901322223,BENI,500,500,3
179.47794633471824,BENI,500,500,3
1475.5897159978224,BENI,500,500,3
1159.7946393166226,BENI,500,500,3
584.6309117592464,BEOC2,500,500,3
1078.8413288302775,BEOC2,500,500,3
2224.237224902933,BEOC2,500,500,3
261.0167083386596,BEOC2,500,500,3
296.6506706170239,BEOC2,500,500,3
425.7976422222507,BEOC2,500,500,3
269.89364767965156,BEOC2,500,500,3
4930.918759968079,BEOC2,500,500,3
736.9804980644905,BEOC2,500,500,3
1286.1163766023096,BEOC2,500,500,3
2159.9292761483657,BEOC2,500,500,3
563.8614893439928,BEOC2,500,500,3
5948.741378398658,BEOC2,500,500,3
383.28598266674487,BEOC2,500,500,3
275.23740558897606,BEOC2,500,500,3
388.46274064377593,BEOC2,500,500,3
1756.7531690474643,BEOC2,500,500,3
2765.3713171278214,BEOC2,500,500,3
538.991843142953,BEOC2,500,500,3
1084.2620118576199,BEOC2,500,500,3
4575.84338616391,BEPA,500,500,3
3242.6160257454644,BEPA,500,500,3
2668.0992042738326,BEPA,500,500,3
5415.166565676289,BEPA,500,500,3
3515.962345718263,BEPA,500,500,3
1876.4122573024426,BEPA,500,500,3
378.83244774647284,BEPA,500,500,3
4493.928799118063,BEPA,500,500,3
631.5328062322916,BEPA,500,500,3
2681.2655186605807,BEPA,500,500,3
194.04270732110925,BEPA,500,500,3
2361.5795069772794,BEPA,500,500,3
3096.370014398078,BEPA,500,500,3
1354.158162923717,BEPA,500,500,3
2054.484277972393,BEPA,500,500,3
3175.0975562495364,BEPA,500,500,3
620.2372711736729,BEPA,500,500,3
1660.6570678952512,BEPA,500,500,3
618.443305532864,BEPA,500,500,3
4499.25553112889,BEPA,500,500,3
1335.5117413264995,BEPE2,500,500,3
1201.3553041344783,BEPE2,500,500,3
1886.5292007358287,BEPE2,500,500,3
2931.179404872731,BEPE2,500,500,3
356.076145114624,BEPE2,500,500,3
1537.1708886524004,BEPE2,500,500,3
1264.5894789007932,BEPE2,500,500,3
1565.318444215296,BEPE2,500,500,3
155.8883369869582,BEPE2,500,500,3
1459.7744456325047,BEPE2,500,500,3
2004.1973107095034,BEPE2,500,500,3
1761.3337435342057,BEPE2,500,500,3
393.69916811693327,BEPE2,500,500,3
1427.2664598997255,BEPE2,500,500,3
3142.3551753928377,BEPE2,500,500,3
1023.5166310695178,BEPE2,500,500,3
3423.1832491779137,BEPE2,500,500,3
2596.6366589391573,BEPE2,500,500,3
3258.2204003519987,BEPE2,500,500,3
176.5815834554026,BEPE2,500,500,3
931.0853455402379,BEPE3,500,500,3
1179.3520274835175,BEPE3,500,500,3
1560.8244186915833,BEPE3,500,500,3
717.6492077429757,BEPE3,500,500,3
5880.648659965654,BEPE3,500,500,3
3929.940173296185,BEPE3,500,500,3
1020.5686769604197,BEPE3,500,500,3
5037.506760748026,BEPE3,500,500,3
2402.136854600447,BEPE3,500,500,3
5991.664220344732,BEPE3,500,500,3
3034.1805895912958,BEPE3,500,500,3
5444.7791430456255,BEPE3,500,500,3
4776.28553567889,BEPE3,500,500,3
3103.9520308220526,BEPE3,500,500,3
1413.7756579655397,BEPE3,500,500,3
1046.084755364345,BEPE3,500,500,3
4124.159617557289,BEPE3,500,500,3
4845.780004351141,BEPE3,500,500,3
3852.4003222399533,BEPE3,500,500,3
989.6669831018648,BEPE3,500,500,3
214.70143008297063,BEPO,500,500,3
247.24814152706668,BEPO,500,500,3
263.0784708453529,BEPO,500,500,3
172.69508039000002,BEPO,500,500,3
2224.7013853340386,BEPO,500,500,3
4559.453395654762,BEPO,500,500,3
549.6658584297171,BEPO,500,500,3
3443.176783991324,BEPO,500,500,3
8473.981233242666,BEPO,500,500,3
4053.903203141288,BEPO,500,500,3
4378.7368203323695,BEPO,500,500,3
163.36387242495292,BEPO,500,500,3
1433.8042907865579,BEPO,500,500,3
2135.091748335956,BEPO,500,500,3
5789.405934413635,BEPO,500,500,3
1429.007509890873,BEPO,500,500,3
702.2453774271837,BEPO,500,500,3
125.13301072838398,BEPO,500,500,3
2712.309733014124,BEPO,500,500,3
5367.50766143505,BEPO,500,500,3
310.884050392576,BEPU4,500,500,3
489.1246455822916,BEPU4,500,500,3
4942.500696069964,BEPU4,500,500,3
448.9533475924887,BEPU4,500,500,3
983.6105198438382,BEPU4,500,500,3
70.48397919713955,BEPU4,500,500,3
1564.1379573322217,BEPU4,500,500,3
328.0127943002384,BEPU4,500,500,3
2184.8114973777333,BEPU4,500,500,3
20.072733037397334,BEPU4,500,500,3
239.40890263607304,BEPU4,500,500,3
6856.83740765849,BEPU4,500,500,3
1505.541127772153,BEPU4,500,500,3
1394.515514703673,BEPU4,500,500,3
218.10618531197156,BEPU4,500,500,3
3327.8071271221975,BEPU4,500,500,3
506.3970850092639,BEPU4,500,500,3
280.30221175793594,BEPU4,500,500,3
1262.6371608280729,BEPU4,500,500,3
2403.391072579625,BEPU4,500,500,3
675.1155992797707,BESC,500,500,3
6945.339899898669,BESC,500,500,3
837.2983678432641,BESC,500,500,3
763.4180816383716,BESC,500,500,3
2933.199810093483,BESC,500,500,3
5990.687491483732,BESC,500,500,3
143.30741686135292,BESC,500,500,3
121.44207826555554,BESC,500,500,3
127.86529127921595,BESC,500,500,3
3263.4093980369325,BESC,500,500,3
496.51881249561603,BESC,500,500,3
196.23494821170496,BESC,500,500,3
865.5249368016904,BESC,500,500,3
88.7509983982649,BESC,500,500,3
337.3137575709582,BESC,500,500,3
79.54120259268267,BESC,500,500,3
7242.240968680106,BESC,500,500,3
1981.8640095551723,BESC,500,500,3
6083.447352607955,BESC,500,500,3
881.5069294500101,BESC,500,500,3
5599.2022399498255,BESU,500,500,3
578.7551014236997,BESU,500,500,3
951.5845436828372,BESU,500,500,3
2101.257723692358,BESU,500,500,3
1598.648038682451,BESU,500,500,3
2759.9886425659674,BESU,500,500,3
234.04861218238406,BESU,500,500,3
2455.475793119402,BESU,500,500,3
876.8255777288456,BESU,500,500,3
1805.408300078393,BESU,500,500,3
90.911951887104,BESU,500,500,3
1331.4464915136782,BESU,500,500,3
6007.519029553805,BESU,500,500,3
3049.3225052008356,BESU,500,500,3
1005.4156953104431,BESU,500,500,3
2024.5378665629569,BESU,500,500,3
79.63714525215292,BESU,500,500,3
2938.002120262399,BESU,500,500,3
147.4384044070666,BESU,500,500,3
3841.1693745684893,BESU,500,500,3
1176.9152863547654,BESY,500,500,3
228.494749541376,BESY,500,500,3
1108.1174504754065,BESY,500,500,3
954.0192718551453,BESY,500,500,3
1027.3889557537263,BESY,500,500,3
417.5680504587307,BESY,500,500,3
204.14882191101154,BESY,500,500,3
52.36342612195556,BESY,500,500,3
3542.6006297102504,BESY,500,500,3
100.33008222395559,BESY,500,500,3
279.17112252327826,BESY,500,500,3
398.8374222894063,BESY,500,500,3
702.0781800000002,BESY,500,500,3
266.4908051029333,BESY,500,500,3
184.24281952937952,BESY,500,500,3
3168.9405903356005,BESY,500,500,3
521.3381737114868,BESY,500,500,3
125.08580216126398,BESY,500,500,3
100.69371436782222,BESY,500,500,3
514.9093332534329,BESY,500,500,3
203.3759078494559,BETH,500,500,3
539.949125466864,BETH,500,500,3
1982.8930850731936,BETH,500,500,3
3265.7353809418214,BETH,500,500,3
2742.3767341954563,BETH,500,500,3
5047.083554629803,BETH,500,500,3
250.24996762441953,BETH,500,500,3
1174.211237940558,BETH,500,500,3
578.4499143592516,BETH,500,500,3
230.96627189777064,BETH,500,500,3
5623.882223630159,BETH,500,500,3
3207.3986001074563,BETH,500,500,3
807.0252452770061,BETH,500,500,3
435.21596802215817,BETH,500,500,3
1133.5108043955127,BETH,500,500,3
766.9262024562915,BETH,500,500,3
37.520470082970675,BETH,500,500,3
6240.502733869423,BETH,500,500,3
3609.227468426213,BETH,500,500,3
1185.370487690025,BETH,500,500,3
147.99977592009955,BEVU,500,500,3
375.62882170103273,BEVU,500,500,3
435.0355598723984,BEVU,500,500,3
3401.5467610622227,BEVU,500,500,3
802.2292251360997,BEVU,500,500,3
262.1221743615928,BEVU,500,500,3
792.9252183619628,BEVU,500,500,3
1043.2431252746221,BEVU,500,500,3
1021.8223796884889,BEVU,500,500,3
231.10182573479827,BEVU,500,500,3
660.2726108410293,BEVU,500,500,3
359.6600643084781,BEVU,500,500,3
109.25215888723731,BEVU,500,500,3
2246.4611990591548,BEVU,500,500,3
1116.7395375021795,BEVU,500,500,3
321.35652310369966,BEVU,500,500,3
132.83699374648887,BEVU,500,500,3
846.7262842852692,BEVU,500,500,3
133.83007417105065,BEVU,500,500,3
3755.1356260761527,BEVU,500,500,3
4486.3283546546545,BIAR,500,500,3
109.73795014313954,BIAR,500,500,3
346.68756074239286,BIAR,500,500,3
472.19201091839795,BIAR,500,500,3
1839.556135820622,BIAR,500,500,3
116.87213169429157,BIAR,500,500,3
5634.510889564557,BIAR,500,500,3
176.41035534022933,BIAR,500,500,3
122.91439018222226,BIAR,500,500,3
151.70825393164623,BIAR,500,500,3
2077.9944618958057,BIAR,500,500,3
165.35172823991292,BIAR,500,500,3
32.651347937832874,BIAR,500,500,3
3924.1055456419854,BIAR,500,500,3
1151.8277213931447,BIAR,500,500,3
192.1097143457974,BIAR,500,500,3
2096.422559275172,BIAR,500,500,3
165.35008426239284,BIAR,500,500,3
63.652537703651575,BIAR,500,500,3
122.05778658372265,BIAR,500,500,3
736.2322250751554,BIBE2,500,500,3
417.0107541520998,BIBE2,500,500,3
568.1372731215358,BIBE2,500,500,3
999.7134873401579,BIBE2,500,500,3
1796.0149931215362,BIBE2,500,500,3
250.5421380882328,BIBE2,500,500,3
515.9416285636197,BIBE2,500,500,3
946.7892966826223,BIBE2,500,500,3
1103.4841856495998,BIBE2,500,500,3
323.51476815922484,BIBE2,500,500,3
1535.9285316012638,BIBE2,500,500,3
727.8969716688781,BIBE2,500,500,3
973.0334241912888,BIBE2,500,500,3
537.0649394680728,BIBE2,500,500,3
673.2559176316993,BIBE2,500,500,3
737.8030285812888,BIBE2,500,500,3
500.90118370983845,BIBE2,500,500,3
430.5284619407625,BIBE2,500,500,3
527.6344906388887,BIBE2,500,500,3
539.4872776371183,BIBE2,500,500,3
185.71195017151817,BIBI,500,500,3
27.30047597566399,BIBI,500,500,3
136.6564992558062,BIBI,500,500,3
388.70582886391276,BIBI,500,500,3
20.80528318305955,BIBI,500,500,3
189.76131264262938,BIBI,500,500,3
59.85250778839996,BIBI,500,500,3
224.4810784632889,BIBI,500,500,3
5065.740606399954,BIBI,500,500,3
106.21221908316265,BIBI,500,500,3
93.28134786500266,BIBI,500,500,3
56.75201494327289,BIBI,500,500,3
381.4874719464515,BIBI,500,500,3
3577.1939242994335,BIBI,500,500,3
23.779347852451558,BIBI,500,500,3
89.27013448481951,BIBI,500,500,3
35.17094206975289,BIBI,500,500,3
3225.252459999486,BIBI,500,500,3
236.67059533582227,BIBI,500,500,3
59.92561060863288,BIBI,500,500,3
299.3370189042916,BIBI4,500,500,3
1160.3130591740512,BIBI4,500,500,3
682.2929803091555,BIBI4,500,500,3
4854.128466396357,BIBI4,500,500,3
4453.2259716688795,BIBI4,500,500,3
91.41235666747735,BIBI4,500,500,3
1078.444516706069,BIBI4,500,500,3
107.10673624817602,BIBI4,500,500,3
466.8893920870331,BIBI4,500,500,3
181.97945967607285,BIBI4,500,500,3
264.3976493275573,BIBI4,500,500,3
110.11705090804622,BIBI4,500,500,3
401.79406453895825,BIBI4,500,500,3
3762.3706622753507,BIBI4,500,500,3
411.89397495955745,BIBI4,500,500,3
1569.1532166150669,BIBI4,500,500,3
1133.9420147263997,BIBI4,500,500,3
333.74475944583827,BIBI4,500,500,3
262.1133674313796,BIBI4,500,500,3
143.31183364960003,BIBI4,500,500,3
719.5767834441315,BIBI7,500,500,3
179.53331195218487,BIBI7,500,500,3
4203.7209971823995,BIBI7,500,500,3
874.1176755988887,BIBI7,500,500,3
270.1220526190293,BIBI7,500,500,3
1544.5402458598114,BIBI7,500,500,3
312.79504186877165,BIBI7,500,500,3
1318.0114851455558,BIBI7,500,500,3
484.8220617287395,BIBI7,500,500,3
837.4043119621048,BIBI7,500,500,3
233.1277923805225,BIBI7,500,500,3
4924.350934478505,BIBI7,500,500,3
203.6595575739094,BIBI7,500,500,3
1196.6205796676247,BIBI7,500,500,3
2716.6183958840243,BIBI7,500,500,3
266.9232419871556,BIBI7,500,500,3
71.84212776582933,BIBI7,500,500,3
640.7174581155557,BIBI7,500,500,3
34.605306632810674,BIBI7,500,500,3
97.6281546593849,BIBI7,500,500,3
2871.87167000729,BICA,500,500,3
70.65188754482487,BICA,500,500,3
407.32329798715546,BICA,500,500,3
4254.010960039804,BICA,500,500,3
104.83670100155733,BICA,500,500,3
228.9317520699573,BICA,500,500,3
804.2619699982776,BICA,500,500,3
1535.9642066305971,BICA,500,500,3
1248.1544299924467,BICA,500,500,3
32.10340503739732,BICA,500,500,3
104.41390617915732,BICA,500,500,3
3498.840806998186,BICA,500,500,3
672.8429066188517,BICA,500,500,3
1883.5333834248468,BICA,500,500,3
354.0605105148515,BICA,500,500,3
5817.650413180045,BICA,500,500,3
3194.92154481117,BICA,500,500,3
3180.6907020831977,BICA,500,500,3
278.29955381205144,BICA,500,500,3
1939.518174839745,BICA,500,500,3
422.4117142527928,BICE,500,500,3
102.03550663558936,BICE,500,500,3
1698.496330174798,BICE,500,500,3
284.16521591455296,BICE,500,500,3
269.3955589974596,BICE,500,500,3
642.0001138104248,BICE,500,500,3
3696.3503280135383,BICE,500,500,3
5287.208940018772,BICE,500,500,3
141.56753975905949,BICE,500,500,3
1267.397022867904,BICE,500,500,3
1660.6465638312893,BICE,500,500,3
1303.452290711545,BICE,500,500,3
1584.0642783074916,BICE,500,500,3
78.53564412967823,BICE,500,500,3
428.0980079261584,BICE,500,500,3
953.5005194226914,BICE,500,500,3
528.6655453832464,BICE,500,500,3
706.7621922579625,BICE,500,500,3
1273.449661535131,BICE,500,500,3
144.73519816493334,BICE,500,500,3
639.7149253288889,BICO5,500,500,3
876.1811357313268,BICO5,500,500,3
3557.67630399311,BICO5,500,500,3
2882.1666477684885,BICO5,500,500,3
113.7302055038862,BICO5,500,500,3
1505.4660228474859,BICO5,500,500,3
180.0006160032426,BICO5,500,500,3
236.15588050886942,BICO5,500,500,3
22.623378639331563,BICO5,500,500,3
3743.9335409339105,BICO5,500,500,3
2681.2599665599564,BICO5,500,500,3
197.6154878449334,BICO5,500,500,3
1093.2240574566663,BICO5,500,500,3
818.383765928505,BICO5,500,500,3
398.63912354093327,BICO5,500,500,3
980.0483665453439,BICO5,500,500,3
324.7640736311307,BICO5,500,500,3
271.55656258026505,BICO5,500,500,3
135.94825759060626,BICO5,500,500,3
1990.4201917296016,BICO5,500,500,3
188.42063009109162,BIDI,500,500,3
472.7795403812249,BIDI,500,500,3
1014.1150023065442,BIDI,500,500,3
630.1886065066224,BIDI,500,500,3
1149.7815090998597,BIDI,500,500,3
877.6332996996964,BIDI,500,500,3
1789.500741223822,BIDI,500,500,3
3673.7626262751555,BIDI,500,500,3
1009.3223508618223,BIDI,500,500,3
200.46069069812611,BIDI,500,500,3
187.54986637646942,BIDI,500,500,3
34.63486050332266,BIDI,500,500,3
1954.553227329264,BIDI,500,500,3
116.10649262915554,BIDI,500,500,3
739.350956135822,BIDI,500,500,3
520.7931923409049,BIDI,500,500,3
395.2592884469315,BIDI,500,500,3
2002.943734635219,BIDI,500,500,3
237.953915646064,BIDI,500,500,3
176.74479599995547,BIDI,500,500,3
304.68483279089605,BIFR,500,500,3
1259.2348930456726,BIFR,500,500,3
317.7300876401759,BIFR,500,500,3
1120.5268101326064,BIFR,500,500,3
947.006002714651,BIFR,500,500,3
488.85183463933174,BIFR,500,500,3
768.4971153783393,BIFR,500,500,3
1828.5662722129325,BIFR,500,500,3
767.9378018890508,BIFR,500,500,3
2458.69451088226,BIFR,500,500,3
1137.1643371641437,BIFR,500,500,3
258.202058975856,BIFR,500,500,3
1073.9652366954506,BIFR,500,500,3
427.3447525921849,BIFR,500,500,3
3381.864650650959,BIFR,500,500,3
1322.349327355726,BIFR,500,500,3
2767.7634764132704,BIFR,500,500,3
4274.9375419114385,BIFR,500,500,3
2478.735780330944,BIFR,500,500,3
2331.563290859376,BIFR,500,500,3
1194.9739016957844,BILA,500,500,3
204.21473780052625,BILA,500,500,3
3869.4595823658638,BILA,500,500,3
2370.9715017266917,BILA,500,500,3
6200.155145819303,BILA,500,500,3
190.14094850982218,BILA,500,500,3
1845.1236059032963,BILA,500,500,3
1562.9144784106222,BILA,500,500,3
508.8511422986222,BILA,500,500,3
290.30098005833946,BILA,500,500,3
2449.818625898622,BILA,500,500,3
2271.245238341056,BILA,500,500,3
597.9178534194917,BILA,500,500,3
3295.5002504635677,BILA,500,500,3
166.47230140575283,BILA,500,500,3
3858.383899896747,BILA,500,500,3
112.50732281582225,BILA,500,500,3
74.38368903701156,BILA,500,500,3
128.78514049671824,BILA,500,500,3
687.4251866201582,BILA,500,500,3
1087.1253395857,BIMI,500,500,3
145.7533558094773,BIMI,500,500,3
3868.5132172408735,BIMI,500,500,3
114.03921466555559,BIMI,500,500,3
2784.0836019225576,BIMI,500,500,3
2263.446842102927,BIMI,500,500,3
3617.477636735822,BIMI,500,500,3
4677.55866591394,BIMI,500,500,3
38.36667297396623,BIMI,500,500,3
166.66555084535284,BIMI,500,500,3
18.469009601642668,BIMI,500,500,3
148.71531922502928,BIMI,500,500,3
596.8378917618915,BIMI,500,500,3
70.13553199985598,BIMI,500,500,3
237.3371934621848,BIMI,500,500,3
454.722889254185,BIMI,500,500,3
118.99131071426663,BIMI,500,500,3
4380.433628947049,BIMI,500,500,3
406.8783048111715,BIMI,500,500,3
334.27377649862933,BIMI,500,500,3
131.50223291015823,BIOR,500,500,3
172.3498392961262,BIOR,500,500,3
256.70634931022937,BIOR,500,500,3
536.4591584623628,BIOR,500,500,3
363.46567576055287,BIOR,500,500,3
5040.221710183252,BIOR,500,500,3
219.02202259541147,BIOR,500,500,3
1405.096758364267,BIOR,500,500,3
3481.079864006185,BIOR,500,500,3
198.5717047373493,BIOR,500,500,3
538.7431731613582,BIOR,500,500,3
1027.483675635086,BIOR,500,500,3
325.69468533127827,BIOR,500,500,3
410.3801818429848,BIOR,500,500,3
420.17241021437144,BIOR,500,500,3
158.9624011158116,BIOR,500,500,3
429.4078947683394,BIOR,500,500,3
258.87494230185064,BIOR,500,500,3
1431.8599785693223,BIOR,500,500,3
574.7163058021757,BIOR,500,500,3
3252.301863643647,BIPI,500,500,3
123.81587812422933,BIPI,500,500,3
3904.3057129555073,BIPI,500,500,3
165.87707568848893,BIPI,500,500,3
2655.7117356847625,BIPI,500,500,3
3048.223897526928,BIPI,500,500,3
108.41642128195562,BIPI,500,500,3
112.10984272055288,BIPI,500,500,3
163.61749419515553,BIPI,500,500,3
3759.8136736058586,BIPI,500,500,3
528.0023781155559,BIPI,500,500,3
155.42654442111825,BIPI,500,500,3
96.23597408454398,BIPI,500,500,3
120.10391102975294,BIPI,500,500,3
1682.306814250638,BIPI,500,500,3
1589.4161279274506,BIPI,500,500,3
109.08206819555552,BIPI,500,500,3
106.70240264669157,BIPI,500,500,3
528.1521018911127,BIPI,500,500,3
93.02881755420266,BIPI,500,500,3
108.90769669971735,BIRE,500,500,3
1480.7681273503983,BIRE,500,500,3
239.57444977372265,BIRE,500,500,3
275.4077270478915,BIRE,500,500,3
80.48749542040002,BIRE,500,500,3
193.726667450224,BIRE,500,500,3
818.6293023658225,BIRE,500,500,3
101.32892684594484,BIRE,500,500,3
49.58433151282488,BIRE,500,500,3
747.2615638542064,BIRE,500,500,3
672.3187062005318,BIRE,500,500,3
667.2187962344516,BIRE,500,500,3
452.57698351997163,BIRE,500,500,3
590.2062535795181,BIRE,500,500,3
247.7759651116782,BIRE,500,500,3
199.4492230714595,BIRE,500,500,3
249.50582193249966,BIRE,500,500,3
45.91598712140624,BIRE,500,500,3
4961.205364333335,BIRE,500,500,3
369.63218515693313,BIRE,500,500,3
239.803211750905,BITR,500,500,3
3419.8048605969043,BITR,500,500,3
267.5633030947397,BITR,500,500,3
115.3567131159894,BITR,500,500,3
179.31529975530498,BITR,500,500,3
754.5590177852998,BITR,500,500,3
314.3866603135998,BITR,500,500,3
789.0298430490666,BITR,500,500,3
70.27992698930487,BITR,500,500,3
2120.5873243859555,BITR,500,500,3
128.94752701063825,BITR,500,500,3
167.52493076505596,BITR,500,500,3
1688.9600744191132,BITR,500,500,3
157.7751913485582,BITR,500,500,3
854.7101339132997,BITR,500,500,3
586.2507394040158,BITR,500,500,3
3710.582314608633,BITR,500,500,3
234.29306662177956,BITR,500,500,3
428.3058431420996,BITR,500,500,3
246.00416950227725,BITR,500,500,3
113.41113668048887,BIVU,500,500,3
1590.7736057385223,BIVU,500,500,3
2293.8840604072884,BIVU,500,500,3
112.88729674128896,BIVU,500,500,3
1752.1305318576192,BIVU,500,500,3
48.80206723922491,BIVU,500,500,3
1696.2912268249445,BIVU,500,500,3
316.1732923559093,BIVU,500,500,3
698.1204563426915,BIVU,500,500,3
413.0028125815306,BIVU,500,500,3
188.4773918626062,BIVU,500,500,3
1462.028373661006,BIVU,500,500,3
366.3971896731573,BIVU,500,500,3
1601.7107314026218,BIVU,500,500,3
2279.0428553157967,BIVU,500,500,3
714.3274394575573,BIVU,500,500,3
3538.162955578026,BIVU,500,500,3
163.24254045812623,BIVU,500,500,3
423.2492710478916,BIVU,500,500,3
3725.5104927393,BIVU,500,500,3
346.72661204991283,BLCI,500,500,3
71.7546020577262,BLCI,500,500,3
521.2689163279929,BLCI,500,500,3
1020.263789111971,BLCI,500,500,3
497.14426852093175,BLCI,500,500,3
286.4424973756,BLCI,500,500,3
1091.6719432029795,BLCI,500,500,3
181.9622492130915,BLCI,500,500,3
295.52530100479294,BLCI,500,500,3
89.54902649361065,BLCI,500,500,3
92.89527437277154,BLCI,500,500,3
665.0800683226379,BLCI,500,500,3
251.57584465513085,BLCI,500,500,3
77.45571835753069,BLCI,500,500,3
81.89161132734401,BLCI,500,500,3
634.9575689522333,BLCI,500,500,3
383.70281121382243,BLCI,500,500,3
258.408748438585,BLCI,500,500,3
155.4287727765316,BLCI,500,500,3
136.03392532649954,BLCI,500,500,3
250.1181253972888,BLHI,500,500,3
427.871160677886,BLHI,500,500,3
117.0924038213529,BLHI,500,500,3
549.1712439039982,BLHI,500,500,3
389.7160461838916,BLHI,500,500,3
422.1821212065974,BLHI,500,500,3
1447.5167369995654,BLHI,500,500,3
72.75542804369064,BLHI,500,500,3
1050.6415961962384,BLHI,500,500,3
402.80256058913955,BLHI,500,500,3
240.7753998087397,BLHI,500,500,3
345.0959517362915,BLHI,500,500,3
157.91148258345066,BLHI,500,500,3
262.1317548634862,BLHI,500,500,3
233.0694432138223,BLHI,500,500,3
75.05810877354487,BLHI,500,500,3
224.61954059434484,BLHI,500,500,3
195.27356325546478,BLHI,500,500,3
631.0047753769528,BLHI,500,500,3
399.591174562816,BLHI,500,500,3
144.31346568097953,BLKI,500,500,3
4609.702700550797,BLKI,500,500,3
296.99304889066497,BLKI,500,500,3
3933.57083630784,BLKI,500,500,3
304.0558629731556,BLKI,500,500,3
2337.629861590384,BLKI,500,500,3
1450.5852490683658,BLKI,500,500,3
128.74502334855816,BLKI,500,500,3
5942.435054046505,BLKI,500,500,3
1316.0261794399573,BLKI,500,500,3
407.4893293761707,BLKI,500,500,3
324.43826666546494,BLKI,500,500,3
3495.4500436543713,BLKI,500,500,3
1797.7415531635895,BLKI,500,500,3
2354.7775828783715,BLKI,500,500,3
190.87501588721597,BLKI,500,500,3
2158.8348905608236,BLKI,500,500,3
2881.818462552874,BLKI,500,500,3
257.8530902790381,BLKI,500,500,3
4141.73815305031,BLKI,500,500,3
5930.775295454576,BLRU,500,500,3
2830.0066058552725,BLRU,500,500,3
4734.59237073186,BLRU,500,500,3
597.8805318720784,BLRU,500,500,3
4889.296362268142,BLRU,500,500,3
154.94648096528883,BLRU,500,500,3
1711.2401078229173,BLRU,500,500,3
1194.8126158163182,BLRU,500,500,3
148.53825054988621,BLRU,500,500,3
411.47942926420615,BLRU,500,500,3
573.7962339733331,BLRU,500,500,3
46.55624663799289,BLRU,500,500,3
35.142559578792905,BLRU,500,500,3
2498.1342878016785,BLRU,500,500,3
823.8593985777334,BLRU,500,500,3
35.88875536810489,BLRU,500,500,3
239.69917858525156,BLRU,500,500,3
57.108625598888906,BLRU,500,500,3
84.70296710212268,BLRU,500,500,3
488.6528780024891,BLRU,500,500,3
774.791581995797,BOAR,500,500,3
125.13504331839823,BOAR,500,500,3
142.42496562292618,BOAR,500,500,3
2579.3390103749325,BOAR,500,500,3
1521.9891647035663,BOAR,500,500,3
190.41885349409958,BOAR,500,500,3
3035.559256395731,BOAR,500,500,3
4905.028359212547,BOAR,500,500,3
3055.687510307196,BOAR,500,500,3
4161.708395765117,BOAR,500,500,3
6077.974278932223,BOAR,500,500,3
307.9429033055556,BOAR,500,500,3
195.09050654648888,BOAR,500,500,3
59.267277450495996,BOAR,500,500,3
401.61135466133163,BOAR,500,500,3
4135.147571565625,BOAR,500,500,3
280.90535536213156,BOAR,500,500,3
219.0165011506559,BOAR,500,500,3
222.34623018039287,BOAR,500,500,3
100.75183909132622,BOAR,500,500,3
372.38661757126386,BOAR2,500,500,3
133.42495710293326,BOAR2,500,500,3
243.9894510528782,BOAR2,500,500,3
160.7831252376463,BOAR2,500,500,3
415.1010348629174,BOAR2,500,500,3
400.08302022945935,BOAR2,500,500,3
652.2003276298223,BOAR2,500,500,3
358.17555212276636,BOAR2,500,500,3
3414.4367056788897,BOAR2,500,500,3
524.4302766216249,BOAR2,500,500,3
2692.520317961725,BOAR2,500,500,3
4539.459756627325,BOAR2,500,500,3
198.7144276938223,BOAR2,500,500,3
1138.0656001592247,BOAR2,500,500,3
501.9307283431662,BOAR2,500,500,3
518.7063130958225,BOAR2,500,500,3
2855.662186657955,BOAR2,500,500,3
4940.758897303252,BOAR2,500,500,3
876.3302973308998,BOAR2,500,500,3
344.0690077390062,BOAR2,500,500,3
367.2754606799573,BOAS,500,500,3
2280.0441722341257,BOAS,500,500,3
1226.6943510764781,BOAS,500,500,3
482.55260172641954,BOAS,500,500,3
237.4797435408426,BOAS,500,500,3
85.16043112223286,BOAS,500,500,3
15.819345859064885,BOAS,500,500,3
4225.405798867051,BOAS,500,500,3
805.7538108318649,BOAS,500,500,3
579.7879707178224,BOAS,500,500,3
362.40654809650476,BOAS,500,500,3
194.13378133127827,BOAS,500,500,3
186.49202789153958,BOAS,500,500,3
2313.2776387112895,BOAS,500,500,3
5316.900028627171,BOAS,500,500,3
448.03367952195583,BOAS,500,500,3
15.076067902206232,BOAS,500,500,3
787.9472242991715,BOAS,500,500,3
317.87226263059733,BOAS,500,500,3
3069.1013572746224,BOAS,500,500,3
17.617109685246227,BOBA2,500,500,3
446.7636813992888,BOBA2,500,500,3
105.26638715999995,BOBA2,500,500,3
377.34804192149176,BOBA2,500,500,3
2715.2898445507403,BOBA2,500,500,3
5565.041769947563,BOBA2,500,500,3
2127.3851043202762,BOBA2,500,500,3
409.8681475921046,BOBA2,500,500,3
324.12420265938493,BOBA2,500,500,3
337.1456750557795,BOBA2,500,500,3
730.8251000848995,BOBA2,500,500,3
3224.462709035513,BOBA2,500,500,3
4692.578776509652,BOBA2,500,500,3
16.858418854611557,BOBA2,500,500,3
366.667397840185,BOBA2,500,500,3
234.11328266316625,BOBA2,500,500,3
2611.618625852798,BOBA2,500,500,3
2348.2366932172154,BOBA2,500,500,3
3215.3611345522336,BOBA2,500,500,3
161.71274646417066,BOBA2,500,500,3
7012.8076812482805,BOBA3,500,500,3
321.42447999359996,BOBA3,500,500,3
225.2078974612889,BOBA3,500,500,3
4942.069633124689,BOBA3,500,500,3
254.13736698494398,BOBA3,500,500,3
232.2812555704889,BOBA3,500,500,3
116.57282365894399,BOBA3,500,500,3
75.31138892031287,BOBA3,500,500,3
148.2466696965529,BOBA3,500,500,3
310.4523251155556,BOBA3,500,500,3
717.2466136712515,BOBA3,500,500,3
161.9737766681582,BOBA3,500,500,3
207.67391804295818,BOBA3,500,500,3
131.27311012499732,BOBA3,500,500,3
151.73199159601597,BOBA3,500,500,3
112.23221790628266,BOBA3,500,500,3
350.67621250303284,BOBA3,500,500,3
169.447710967744,BOBA3,500,500,3
2933.732015211518,BOBA3,500,500,3
330.7494105453495,BOBA3,500,500,3
1694.0491777466027,BOBL,500,500,3
4489.252372016285,BOBL,500,500,3
23.646165244131556,BOBL,500,500,3
6280.19296541471,BOBL,500,500,3
155.2119998888889,BOBL,500,500,3
67.1829214858649,BOBL,500,500,3
146.95717788842484,BOBL,500,500,3
46.00968774866487,BOBL,500,500,3
322.8884911166862,BOBL,500,500,3
786.3467732503892,BOBL,500,500,3
416.4001581521849,BOBL,500,500,3
27.60621552390933,BOBL,500,500,3
250.37386588244618,BOBL,500,500,3
91.40127001001952,BOBL,500,500,3
301.02454499639293,BOBL,500,500,3
384.0572205665848,BOBL,500,500,3
2875.931521805652,BOBL,500,500,3
107.34874614677153,BOBL,500,500,3
2671.448012963155,BOBL,500,500,3
1030.457863856612,BOBL,500,500,3
116.39521010986483,BOCH,500,500,3
598.7027043764459,BOCH,500,500,3
358.9735507155557,BOCH,500,500,3
100.15044458922488,BOCH,500,500,3
162.3688466790329,BOCH,500,500,3
49.903336099752885,BOCH,500,500,3
40.277398262170664,BOCH,500,500,3
36.62109783977956,BOCH,500,500,3
34.12853195505599,BOCH,500,500,3
530.5741470784786,BOCH,500,500,3
95.09357958526402,BOCH,500,500,3
228.6161549866649,BOCH,500,500,3
104.13061717501154,BOCH,500,500,3
103.07374080334938,BOCH,500,500,3
391.96430523726946,BOCH,500,500,3
70.75912521129956,BOCH,500,500,3
710.372152140286,BOCH,500,500,3
295.08060682205155,BOCH,500,500,3
1654.1471154796784,BOCH,500,500,3
83.1698090091929,BOCH,500,500,3
987.046732625733,BOCO,500,500,3
546.8302864251718,BOCO,500,500,3
172.44855901467727,BOCO,500,500,3
191.782147716976,BOCO,500,500,3
402.0846805670115,BOCO,500,500,3
2291.240425011171,BOCO,500,500,3
5954.28419419215,BOCO,500,500,3
149.49259674621155,BOCO,500,500,3
201.842838727616,BOCO,500,500,3
1127.2183753224376,BOCO,500,500,3
269.4522450137317,BOCO,500,500,3
2249.9932911598917,BOCO,500,500,3
191.42715609906486,BOCO,500,500,3
156.78166653440005,BOCO,500,500,3
180.09989188444268,BOCO,500,500,3
3319.236801538105,BOCO,500,500,3
79.23307151622936,BOCO,500,500,3
572.8039711830596,BOCO,500,500,3
132.76776528434496,BOCO,500,500,3
220.82476831566922,BOCO,500,500,3
2199.821376478888,BOCU,500,500,3
152.42231319847818,BOCU,500,500,3
165.9579610757049,BOCU,500,500,3
5941.6441825491565,BOCU,500,500,3
386.53745562387735,BOCU,500,500,3
254.79981055555555,BOCU,500,500,3
518.567638155433,BOCU,500,500,3
110.14930655462223,BOCU,500,500,3
2995.9607743817223,BOCU,500,500,3
522.7069426124727,BOCU,500,500,3
1361.5625753546224,BOCU,500,500,3
885.7189238596245,BOCU,500,500,3
193.80866903241943,BOCU,500,500,3
4154.718637311031,BOCU,500,500,3
2489.7714094858643,BOCU,500,500,3
4469.530824819514,BOCU,500,500,3
3891.7975220739395,BOCU,500,500,3
360.1244180548195,BOCU,500,500,3
299.75651055287284,BOCU,500,500,3
4512.771997169039,BOCU,500,500,3
366.5682090951663,BOCY,500,500,3
381.93945602764614,BOCY,500,500,3
346.1789021455927,BOCY,500,500,3
914.3963880407448,BOCY,500,500,3
2763.661695699086,BOCY,500,500,3
4685.547160912979,BOCY,500,500,3
253.75336302398395,BOCY,500,500,3
607.1707026239128,BOCY,500,500,3
244.2774517526595,BOCY,500,500,3
4450.424640498629,BOCY,500,500,3
322.7320125846116,BOCY,500,500,3
489.7663686691556,BOCY,500,500,3
1548.2081058095712,BOCY,500,500,3
771.1516341671664,BOCY,500,500,3
893.8871951870864,BOCY,500,500,3
1019.9096282285436,BOCY,500,500,3
3797.172595955156,BOCY,500,500,3
367.4117771067573,BOCY,500,500,3
1148.0205934527835,BOCY,500,500,3
3247.571295690127,BOCY,500,500,3
7.2932759004426675,BODA2,500,500,3
24.6598793733529,BODA2,500,500,3
5331.486835421438,BODA2,500,500,3
810.5393184046651,BODA2,500,500,3
4008.5226591534647,BODA2,500,500,3
975.6012118902597,BODA2,500,500,3
248.57761811029155,BODA2,500,500,3
4928.150028510371,BODA2,500,500,3
4505.370621093189,BODA2,500,500,3
830.7913192744372,BODA2,500,500,3
100.28492394034485,BODA2,500,500,3
495.1701200518826,BODA2,500,500,3
294.1402583932515,BODA2,500,500,3
2032.7950315591095,BODA2,500,500,3
2072.611015894158,BODA2,500,500,3
4371.171142666153,BODA2,500,500,3
3081.947885186203,BODA2,500,500,3
204.6603003464249,BODA2,500,500,3
399.90811322025957,BODA2,500,500,3
18.58863048873956,BODA2,500,500,3
4631.654204292268,BODE2,500,500,3
517.3177075904782,BODE2,500,500,3
3744.0436069786306,BODE2,500,500,3
6561.723842808575,BODE2,500,500,3
7007.69029272809,BODE2,500,500,3
2812.2638065365327,BODE2,500,500,3
3888.517298954153,BODE2,500,500,3
3848.7208507093046,BODE2,500,500,3
2742.6836793171037,BODE2,500,500,3
5445.944096838932,BODE2,500,500,3
6473.770369778489,BODE2,500,500,3
546.4601746844,BODE2,500,500,3
105.36078098343825,BODE2,500,500,3
252.43810361237138,BODE2,500,500,3
192.3945972744462,BODE2,500,500,3
1018.6009976376732,BODE2,500,500,3
2888.773947847379,BODE2,500,500,3
494.6164371348463,BODE2,500,500,3
796.107169964878,BODE2,500,500,3
815.2264079989761,BODE2,500,500,3
139.86680020359816,BODI,500,500,3
1113.377130711545,BODI,500,500,3
7101.374922374481,BODI,500,500,3
890.7405174548195,BODI,500,500,3
573.9048599288888,BODI,500,500,3
334.911196966896,BODI,500,500,3
98.49773402453157,BODI,500,500,3
1036.2169289450665,BODI,500,500,3
768.7719866630382,BODI,500,500,3
1991.8078772966328,BODI,500,500,3
6729.726895197006,BODI,500,500,3
399.6368285774062,BODI,500,500,3
782.7242877602827,BODI,500,500,3
363.9543657544515,BODI,500,500,3
101.71578229745603,BODI,500,500,3
484.82081303167837,BODI,500,500,3
6276.430176883967,BODI,500,500,3
7281.7545928316,BODI,500,500,3
1269.4485928603303,BODI,500,500,3
5984.688377173334,BODI,500,500,3
2499.0841605640458,BOER4,500,500,3
138.25910654276265,BOER4,500,500,3
265.5577896746648,BOER4,500,500,3
1489.8897296099392,BOER4,500,500,3
4575.835576629102,BOER4,500,500,3
4855.477103931306,BOER4,500,500,3
2594.179164904611,BOER4,500,500,3
3468.005543690026,BOER4,500,500,3
81.43702389588618,BOER4,500,500,3
3327.0741022511725,BOER4,500,500,3
3120.555820700046,BOER4,500,500,3
8646.40999538141,BOER4,500,500,3
2171.394667785984,BOER4,500,500,3
1644.6747145812196,BOER4,500,500,3
23.10576229700267,BOER4,500,500,3
495.05305825021156,BOER4,500,500,3
1507.1240692606223,BOER4,500,500,3
211.69720504317158,BOER4,500,500,3
270.5048198986648,BOER4,500,500,3
586.6963788415999,BOER4,500,500,3
1297.0880862953802,BOFL3,500,500,3
2715.2465332274924,BOFL3,500,500,3
19.417769382222215,BOFL3,500,500,3
2377.3587074289703,BOFL3,500,500,3
270.36010748551826,BOFL3,500,500,3
229.09614460949166,BOFL3,500,500,3
4681.212620456488,BOFL3,500,500,3
3880.343180027305,BOFL3,500,500,3
502.586926929465,BOFL3,500,500,3
3324.252692226838,BOFL3,500,500,3
403.05019993981165,BOFL3,500,500,3
88.07283728895288,BOFL3,500,500,3
1633.8606231658646,BOFL3,500,500,3
2805.236470787838,BOFL3,500,500,3
255.842230010153,BOFL3,500,500,3
688.9999205886224,BOFL3,500,500,3
120.01916346807293,BOFL3,500,500,3
3285.8360593467573,BOFL3,500,500,3
2864.92254386799,BOFL3,500,500,3
172.99892216728887,BOFL3,500,500,3
50.362862835512885,BOFR,500,500,3
295.9277404499554,BOFR,500,500,3
358.39512312888877,BOFR,500,500,3
298.4421923582862,BOFR,500,500,3
84.87007976305071,BOFR,500,500,3
598.6432521506063,BOFR,500,500,3
626.5791870519184,BOFR,500,500,3
627.862303117993,BOFR,500,500,3
643.896187773424,BOFR,500,500,3
269.1582174250666,BOFR,500,500,3
6448.79242572309,BOFR,500,500,3
746.8012403413173,BOFR,500,500,3
212.26466413353063,BOFR,500,500,3
2652.638106097429,BOFR,500,500,3
2733.9419676983453,BOFR,500,500,3
1320.9434307222593,BOFR,500,500,3
4383.665648393891,BOFR,500,500,3
3926.9052123033516,BOFR,500,500,3
2761.523765780934,BOFR,500,500,3
253.28370942833067,BOFR,500,500,3
679.8590573879305,BOFR2,500,500,3
2734.4731074683573,BOFR2,500,500,3
1059.1983203093178,BOFR2,500,500,3
1638.862850067086,BOFR2,500,500,3
1475.907455508131,BOFR2,500,500,3
2882.627667656233,BOFR2,500,500,3
311.05991121855817,BOFR2,500,500,3
1519.0932727455565,BOFR2,500,500,3
695.1009786443659,BOFR2,500,500,3
1395.7156469785532,BOFR2,500,500,3
2438.537521836366,BOFR2,500,500,3
742.624820914757,BOFR2,500,500,3
2113.4599129624953,BOFR2,500,500,3
3435.139886666366,BOFR2,500,500,3
3244.4425563855375,BOFR2,500,500,3
2482.4893686754913,BOFR2,500,500,3
1087.2669760931394,BOFR2,500,500,3
851.5330504478645,BOFR2,500,500,3
978.3081256216464,BOFR2,500,500,3
2201.421648888889,BOFR2,500,500,3
210.05251222662926,BOGR2,500,500,3
4008.675591331776,BOGR2,500,500,3
9.946093761984002,BOGR2,500,500,3
591.9574702507362,BOGR2,500,500,3
1049.0239217704886,BOGR2,500,500,3
8640.638126315169,BOGR2,500,500,3
529.6702719274593,BOGR2,500,500,3
182.96158510675733,BOGR2,500,500,3
212.53843828885158,BOGR2,500,500,3
191.3416519894596,BOGR2,500,500,3
61.22217173098487,BOGR2,500,500,3
2209.2756697793266,BOGR2,500,500,3
1265.1125189747183,BOGR2,500,500,3
2758.6830198078565,BOGR2,500,500,3
521.1643472159557,BOGR2,500,500,3
99.72957351622401,BOGR2,500,500,3
1503.288529331397,BOGR2,500,500,3
2139.3376996829793,BOGR2,500,500,3
136.60475549873598,BOGR2,500,500,3
153.2254070588996,BOGR2,500,500,3
651.1262860073797,BOHI,500,500,3
630.1922560699714,BOHI,500,500,3
2995.304391687957,BOHI,500,500,3
360.7149987955184,BOHI,500,500,3
1050.4554315004518,BOHI,500,500,3
413.76319062388626,BOHI,500,500,3
1641.8754334298378,BOHI,500,500,3
418.74121644906484,BOHI,500,500,3
678.3938739455556,BOHI,500,500,3
838.2648235944889,BOHI,500,500,3
1778.0200180212892,BOHI,500,500,3
1995.905402656932,BOHI,500,500,3
480.69313789862196,BOHI,500,500,3
792.2656470266593,BOHI,500,500,3
2355.727635707946,BOHI,500,500,3
665.2483600529331,BOHI,500,500,3
3634.1649446858214,BOHI,500,500,3
2743.4128705837434,BOHI,500,500,3
1326.621000898544,BOHI,500,500,3
512.6048565640465,BOHI,500,500,3
124.5313263955556,BOHI2,500,500,3
1220.0766973264194,BOHI2,500,500,3
3055.6555430297526,BOHI2,500,500,3
108.1024148652782,BOHI2,500,500,3
69.23573997964624,BOHI2,500,500,3
290.73316474444636,BOHI2,500,500,3
158.6292792250293,BOHI2,500,500,3
1578.9330982489323,BOHI2,500,500,3
4775.62157782152,BOHI2,500,500,3
6516.548741948658,BOHI2,500,500,3
2822.8445314055098,BOHI2,500,500,3
5348.887377664852,BOHI2,500,500,3
159.22826822382223,BOHI2,500,500,3
4902.749271093697,BOHI2,500,500,3
1199.5757533011558,BOHI2,500,500,3
240.69170764257964,BOHI2,500,500,3
182.37442496551827,BOHI2,500,500,3
200.7091012795092,BOHI2,500,500,3
322.0852848167182,BOHI2,500,500,3
2758.225971957289,BOHI2,500,500,3
1919.5383472291396,BOIN3,500,500,3
618.1314919551559,BOIN3,500,500,3
203.05299846226498,BOIN3,500,500,3
603.2642222986223,BOIN3,500,500,3
102.27747961394493,BOIN3,500,500,3
2264.4881023799444,BOIN3,500,500,3
91.48084759040002,BOIN3,500,500,3
132.71511787348624,BOIN3,500,500,3
594.3447101935998,BOIN3,500,500,3
266.1365204586222,BOIN3,500,500,3
1996.5412962110513,BOIN3,500,500,3
78.72663335463821,BOIN3,500,500,3
444.8237713936906,BOIN3,500,500,3
151.01785991473602,BOIN3,500,500,3
149.47231215722496,BOIN3,500,500,3
238.1520183619626,BOIN3,500,500,3
2374.77407447978,BOIN3,500,500,3
70.225150783344,BOIN3,500,500,3
1358.6561153419664,BOIN3,500,500,3
1682.6188518492727,BOIN3,500,500,3
180.9937479694062,BOIS,500,500,3
1513.8706899206388,BOIS,500,500,3
5818.438052803918,BOIS,500,500,3
2738.70127864729,BOIS,500,500,3
1252.390997161067,BOIS,500,500,3
329.17604035199815,BOIS,500,500,3
649.6725429649332,BOIS,500,500,3
221.79368255197147,BOIS,500,500,3
1490.6276795696642,BOIS,500,500,3
313.2239272718222,BOIS,500,500,3
493.1314110300729,BOIS,500,500,3
267.31304517708617,BOIS,500,500,3
1499.9937788676255,BOIS,500,500,3
5376.784648667733,BOIS,500,500,3
406.5794647249335,BOIS,500,500,3
584.1975879419713,BOIS,500,500,3
1644.2535100854031,BOIS,500,500,3
153.88367078611736,BOIS,500,500,3
228.48479370365143,BOIS,500,500,3
4170.41355470649,BOIS,500,500,3
132.7061888134383,BOLA,500,500,3
563.8852535231716,BOLA,500,500,3
442.93933482005167,BOLA,500,500,3
220.30710927950932,BOLA,500,500,3
926.2302324954862,BOLA,500,500,3
153.0002230716001,BOLA,500,500,3
360.22642525385953,BOLA,500,500,3
839.8827928315445,BOLA,500,500,3
404.0458354399573,BOLA,500,500,3
1384.0802562298243,BOLA,500,500,3
118.28740357375817,BOLA,500,500,3
85.86911064052626,BOLA,500,500,3
127.36724818062218,BOLA,500,500,3
710.2268739907128,BOLA,500,500,3
626.972379635705,BOLA,500,500,3
706.5804410026594,BOLA,500,500,3
354.21243730430393,BOLA,500,500,3
2393.6833680375385,BOLA,500,500,3
84.53722827928888,BOLA,500,500,3
612.2967528544693,BOLA,500,500,3
1607.0073205935716,BOLA2,500,500,3
148.8191559833315,BOLA2,500,500,3
123.17723056183294,BOLA2,500,500,3
4175.9184150263445,BOLA2,500,500,3
1949.557956365077,BOLA2,500,500,3
74.83680672618492,BOLA2,500,500,3
148.3006535284889,BOLA2,500,500,3
149.74228017164623,BOLA2,500,500,3
122.96326463888887,BOLA2,500,500,3
67.23075194111287,BOLA2,500,500,3
2153.0554384179895,BOLA2,500,500,3
101.31978683588271,BOLA2,500,500,3
45.768588213672864,BOLA2,500,500,3
3692.3145848170675,BOLA2,500,500,3
152.02274763291732,BOLA2,500,500,3
3104.5199705099303,BOLA2,500,500,3
2120.725177662292,BOLA2,500,500,3
130.40293431630934,BOLA2,500,500,3
483.0346344179982,BOLA2,500,500,3
127.97083115475733,BOLA2,500,500,3
447.3325740036249,BOLU,500,500,3
1075.3663332257493,BOLU,500,500,3
302.4797335178222,BOLU,500,500,3
357.0196286099183,BOLU,500,500,3
606.9990422932196,BOLU,500,500,3
187.74734933759999,BOLU,500,500,3
296.0620261176161,BOLU,500,500,3
2167.460705128611,BOLU,500,500,3
355.1588386379928,BOLU,500,500,3
1293.006723498553,BOLU,500,500,3
1792.297691084224,BOLU,500,500,3
1335.348679035193,BOLU,500,500,3
967.6167059024781,BOLU,500,500,3
1417.8487576590917,BOLU,500,500,3
322.3427689489334,BOLU,500,500,3
598.3422572953529,BOLU,500,500,3
182.24228431462217,BOLU,500,500,3
513.2982413731554,BOLU,500,500,3
791.8163725849319,BOLU,500,500,3
1496.1728884295649,BOLU,500,500,3
845.202254380798,BOMA2,500,500,3
2990.9127872550666,BOMA2,500,500,3
34.59771658153067,BOMA2,500,500,3
47.58258654395554,BOMA2,500,500,3
96.24616395515554,BOMA2,500,500,3
409.03960125034484,BOMA2,500,500,3
4737.680629301545,BOMA2,500,500,3
391.501424758526,BOMA2,500,500,3
410.6742927867449,BOMA2,500,500,3
21.373297436046226,BOMA2,500,500,3
4385.616395771565,BOMA2,500,500,3
284.69871479445146,BOMA2,500,500,3
243.79659963812267,BOMA2,500,500,3
478.11276799442487,BOMA2,500,500,3
100.7243506612462,BOMA2,500,500,3
82.07187979903823,BOMA2,500,500,3
46.378914574250686,BOMA2,500,500,3
34.57688703698488,BOMA2,500,500,3
2544.2015297040193,BOMA2,500,500,3
2019.3244922341758,BOMA2,500,500,3
250.0814444763998,BOMA7,500,500,3
2420.20925329007,BOMA7,500,500,3
1683.4029367249336,BOMA7,500,500,3
816.9482132677333,BOMA7,500,500,3
2164.3594519115927,BOMA7,500,500,3
463.0474531191305,BOMA7,500,500,3
216.61656971468628,BOMA7,500,500,3
1937.0302138367126,BOMA7,500,500,3
5651.576001306423,BOMA7,500,500,3
1237.4163262986224,BOMA7,500,500,3
361.95319832569584,BOMA7,500,500,3
3462.309978261156,BOMA7,500,500,3
2743.021339795155,BOMA7,500,500,3
276.8366332643396,BOMA7,500,500,3
2096.121274265591,BOMA7,500,500,3
559.4443859366114,BOMA7,500,500,3
2662.0319217492884,BOMA7,500,500,3
2778.704046822401,BOMA7,500,500,3
162.88289389717158,BOMA7,500,500,3
109.88298069759291,BOMA7,500,500,3
2350.7633316845804,BOOF,500,500,3
2050.4388845468998,BOOF,500,500,3
175.91491365597156,BOOF,500,500,3
158.14833153463292,BOOF,500,500,3
413.43595591317154,BOOF,500,500,3
1726.3834514175937,BOOF,500,500,3
475.2610129117794,BOOF,500,500,3
1445.466173509289,BOOF,500,500,3
336.86390239487815,BOOF,500,500,3
249.9310567708374,BOOF,500,500,3
707.2128400837329,BOOF,500,500,3
268.3580511895448,BOOF,500,500,3
193.0586560129707,BOOF,500,500,3
1091.0918258984887,BOOF,500,500,3
616.4259211729333,BOOF,500,500,3
2276.816614125566,BOOF,500,500,3
540.0985539610668,BOOF,500,500,3
426.308678488873,BOOF,500,500,3
1004.5192236017332,BOOF,500,500,3
840.9993905140462,BOOF,500,500,3
104.06649950560005,BOPE2,500,500,3
410.13488460059756,BOPE2,500,500,3
59.48051062388621,BOPE2,500,500,3
90.24192194908265,BOPE2,500,500,3
202.6358489386222,BOPE2,500,500,3
76.704891018176,BOPE2,500,500,3
118.08034759248889,BOPE2,500,500,3
170.39972829641954,BOPE2,500,500,3
123.74306198421151,BOPE2,500,500,3
118.60546675681951,BOPE2,500,500,3
78.29707918613157,BOPE2,500,500,3
478.2496760106649,BOPE2,500,500,3
254.17400783295818,BOPE2,500,500,3
65.94700687922492,BOPE2,500,500,3
109.65083003233951,BOPE2,500,500,3
299.6626737083716,BOPE2,500,500,3
378.39974911803716,BOPE2,500,500,3
106.45491544049598,BOPE2,500,500,3
181.2312544645973,BOPE2,500,500,3
66.408796221376,BOPE2,500,500,3
119.34229181661155,BORE2,500,500,3
1564.464585137429,BORE2,500,500,3
1221.113753825955,BORE2,500,500,3
36.82884730935289,BORE2,500,500,3
6237.149930959866,BORE2,500,500,3
111.2928438481849,BORE2,500,500,3
261.4435698383573,BORE2,500,500,3
230.25026662340267,BORE2,500,500,3
1665.5195211535631,BORE2,500,500,3
3912.1633659949443,BORE2,500,500,3
240.96904365311826,BORE2,500,500,3
4668.777561470794,BORE2,500,500,3
67.94058472631289,BORE2,500,500,3
226.60960034062222,BORE2,500,500,3
3154.3170603173276,BORE2,500,500,3
67.99110665095822,BORE2,500,500,3
182.6837381404,BORE2,500,500,3
204.86782345540266,BORE2,500,500,3
95.10437398092624,BORE2,500,500,3
582.8340751706861,BORE2,500,500,3
2697.325470771754,BORI,500,500,3
1887.9998934516905,BORI,500,500,3
4953.188816825939,BORI,500,500,3
1451.0710812008374,BORI,500,500,3
1974.21788335562,BORI,500,500,3
1215.4622344952159,BORI,500,500,3
184.4934952510862,BORI,500,500,3
407.69628929761956,BORI,500,500,3
289.08994946865613,BORI,500,500,3
509.7711842762652,BORI,500,500,3
94.13071791324269,BORI,500,500,3
7133.350166506667,BORI,500,500,3
166.91032931221162,BORI,500,500,3
2158.7565017323454,BORI,500,500,3
179.49913726569065,BORI,500,500,3
1512.8759729304961,BORI,500,500,3
91.56915314258488,BORI,500,500,3
219.64524027249075,BORI,500,500,3
139.9949946011307,BORI,500,500,3
1329.820250378622,BORI,500,500,3
500.11195607204263,BORO5,500,500,3
314.9956030975361,BORO5,500,500,3
3411.3272730461854,BORO5,500,500,3
563.7559672854114,BORO5,500,500,3
326.41022628061165,BORO5,500,500,3
319.86513321499734,BORO5,500,500,3
242.29149939575288,BORO5,500,500,3
561.7417096098827,BORO5,500,500,3
2533.453571328126,BORO5,500,500,3
296.0467319982916,BORO5,500,500,3
142.67302264848885,BORO5,500,500,3
191.60605655756618,BORO5,500,500,3
1903.022291340656,BORO5,500,500,3
4235.351111305556,BORO5,500,500,3
5015.793954717155,BORO5,500,500,3
210.14882195449607,BORO5,500,500,3
180.46548237937074,BORO5,500,500,3
419.8555788586223,BORO5,500,500,3
4554.282990342526,BORO5,500,500,3
775.1266631783094,BORO5,500,500,3
1374.6864959107988,BOSI,500,500,3
411.6670608810382,BOSI,500,500,3
3421.1638413260735,BOSI,500,500,3
149.8866222178826,BOSI,500,500,3
2544.596373784488,BOSI,500,500,3
263.63581313356616,BOSI,500,500,3
208.1125564010382,BOSI,500,500,3
292.8433034816002,BOSI,500,500,3
2813.3747010793186,BOSI,500,500,3
1577.2994373547926,BOSI,500,500,3
30.38150478793957,BOSI,500,500,3
80.79369591551286,BOSI,500,500,3
47.43834731532623,BOSI,500,500,3
942.9090607146225,BOSI,500,500,3
3164.8244627745494,BOSI,500,500,3
133.2960643359982,BOSI,500,500,3
552.8560277957333,BOSI,500,500,3
462.9437308253227,BOSI,500,500,3
435.4260878084249,BOSI,500,500,3
844.2884754873442,BOSI,500,500,3
34.157025868399984,BOSU2,500,500,3
194.9296209488195,BOSU2,500,500,3
33.249635744638226,BOSU2,500,500,3
998.3275500963396,BOSU2,500,500,3
780.0839421139558,BOSU2,500,500,3
186.39236923391292,BOSU2,500,500,3
342.86183105666674,BOSU2,500,500,3
282.3601362163983,BOSU2,500,500,3
1286.5766954935182,BOSU2,500,500,3
661.3875463306221,BOSU2,500,500,3
112.39219830182222,BOSU2,500,500,3
548.449456099753,BOSU2,500,500,3
52.29927588692623,BOSU2,500,500,3
345.2989204587929,BOSU2,500,500,3
98.48691994111287,BOSU2,500,500,3
3309.7079995376002,BOSU2,500,500,3
526.0347660072891,BOSU2,500,500,3
1778.1196785733327,BOSU2,500,500,3
619.5318790236,BOSU2,500,500,3
856.3074246869177,BOSU2,500,500,3
6708.059703978125,BOTE2,500,500,3
544.4893489710773,BOTE2,500,500,3
2791.559191847992,BOTE2,500,500,3
1711.7082904602667,BOTE2,500,500,3
242.32790480329967,BOTE2,500,500,3
450.54002254165147,BOTE2,500,500,3
120.11444664476268,BOTE2,500,500,3
147.7025061520996,BOTE2,500,500,3
90.74141936585957,BOTE2,500,500,3
149.02280992477154,BOTE2,500,500,3
35.7756395477049,BOTE2,500,500,3
397.6863636878918,BOTE2,500,500,3
4487.385133332982,BOTE2,500,500,3
97.65303215177953,BOTE2,500,500,3
3076.4524866323177,BOTE2,500,500,3
3612.0402142318762,BOTE2,500,500,3
3062.0174095465527,BOTE2,500,500,3
74.32819989777066,BOTE2,500,500,3
4802.77782514961,BOTE2,500,500,3
2691.323887994424,BOTE2,500,500,3
137.84789744426482,BOUN,500,500,3
1844.1040397385318,BOUN,500,500,3
135.07004500428624,BOUN,500,500,3
2667.0783981114037,BOUN,500,500,3
52.8513239713262,BOUN,500,500,3
64.43268657015288,BOUN,500,500,3
50.100670697557284,BOUN,500,500,3
1622.55170695522,BOUN,500,500,3
164.80213995160003,BOUN,500,500,3
162.22514120977064,BOUN,500,500,3
225.78069362662225,BOUN,500,500,3
4304.649962923292,BOUN,500,500,3
2138.3061750168954,BOUN,500,500,3
273.5629239463662,BOUN,500,500,3
2667.354730730489,BOUN,500,500,3
58.91060251078933,BOUN,500,500,3
887.6990289699557,BOUN,500,500,3
467.1831633276001,BOUN,500,500,3
515.4081615571557,BOUN,500,500,3
1416.4382207638107,BOUN,500,500,3
3234.0891092212883,BRAL4,500,500,3
212.46272748735825,BRAL4,500,500,3
1247.7505773822224,BRAL4,500,500,3
4541.113897935572,BRAL4,500,500,3
4891.785110614599,BRAL4,500,500,3
149.97686983028626,BRAL4,500,500,3
194.39043918222225,BRAL4,500,500,3
1243.8360521864465,BRAL4,500,500,3
1118.1417233833224,BRAL4,500,500,3
979.7128307869581,BRAL4,500,500,3
1652.3243891029329,BRAL4,500,500,3
1362.3439758404193,BRAL4,500,500,3
143.3870087141262,BRAL4,500,500,3
1026.8508689631562,BRAL4,500,500,3
1071.3217068788895,BRAL4,500,500,3
725.3810905150865,BRAL4,500,500,3
72.393201007616,BRAL4,500,500,3
455.18963207426657,BRAL4,500,500,3
1117.4502213182857,BRAL4,500,500,3
360.77662498017963,BRAL4,500,500,3
121.35819125382925,BRAR5,500,500,3
315.52041812333346,BRAR5,500,500,3
2500.848783406791,BRAR5,500,500,3
2751.203003635193,BRAR5,500,500,3
75.90217657559997,BRAR5,500,500,3
103.59644116138485,BRAR5,500,500,3
646.5782963106114,BRAR5,500,500,3
97.49848921528894,BRAR5,500,500,3
3515.1094039235395,BRAR5,500,500,3
1201.5183992928423,BRAR5,500,500,3
58.962928774384025,BRAR5,500,500,3
15.525564589224883,BRAR5,500,500,3
123.9787447480249,BRAR5,500,500,3
3564.0757547161325,BRAR5,500,500,3
655.4048502222223,BRAR5,500,500,3
108.6827772368196,BRAR5,500,500,3
109.10407034595555,BRAR5,500,500,3
1672.6785235108694,BRAR5,500,500,3
199.07726118587738,BRAR5,500,500,3
321.12213314207287,BRAR5,500,500,3
265.49003128383833,BRBR5,500,500,3
277.28483131895285,BRBR5,500,500,3
192.9601733431449,BRBR5,500,500,3
4831.526920415957,BRBR5,500,500,3
357.61196046967285,BRBR5,500,500,3
303.40128061604264,BRBR5,500,500,3
265.07397052841065,BRBR5,500,500,3
470.48757677329064,BRBR5,500,500,3
290.32999988031827,BRBR5,500,500,3
137.58418797566395,BRBR5,500,500,3
180.69867711305952,BRBR5,500,500,3
453.225110803113,BRBR5,500,500,3
3034.7363069630865,BRBR5,500,500,3
3729.800983767252,BRBR5,500,500,3
238.45345369673956,BRBR5,500,500,3
2649.270426544576,BRBR5,500,500,3
4498.371084333335,BRBR5,500,500,3
107.81816166303285,BRBR5,500,500,3
254.92964193595736,BRBR5,500,500,3
94.83026467404622,BRBR5,500,500,3
134.03010189737955,BRBR6,500,500,3
867.4296426837263,BRBR6,500,500,3
171.02034392248885,BRBR6,500,500,3
2682.010194404153,BRBR6,500,500,3
3415.1229145524876,BRBR6,500,500,3
2192.2698814164196,BRBR6,500,500,3
4834.870977296205,BRBR6,500,500,3
1372.7868490698222,BRBR6,500,500,3
1362.9181724461218,BRBR6,500,500,3
1886.747074434045,BRBR6,500,500,3
173.01496926782397,BRBR6,500,500,3
543.3097710754063,BRBR6,500,500,3
1495.4923422958284,BRBR6,500,500,3
6426.507295157184,BRBR6,500,500,3
222.7178802933173,BRBR6,500,500,3
251.78361004333337,BRBR6,500,500,3
686.8476980727394,BRBR6,500,500,3
1663.842536677886,BRBR6,500,500,3
1884.6585503887934,BRBR6,500,500,3
544.4897383925314,BRBR6,500,500,3
273.57870025795563,BRCA3,500,500,3
5031.773032061719,BRCA3,500,500,3
5739.890786737193,BRCA3,500,500,3
1716.924824297955,BRCA3,500,500,3
364.13815036048896,BRCA3,500,500,3
170.04794718222226,BRCA3,500,500,3
6673.042995154487,BRCA3,500,500,3
463.7719510774025,BRCA3,500,500,3
199.16229478928895,BRCA3,500,500,3
327.0984251546862,BRCA3,500,500,3
3693.607208714743,BRCA3,500,500,3
448.5700293682327,BRCA3,500,500,3
766.9284933731556,BRCA3,500,500,3
453.0800664456373,BRCA3,500,500,3
190.56412372888886,BRCA3,500,500,3
574.0482965867446,BRCA3,500,500,3
2178.7111158236003,BRCA3,500,500,3
5654.872896553466,BRCA3,500,500,3
224.1861901878027,BRCA3,500,500,3
763.663689173289,BRCA3,500,500,3
203.91536726726397,BRCA31,500,500,3
1010.8720795591097,BRCA31,500,500,3
930.914429817812,BRCA31,500,500,3
20.646029385242667,BRCA31,500,500,3
1672.7999393658592,BRCA31,500,500,3
16.32063048119289,BRCA31,500,500,3
423.22925192085165,BRCA31,500,500,3
315.50660923347726,BRCA31,500,500,3
890.0954289883308,BRCA31,500,500,3
510.78378246236275,BRCA31,500,500,3
1421.2530426255933,BRCA31,500,500,3
1426.177073582222,BRCA31,500,500,3
113.1167225802649,BRCA31,500,500,3
100.28453597266487,BRCA31,500,500,3
1494.6061829644646,BRCA31,500,500,3
94.71152267199818,BRCA31,500,500,3
7.781759952184888,BRCA31,500,500,3
5.136226282152888,BRCA31,500,500,3
1227.2700322896783,BRCA31,500,500,3
328.16587599640013,BRCA31,500,500,3
246.67612996081598,BRCA5,500,500,3
550.4040879651556,BRCA5,500,500,3
463.01627955199814,BRCA5,500,500,3
109.30941446182223,BRCA5,500,500,3
5886.436227763157,BRCA5,500,500,3
29.534362337619537,BRCA5,500,500,3
252.95393067093343,BRCA5,500,500,3
4465.0064241645505,BRCA5,500,500,3
319.7183077672889,BRCA5,500,500,3
888.1595611233263,BRCA5,500,500,3
3296.2349261975455,BRCA5,500,500,3
128.81034791782227,BRCA5,500,500,3
646.8392822965973,BRCA5,500,500,3
742.429374434985,BRCA5,500,500,3
294.22912544490487,BRCA5,500,500,3
224.4911289662863,BRCA5,500,500,3
98.3055808445849,BRCA5,500,500,3
191.71238634697954,BRCA5,500,500,3
232.6675093943306,BRCA5,500,500,3
162.3607106630667,BRCA5,500,500,3
123.15023300017596,BRCA6,500,500,3
472.1366495248997,BRCA6,500,500,3
679.8047198665316,BRCA6,500,500,3
207.82259405772626,BRCA6,500,500,3
104.3576267038649,BRCA6,500,500,3
4234.820066006258,BRCA6,500,500,3
483.38096184766397,BRCA6,500,500,3
3683.609366490767,BRCA6,500,500,3
4796.879816139597,BRCA6,500,500,3
69.58328133034486,BRCA6,500,500,3
2834.0793420809227,BRCA6,500,500,3
378.33675510783297,BRCA6,500,500,3
3017.4570137703668,BRCA6,500,500,3
110.40273345079291,BRCA6,500,500,3
40.67846803069157,BRCA6,500,500,3
229.63202103241952,BRCA6,500,500,3
76.09833202495822,BRCA6,500,500,3
270.4176630819554,BRCA6,500,500,3
67.94206492883734,BRCA6,500,500,3
93.62881939182223,BRCA6,500,500,3
1042.8155125887981,BRCI2,500,500,3
355.86708100094404,BRCI2,500,500,3
1521.4415945573264,BRCI2,500,500,3
492.78014120558953,BRCI2,500,500,3
803.8525526783125,BRCI2,500,500,3
540.2240908117263,BRCI2,500,500,3
33.73110256,BRCI2,500,500,3
76.73542197981153,BRCI2,500,500,3
196.4789270417049,BRCI2,500,500,3
278.64960508498496,BRCI2,500,500,3
40.08350179804268,BRCI2,500,500,3
626.4977885506117,BRCI2,500,500,3
149.35045386145953,BRCI2,500,500,3
733.3057074239556,BRCI2,500,500,3
574.2606672465762,BRCI2,500,500,3
679.1122591712694,BRCI2,500,500,3
108.48649853124273,BRCI2,500,500,3
604.2368829246292,BRCI2,500,500,3
58.22863139889602,BRCI2,500,500,3
409.28818696373344,BRCI2,500,500,3
226.8850394141849,BRDE3,500,500,3
386.35365655448874,BRDE3,500,500,3
616.9570498875662,BRDE3,500,500,3
5454.607392068579,BRDE3,500,500,3
1779.7573579757227,BRDE3,500,500,3
14.624389379918222,BRDE3,500,500,3
140.87280611555553,BRDE3,500,500,3
1564.5748706286859,BRDE3,500,500,3
4365.4921645892255,BRDE3,500,500,3
219.01204996842495,BRDE3,500,500,3
118.09779459099735,BRDE3,500,500,3
2594.556727706958,BRDE3,500,500,3
3483.7134549082375,BRDE3,500,500,3
2797.3840494292695,BRDE3,500,500,3
1636.727011157289,BRDE3,500,500,3
561.9775482531555,BRDE3,500,500,3
179.22247049941157,BRDE3,500,500,3
1046.2835769538121,BRDE3,500,500,3
5186.045215864576,BRDE3,500,500,3
2867.0979570855097,BRDE3,500,500,3
163.1710655852373,BRDI2,500,500,3
565.301736146686,BRDI2,500,500,3
402.1159909829529,BRDI2,500,500,3
472.8129117979715,BRDI2,500,500,3
38.979135285411544,BRDI2,500,500,3
2220.241702228622,BRDI2,500,500,3
249.55000622932624,BRDI2,500,500,3
4479.9516712433315,BRDI2,500,500,3
88.98752304519824,BRDI2,500,500,3
142.42875062388617,BRDI2,500,500,3
2239.3030376652155,BRDI2,500,500,3
455.1608807039555,BRDI2,500,500,3
4076.0198471109525,BRDI2,500,500,3
5438.824348245154,BRDI2,500,500,3
397.8409051934648,BRDI2,500,500,3
281.273706247024,BRDI2,500,500,3
5113.914973143038,BRDI2,500,500,3
5174.150609943165,BRDI2,500,500,3
405.48583452728883,BRDI2,500,500,3
6181.797247022358,BRDI2,500,500,3
136.46299532287287,BRER2,500,500,3
45.598521418622234,BRER2,500,500,3
86.30457428226667,BRER2,500,500,3
142.86068008612276,BRER2,500,500,3
140.96177497315549,BRER2,500,500,3
3197.836166731084,BRER2,500,500,3
78.09346540628623,BRER2,500,500,3
38.452376553130684,BRER2,500,500,3
190.4950317438862,BRER2,500,500,3
848.5423214054116,BRER2,500,500,3
3583.2840507144256,BRER2,500,500,3
2481.6185273631554,BRER2,500,500,3
65.54094769382222,BRER2,500,500,3
136.0193664113049,BRER2,500,500,3
236.93112927995554,BRER2,500,500,3
87.29900753458492,BRER2,500,500,3
1219.9014383209221,BRER2,500,500,3
331.5813184991128,BRER2,500,500,3
348.0385772868196,BRER2,500,500,3
294.47150955417607,BRER2,500,500,3
177.87403199225594,BRER3,500,500,3
572.4960753492888,BRER3,500,500,3
179.7820817283982,BRER3,500,500,3
1760.8109408489536,BRER3,500,500,3
1367.9394083768161,BRER3,500,500,3
50.923586097429336,BRER3,500,500,3
81.96557926633066,BRER3,500,500,3
6381.805899775829,BRER3,500,500,3
184.18161428226665,BRER3,500,500,3
223.66231051612286,BRER3,500,500,3
265.61631813182396,BRER3,500,500,3
68.79681725857961,BRER3,500,500,3
285.9037663410559,BRER3,500,500,3
169.03405713619728,BRER3,500,500,3
99.26749679524262,BRER3,500,500,3
212.4924032802062,BRER3,500,500,3
449.62241638999984,BRER3,500,500,3
105.74095982847291,BRER3,500,500,3
161.65414665795558,BRER3,500,500,3
239.99134533009055,BRER3,500,500,3
153.07282385791825,BRGR,500,500,3
121.1027585055982,BRGR,500,500,3
979.5639659965445,BRGR,500,500,3
559.5378717087982,BRGR,500,500,3
241.7563037492889,BRGR,500,500,3
3685.8652530179393,BRGR,500,500,3
204.32226604366934,BRGR,500,500,3
368.8018374844995,BRGR,500,500,3
368.81419728409594,BRGR,500,500,3
601.1074691913796,BRGR,500,500,3
165.57733451612268,BRGR,500,500,3
357.825106371824,BRGR,500,500,3
395.82805522089944,BRGR,500,500,3
347.3451901455928,BRGR,500,500,3
883.6534463886775,BRGR,500,500,3
403.64665345703827,BRGR,500,500,3
3337.2013830644883,BRGR,500,500,3
1066.7901839789438,BRGR,500,500,3
222.7677222806115,BRGR,500,500,3
497.67742395561976,BRGR,500,500,3
119.46869200628622,BRHO2,500,500,3
107.2269407892196,BRHO2,500,500,3
61.577667757936034,BRHO2,500,500,3
78.205751347136,BRHO2,500,500,3
185.8511279517707,BRHO2,500,500,3
95.01219947001603,BRHO2,500,500,3
149.24577733333157,BRHO2,500,500,3
133.26546142941154,BRHO2,500,500,3
68.15157271033598,BRHO2,500,500,3
301.3283421794916,BRHO2,500,500,3
39.16432668919288,BRHO2,500,500,3
252.2849597006222,BRHO2,500,500,3
569.7520966305848,BRHO2,500,500,3
444.0557922309047,BRHO2,500,500,3
299.815551917424,BRHO2,500,500,3
98.6654066370827,BRHO2,500,500,3
149.23699062777604,BRHO2,500,500,3
2445.1015893198223,BRHO2,500,500,3
96.75879726130493,BRHO2,500,500,3
3696.061913555966,BRHO2,500,500,3
298.5790716743397,BRIN2,500,500,3
196.2905262595395,BRIN2,500,500,3
144.7793191811129,BRIN2,500,500,3
355.19434315413145,BRIN2,500,500,3
361.7296109160107,BRIN2,500,500,3
334.99599063329964,BRIN2,500,500,3
680.3897901752888,BRIN2,500,500,3
251.62680776582926,BRIN2,500,500,3
1187.2566731284885,BRIN2,500,500,3
221.3488903224889,BRIN2,500,500,3
174.34699275858495,BRIN2,500,500,3
595.3862684991983,BRIN2,500,500,3
380.07802584573164,BRIN2,500,500,3
266.9717895754648,BRIN2,500,500,3
622.8399789299895,BRIN2,500,500,3
491.61643245054404,BRIN2,500,500,3
234.87000205862208,BRIN2,500,500,3
138.06099199082496,BRIN2,500,500,3
157.20661161116257,BRIN2,500,500,3
429.8892590185795,BRIN2,500,500,3
114.25516926481066,BRJU,500,500,3
86.95534625407824,BRJU,500,500,3
292.73066177463284,BRJU,500,500,3
1585.6058523703177,BRJU,500,500,3
564.8950683603038,BRJU,500,500,3
818.0353368427926,BRJU,500,500,3
194.89635621964618,BRJU,500,500,3
669.0646182011715,BRJU,500,500,3
94.65513620359818,BRJU,500,500,3
87.57262536526939,BRJU,500,500,3
1028.6263977087358,BRJU,500,500,3
4161.989485834736,BRJU,500,500,3
4969.200469216555,BRJU,500,500,3
73.35021585848891,BRJU,500,500,3
1724.295175991779,BRJU,500,500,3
111.5186824539716,BRJU,500,500,3
4417.091238342045,BRJU,500,500,3
230.91985660287824,BRJU,500,500,3
699.9439733269336,BRJU,500,500,3
99.69123878621157,BRJU,500,500,3
292.9449639893263,BRKA2,500,500,3
186.0235515661583,BRKA2,500,500,3
272.7136008282863,BRKA2,500,500,3
424.38490707933164,BRKA2,500,500,3
292.50936135082486,BRKA2,500,500,3
325.00745343357164,BRKA2,500,500,3
176.3435383307359,BRKA2,500,500,3
352.6841057385174,BRKA2,500,500,3
931.2655929116994,BRKA2,500,500,3
90.46732572049068,BRKA2,500,500,3
2835.6946076270865,BRKA2,500,500,3
389.2173816739556,BRKA2,500,500,3
577.2371331556108,BRKA2,500,500,3
63.3930077783449,BRKA2,500,500,3
803.5070047757578,BRKA2,500,500,3
226.2578709404728,BRKA2,500,500,3
103.21241068842494,BRKA2,500,500,3
135.7563521640516,BRKA2,500,500,3
443.6080840583393,BRKA2,500,500,3
86.50182066538488,BRKA2,500,500,3
890.0678401517794,BRLA,500,500,3
4596.171956104092,BRLA,500,500,3
3530.504687545557,BRLA,500,500,3
1535.719329185785,BRLA,500,500,3
380.32262150890483,BRLA,500,500,3
519.5925470341048,BRLA,500,500,3
4169.673985249956,BRLA,500,500,3
815.2329627900001,BRLA,500,500,3
3022.371949835598,BRLA,500,500,3
3450.4372504104113,BRLA,500,500,3
282.17545856958407,BRLA,500,500,3
1373.3060457706504,BRLA,500,500,3
979.3870652799554,BRLA,500,500,3
449.32429203191305,BRLA,500,500,3
1630.7517047975098,BRLA,500,500,3
252.2007722977974,BRLA,500,500,3
167.5606508184462,BRLA,500,500,3
248.451718839289,BRLA,500,500,3
1534.4129247691924,BRLA,500,500,3
1713.0329781219566,BRLA,500,500,3
1006.1462331390295,BRLA4,500,500,3
66.83251443916623,BRLA4,500,500,3
322.9908981520993,BRLA4,500,500,3
77.89998423175821,BRLA4,500,500,3
35.26272234100623,BRLA4,500,500,3
386.817333707264,BRLA4,500,500,3
442.37724133033953,BRLA4,500,500,3
83.95321208528887,BRLA4,500,500,3
49.16378266537066,BRLA4,500,500,3
248.6847317279556,BRLA4,500,500,3
159.48160898758934,BRLA4,500,500,3
506.8046682738329,BRLA4,500,500,3
140.94224772658475,BRLA4,500,500,3
2558.511321442758,BRLA4,500,500,3
287.3010658609048,BRLA4,500,500,3
459.5468973243716,BRLA4,500,500,3
86.68198653751287,BRLA4,500,500,3
75.18093946835734,BRLA4,500,500,3
836.9654098196459,BRLA4,500,500,3
1527.696878659412,BRLA4,500,500,3
4495.8939165353795,BRMA,500,500,3
4871.732691974825,BRMA,500,500,3
132.53475247626668,BRMA,500,500,3
316.4693201171892,BRMA,500,500,3
217.9511549648907,BRMA,500,500,3
2566.984870620585,BRMA,500,500,3
144.72302650879286,BRMA,500,500,3
1929.589852955733,BRMA,500,500,3
2464.892781154638,BRMA,500,500,3
216.5651191522917,BRMA,500,500,3
58.60099815782223,BRMA,500,500,3
1020.4693652664895,BRMA,500,500,3
184.20685779555563,BRMA,500,500,3
559.7652288405318,BRMA,500,500,3
815.4456098259557,BRMA,500,500,3
71.66580098444626,BRMA,500,500,3
675.1556692922595,BRMA,500,500,3
84.6103019878329,BRMA,500,500,3
534.9102566611555,BRMA,500,500,3
251.65032823959993,BRMA,500,500,3
1100.5234464081047,BRMA3,500,500,3
1100.390824809785,BRMA3,500,500,3
510.1998405580159,BRMA3,500,500,3
6731.272726026265,BRMA3,500,500,3
281.54457928597157,BRMA3,500,500,3
473.8574387733333,BRMA3,500,500,3
742.1374046869336,BRMA3,500,500,3
69.60575320887287,BRMA3,500,500,3
1155.4813679879894,BRMA3,500,500,3
123.47624528551819,BRMA3,500,500,3
438.2235094824888,BRMA3,500,500,3
366.1298857770595,BRMA3,500,500,3
1306.1729506293761,BRMA3,500,500,3
360.81663948433066,BRMA3,500,500,3
540.1963096316514,BRMA3,500,500,3
457.43253117738493,BRMA3,500,500,3
781.3957884723181,BRMA3,500,500,3
1237.0299004978335,BRMA3,500,500,3
1061.9852220522646,BRMA3,500,500,3
3980.337193361067,BRMA3,500,500,3
193.48025112721066,BRME,500,500,3
848.7021042964196,BRME,500,500,3
124.71404054715558,BRME,500,500,3
386.771987802864,BRME,500,500,3
24.2237211409049,BRME,500,500,3
113.31630659703295,BRME,500,500,3
197.0471283988889,BRME,500,500,3
45.676434643562665,BRME,500,500,3
143.24684169164618,BRME,500,500,3
1378.7361917706219,BRME,500,500,3
304.2912859514027,BRME,500,500,3
171.76982350569062,BRME,500,500,3
176.51118537702405,BRME,500,500,3
153.14918064553953,BRME,500,500,3
3447.472427142932,BRME,500,500,3
35.22090031626668,BRME,500,500,3
430.98297746941154,BRME,500,500,3
120.7568688332782,BRME,500,500,3
27.552400219619557,BRME,500,500,3
38.899730588655984,BRME,500,500,3
132.85060495775292,BRMI2,500,500,3
125.45310071028624,BRMI2,500,500,3
123.53227758419732,BRMI2,500,500,3
178.0370989812462,BRMI2,500,500,3
116.32336438040001,BRMI2,500,500,3
207.95352657983824,BRMI2,500,500,3
277.54687199519293,BRMI2,500,500,3
139.080533949376,BRMI2,500,500,3
439.4800613411553,BRMI2,500,500,3
101.70680138222225,BRMI2,500,500,3
365.7502359492248,BRMI2,500,500,3
220.85845236462228,BRMI2,500,500,3
225.79458514103283,BRMI2,500,500,3
112.14369067604619,BRMI2,500,500,3
631.023823777216,BRMI2,500,500,3
138.12114423380612,BRMI2,500,500,3
1506.128909204416,BRMI2,500,500,3
204.64269845873062,BRMI2,500,500,3
130.62710452846937,BRMI2,500,500,3
19.68071811273956,BRMI2,500,500,3
281.3603474502239,BRNI,500,500,3
82.08549561941156,BRNI,500,500,3
2566.4769796351943,BRNI,500,500,3
3378.9032478008244,BRNI,500,500,3
1592.9261769169334,BRNI,500,500,3
2875.0138582170875,BRNI,500,500,3
1920.4961776780638,BRNI,500,500,3
592.4039528052892,BRNI,500,500,3
144.63854499918935,BRNI,500,500,3
1658.8154393949585,BRNI,500,500,3
2607.2994476139434,BRNI,500,500,3
590.1785145423571,BRNI,500,500,3
568.7344839893262,BRNI,500,500,3
2082.4993318966326,BRNI,500,500,3
2776.144097214633,BRNI,500,500,3
571.4819828284994,BRNI,500,500,3
828.4741087908903,BRNI,500,500,3
2707.888617996793,BRNI,500,500,3
351.1294125393761,BRNI,500,500,3
206.95507868017594,BRNI,500,500,3
196.60427254673067,BRNO,500,500,3
21.336178990392884,BRNO,500,500,3
563.070851269376,BRNO,500,500,3
138.47303718482482,BRNO,500,500,3
58.65496791079821,BRNO,500,500,3
113.31993033471821,BRNO,500,500,3
55.043918769064874,BRNO,500,500,3
62.97795600622932,BRNO,500,500,3
246.83517247231822,BRNO,500,500,3
126.31996692849604,BRNO,500,500,3
90.7413780870667,BRNO,500,500,3
779.5950156640691,BRNO,500,500,3
1092.4225377649707,BRNO,500,500,3
184.75643630604617,BRNO,500,500,3
110.6681491899449,BRNO,500,500,3
315.16807466153955,BRNO,500,500,3
61.67557189333333,BRNO,500,500,3
33.99785724806932,BRNO,500,500,3
15.488226502371564,BRNO,500,500,3
165.44229982220622,BRNO,500,500,3
369.6690353142599,BROV4,500,500,3
543.1994679430383,BROV4,500,500,3
137.84365626662225,BROV4,500,500,3
21.131301565566215,BROV4,500,500,3
591.7177590686649,BROV4,500,500,3
23.407387247955562,BROV4,500,500,3
2064.149986256668,BROV4,500,500,3
129.6230115155893,BROV4,500,500,3
432.0764505964372,BROV4,500,500,3
1392.4683824312888,BROV4,500,500,3
2767.273608599011,BROV4,500,500,3
76.45248077139733,BROV4,500,500,3
1563.1801506741974,BROV4,500,500,3
888.912802367822,BROV4,500,500,3
542.6893267764888,BROV4,500,500,3
3269.063407858659,BROV4,500,500,3
1471.2497146502822,BROV4,500,500,3
2625.944090330622,BROV4,500,500,3
299.8768211634916,BROV4,500,500,3
988.8092710874298,BROV4,500,500,3
2183.5995333279984,BRPA4,500,500,3
180.9249755787929,BRPA4,500,500,3
1583.9053507341494,BRPA4,500,500,3
160.10453683876267,BRPA4,500,500,3
621.1474451847664,BRPA4,500,500,3
418.6125104690063,BRPA4,500,500,3
1620.0548332979902,BRPA4,500,500,3
7221.75093080738,BRPA4,500,500,3
5236.173438443647,BRPA4,500,500,3
276.29494217414396,BRPA4,500,500,3
195.63592369382218,BRPA4,500,500,3
3102.5175583065325,BRPA4,500,500,3
415.7460220217173,BRPA4,500,500,3
411.23064349328877,BRPA4,500,500,3
407.63017986662203,BRPA4,500,500,3
4702.7908619624395,BRPA4,500,500,3
923.6938055593793,BRPA4,500,500,3
602.1446963359981,BRPA4,500,500,3
576.0871278863625,BRPA4,500,500,3
162.0749306262115,BRPA4,500,500,3
151.0218639551129,BRPH3,500,500,3
49.64967862719823,BRPH3,500,500,3
60.26495854044265,BRPH3,500,500,3
31.03361662549156,BRPH3,500,500,3
57.67763435007289,BRPH3,500,500,3
82.10639763711826,BRPH3,500,500,3
2999.321421271593,BRPH3,500,500,3
1797.8387055250776,BRPH3,500,500,3
19.42944148127289,BRPH3,500,500,3
87.32702471658484,BRPH3,500,500,3
2796.2998332074035,BRPH3,500,500,3
3009.7147892343182,BRPH3,500,500,3
60.838104484478215,BRPH3,500,500,3
84.71652763679288,BRPH3,500,500,3
1616.2774331518222,BRPH3,500,500,3
95.91144571319288,BRPH3,500,500,3
41.8183271389849,BRPH3,500,500,3
324.7662210601527,BRPH3,500,500,3
81.01675065500267,BRPH3,500,500,3
79.57881666093334,BRPH3,500,500,3
144.65825771997154,BRPI,500,500,3
56.29818851128887,BRPI,500,500,3
650.1094963187184,BRPI,500,500,3
167.54375534928883,BRPI,500,500,3
202.2820735822222,BRPI,500,500,3
2247.107478680233,BRPI,500,500,3
7430.3581868072915,BRPI,500,500,3
96.7410879641529,BRPI,500,500,3
37.33208418985956,BRPI,500,500,3
130.4557657450382,BRPI,500,500,3
230.14262483959288,BRPI,500,500,3
311.1849778325315,BRPI,500,500,3
692.662013434816,BRPI,500,500,3
351.75373448119285,BRPI,500,500,3
171.3636510793316,BRPI,500,500,3
182.35654938382226,BRPI,500,500,3
104.91580039462222,BRPI,500,500,3
81.75865724010491,BRPI,500,500,3
304.75134299195565,BRPI,500,500,3
237.23565557395736,BRPI,500,500,3
617.9856890709048,BRPI4,500,500,3
1289.4340659482664,BRPI4,500,500,3
1294.9065978122221,BRPI4,500,500,3
1918.3322948443708,BRPI4,500,500,3
2782.2353955921058,BRPI4,500,500,3
1360.7372748255566,BRPI4,500,500,3
3105.815395075064,BRPI4,500,500,3
4284.535164455247,BRPI4,500,500,3
2388.443607828934,BRPI4,500,500,3
3394.4957608671552,BRPI4,500,500,3
168.2024951389849,BRPI4,500,500,3
2823.2012349104643,BRPI4,500,500,3
881.2602669920994,BRPI4,500,500,3
1928.400475357155,BRPI4,500,500,3
310.39761116307733,BRPI4,500,500,3
1084.580792671771,BRPI4,500,500,3
2677.5841551288895,BRPI4,500,500,3
3551.1902506659567,BRPI4,500,500,3
1449.8369583549,BRPI4,500,500,3
2638.0702958768907,BRPI4,500,500,3
450.92951866337944,BRPO2,500,500,3
133.5088122538222,BRPO2,500,500,3
122.21543599381157,BRPO2,500,500,3
164.4978383892889,BRPO2,500,500,3
261.3516433144159,BRPO2,500,500,3
557.4708236123714,BRPO2,500,500,3
191.6235418347929,BRPO2,500,500,3
224.91744203940272,BRPO2,500,500,3
195.0782773670667,BRPO2,500,500,3
504.65765817479803,BRPO2,500,500,3
143.56992826662218,BRPO2,500,500,3
483.3802919950062,BRPO2,500,500,3
68.780306663664,BRPO2,500,500,3
200.23295061315554,BRPO2,500,500,3
343.7407705501583,BRPO2,500,500,3
153.70991742689952,BRPO2,500,500,3
270.2467794829583,BRPO2,500,500,3
101.98354877158397,BRPO2,500,500,3
235.11456730139744,BRPO2,500,500,3
734.6392969952639,BRPO2,500,500,3
465.5440109439556,BRRA3,500,500,3
113.22332460777068,BRRA3,500,500,3
484.9842233341442,BRRA3,500,500,3
1302.5221228689338,BRRA3,500,500,3
194.34487620385949,BRRA3,500,500,3
18.792221273144886,BRRA3,500,500,3
355.84468262115536,BRRA3,500,500,3
120.95313718893335,BRRA3,500,500,3
925.6226961600001,BRRA3,500,500,3
70.74271881812624,BRRA3,500,500,3
3392.7877787184625,BRRA3,500,500,3
208.59713764340623,BRRA3,500,500,3
648.1565524245176,BRRA3,500,500,3
56.617489027823964,BRRA3,500,500,3
120.24928188756621,BRRA3,500,500,3
3237.3031963126036,BRRA3,500,500,3
175.10090245048897,BRRA3,500,500,3
359.88608905595555,BRRA3,500,500,3
61.13593509204623,BRRA3,500,500,3
103.76945571099732,BRRA3,500,500,3
1735.4918344530329,BRRU,500,500,3
3032.0649249450016,BRRU,500,500,3
465.95921832361046,BRRU,500,500,3
126.33144121223822,BRRU,500,500,3
29.123496638890654,BRRU,500,500,3
5573.235731036372,BRRU,500,500,3
1254.6475260963396,BRRU,500,500,3
227.12499352315558,BRRU,500,500,3
159.4131424718062,BRRU,500,500,3
399.20368600149163,BRRU,500,500,3
3441.334316856313,BRRU,500,500,3
384.3903480508995,BRRU,500,500,3
152.0251437746915,BRRU,500,500,3
147.82173276959284,BRRU,500,500,3
626.3281611192731,BRRU,500,500,3
286.69628456860266,BRRU,500,500,3
503.01813030962484,BRRU,500,500,3
997.87847794602,BRRU,500,500,3
3086.009549632505,BRRU,500,500,3
921.3080582024464,BRRU,500,500,3
492.67945196439996,BRRU2,500,500,3
3508.5016793316104,BRRU2,500,500,3
124.78059321513956,BRRU2,500,500,3
3552.90059479441,BRRU2,500,500,3
2603.9699762632513,BRRU2,500,500,3
6416.016982098133,BRRU2,500,500,3
1596.682061980926,BRRU2,500,500,3
432.86318474495823,BRRU2,500,500,3
595.5581524604513,BRRU2,500,500,3
876.8435193955552,BRRU2,500,500,3
1151.5851940362647,BRRU2,500,500,3
3457.012192224257,BRRU2,500,500,3
7311.742211977362,BRRU2,500,500,3
165.2696640458649,BRRU2,500,500,3
1514.9440393364887,BRRU2,500,500,3
533.2677475797313,BRRU2,500,500,3
709.7438042958062,BRRU2,500,500,3
179.52401541017596,BRRU2,500,500,3
377.5104760308907,BRRU2,500,500,3
1219.6918657446238,BRRU2,500,500,3
317.45546657666677,BRSC,500,500,3
722.0148708051554,BRSC,500,500,3
332.7732235484426,BRSC,500,500,3
936.4499542856519,BRSC,500,500,3
2671.0656586166015,BRSC,500,500,3
135.09854571662223,BRSC,500,500,3
1137.287357792126,BRSC,500,500,3
450.7741215683625,BRSC,500,500,3
2584.6535276039403,BRSC,500,500,3
1457.4391130891306,BRSC,500,500,3
236.8935596334649,BRSC,500,500,3
2840.399636771198,BRSC,500,500,3
247.41530315297945,BRSC,500,500,3
1225.6971743151717,BRSC,500,500,3
762.9082515673582,BRSC,500,500,3
2128.4469166142517,BRSC,500,500,3
765.3293838708464,BRSC,500,500,3
509.9588321996516,BRSC,500,500,3
104.12254613738489,BRSC,500,500,3
165.28538080722484,BRSC,500,500,3
231.06748080140633,BRSE,500,500,3
527.833308581289,BRSE,500,500,3
4293.253568881492,BRSE,500,500,3
100.40063492670402,BRSE,500,500,3
169.92080904173338,BRSE,500,500,3
3098.920730859218,BRSE,500,500,3
50.48227041932621,BRSE,500,500,3
1276.792126666266,BRSE,500,500,3
429.6568083990114,BRSE,500,500,3
378.7046010716997,BRSE,500,500,3
3047.7457638278834,BRSE,500,500,3
644.167341510384,BRSE,500,500,3
18.586815294399997,BRSE,500,500,3
18.645219948016,BRSE,500,500,3
37.30652180548267,BRSE,500,500,3
3406.2108120519397,BRSE,500,500,3
416.43938762545594,BRSE,500,500,3
289.9360147620907,BRSE,500,500,3
231.76625193514494,BRSE,500,500,3
2312.2088414357318,BRSE,500,500,3
114.77978880782217,BRSI,500,500,3
140.64037811529957,BRSI,500,500,3
48.174319862606225,BRSI,500,500,3
76.91378799052625,BRSI,500,500,3
80.75944666396268,BRSI,500,500,3
425.50894129683724,BRSI,500,500,3
59.03562752699733,BRSI,500,500,3
67.51196739541156,BRSI,500,500,3
3933.117999910823,BRSI,500,500,3
51.89508880253157,BRSI,500,500,3
135.36053240518402,BRSI,500,500,3
137.6342310920462,BRSI,500,500,3
1512.8587561761497,BRSI,500,500,3
1525.970877195939,BRSI,500,500,3
178.6577898031715,BRSI,500,500,3
70.59954545959819,BRSI,500,500,3
1460.1738464065704,BRSI,500,500,3
643.4953621086562,BRSI,500,500,3
1995.8586048933532,BRSI,500,500,3
78.66862749694401,BRSI,500,500,3
2675.2727589382666,BRSQ2,500,500,3
149.29282045223817,BRSQ2,500,500,3
2309.425840900267,BRSQ2,500,500,3
92.06125199248886,BRSQ2,500,500,3
171.41683811549154,BRSQ2,500,500,3
84.43197661506663,BRSQ2,500,500,3
1138.0312989409847,BRSQ2,500,500,3
219.70561316145591,BRSQ2,500,500,3
54.957835837155564,BRSQ2,500,500,3
2593.045567248889,BRSQ2,500,500,3
2511.8231470396,BRSQ2,500,500,3
182.67159491626492,BRSQ2,500,500,3
2872.6827072049764,BRSQ2,500,500,3
40.940604391139544,BRSQ2,500,500,3
224.37472663607292,BRSQ2,500,500,3
4087.8461038665328,BRSQ2,500,500,3
423.2227780723983,BRSQ2,500,500,3
1216.970828926932,BRSQ2,500,500,3
418.80556133139754,BRSQ2,500,500,3
36.87309315965155,BRSQ2,500,500,3
3046.3545386437327,BRST2,500,500,3
449.502296125376,BRST2,500,500,3
23.069774066558235,BRST2,500,500,3
105.78294154595554,BRST2,500,500,3
73.12438079945954,BRST2,500,500,3
54.97734793778488,BRST2,500,500,3
97.80197275977953,BRST2,500,500,3
2248.901165444892,BRST2,500,500,3
855.2117811782664,BRST2,500,500,3
5190.953355928658,BRST2,500,500,3
1645.7643587096968,BRST2,500,500,3
295.78354822086936,BRST2,500,500,3
105.88290131022929,BRST2,500,500,3
564.5307146451041,BRST2,500,500,3
2029.489078952099,BRST2,500,500,3
328.94586893565145,BRST2,500,500,3
642.9928518304996,BRST2,500,500,3
110.01894964070398,BRST2,500,500,3
151.0939020499893,BRST2,500,500,3
2158.8451408597257,BRST2,500,500,3
1186.2268168315452,BRSY,500,500,3
1734.5546360587095,BRSY,500,500,3
976.118082609066,BRSY,500,500,3
373.15082909518935,BRSY,500,500,3
469.9548227511182,BRSY,500,500,3
92.38652506569954,BRSY,500,500,3
2473.403727241371,BRSY,500,500,3
864.7672157871715,BRSY,500,500,3
281.68206899027757,BRSY,500,500,3
733.4180505409266,BRSY,500,500,3
104.04371669748622,BRSY,500,500,3
274.8301451671893,BRSY,500,500,3
2002.0453901154922,BRSY,500,500,3
979.2429582253442,BRSY,500,500,3
797.1056846847719,BRSY,500,500,3
1951.4191547509317,BRSY,500,500,3
165.80228504603735,BRSY,500,500,3
42.926488494277336,BRSY,500,500,3
329.5280827562382,BRSY,500,500,3
3241.9498163733338,BRSY,500,500,3
1744.662330028784,BRTE,500,500,3
949.2015768617794,BRTE,500,500,3
1997.1077759412885,BRTE,500,500,3
335.3070562698221,BRTE,500,500,3
254.63918987100269,BRTE,500,500,3
4027.4765548075356,BRTE,500,500,3
270.4800797405797,BRTE,500,500,3
277.2032470393174,BRTE,500,500,3
1353.986068021289,BRTE,500,500,3
613.2019690622863,BRTE,500,500,3
744.1320198406383,BRTE,500,500,3
956.5954001702116,BRTE,500,500,3
1611.4939866526647,BRTE,500,500,3
1314.602449268478,BRTE,500,500,3
3493.7316676176915,BRTE,500,500,3
2583.6186370978066,BRTE,500,500,3
1095.4409686583451,BRTE,500,500,3
425.2425745005227,BRTE,500,500,3
2218.986376110933,BRTE,500,500,3
351.01285438881956,BRTE,500,500,3
4141.84288909184,BRTO,500,500,3
44.157355328277326,BRTO,500,500,3
54.07288261033956,BRTO,500,500,3
1318.0605321895093,BRTO,500,500,3
70.89488396262223,BRTO,500,500,3
3988.040901742419,BRTO,500,500,3
3043.7674025111314,BRTO,500,500,3
1974.9062769506902,BRTO,500,500,3
444.0492567096249,BRTO,500,500,3
3052.592490821625,BRTO,500,500,3
4371.608809217733,BRTO,500,500,3
2365.9124744668993,BRTO,500,500,3
4562.0610390774,BRTO,500,500,3
1642.266791779726,BRTO,500,500,3
1722.8923958542064,BRTO,500,500,3
275.91071248105067,BRTO,500,500,3
1854.5737418288193,BRTO,500,500,3
4265.734119143189,BRTO,500,500,3
1296.5217338655557,BRTO,500,500,3
288.37800530941155,BRTO,500,500,3
2719.894064321834,BRVU,500,500,3
147.33288194809595,BRVU,500,500,3
154.8025220741049,BRVU,500,500,3
6605.747215792423,BRVU,500,500,3
331.32540784315563,BRVU,500,500,3
3532.2907453303446,BRVU,500,500,3
1460.371812654357,BRVU,500,500,3
898.4350572936248,BRVU,500,500,3
234.7805458289493,BRVU,500,500,3
1003.5010737396474,BRVU,500,500,3
2636.6940373278635,BRVU,500,500,3
197.87115252812612,BRVU,500,500,3
19.935981913299564,BRVU,500,500,3
91.92588083154492,BRVU,500,500,3
112.13735565371734,BRVU,500,500,3
5801.142265586685,BRVU,500,500,3
600.9397922773178,BRVU,500,500,3
4142.386501301829,BRVU,500,500,3
78.8232249738649,BRVU,500,500,3
68.17538388888885,BRVU,500,500,3
766.7727901308428,BUAM,500,500,3
77.2307876792889,BUAM,500,500,3
183.82370256281607,BUAM,500,500,3
79.48078197799822,BUAM,500,500,3
338.52792201938496,BUAM,500,500,3
240.29813327826483,BUAM,500,500,3
67.97389420607823,BUAM,500,500,3
87.80701120433602,BUAM,500,500,3
413.275064369705,BUAM,500,500,3
343.21107843839997,BUAM,500,500,3
128.76273190951824,BUAM,500,500,3
717.4914623728196,BUAM,500,500,3
131.1469893042062,BUAM,500,500,3
1425.4295228085755,BUAM,500,500,3
90.52245472929958,BUAM,500,500,3
421.35673068081604,BUAM,500,500,3
768.5362251157336,BUAM,500,500,3
3264.8680585644365,BUAM,500,500,3
299.34474092373335,BUAM,500,500,3
1005.1157705019663,BUAM,500,500,3
1594.6295111239042,BUAR3,500,500,3
30.682605273144887,BUAR3,500,500,3
5461.677619555558,BUAR3,500,500,3
95.5479818899182,BUAR3,500,500,3
254.00367055995568,BUAR3,500,500,3
194.47115510129598,BUAR3,500,500,3
239.666058706473,BUAR3,500,500,3
41.01766216361068,BUAR3,500,500,3
320.1710156816785,BUAR3,500,500,3
1506.7676953512887,BUAR3,500,500,3
3999.154038607129,BUAR3,500,500,3
207.27547937335288,BUAR3,500,500,3
379.8551944019556,BUAR3,500,500,3
197.17440528195547,BUAR3,500,500,3
283.71355999974395,BUAR3,500,500,3
183.93950632888894,BUAR3,500,500,3
5468.364331874475,BUAR3,500,500,3
43.24010694869155,BUAR3,500,500,3
2949.455806574072,BUAR3,500,500,3
6451.203286012049,BUAR3,500,500,3
2668.8535806440514,BUBI,500,500,3
102.31876397397153,BUBI,500,500,3
248.9863554444783,BUBI,500,500,3
20.942189629752885,BUBI,500,500,3
99.87645674555552,BUBI,500,500,3
24.12316955517156,BUBI,500,500,3
11.781826270606224,BUBI,500,500,3
1213.0199006634596,BUBI,500,500,3
78.97965903436624,BUBI,500,500,3
41.20495166258487,BUBI,500,500,3
20.930361299397337,BUBI,500,500,3
38.77597634662222,BUBI,500,500,3
679.8703195935981,BUBI,500,500,3
165.6867057524888,BUBI,500,500,3
2876.9449482551195,BUBI,500,500,3
106.50070379928884,BUBI,500,500,3
50.55567350026669,BUBI,500,500,3
71.29062296225958,BUBI,500,500,3
141.08319144721065,BUBI,500,500,3
38.24356812919291,BUBI,500,500,3
2473.5876213332194,BUER,500,500,3
468.9736074938596,BUER,500,500,3
2719.9155053216696,BUER,500,500,3
32.64937451818489,BUER,500,500,3
3730.236890128889,BUER,500,500,3
162.2001974184888,BUER,500,500,3
190.47777043916614,BUER,500,500,3
169.75505865795557,BUER,500,500,3
221.1023696559717,BUER,500,500,3
100.88014336425954,BUER,500,500,3
188.74004054653156,BUER,500,500,3
3359.362042265667,BUER,500,500,3
105.40822128782224,BUER,500,500,3
2495.056725525646,BUER,500,500,3
2764.274760272638,BUER,500,500,3
396.42984706331714,BUER,500,500,3
474.9009066098915,BUER,500,500,3
88.9768569578222,BUER,500,500,3
2021.3590577532518,BUER,500,500,3
106.76937686041606,BUER,500,500,3
186.016898638704,BURO,500,500,3
217.35848352801955,BURO,500,500,3
1821.4381126584158,BURO,500,500,3
4005.393929181519,BURO,500,500,3
137.02502896972618,BURO,500,500,3
3130.2360473703666,BURO,500,500,3
3624.7738750953185,BURO,500,500,3
176.535463677376,BURO,500,500,3
201.43620718726936,BURO,500,500,3
2923.3740839537345,BURO,500,500,3
111.35347227972265,BURO,500,500,3
2253.457195365859,BURO,500,500,3
162.58082824553065,BURO,500,500,3
1024.8500520767132,BURO,500,500,3
7395.97436419968,BURO,500,500,3
190.3094621066222,BURO,500,500,3
3616.890622358124,BURO,500,500,3
3014.959257213091,BURO,500,500,3
1590.2292050793171,BURO,500,500,3
138.9355600337333,BURO,500,500,3
1530.3294379204197,BUSE2,500,500,3
449.33105894433953,BUSE2,500,500,3
391.07420212492616,BUSE2,500,500,3
492.28065743997126,BUSE2,500,500,3
321.98816185026664,BUSE2,500,500,3
369.6971260240782,BUSE2,500,500,3
168.7544114634648,BUSE2,500,500,3
458.5337345723999,BUSE2,500,500,3
307.5496142061226,BUSE2,500,500,3
1294.8502429992886,BUSE2,500,500,3
2196.6903481518643,BUSE2,500,500,3
169.24384253513958,BUSE2,500,500,3
616.1534827731555,BUSE2,500,500,3
193.22159144863295,BUSE2,500,500,3
384.5693552007893,BUSE2,500,500,3
1258.3943093198227,BUSE2,500,500,3
3971.3311205480386,BUSE2,500,500,3
3334.1904935799193,BUSE2,500,500,3
323.08686251901173,BUSE2,500,500,3
1006.6273322015978,BUSE2,500,500,3
915.1224277777332,BUSI,500,500,3
2041.2799263004001,BUSI,500,500,3
4458.880090885626,BUSI,500,500,3
5262.605505562241,BUSI,500,500,3
2622.3877871354866,BUSI,500,500,3
4898.760979508624,BUSI,500,500,3
3708.573314316927,BUSI,500,500,3
4292.8221565829035,BUSI,500,500,3
2010.5537258205004,BUSI,500,500,3
1589.637063150278,BUSI,500,500,3
2118.513894666745,BUSI,500,500,3
2447.7973119868516,BUSI,500,500,3
557.9627618276694,BUSI,500,500,3
1748.1056476387387,BUSI,500,500,3
5478.606536557564,BUSI,500,500,3
5149.900659818153,BUSI,500,500,3
2213.290945275092,BUSI,500,500,3
5467.7145009129235,BUSI,500,500,3
3452.352026632093,BUSI,500,500,3
2022.8427600906236,BUSI,500,500,3
1219.5361668130063,BUUT,500,500,3
1617.9023679108245,BUUT,500,500,3
4794.4154626657255,BUUT,500,500,3
6420.704521224528,BUUT,500,500,3
2279.239792784766,BUUT,500,500,3
2048.148167862607,BUUT,500,500,3
1300.8732601360782,BUUT,500,500,3
2279.5207921733336,BUUT,500,500,3
4980.3917903059555,BUUT,500,500,3
184.95886178335286,BUUT,500,500,3
1724.3535819264002,BUUT,500,500,3
746.3637147044249,BUUT,500,500,3
246.5083603766026,BUUT,500,500,3
2963.681303712339,BUUT,500,500,3
2195.330403973626,BUUT,500,500,3
127.1724390348516,BUUT,500,500,3
3563.6186067278245,BUUT,500,500,3
4782.756085633984,BUUT,500,500,3
231.25485071698495,BUUT,500,500,3
137.52547282316624,BUUT,500,500,3
83.82478056609959,CAAB5,500,500,3
144.5076193508694,CAAB5,500,500,3
336.8454496278595,CAAB5,500,500,3
70.73380784493332,CAAB5,500,500,3
2472.2567710877843,CAAB5,500,500,3
402.81340296393967,CAAB5,500,500,3
1161.837740663289,CAAB5,500,500,3
33.33093240660623,CAAB5,500,500,3
62.57089872511822,CAAB5,500,500,3
1018.422464330665,CAAB5,500,500,3
2564.874003432932,CAAB5,500,500,3
1736.4459586789758,CAAB5,500,500,3
72.93869410316624,CAAB5,500,500,3
84.33440534595557,CAAB5,500,500,3
877.6663669944725,CAAB5,500,500,3
20.929219292158216,CAAB5,500,500,3
297.7743576657332,CAAB5,500,500,3
496.85649734382224,CAAB5,500,500,3
161.74948079359822,CAAB5,500,500,3
477.29095199928895,CAAB5,500,500,3
470.78431516727295,CAAC,500,500,3
3170.915811185662,CAAC,500,500,3
1420.1595546760461,CAAC,500,500,3
2875.777812600489,CAAC,500,500,3
1668.4320813216696,CAAC,500,500,3
1071.9252857941053,CAAC,500,500,3
5241.848730303955,CAAC,500,500,3
5556.999808373316,CAAC,500,500,3
978.7543599509339,CAAC,500,500,3
932.6998426766065,CAAC,500,500,3
3189.5920773673797,CAAC,500,500,3
1306.5123226174503,CAAC,500,500,3
6349.445625315554,CAAC,500,500,3
1126.3511753254115,CAAC,500,500,3
4071.1744491384734,CAAC,500,500,3
699.2973286305852,CAAC,500,500,3
965.4328946044998,CAAC,500,500,3
1258.4374265092242,CAAC,500,500,3
242.97327244372622,CAAC,500,500,3
942.5123455598862,CAAC,500,500,3
771.4133102421047,CAAC2,500,500,3
3135.109285594652,CAAC2,500,500,3
305.48020152319276,CAAC2,500,500,3
416.7664001636249,CAAC2,500,500,3
700.3682590195983,CAAC2,500,500,3
127.06417366183825,CAAC2,500,500,3
839.1656818687712,CAAC2,500,500,3
1164.9836123325,CAAC2,500,500,3
2071.396882132606,CAAC2,500,500,3
360.6632794367982,CAAC2,500,500,3
2647.3381116189853,CAAC2,500,500,3
719.688598486896,CAAC2,500,500,3
497.10654901546485,CAAC2,500,500,3
473.2385990711305,CAAC2,500,500,3
279.27204537821143,CAAC2,500,500,3
377.887888959289,CAAC2,500,500,3
379.04623465813177,CAAC2,500,500,3
202.0671012359395,CAAC2,500,500,3
248.20309700221154,CAAC2,500,500,3
176.73299464436622,CAAC2,500,500,3
206.88883162470384,CAAG2,500,500,3
6289.927176520522,CAAG2,500,500,3
140.97893771409073,CAAG2,500,500,3
216.32363613644628,CAAG2,500,500,3
270.66396931069147,CAAG2,500,500,3
209.7099876682506,CAAG2,500,500,3
151.22686244914493,CAAG2,500,500,3
90.36304324657603,CAAG2,500,500,3
160.68745525985952,CAAG2,500,500,3
133.49096957055824,CAAG2,500,500,3
91.29118399769598,CAAG2,500,500,3
179.08716865620625,CAAG2,500,500,3
49.92647597269158,CAAG2,500,500,3
322.20471678674494,CAAG2,500,500,3
201.18462233417952,CAAG2,500,500,3
351.93478587617955,CAAG2,500,500,3
118.12616878177954,CAAG2,500,500,3
220.82888491212634,CAAG2,500,500,3
128.99887486506486,CAAG2,500,500,3
129.1351093094115,CAAG2,500,500,3
73.34258889385954,CAAL,500,500,3
159.27267827626662,CAAL,500,500,3
65.23683314567822,CAAL,500,500,3
405.4205191584995,CAAL,500,500,3
356.19096146218476,CAAL,500,500,3
708.7122770286294,CAAL,500,500,3
1633.9142678596254,CAAL,500,500,3
424.1910214925584,CAAL,500,500,3
481.59677837119824,CAAL,500,500,3
4335.268464990077,CAAL,500,500,3
1932.0964873224375,CAAL,500,500,3
211.16503793382228,CAAL,500,500,3
141.81696559337067,CAAL,500,500,3
1576.2256559995453,CAAL,500,500,3
94.30667235199823,CAAL,500,500,3
811.363036573822,CAAL,500,500,3
192.70811863977056,CAAL,500,500,3
156.8270271006649,CAAL,500,500,3
558.6612948682648,CAAL,500,500,3
102.05462755084622,CAAL,500,500,3
143.27742048893157,CAAL11,500,500,3
994.8981792972517,CAAL11,500,500,3
103.24562131625954,CAAL11,500,500,3
808.0647517398597,CAAL11,500,500,3
876.1691100570864,CAAL11,500,500,3
1464.1088277593317,CAAL11,500,500,3
1734.9040663722667,CAAL11,500,500,3
3017.2943191388154,CAAL11,500,500,3
283.5483780354773,CAAL11,500,500,3
546.3347783002295,CAAL11,500,500,3
198.35214975715562,CAAL11,500,500,3
1558.4080818104883,CAAL11,500,500,3
3331.653848220073,CAAL11,500,500,3
2316.9618176034046,CAAL11,500,500,3
143.55838324462218,CAAL11,500,500,3
136.60231371647828,CAAL11,500,500,3
3890.929604019172,CAAL11,500,500,3
91.17773686041602,CAAL11,500,500,3
1822.1610166042672,CAAL11,500,500,3
91.37430540714489,CAAL11,500,500,3
257.22586363468616,CAAL25,500,500,3
4225.3360311969,CAAL25,500,500,3
216.5554837824782,CAAL25,500,500,3
108.81224584298482,CAAL25,500,500,3
488.9776060513,CAAL25,500,500,3
681.0665733099448,CAAL25,500,500,3
1805.7089995989033,CAAL25,500,500,3
528.8489361755711,CAAL25,500,500,3
5198.280210029542,CAAL25,500,500,3
6307.988929173116,CAAL25,500,500,3
571.1348611919572,CAAL25,500,500,3
216.5473021878027,CAAL25,500,500,3
241.6795180217174,CAAL25,500,500,3
2027.9405170797797,CAAL25,500,500,3
76.41316379573334,CAAL25,500,500,3
70.24504799699734,CAAL25,500,500,3
139.36783775273065,CAAL25,500,500,3
119.13516665223818,CAAL25,500,500,3
93.03487383492268,CAAL25,500,500,3
730.687835214704,CAAL25,500,500,3
596.171227974825,CAAM10,500,500,3
4982.858885953168,CAAM10,500,500,3
54.018686639358265,CAAM10,500,500,3
1086.3138586665523,CAAM10,500,500,3
100.37720632426495,CAAM10,500,500,3
6427.4501640287135,CAAM10,500,500,3
337.62471465639817,CAAM10,500,500,3
2861.8149701233324,CAAM10,500,500,3
1855.7848517622022,CAAM10,500,500,3
937.8208466728953,CAAM10,500,500,3
1798.4689009437586,CAAM10,500,500,3
1583.6385505075039,CAAM10,500,500,3
81.05874012500622,CAAM10,500,500,3
715.0272476084886,CAAM10,500,500,3
1190.2073601582777,CAAM10,500,500,3
32.085572916878206,CAAM10,500,500,3
6362.330191042986,CAAM10,500,500,3
3547.742312754772,CAAM10,500,500,3
306.1109435303181,CAAM10,500,500,3
2234.874107418452,CAAM10,500,500,3
234.44423004995565,CAAM18,500,500,3
94.74800864774934,CAAM18,500,500,3
665.9952674719557,CAAM18,500,500,3
53.59068230194488,CAAM18,500,500,3
462.02050955380605,CAAM18,500,500,3
277.51152621988257,CAAM18,500,500,3
292.08493482660265,CAAM18,500,500,3
165.98778774143824,CAAM18,500,500,3
334.7001040337333,CAAM18,500,500,3
68.26097503128888,CAAM18,500,500,3
114.82834830130491,CAAM18,500,500,3
251.96776097685174,CAAM18,500,500,3
651.3109265059554,CAAM18,500,500,3
203.83127177721605,CAAM18,500,500,3
742.5123919154918,CAAM18,500,500,3
668.8709933273581,CAAM18,500,500,3
1067.3020751912888,CAAM18,500,500,3
1012.9139351610028,CAAM18,500,500,3
79.52103577019733,CAAM18,500,500,3
284.3245746594116,CAAM18,500,500,3
92.27392837245155,CAAM8,500,500,3
33.66421597812621,CAAM8,500,500,3
49.38888551967288,CAAM8,500,500,3
273.70683187728883,CAAM8,500,500,3
262.9905893852426,CAAM8,500,500,3
135.66395090169596,CAAM8,500,500,3
708.5961454944995,CAAM8,500,500,3
130.60578069245162,CAAM8,500,500,3
147.31940704742408,CAAM8,500,500,3
501.38223576233935,CAAM8,500,500,3
2702.4021529172196,CAAM8,500,500,3
291.67581992934396,CAAM8,500,500,3
4411.946216465465,CAAM8,500,500,3
162.83497596711825,CAAM8,500,500,3
53.63788181354489,CAAM8,500,500,3
74.86477198039998,CAAM8,500,500,3
1055.4784926411094,CAAM8,500,500,3
98.20821044297955,CAAM8,500,500,3
135.65146594515733,CAAM8,500,500,3
372.5946636526862,CAAM8,500,500,3
27.501631500622217,CAAN11,500,500,3
1587.1374512858295,CAAN11,500,500,3
182.80427963639292,CAAN11,500,500,3
742.2574226455448,CAAN11,500,500,3
271.55159549863816,CAAN11,500,500,3
1717.498235564372,CAAN11,500,500,3
3334.185683324864,CAAN11,500,500,3
178.15205530555556,CAAN11,500,500,3
75.77518307327287,CAAN11,500,500,3
94.22887396081603,CAAN11,500,500,3
88.62205526101155,CAAN11,500,500,3
43.73274492883734,CAAN11,500,500,3
1124.2930690324886,CAAN11,500,500,3
2205.660921719289,CAAN11,500,500,3
529.6491607458062,CAAN11,500,500,3
397.0856933280692,CAAN11,500,500,3
52.364395711272884,CAAN11,500,500,3
3383.475153479651,CAAN11,500,500,3
67.78735815764622,CAAN11,500,500,3
301.67749529247294,CAAN11,500,500,3
336.24063729333335,CAAN6,500,500,3
173.44047064631292,CAAN6,500,500,3
127.18882622105605,CAAN6,500,500,3
137.82813308995551,CAAN6,500,500,3
281.83040252529065,CAAN6,500,500,3
24.785495745984008,CAAN6,500,500,3
24.661999573155576,CAAN6,500,500,3
23.47191325324623,CAAN6,500,500,3
265.7928441130667,CAAN6,500,500,3
3208.552439117306,CAAN6,500,500,3
123.24489153578486,CAAN6,500,500,3
205.1834399699556,CAAN6,500,500,3
37.55543309126933,CAAN6,500,500,3
129.67490107391296,CAAN6,500,500,3
305.4577776177334,CAAN6,500,500,3
105.33208014270399,CAAN6,500,500,3
15.585374664958227,CAAN6,500,500,3
4503.642295718741,CAAN6,500,500,3
69.2590998596249,CAAN6,500,500,3
25.183449182789342,CAAN6,500,500,3
222.94324118801075,CAAN7,500,500,3
991.368140958464,CAAN7,500,500,3
6812.321661332477,CAAN7,500,500,3
5117.697428402489,CAAN7,500,500,3
425.1525826690828,CAAN7,500,500,3
287.5526205360197,CAAN7,500,500,3
4036.9578254812736,CAAN7,500,500,3
1746.3970630913261,CAAN7,500,500,3
2129.2198979520767,CAAN7,500,500,3
2424.1962353002673,CAAN7,500,500,3
122.10086803089072,CAAN7,500,500,3
4248.041210669565,CAAN7,500,500,3
88.34047371928888,CAAN7,500,500,3
1180.1262036829796,CAAN7,500,500,3
2176.639036724392,CAAN7,500,500,3
1864.5025269481532,CAAN7,500,500,3
353.9779708380159,CAAN7,500,500,3
2794.6038908115174,CAAN7,500,500,3
294.4776626561262,CAAN7,500,500,3
154.44153696551822,CAAN7,500,500,3
1474.4461692711661,CAAP2,500,500,3
2736.0970357745764,CAAP2,500,500,3
2951.4361569634916,CAAP2,500,500,3
3748.5201355450854,CAAP2,500,500,3
1146.0508357944248,CAAP2,500,500,3
3399.584960232489,CAAP2,500,500,3
1988.6275090239562,CAAP2,500,500,3
4698.333674665956,CAAP2,500,500,3
4292.557049333333,CAAP2,500,500,3
2049.041139791357,CAAP2,500,500,3
5084.3468987006545,CAAP2,500,500,3
3256.187073135673,CAAP2,500,500,3
895.2235512539718,CAAP2,500,500,3
2145.70206084977,CAAP2,500,500,3
2762.4418446455397,CAAP2,500,500,3
1841.0775900415135,CAAP2,500,500,3
2085.8975893898223,CAAP2,500,500,3
923.3565904924992,CAAP2,500,500,3
3324.923009194492,CAAP2,500,500,3
1020.9245960678379,CAAP2,500,500,3
685.538002167678,CAAQ,500,500,3
471.3542692257494,CAAQ,500,500,3
1256.953638758393,CAAQ,500,500,3
1752.1112095036,CAAQ,500,500,3
305.92645031037154,CAAQ,500,500,3
1675.945377471289,CAAQ,500,500,3
394.15274642065066,CAAQ,500,500,3
3176.34038932079,CAAQ,500,500,3
3059.2359699319413,CAAQ,500,500,3
205.8071053652693,CAAQ,500,500,3
1348.2646952070243,CAAQ,500,500,3
2405.285611278889,CAAQ,500,500,3
515.4024682902115,CAAQ,500,500,3
4972.801206869155,CAAQ,500,500,3
4475.070099146234,CAAQ,500,500,3
128.7466468336,CAAQ,500,500,3
413.1941645652889,CAAQ,500,500,3
889.9218976016423,CAAQ,500,500,3
279.37527074673596,CAAQ,500,500,3
3149.228000451155,CAAQ,500,500,3
2724.1909682175933,CAAQ2,500,500,3
2563.4880361122123,CAAQ2,500,500,3
608.5114101758221,CAAQ2,500,500,3
2725.791286013424,CAAQ2,500,500,3
561.5998715018221,CAAQ2,500,500,3
997.0263450863997,CAAQ2,500,500,3
983.2398925682064,CAAQ2,500,500,3
1454.0114411726217,CAAQ2,500,500,3
467.08774845778487,CAAQ2,500,500,3
340.69443365862224,CAAQ2,500,500,3
275.9401137619183,CAAQ2,500,500,3
188.73461997674488,CAAQ2,500,500,3
506.2946213219557,CAAQ2,500,500,3
2784.267883693822,CAAQ2,500,500,3
3257.795142389288,CAAQ2,500,500,3
1996.2930601539624,CAAQ2,500,500,3
425.1198908817333,CAAQ2,500,500,3
2063.164074152318,CAAQ2,500,500,3
3518.379398611883,CAAQ2,500,500,3
199.61467817528884,CAAQ2,500,500,3
3795.6487246692245,CAAQ3,500,500,3
738.4077136482914,CAAQ3,500,500,3
2718.0104152318218,CAAQ3,500,500,3
497.8499932860997,CAAQ3,500,500,3
1137.2955707903716,CAAQ3,500,500,3
285.9161348613973,CAAQ3,500,500,3
849.8300094716999,CAAQ3,500,500,3
1867.773895599438,CAAQ3,500,500,3
2900.9276953514386,CAAQ3,500,500,3
337.8822549382667,CAAQ3,500,500,3
3348.7550568410866,CAAQ3,500,500,3
387.5833796511556,CAAQ3,500,500,3
3115.7799433016166,CAAQ3,500,500,3
97.71191177315553,CAAQ3,500,500,3
2265.5368383955556,CAAQ3,500,500,3
893.4017413176248,CAAQ3,500,500,3
554.4736765033226,CAAQ3,500,500,3
841.3202920388111,CAAQ3,500,500,3
208.34436244095826,CAAQ3,500,500,3
431.6185567638117,CAAQ3,500,500,3
300.176168936953,CAAR,500,500,3
555.0877868229334,CAAR,500,500,3
387.08975380565164,CAAR,500,500,3
56.78141150250489,CAAR,500,500,3
1173.1231922755983,CAAR,500,500,3
250.62781711334412,CAAR,500,500,3
320.7461024919449,CAAR,500,500,3
232.11659090633952,CAAR,500,500,3
864.655532360304,CAAR,500,500,3
1451.1905502519303,CAAR,500,500,3
595.5910839804001,CAAR,500,500,3
3067.9165517857973,CAAR,500,500,3
1014.2878092737975,CAAR,500,500,3
254.08272307751827,CAAR,500,500,3
1746.940973284345,CAAR,500,500,3
80.8138634801049,CAAR,500,500,3
429.6577836498774,CAAR,500,500,3
1317.5951576251448,CAAR,500,500,3
1753.1825808533056,CAAR,500,500,3
820.1430364974065,CAAR,500,500,3
450.9376183039556,CAAR16,500,500,3
605.2424016930117,CAAR16,500,500,3
568.4545998202242,CAAR16,500,500,3
1948.2855114170602,CAAR16,500,500,3
163.49249737010484,CAAR16,500,500,3
4016.54685108487,CAAR16,500,500,3
6315.558466344602,CAAR16,500,500,3
380.8541558286222,CAAR16,500,500,3
278.39934977791313,CAAR16,500,500,3
130.4404242164889,CAAR16,500,500,3
922.0020616104887,CAAR16,500,500,3
78.09258660516264,CAAR16,500,500,3
687.8523066449333,CAAR16,500,500,3
1808.8654776532892,CAAR16,500,500,3
39.33766588756623,CAAR16,500,500,3
188.19816666423284,CAAR16,500,500,3
1087.8783882950668,CAAR16,500,500,3
3461.1184455894036,CAAR16,500,500,3
2854.4343707171556,CAAR16,500,500,3
6024.948893205973,CAAR16,500,500,3
171.7854863856,CAAR18,500,500,3
429.0664081406863,CAAR18,500,500,3
320.4623684185582,CAAR18,500,500,3
293.47069454556265,CAAR18,500,500,3
1972.0894460956376,CAAR18,500,500,3
2540.327587697892,CAAR18,500,500,3
1376.0369741648199,CAAR18,500,500,3
122.79120777215284,CAAR18,500,500,3
4302.337094067173,CAAR18,500,500,3
544.4568893582915,CAAR18,500,500,3
955.7878058836467,CAAR18,500,500,3
1699.9834167367096,CAAR18,500,500,3
5326.531262107716,CAAR18,500,500,3
298.8881766674331,CAAR18,500,500,3
405.32388782841593,CAAR18,500,500,3
258.28673862007287,CAAR18,500,500,3
222.401344069616,CAAR18,500,500,3
1432.014768951289,CAAR18,500,500,3
672.0452146747662,CAAR18,500,500,3
339.50272945373143,CAAR18,500,500,3
342.59301116727295,CAAT2,500,500,3
871.3366841251554,CAAT2,500,500,3
310.91424648119295,CAAT2,500,500,3
379.83950111305984,CAAT2,500,500,3
265.93140055790934,CAAT2,500,500,3
4297.702019012222,CAAT2,500,500,3
159.05142248515546,CAAT2,500,500,3
302.5305799604889,CAAT2,500,500,3
397.2939729558027,CAAT2,500,500,3
73.29371932756624,CAAT2,500,500,3
200.59343355999985,CAAT2,500,500,3
279.34961139575285,CAAT2,500,500,3
57.8221183920907,CAAT2,500,500,3
1479.8182694122224,CAAT2,500,500,3
1279.0030356028992,CAAT2,500,500,3
1122.674659941673,CAAT2,500,500,3
655.9831744298219,CAAT2,500,500,3
3049.2248625945435,CAAT2,500,500,3
1142.5125084880906,CAAT2,500,500,3
214.7717885559395,CAAT2,500,500,3
107.04901584633606,CAAT3,500,500,3
331.28173649897064,CAAT3,500,500,3
256.117943997945,CAAT3,500,500,3
488.37436276681956,CAAT3,500,500,3
306.4055122827306,CAAT3,500,500,3
987.6866503639892,CAAT3,500,500,3
163.55535022222222,CAAT3,500,500,3
415.16649436244614,CAAT3,500,500,3
3495.8121436436463,CAAT3,500,500,3
458.6778227711555,CAAT3,500,500,3
1040.3914247290866,CAAT3,500,500,3
46.73703592673957,CAAT3,500,500,3
269.72058205439834,CAAT3,500,500,3
51.975514665464885,CAAT3,500,500,3
569.6315637085582,CAAT3,500,500,3
622.2754369791556,CAAT3,500,500,3
113.1864787198222,CAAT3,500,500,3
1394.267343050622,CAAT3,500,500,3
398.0759933326916,CAAT3,500,500,3
225.22082529761957,CAAT3,500,500,3
2914.4195306453266,CAAT4,500,500,3
27.25729059268267,CAAT4,500,500,3
4640.33712629262,CAAT4,500,500,3
3864.511171367567,CAAT4,500,500,3
187.08602668266482,CAAT4,500,500,3
93.03706147401952,CAAT4,500,500,3
188.43969977582935,CAAT4,500,500,3
188.1637906742595,CAAT4,500,500,3
840.7620780372885,CAAT4,500,500,3
105.76115405648889,CAAT4,500,500,3
4290.436257719289,CAAT4,500,500,3
22.978944682622227,CAAT4,500,500,3
142.6226079040782,CAAT4,500,500,3
154.52733421510393,CAAT4,500,500,3
2212.7928407364193,CAAT4,500,500,3
146.34811541222223,CAAT4,500,500,3
111.22752658140264,CAAT4,500,500,3
102.99817673595554,CAAT4,500,500,3
27.923865184851554,CAAT4,500,500,3
707.0778636437049,CAAT4,500,500,3
140.23386166399828,CAAT6,500,500,3
1417.0132439542824,CAAT6,500,500,3
148.58560268769955,CAAT6,500,500,3
1617.313559460934,CAAT6,500,500,3
150.1844998954595,CAAT6,500,500,3
121.26520734039998,CAAT6,500,500,3
96.81934550428268,CAAT6,500,500,3
1254.0051385898505,CAAT6,500,500,3
81.008226452464,CAAT6,500,500,3
1299.6646679351445,CAAT6,500,500,3
119.3310903425973,CAAT6,500,500,3
384.57477079888895,CAAT6,500,500,3
56.3414486388889,CAAT6,500,500,3
251.50026709753604,CAAT6,500,500,3
141.9747957745759,CAAT6,500,500,3
205.4712038510864,CAAT6,500,500,3
146.66577773397157,CAAT6,500,500,3
179.79053760425958,CAAT6,500,500,3
333.4629642930916,CAAT6,500,500,3
101.16813231007288,CAAT6,500,500,3
90.58773189801956,CAAT7,500,500,3
286.50613182583305,CAAT7,500,500,3
2047.304640836052,CAAT7,500,500,3
139.69728502869154,CAAT7,500,500,3
468.1161183780906,CAAT7,500,500,3
2932.3968004087383,CAAT7,500,500,3
137.84400981269158,CAAT7,500,500,3
364.2096331171559,CAAT7,500,500,3
270.99361997222235,CAAT7,500,500,3
227.58538430928874,CAAT7,500,500,3
2377.171031305274,CAAT7,500,500,3
1911.483722911572,CAAT7,500,500,3
424.08827338222216,CAAT7,500,500,3
1150.0810164051898,CAAT7,500,500,3
177.9979870600249,CAAT7,500,500,3
318.65821220841065,CAAT7,500,500,3
31.63924192935821,CAAT7,500,500,3
362.81622458453177,CAAT7,500,500,3
60.49598820841063,CAAT7,500,500,3
166.5553247094596,CAAT7,500,500,3
187.83466265683725,CAAT8,500,500,3
124.7182237255093,CAAT8,500,500,3
273.98735819148624,CAAT8,500,500,3
1105.6852235912463,CAAT8,500,500,3
119.23112784493331,CAAT8,500,500,3
150.93552888029157,CAAT8,500,500,3
86.15922060059735,CAAT8,500,500,3
219.05962454857962,CAAT8,500,500,3
349.2154070158222,CAAT8,500,500,3
1046.6663937552782,CAAT8,500,500,3
105.71218133332621,CAAT8,500,500,3
133.03973005630397,CAAT8,500,500,3
363.3851242122648,CAAT8,500,500,3
244.81245536211742,CAAT8,500,500,3
878.5005386245052,CAAT8,500,500,3
2154.5867359922563,CAAT8,500,500,3
1378.5008797486646,CAAT8,500,500,3
278.9354996046221,CAAT8,500,500,3
1158.1858260976,CAAT8,500,500,3
509.40408928725145,CAAT8,500,500,3
271.33593799799297,CAAU3,500,500,3
105.26369994648887,CAAU3,500,500,3
438.19893657527297,CAAU3,500,500,3
164.5033106658827,CAAU3,500,500,3
23.60193149694399,CAAU3,500,500,3
491.143303576873,CAAU3,500,500,3
180.21690500309154,CAAU3,500,500,3
209.68413154843745,CAAU3,500,500,3
169.39561659373328,CAAU3,500,500,3
138.57680597407287,CAAU3,500,500,3
1148.2591176967398,CAAU3,500,500,3
369.25097727106674,CAAU3,500,500,3
138.0835056878862,CAAU3,500,500,3
1164.2034023639894,CAAU3,500,500,3
284.46437153945595,CAAU3,500,500,3
1075.6016261581492,CAAU3,500,500,3
159.37687835135296,CAAU3,500,500,3
176.19707091728887,CAAU3,500,500,3
109.62170283928887,CAAU3,500,500,3
101.33762997247825,CAAU3,500,500,3
4063.1143355804365,CABA3,500,500,3
3758.2250461459053,CABA3,500,500,3
122.39995441240002,CABA3,500,500,3
253.51438263465965,CABA3,500,500,3
1308.405222622206,CABA3,500,500,3
4196.510365840553,CABA3,500,500,3
41.210940977038234,CABA3,500,500,3
1839.3415796710663,CABA3,500,500,3
3496.5853910491574,CABA3,500,500,3
5109.270652760748,CABA3,500,500,3
899.5729406005972,CABA3,500,500,3
156.86298251612266,CABA3,500,500,3
74.17146331448886,CABA3,500,500,3
57.80199167433954,CABA3,500,500,3
3550.612675622742,CABA3,500,500,3
1010.8607719357439,CABA3,500,500,3
5905.465554741183,CABA3,500,500,3
102.02548799997153,CABA3,500,500,3
1015.8389850486828,CABA3,500,500,3
63.56717432405156,CABA3,500,500,3
994.2419326549314,CABA7,500,500,3
4340.003974707412,CABA7,500,500,3
274.7463984084887,CABA7,500,500,3
787.3851114224,CABA7,500,500,3
4043.8836880398244,CABA7,500,500,3
393.350093332985,CABA7,500,500,3
216.69756008787726,CABA7,500,500,3
2200.6399025651176,CABA7,500,500,3
5600.621210711749,CABA7,500,500,3
82.84547116969955,CABA7,500,500,3
447.14637474217955,CABA7,500,500,3
245.10238932605148,CABA7,500,500,3
104.18154860327822,CABA7,500,500,3
973.3614366625495,CABA7,500,500,3
212.85385444764256,CABA7,500,500,3
744.8830510591927,CABA7,500,500,3
288.8813664257262,CABA7,500,500,3
1145.478497194489,CABA7,500,500,3
95.41974253802492,CABA7,500,500,3
284.39511870573335,CABA7,500,500,3
3645.418208248959,CABA9,500,500,3
631.3521438400002,CABA9,500,500,3
252.25048109126936,CABA9,500,500,3
433.11237592831816,CABA9,500,500,3
785.5153066690112,CABA9,500,500,3
5061.255783313348,CABA9,500,500,3
223.8011248489173,CABA9,500,500,3
271.2324489696694,CABA9,500,500,3
54.4606386282507,CABA9,500,500,3
298.65164976000005,CABA9,500,500,3
113.47694072888885,CABA9,500,500,3
1515.0090021758222,CABA9,500,500,3
612.6371665366028,CABA9,500,500,3
142.94967959116624,CABA9,500,500,3
175.50174111248884,CABA9,500,500,3
244.32207795449605,CABA9,500,500,3
972.9439446595127,CABA9,500,500,3
662.9334599953761,CABA9,500,500,3
233.6064865262915,CABA9,500,500,3
100.91471189065959,CABA9,500,500,3
2259.1424073756375,CABE,500,500,3
1787.1858085898216,CABE,500,500,3
890.4031843918775,CABE,500,500,3
378.1461461896515,CABE,500,500,3
116.62574651113069,CABE,500,500,3
2032.7743738888455,CABE,500,500,3
1127.1245669124105,CABE,500,500,3
2982.7964563037854,CABE,500,500,3
1634.4314958783998,CABE,500,500,3
438.54587394756254,CABE,500,500,3
1578.8344038595621,CABE,500,500,3
1735.5173217733332,CABE,500,500,3
2002.6514913286826,CABE,500,500,3
801.0287036585528,CABE,500,500,3
2636.596433325822,CABE,500,500,3
288.87955319692617,CABE,500,500,3
3262.550781456767,CABE,500,500,3
2519.776100307838,CABE,500,500,3
3197.680140523349,CABE,500,500,3
1572.9588128888884,CABE,500,500,3
318.03621124434494,CABE2,500,500,3
920.854730523278,CABE2,500,500,3
175.7487194304782,CABE2,500,500,3
19.942577596131557,CABE2,500,500,3
1740.239458231678,CABE2,500,500,3
893.5509316979184,CABE2,500,500,3
91.08593074766937,CABE2,500,500,3
6532.574238590799,CABE2,500,500,3
334.0362489041049,CABE2,500,500,3
108.8401491657316,CABE2,500,500,3
219.06505593849585,CABE2,500,500,3
880.1874450793177,CABE2,500,500,3
87.7820074128782,CABE2,500,500,3
193.9120533277706,CABE2,500,500,3
178.4807493548782,CABE2,500,500,3
114.30484994555553,CABE2,500,500,3
125.32685646983828,CABE2,500,500,3
154.1531369523129,CABE2,500,500,3
168.09584119248882,CABE2,500,500,3
129.5608745969707,CABE2,500,500,3
511.6850224220995,CABE3,500,500,3
56.19868854673068,CABE3,500,500,3
481.11465490203733,CABE3,500,500,3
1198.0451037109972,CABE3,500,500,3
399.0546811163571,CABE3,500,500,3
48.674863340158225,CABE3,500,500,3
94.37730133193953,CABE3,500,500,3
131.93132666367825,CABE3,500,500,3
359.6665558304996,CABE3,500,500,3
557.3787466277263,CABE3,500,500,3
2038.642577435732,CABE3,500,500,3
6912.5434216010235,CABE3,500,500,3
94.30735677695819,CABE3,500,500,3
160.55066372121598,CABE3,500,500,3
893.9779669446829,CABE3,500,500,3
2724.0019518053273,CABE3,500,500,3
193.05679649706659,CABE3,500,500,3
429.0212006873584,CABE3,500,500,3
106.90914407014394,CABE3,500,500,3
284.48128903500617,CABE3,500,500,3
96.76569242194486,CABI3,500,500,3
76.50796209048887,CABI3,500,500,3
130.8086291389707,CABI3,500,500,3
3205.573977961066,CABI3,500,500,3
31.865480879955555,CABI3,500,500,3
192.52712577663826,CABI3,500,500,3
97.83486763291731,CABI3,500,500,3
117.186155682544,CABI3,500,500,3
166.32238984763728,CABI3,500,500,3
72.9133505829529,CABI3,500,500,3
157.25675461159815,CABI3,500,500,3
126.30778495551827,CABI3,500,500,3
156.5284363845529,CABI3,500,500,3
88.55349495687825,CABI3,500,500,3
62.43298510928888,CABI3,500,500,3
407.57046798327286,CABI3,500,500,3
6.478043278632894,CABI3,500,500,3
791.4065654858222,CABI3,500,500,3
62.36364500155734,CABI3,500,500,3
251.043793190953,CABI3,500,500,3
4221.425185143239,CABI5,500,500,3
570.9381375852373,CABI5,500,500,3
121.4152068960995,CABI5,500,500,3
217.56555364340616,CABI5,500,500,3
4869.733349533184,CABI5,500,500,3
328.4579813125974,CABI5,500,500,3
1952.5266877602826,CABI5,500,500,3
281.0294647580373,CABI5,500,500,3
137.59273176046935,CABI5,500,500,3
378.7620685343129,CABI5,500,500,3
3252.6281552374826,CABI5,500,500,3
4405.060308167808,CABI5,500,500,3
4728.942559711885,CABI5,500,500,3
322.01631948433067,CABI5,500,500,3
109.98955435306668,CABI5,500,500,3
1851.1956557322217,CABI5,500,500,3
2124.7352050977497,CABI5,500,500,3
2456.4306251671887,CABI5,500,500,3
1154.9037191592888,CABI5,500,500,3
670.0543300484106,CABI5,500,500,3
958.711074221056,CABI6,500,500,3
89.37923466609068,CABI6,500,500,3
199.08439188888883,CABI6,500,500,3
1083.2575984614323,CABI6,500,500,3
260.160412048889,CABI6,500,500,3
265.16886782377964,CABI6,500,500,3
247.64748280018492,CABI6,500,500,3
112.56308316148613,CABI6,500,500,3
27.944503083512902,CABI6,500,500,3
155.54937997809603,CABI6,500,500,3
187.74429962545597,CABI6,500,500,3
236.7192705368729,CABI6,500,500,3
126.5495876089582,CABI6,500,500,3
96.43725430506494,CABI6,500,500,3
3419.5531221688243,CABI6,500,500,3
148.3795236938222,CABI6,500,500,3
2605.665317668266,CABI6,500,500,3
84.01597280334933,CABI6,500,500,3
482.8659905651184,CABI6,500,500,3
65.0709528395929,CABI6,500,500,3
2489.6038814709173,CABI8,500,500,3
216.7330962570507,CABI8,500,500,3
1902.0236035955036,CABI8,500,500,3
2231.5108210545495,CABI8,500,500,3
527.5775585628162,CABI8,500,500,3
1216.733820771584,CABI8,500,500,3
934.1124885077263,CABI8,500,500,3
2160.4571769812887,CABI8,500,500,3
240.10723464510414,CABI8,500,500,3
1387.5633385439558,CABI8,500,500,3
2769.9207399154334,CABI8,500,500,3
1577.893781323492,CABI8,500,500,3
2675.807451896149,CABI8,500,500,3
3144.1103147481595,CABI8,500,500,3
3202.469884446714,CABI8,500,500,3
865.2238664931556,CABI8,500,500,3
1059.9127435750665,CABI8,500,500,3
201.83956929620612,CABI8,500,500,3
572.7420999620196,CABI8,500,500,3
510.6851185287395,CABI8,500,500,3
86.31968951073955,CABL,500,500,3
84.365577754096,CABL,500,500,3
284.1523666591556,CABL,500,500,3
218.620270709696,CABL,500,500,3
150.66965850666668,CABL,500,500,3
22.823944298366214,CABL,500,500,3
150.20372443383292,CABL,500,500,3
66.90175332166933,CABL,500,500,3
21.053047737856,CABL,500,500,3
2809.8252082644894,CABL,500,500,3
353.3232252408729,CABL,500,500,3
170.60863487026492,CABL,500,500,3
105.28130342681598,CABL,500,500,3
8325.095234065571,CABL,500,500,3
202.59041880170489,CABL,500,500,3
49.658472317722655,CABL,500,500,3
365.99989042729084,CABL,500,500,3
48.19332375265955,CABL,500,500,3
135.78475708970493,CABL,500,500,3
679.2372115989333,CABL,500,500,3
887.2569283999555,CABR14,500,500,3
3656.937881738024,CABR14,500,500,3
203.0910503569049,CABR14,500,500,3
379.9173013253047,CABR14,500,500,3
307.9579442662327,CABR14,500,500,3
762.0117525937338,CABR14,500,500,3
1782.4238517590593,CABR14,500,500,3
1879.7194238643895,CABR14,500,500,3
1259.8249952782912,CABR14,500,500,3
1844.462444406606,CABR14,500,500,3
132.09407873478932,CABR14,500,500,3
2558.023244242686,CABR14,500,500,3
1650.4322778182668,CABR14,500,500,3
128.2090229391929,CABR14,500,500,3
2671.251415951958,CABR14,500,500,3
144.07860849641062,CABR14,500,500,3
4505.079757331513,CABR14,500,500,3
2538.5170100792893,CABR14,500,500,3
883.6715143444886,CABR14,500,500,3
82.09291061702399,CABR14,500,500,3
2927.939452022399,CABR15,500,500,3
2243.058805282873,CABR15,500,500,3
1618.8846905897528,CABR15,500,500,3
149.10102612103822,CABR15,500,500,3
274.99380997222227,CABR15,500,500,3
6496.306836429439,CABR15,500,500,3
81.06048401628264,CABR15,500,500,3
3192.7101723270684,CABR15,500,500,3
109.02729443669152,CABR15,500,500,3
2990.2046630335135,CABR15,500,500,3
73.25422125247819,CABR15,500,500,3
1382.4131586925228,CABR15,500,500,3
35.75154972188267,CABR15,500,500,3
174.1846159886222,CABR15,500,500,3
57.411518435832875,CABR15,500,500,3
70.41498136682489,CABR15,500,500,3
2256.641923830811,CABR15,500,500,3
48.31867134062935,CABR15,500,500,3
121.75328874802484,CABR15,500,500,3
64.90637091340625,CABR15,500,500,3
153.55974359716265,CABR6,500,500,3
679.800697572345,CABR6,500,500,3
340.4874479200996,CABR6,500,500,3
445.3609403668464,CABR6,500,500,3
3729.969460933886,CABR6,500,500,3
85.07123248469158,CABR6,500,500,3
1926.7496964423399,CABR6,500,500,3
70.13555339285156,CABR6,500,500,3
102.70734800000004,CABR6,500,500,3
1065.8629541236462,CABR6,500,500,3
93.42642517857954,CABR6,500,500,3
40.448493657343995,CABR6,500,500,3
2690.9834038744725,CABR6,500,500,3
466.47780304,CABR6,500,500,3
723.2448224157584,CABR6,500,500,3
27.01476252010489,CABR6,500,500,3
386.6968815666329,CABR6,500,500,3
1041.6115730272693,CABR6,500,500,3
2192.971547953918,CABR6,500,500,3
134.74395183295826,CABR6,500,500,3
944.085721289513,CABU2,500,500,3
90.45848898128891,CABU2,500,500,3
2659.1016580152877,CABU2,500,500,3
1222.163301826046,CABU2,500,500,3
6867.489951415036,CABU2,500,500,3
55.48298106555554,CABU2,500,500,3
2124.064866636622,CABU2,500,500,3
282.58397301469154,CABU2,500,500,3
93.845652003776,CABU2,500,500,3
2999.6909175272376,CABU2,500,500,3
126.18116126847822,CABU2,500,500,3
8439.227833041059,CABU2,500,500,3
107.65214212857597,CABU2,500,500,3
211.65767842197155,CABU2,500,500,3
104.81491190655824,CABU2,500,500,3
1671.9933718327436,CABU2,500,500,3
45.99657046893332,CABU2,500,500,3
829.4492166962558,CABU2,500,500,3
2148.8392781664993,CABU2,500,500,3
114.81545586653147,CABU2,500,500,3
2496.6351879997696,CABU3,500,500,3
27.664022967971558,CABU3,500,500,3
376.39264899555553,CABU3,500,500,3
220.78583438222225,CABU3,500,500,3
91.21670343047823,CABU3,500,500,3
2641.8988229322213,CABU3,500,500,3
29.491359657086218,CABU3,500,500,3
135.93611379145963,CABU3,500,500,3
3363.3683533658887,CABU3,500,500,3
75.05539051541153,CABU3,500,500,3
113.71121480462226,CABU3,500,500,3
187.90804529117167,CABU3,500,500,3
1796.5395901510824,CABU3,500,500,3
1054.6951550975984,CABU3,500,500,3
160.21981649333327,CABU3,500,500,3
548.7768363155183,CABU3,500,500,3
452.2573784724889,CABU3,500,500,3
25.773727976078224,CABU3,500,500,3
592.041534623913,CABU3,500,500,3
288.75126267903283,CABU3,500,500,3
34.98275823869155,CABU5,500,500,3
80.78634520740265,CABU5,500,500,3
138.8974336008515,CABU5,500,500,3
54.02420258975288,CABU5,500,500,3
717.730412212222,CABU5,500,500,3
331.5470456896783,CABU5,500,500,3
115.97840777795554,CABU5,500,500,3
134.76807334961595,CABU5,500,500,3
228.81403144583822,CABU5,500,500,3
402.57187070343826,CABU5,500,500,3
267.4084809652888,CABU5,500,500,3
163.21097409109154,CABU5,500,500,3
436.40908328925167,CABU5,500,500,3
510.6390011410328,CABU5,500,500,3
107.73667702395556,CABU5,500,500,3
564.491926630393,CABU5,500,500,3
2833.9895343331386,CABU5,500,500,3
337.51261051988615,CABU5,500,500,3
134.03190508863824,CABU5,500,500,3
3392.427834978105,CABU5,500,500,3
205.21626663662224,CABU6,500,500,3
383.375522203646,CABU6,500,500,3
189.75430003105959,CABU6,500,500,3
329.32566260820624,CABU6,500,500,3
1343.7148719449317,CABU6,500,500,3
357.24192874802503,CABU6,500,500,3
223.12421203105959,CABU6,500,500,3
197.87768773629156,CABU6,500,500,3
165.78299449332619,CABU6,500,500,3
2029.0766133436,CABU6,500,500,3
586.9429022762665,CABU6,500,500,3
128.79212448201952,CABU6,500,500,3
800.057755979646,CABU6,500,500,3
177.32039062505075,CABU6,500,500,3
4043.049073412772,CABU6,500,500,3
349.72684887995547,CABU6,500,500,3
376.7110037319092,CABU6,500,500,3
1398.4235833799041,CABU6,500,500,3
89.6650429751449,CABU6,500,500,3
186.5993642893582,CABU6,500,500,3
2024.9166464466769,CABU7,500,500,3
210.85828262641596,CABU7,500,500,3
243.06291347515554,CABU7,500,500,3
555.0189140354775,CABU7,500,500,3
300.42872644906663,CABU7,500,500,3
45.242745064488886,CABU7,500,500,3
35.71938963155732,CABU7,500,500,3
479.597016591758,CABU7,500,500,3
2634.822860330944,CABU7,500,500,3
1354.843029494606,CABU7,500,500,3
1072.2618011361972,CABU7,500,500,3
511.4587242355039,CABU7,500,500,3
253.66947862953973,CABU7,500,500,3
315.2648803899998,CABU7,500,500,3
125.79200550570484,CABU7,500,500,3
583.5819134595982,CABU7,500,500,3
180.98213162046392,CABU7,500,500,3
575.8227809828692,CABU7,500,500,3
278.21223365597154,CABU7,500,500,3
2306.9073837591454,CABU7,500,500,3
305.86984121463286,CACA,500,500,3
1187.6407113189762,CACA,500,500,3
2059.3394812543997,CACA,500,500,3
927.4771431299127,CACA,500,500,3
139.8015693186116,CACA,500,500,3
828.2478715688515,CACA,500,500,3
480.0919146613316,CACA,500,500,3
62.48227196000002,CACA,500,500,3
209.1100516812516,CACA,500,500,3
321.6435665119556,CACA,500,500,3
1456.2752718621582,CACA,500,500,3
867.0077787816515,CACA,500,500,3
545.7831675662064,CACA,500,500,3
2560.1445413912725,CACA,500,500,3
263.70715827895293,CACA,500,500,3
78.04838460995558,CACA,500,500,3
1509.7823296692889,CACA,500,500,3
310.30552124806945,CACA,500,500,3
429.5189193919557,CACA,500,500,3
247.35987829862208,CACA,500,500,3
1496.4276436177324,CACA11,500,500,3
82.14661374599824,CACA11,500,500,3
42.14149703884622,CACA11,500,500,3
540.6850007332251,CACA11,500,500,3
306.7343539649262,CACA11,500,500,3
58.47930724434489,CACA11,500,500,3
1355.4396975021798,CACA11,500,500,3
77.73276825450492,CACA11,500,500,3
371.4499554995039,CACA11,500,500,3
344.209795274096,CACA11,500,500,3
2741.5101701059134,CACA11,500,500,3
20.352202712531565,CACA11,500,500,3
1425.3107099114382,CACA11,500,500,3
80.07674989461155,CACA11,500,500,3
237.53136679743818,CACA11,500,500,3
1126.7149778307128,CACA11,500,500,3
1461.1130106077849,CACA11,500,500,3
2913.2964602638913,CACA11,500,500,3
401.6234485455573,CACA11,500,500,3
59.93710347728887,CACA11,500,500,3
260.1554487537049,CACA12,500,500,3
3319.1331138164887,CACA12,500,500,3
1947.6096788937218,CACA12,500,500,3
3579.817209669672,CACA12,500,500,3
237.6917383655094,CACA12,500,500,3
124.74679092393953,CACA12,500,500,3
261.0245794364995,CACA12,500,500,3
3081.7072793229586,CACA12,500,500,3
114.46190469074493,CACA12,500,500,3
203.35482965205165,CACA12,500,500,3
799.2230751834381,CACA12,500,500,3
257.051478711289,CACA12,500,500,3
3440.3717937358215,CACA12,500,500,3
71.0499731105493,CACA12,500,500,3
2172.03679657585,CACA12,500,500,3
2131.027735828984,CACA12,500,500,3
109.45028930555554,CACA12,500,500,3
65.106098677616,CACA12,500,500,3
51.57523246967289,CACA12,500,500,3
2998.4935580782917,CACA12,500,500,3
1293.1366593508696,CACA14,500,500,3
126.40658831726934,CACA14,500,500,3
1384.6887680478555,CACA14,500,500,3
91.2536372795093,CACA14,500,500,3
133.83921326642496,CACA14,500,500,3
2103.864371498737,CACA14,500,500,3
194.93512886547745,CACA14,500,500,3
2384.1078841543654,CACA14,500,500,3
120.2002502024462,CACA14,500,500,3
4692.985466465956,CACA14,500,500,3
294.9880448315715,CACA14,500,500,3
2754.185093242154,CACA14,500,500,3
150.96209616906665,CACA14,500,500,3
1039.7073680154294,CACA14,500,500,3
58.13813853222223,CACA14,500,500,3
360.9452073753529,CACA14,500,500,3
1875.3973240488897,CACA14,500,500,3
954.537825267113,CACA14,500,500,3
1482.6629574170295,CACA14,500,500,3
592.5316305332891,CACA14,500,500,3
3500.648452295805,CACA15,500,500,3
1239.624903628622,CACA15,500,500,3
230.57101389929065,CACA15,500,500,3
115.69971452529064,CACA15,500,500,3
876.8947827336249,CACA15,500,500,3
43.1279146347449,CACA15,500,500,3
95.90319065627732,CACA15,500,500,3
109.98406133332618,CACA15,500,500,3
133.90531781648886,CACA15,500,500,3
322.7559638959627,CACA15,500,500,3
171.77763677385957,CACA15,500,500,3
39.77474359890488,CACA15,500,500,3
448.80756280891706,CACA15,500,500,3
69.27420932333331,CACA15,500,500,3
69.63816791829157,CACA15,500,500,3
107.19811624553068,CACA15,500,500,3
89.94029458662224,CACA15,500,500,3
139.1010780540996,CACA15,500,500,3
5645.576906625108,CACA15,500,500,3
428.821823909289,CACA15,500,500,3
113.94136438834488,CACA16,500,500,3
112.12621060383285,CACA16,500,500,3
409.77153930836613,CACA16,500,500,3
3869.132769277411,CACA16,500,500,3
225.1728829413529,CACA16,500,500,3
299.4226795733262,CACA16,500,500,3
54.82682078790934,CACA16,500,500,3
275.1246659520782,CACA16,500,500,3
2688.463714277198,CACA16,500,500,3
3364.244773432313,CACA16,500,500,3
36.14594501523732,CACA16,500,500,3
125.97837361100622,CACA16,500,500,3
29.03564632916623,CACA16,500,500,3
41.42832153457066,CACA16,500,500,3
46.58428397729954,CACA16,500,500,3
132.2911703444889,CACA16,500,500,3
63.77036605269155,CACA16,500,500,3
150.72128650645158,CACA16,500,500,3
126.65037855699734,CACA16,500,500,3
152.2264319521849,CACA16,500,500,3
1756.705517304313,CACA18,500,500,3
77.73664538118933,CACA18,500,500,3
3994.248554599759,CACA18,500,500,3
2506.975932109822,CACA18,500,500,3
1929.5921556383985,CACA18,500,500,3
190.94795893826677,CACA18,500,500,3
1599.345405022713,CACA18,500,500,3
34.42310664356268,CACA18,500,500,3
151.7723609047449,CACA18,500,500,3
2803.297617806931,CACA18,500,500,3
923.7047447512108,CACA18,500,500,3
1720.1679066308207,CACA18,500,500,3
2286.329608489386,CACA18,500,500,3
3828.279140618744,CACA18,500,500,3
731.4014588747093,CACA18,500,500,3
617.5126499101706,CACA18,500,500,3
3629.166960562338,CACA18,500,500,3
713.7378409800373,CACA18,500,500,3
3228.906144489957,CACA18,500,500,3
213.6708607003715,CACA18,500,500,3
134.04655001001964,CACA19,500,500,3
657.0201103414025,CACA19,500,500,3
3747.9839089045054,CACA19,500,500,3
6763.422140498767,CACA19,500,500,3
2313.475817012222,CACA19,500,500,3
705.0506434778381,CACA19,500,500,3
3227.1740621071604,CACA19,500,500,3
4573.593955897144,CACA19,500,500,3
1127.3967994687714,CACA19,500,500,3
165.13537995505598,CACA19,500,500,3
1711.5551388997326,CACA19,500,500,3
776.072475180372,CACA19,500,500,3
438.3924947870649,CACA19,500,500,3
177.97875519957154,CACA19,500,500,3
1561.7943844696729,CACA19,500,500,3
75.2341839726649,CACA19,500,500,3
1230.879907991536,CACA19,500,500,3
119.48770493222219,CACA19,500,500,3
967.5825186550031,CACA19,500,500,3
606.7127911921706,CACA19,500,500,3
1474.817584200958,CACA23,500,500,3
88.73936805793954,CACA23,500,500,3
124.3778617322222,CACA23,500,500,3
187.97074211906673,CACA23,500,500,3
973.8120484451556,CACA23,500,500,3
926.7494047414026,CACA23,500,500,3
6567.908579732797,CACA23,500,500,3
7597.598704102904,CACA23,500,500,3
2908.0293071398387,CACA23,500,500,3
289.2077739142383,CACA23,500,500,3
237.05273244219737,CACA23,500,500,3
120.85520665599817,CACA23,500,500,3
1108.5381461225793,CACA23,500,500,3
3016.6268112424896,CACA23,500,500,3
379.6618815504782,CACA23,500,500,3
81.45220208906667,CACA23,500,500,3
144.8350356283662,CACA23,500,500,3
2769.760252787705,CACA23,500,500,3
2337.5337705926827,CACA23,500,500,3
183.68280541222222,CACA23,500,500,3
503.8495889322382,CACA29,500,500,3
67.40215870921953,CACA29,500,500,3
123.82750052262217,CACA29,500,500,3
517.1324136105793,CACA29,500,500,3
94.01028133961958,CACA29,500,500,3
226.4814569155396,CACA29,500,500,3
41.67462461254933,CACA29,500,500,3
167.26733505062225,CACA29,500,500,3
235.43015835583822,CACA29,500,500,3
300.139396346425,CACA29,500,500,3
244.93230591822933,CACA29,500,500,3
255.90990064268624,CACA29,500,500,3
93.81160106448887,CACA29,500,500,3
396.0743038301584,CACA29,500,500,3
3093.9607120099404,CACA29,500,500,3
755.8669586309531,CACA29,500,500,3
2104.073868828267,CACA29,500,500,3
1256.4424845372425,CACA29,500,500,3
2821.0934728130105,CACA29,500,500,3
645.5795253016463,CACA29,500,500,3
2231.1580990551447,CACA37,500,500,3
37.31380781623289,CACA37,500,500,3
2396.6458097370382,CACA37,500,500,3
1217.9244469358862,CACA37,500,500,3
768.5083696666665,CACA37,500,500,3
568.2494990804888,CACA37,500,500,3
2216.8502341886224,CACA37,500,500,3
97.1376646543627,CACA37,500,500,3
553.9784722333579,CACA37,500,500,3
457.3026875944516,CACA37,500,500,3
48.696572108622235,CACA37,500,500,3
2271.1089419498226,CACA37,500,500,3
1326.9932985217704,CACA37,500,500,3
2267.507295074125,CACA37,500,500,3
389.4311826813849,CACA37,500,500,3
2115.879500674344,CACA37,500,500,3
3493.5352129669054,CACA37,500,500,3
514.3901845230863,CACA37,500,500,3
302.5312851314916,CACA37,500,500,3
1517.3244054364732,CACA37,500,500,3
2496.1218514856105,CACA38,500,500,3
3288.555828351784,CACA38,500,500,3
947.1159214134026,CACA38,500,500,3
753.9862952021048,CACA38,500,500,3
2687.028034300132,CACA38,500,500,3
105.2325759610596,CACA38,500,500,3
1746.9802517473263,CACA38,500,500,3
1935.2432484991548,CACA38,500,500,3
43.57446853543822,CACA38,500,500,3
1780.1520210833332,CACA38,500,500,3
1536.9479955501236,CACA38,500,500,3
1749.549071928889,CACA38,500,500,3
3508.5601911648682,CACA38,500,500,3
2723.845400914425,CACA38,500,500,3
135.9496309072782,CACA38,500,500,3
203.9219781437848,CACA38,500,500,3
1410.1544736003395,CACA38,500,500,3
2271.3412679280186,CACA38,500,500,3
151.37783733326935,CACA38,500,500,3
3675.3517665766653,CACA38,500,500,3
457.8170867733333,CACA4,500,500,3
45.94182384412266,CACA4,500,500,3
554.9201047105262,CACA4,500,500,3
905.4667943776644,CACA4,500,500,3
183.34249291212618,CACA4,500,500,3
264.8993142478773,CACA4,500,500,3
389.11632867518375,CACA4,500,500,3
3678.8283035741792,CACA4,500,500,3
292.2662614889795,CACA4,500,500,3
3263.8912914873436,CACA4,500,500,3
603.4022878431558,CACA4,500,500,3
3387.347739334825,CACA4,500,500,3
453.17531759452294,CACA4,500,500,3
218.01392288425075,CACA4,500,500,3
113.43589102293325,CACA4,500,500,3
117.84400441684622,CACA4,500,500,3
80.08240289842486,CACA4,500,500,3
336.98896243369956,CACA4,500,500,3
478.3631668819626,CACA4,500,500,3
89.20000555050487,CACA4,500,500,3
132.3625692541849,CACA42,500,500,3
60.60105521151821,CACA42,500,500,3
383.7892710240426,CACA42,500,500,3
13.560399656943995,CACA42,500,500,3
186.22126067302415,CACA42,500,500,3
799.1397967003714,CACA42,500,500,3
122.84873576582926,CACA42,500,500,3
1889.5231898030065,CACA42,500,500,3
1386.8428770739129,CACA42,500,500,3
53.58663330915558,CACA42,500,500,3
122.99175993716618,CACA42,500,500,3
37.43910851693335,CACA42,500,500,3
911.5862947029265,CACA42,500,500,3
206.64857704618487,CACA42,500,500,3
1102.8450170814508,CACA42,500,500,3
332.4402292954383,CACA42,500,500,3
118.82220094532263,CACA42,500,500,3
684.398801320489,CACA42,500,500,3
105.49708759716262,CACA42,500,500,3
1427.092237525289,CACA42,500,500,3
75.22938285695822,CACE,500,500,3
157.1668233297849,CACE,500,500,3
1984.9907882792888,CACE,500,500,3
128.36912583025065,CACE,500,500,3
108.6342868682649,CACE,500,500,3
234.5436559722222,CACE,500,500,3
101.0030888487182,CACE,500,500,3
59.9046554962773,CACE,500,500,3
98.9312826606862,CACE,500,500,3
245.9384132065849,CACE,500,500,3
62.520752339598246,CACE,500,500,3
186.2700145960106,CACE,500,500,3
28.662334658686234,CACE,500,500,3
483.4601855788642,CACE,500,500,3
6867.191424186338,CACE,500,500,3
161.10570327082488,CACE,500,500,3
67.40572914884267,CACE,500,500,3
3631.8419612788907,CACE,500,500,3
702.1018989700249,CACE,500,500,3
66.19552991555555,CACE,500,500,3
423.0951151169973,CACH3,500,500,3
483.792607515584,CACH3,500,500,3
184.52296161121956,CACH3,500,500,3
297.76857472618474,CACH3,500,500,3
5682.728351887106,CACH3,500,500,3
211.1276833449796,CACH3,500,500,3
957.8880914995041,CACH3,500,500,3
95.2263925799093,CACH3,500,500,3
1507.3558253834506,CACH3,500,500,3
1855.901730706425,CACH3,500,500,3
774.6831808938596,CACH3,500,500,3
252.92946790014398,CACH3,500,500,3
437.066073687678,CACH3,500,500,3
1064.6004911288887,CACH3,500,500,3
223.4099044603999,CACH3,500,500,3
935.5046580437314,CACH3,500,500,3
2009.1995563226378,CACH3,500,500,3
4821.80258388889,CACH3,500,500,3
993.6456738366561,CACH3,500,500,3
243.092450718576,CACH3,500,500,3
167.04782790057956,CACH5,500,500,3
231.37602591462218,CACH5,500,500,3
741.4992668650649,CACH5,500,500,3
75.52224226386491,CACH5,500,500,3
456.74387387812254,CACH5,500,500,3
50.85093496774398,CACH5,500,500,3
189.80893455692626,CACH5,500,500,3
143.4969844179556,CACH5,500,500,3
1089.9396050517266,CACH5,500,500,3
2456.1297587248905,CACH5,500,500,3
83.03051729439291,CACH5,500,500,3
44.25030874879289,CACH5,500,500,3
121.58489258716267,CACH5,500,500,3
139.08977058559816,CACH5,500,500,3
46.24195794982221,CACH5,500,500,3
283.34938571728884,CACH5,500,500,3
41.632742665171556,CACH5,500,500,3
37.717554903464894,CACH5,500,500,3
281.5633953153262,CACH5,500,500,3
572.3936296578113,CACH5,500,500,3
83.40086034555553,CACO10,500,500,3
67.12843059049067,CACO10,500,500,3
85.02805199991288,CACO10,500,500,3
359.1654828226116,CACO10,500,500,3
67.1691888924427,CACO10,500,500,3
148.30374160070937,CACO10,500,500,3
2586.109819448825,CACO10,500,500,3
37.626142273450675,CACO10,500,500,3
68.72604791395555,CACO10,500,500,3
68.67683593240001,CACO10,500,500,3
233.07370559060638,CACO10,500,500,3
46.40632399870404,CACO10,500,500,3
1819.9131759352888,CACO10,500,500,3
75.90890169578489,CACO10,500,500,3
103.10157495351288,CACO10,500,500,3
145.6458719931663,CACO10,500,500,3
1463.145389814926,CACO10,500,500,3
145.01664531956624,CACO10,500,500,3
102.28297107131728,CACO10,500,500,3
153.27462734071295,CACO10,500,500,3
34.29720933281954,CACO11,500,500,3
60.94728108863825,CACO11,500,500,3
90.64947063132264,CACO11,500,500,3
2055.624931162851,CACO11,500,500,3
440.82958003677163,CACO11,500,500,3
694.3631398487448,CACO11,500,500,3
98.47369862001071,CACO11,500,500,3
5277.726899736019,CACO11,500,500,3
159.19347426382944,CACO11,500,500,3
1118.349509940763,CACO11,500,500,3
283.81728780226666,CACO11,500,500,3
106.566441000176,CACO11,500,500,3
61.56938245506663,CACO11,500,500,3
442.09585784777977,CACO11,500,500,3
270.84032931590934,CACO11,500,500,3
176.17483281301156,CACO11,500,500,3
199.22674401191819,CACO11,500,500,3
2611.4901453038296,CACO11,500,500,3
5176.640852745553,CACO11,500,500,3
109.37914584888884,CACO11,500,500,3
3308.147555992018,CACO13,500,500,3
250.84336731690507,CACO13,500,500,3
66.30156605795554,CACO13,500,500,3
235.03703687393968,CACO13,500,500,3
103.86836796599285,CACO13,500,500,3
302.5155779704888,CACO13,500,500,3
55.0929344234382,CACO13,500,500,3
196.46461217094938,CACO13,500,500,3
88.55258767928889,CACO13,500,500,3
438.28135060449966,CACO13,500,500,3
627.1185351062596,CACO13,500,500,3
393.0758087844251,CACO13,500,500,3
45.57134462549154,CACO13,500,500,3
287.85035305534393,CACO13,500,500,3
119.99877981681605,CACO13,500,500,3
93.42317117457064,CACO13,500,500,3
1043.8109743150058,CACO13,500,500,3
207.77702150739734,CACO13,500,500,3
69.43791608487821,CACO13,500,500,3
54.96306783025601,CACO13,500,500,3
75.40233783250491,CACO14,500,500,3
29.767394239955554,CACO14,500,500,3
441.24460969026654,CACO14,500,500,3
1943.8131997979717,CACO14,500,500,3
34.256409870632886,CACO14,500,500,3
185.84122187852626,CACO14,500,500,3
3897.435059344551,CACO14,500,500,3
89.83803321066489,CACO14,500,500,3
433.26001860906666,CACO14,500,500,3
406.15739456817573,CACO14,500,500,3
58.64628123178485,CACO14,500,500,3
5045.926145049058,CACO14,500,500,3
55.349357222222196,CACO14,500,500,3
42.248451742371564,CACO14,500,500,3
56.087579160943996,CACO14,500,500,3
186.20030129063818,CACO14,500,500,3
128.1331295060196,CACO14,500,500,3
489.6331924576694,CACO14,500,500,3
160.1999397980996,CACO14,500,500,3
19.498721785571554,CACO14,500,500,3
170.27065561905601,CACO15,500,500,3
2639.0461101462593,CACO15,500,500,3
215.29769215396266,CACO15,500,500,3
1433.3104543820166,CACO15,500,500,3
3.6722799998862214,CACO15,500,500,3
83.41665275977957,CACO15,500,500,3
107.00844941906487,CACO15,500,500,3
35.68187599153599,CACO15,500,500,3
3242.1233597516157,CACO15,500,500,3
6578.252842666551,CACO15,500,500,3
4733.703344451156,CACO15,500,500,3
3675.690391785799,CACO15,500,500,3
3592.452536496917,CACO15,500,500,3
3410.178162855189,CACO15,500,500,3
2343.6047106655556,CACO15,500,500,3
3295.655187917822,CACO15,500,500,3
245.83229869703825,CACO15,500,500,3
13.490756333333334,CACO15,500,500,3
5431.132544496953,CACO15,500,500,3
166.01246725204624,CACO15,500,500,3
3062.9466727737586,CACO17,500,500,3
64.12402537588623,CACO17,500,500,3
129.66195971233947,CACO17,500,500,3
83.88258659975818,CACO17,500,500,3
4647.758683941974,CACO17,500,500,3
2232.85109458767,CACO17,500,500,3
47.02647959238933,CACO17,500,500,3
1246.826607206798,CACO17,500,500,3
1898.4680562887033,CACO17,500,500,3
67.33962651988621,CACO17,500,500,3
1116.0669374506222,CACO17,500,500,3
517.869914357305,CACO17,500,500,3
334.28645664505603,CACO17,500,500,3
217.3141653055555,CACO17,500,500,3
1444.496938780267,CACO17,500,500,3
306.5755044423395,CACO17,500,500,3
107.14334446915556,CACO17,500,500,3
228.32079253895816,CACO17,500,500,3
137.2936455701315,CACO17,500,500,3
938.4549307061168,CACO17,500,500,3
171.26398048562476,CACO21,500,500,3
97.04074530093332,CACO21,500,500,3
331.34241589262217,CACO21,500,500,3
150.74714548671818,CACO21,500,500,3
395.53807997524626,CACO21,500,500,3
226.47711850559818,CACO21,500,500,3
45.72043587703288,CACO21,500,500,3
111.7787352991555,CACO21,500,500,3
68.49031526860624,CACO21,500,500,3
161.93439565476268,CACO21,500,500,3
3760.3227942905437,CACO21,500,500,3
78.43014942715557,CACO21,500,500,3
451.2205135515307,CACO21,500,500,3
466.411652063744,CACO21,500,500,3
183.69995560126395,CACO21,500,500,3
1707.5717724472247,CACO21,500,500,3
223.39080533247284,CACO21,500,500,3
3450.577911883492,CACO21,500,500,3
52.55719361614933,CACO21,500,500,3
195.09061360817608,CACO21,500,500,3
24.890708592552894,CACO34,500,500,3
951.4204766491305,CACO34,500,500,3
1110.8789319005796,CACO34,500,500,3
2477.472586089158,CACO34,500,500,3
5188.743184303955,CACO34,500,500,3
1925.1040471756726,CACO34,500,500,3
101.62261134022401,CACO34,500,500,3
51.41476230194487,CACO34,500,500,3
68.23489688353955,CACO34,500,500,3
57.80366648545957,CACO34,500,500,3
77.67676024379735,CACO34,500,500,3
25.28373866621155,CACO34,500,500,3
39.50509904652623,CACO34,500,500,3
1799.2936938622224,CACO34,500,500,3
2351.2736488617797,CACO34,500,500,3
98.47037704661157,CACO34,500,500,3
282.3677709035929,CACO34,500,500,3
93.89599840230402,CACO34,500,500,3
49.17312662172266,CACO34,500,500,3
165.35014188364622,CACO34,500,500,3
2829.163354706745,CACO37,500,500,3
5933.064812732144,CACO37,500,500,3
289.4812146481049,CACO37,500,500,3
4272.088059211858,CACO37,500,500,3
1815.1608359377856,CACO37,500,500,3
318.4252767130668,CACO37,500,500,3
1825.4249040397588,CACO37,500,500,3
5716.580938235004,CACO37,500,500,3
2827.9879349293797,CACO37,500,500,3
6213.502107665063,CACO37,500,500,3
2877.254574132221,CACO37,500,500,3
2698.01145702313,CACO37,500,500,3
1886.2951265422062,CACO37,500,500,3
6105.2447006315915,CACO37,500,500,3
6893.268533736661,CACO37,500,500,3
3792.863171370268,CACO37,500,500,3
567.8826986337849,CACO37,500,500,3
1601.821067336318,CACO37,500,500,3
3225.0515889100166,CACO37,500,500,3
1350.3811492819182,CACO37,500,500,3
2102.237929980585,CACO6,500,500,3
786.8169019016461,CACO6,500,500,3
205.29773748586493,CACO6,500,500,3
131.82978890996623,CACO6,500,500,3
118.71339590951823,CACO6,500,500,3
356.3520900616461,CACO6,500,500,3
8.987696638888888,CACO6,500,500,3
253.5465664785049,CACO6,500,500,3
1434.6098849442828,CACO6,500,500,3
830.1218415971556,CACO6,500,500,3
2666.6020023286333,CACO6,500,500,3
3884.5186625812876,CACO6,500,500,3
1312.8611822807313,CACO6,500,500,3
115.2605015999556,CACO6,500,500,3
1148.1827985136197,CACO6,500,500,3
399.47265662589155,CACO6,500,500,3
470.7130175936781,CACO6,500,500,3
295.31441631457955,CACO6,500,500,3
302.2310462587715,CACO6,500,500,3
2931.5361372437324,CACO6,500,500,3
2189.113621574042,CACO7,500,500,3
153.5726216266223,CACO7,500,500,3
122.31022034311829,CACO7,500,500,3
2792.304013583865,CACO7,500,500,3
402.55819874111853,CACO7,500,500,3
293.0924157119554,CACO7,500,500,3
1717.6946679873263,CACO7,500,500,3
124.84800503849067,CACO7,500,500,3
58.22934362662226,CACO7,500,500,3
79.94088386555552,CACO7,500,500,3
157.63853844582223,CACO7,500,500,3
94.55048410481065,CACO7,500,500,3
650.7850799402595,CACO7,500,500,3
99.54254725546487,CACO7,500,500,3
50.86593732870932,CACO7,500,500,3
1305.6001519968643,CACO7,500,500,3
172.44298080334931,CACO7,500,500,3
469.6830498379092,CACO7,500,500,3
108.72041731925155,CACO7,500,500,3
3842.965121844251,CACO7,500,500,3
437.82492924262215,CACO8,500,500,3
109.53963995340625,CACO8,500,500,3
249.64613119018492,CACO8,500,500,3
959.7788970926059,CACO8,500,500,3
340.0905048176001,CACO8,500,500,3
1974.491879376667,CACO8,500,500,3
3665.7767444400215,CACO8,500,500,3
230.49823311069142,CACO8,500,500,3
139.4742210316782,CACO8,500,500,3
3043.620389195938,CACO8,500,500,3
635.992897730553,CACO8,500,500,3
399.783778711545,CACO8,500,500,3
94.02786744447825,CACO8,500,500,3
85.86593507327288,CACO8,500,500,3
2393.164498634745,CACO8,500,500,3
229.28378003361937,CACO8,500,500,3
2597.146531914664,CACO8,500,500,3
725.3990191851927,CACO8,500,500,3
182.09092798222224,CACO8,500,500,3
91.17282411716266,CACO8,500,500,3
56.91990501801957,CACO9,500,500,3
164.85862320935826,CACO9,500,500,3
61.86258386438934,CACO9,500,500,3
181.70348330999283,CACO9,500,500,3
125.30859698721952,CACO9,500,500,3
269.34246095686933,CACO9,500,500,3
883.9177623068994,CACO9,500,500,3
106.76754333286405,CACO9,500,500,3
72.62309874175288,CACO9,500,500,3
100.29943523728892,CACO9,500,500,3
273.9454284404462,CACO9,500,500,3
159.38714726937596,CACO9,500,500,3
158.94632530555558,CACO9,500,500,3
345.4225706630383,CACO9,500,500,3
1675.129807713963,CACO9,500,500,3
212.5482306709316,CACO9,500,500,3
151.00837776241073,CACO9,500,500,3
280.9997307001583,CACO9,500,500,3
1605.290489280257,CACO9,500,500,3
47.62759604888889,CACO9,500,500,3
90.30538994982224,CACR4,500,500,3
11.423055870846227,CACR4,500,500,3
145.09240257586487,CACR4,500,500,3
13.773719123904,CACR4,500,500,3
109.24229860383286,CACR4,500,500,3
114.39704436308622,CACR4,500,500,3
1995.0354426593851,CACR4,500,500,3
249.69871194196625,CACR4,500,500,3
1218.9147441105847,CACR4,500,500,3
220.93096967645164,CACR4,500,500,3
232.7704597947663,CACR4,500,500,3
192.02485510331738,CACR4,500,500,3
179.279711704064,CACR4,500,500,3
1178.5987692622225,CACR4,500,500,3
142.91663572888888,CACR4,500,500,3
358.215568,CACR4,500,500,3
944.2090654011715,CACR4,500,500,3
4061.4508065860105,CACR4,500,500,3
76.095483997296,CACR4,500,500,3
566.6763375204248,CACR4,500,500,3
229.2030845750329,CACR6,500,500,3
386.2076558156731,CACR6,500,500,3
24.426827524819554,CACR6,500,500,3
201.65725989845149,CACR6,500,500,3
132.2273139531929,CACR6,500,500,3
725.6111526027095,CACR6,500,500,3
4054.705625293625,CACR6,500,500,3
46.869624883539586,CACR6,500,500,3
156.31347171195551,CACR6,500,500,3
531.3479608318862,CACR6,500,500,3
190.06623941705953,CACR6,500,500,3
273.87025056469173,CACR6,500,500,3
540.2845561531574,CACR6,500,500,3
3179.5813879758225,CACR6,500,500,3
278.3221403603183,CACR6,500,500,3
2629.8499110198595,CACR6,500,500,3
3007.4828621155552,CACR6,500,500,3
4193.886159565937,CACR6,500,500,3
5529.197962375236,CACR6,500,500,3
226.67035593235732,CACR6,500,500,3
61.704559988622236,CACR7,500,500,3
3241.44044709962,CACR7,500,500,3
950.0377813292373,CACR7,500,500,3
73.80418532223824,CACR7,500,500,3
114.33191988721593,CACR7,500,500,3
285.0073378231182,CACR7,500,500,3
183.48122253681592,CACR7,500,500,3
229.0366424391662,CACR7,500,500,3
275.9201089097316,CACR7,500,500,3
199.22595307797152,CACR7,500,500,3
281.3143443643664,CACR7,500,500,3
700.0246729457493,CACR7,500,500,3
110.5212807767449,CACR7,500,500,3
3520.261162967012,CACR7,500,500,3
261.05233450128884,CACR7,500,500,3
1046.4507409024,CACR7,500,500,3
137.00215676074487,CACR7,500,500,3
3603.4043246907654,CACR7,500,500,3
37.2023624304,CACR7,500,500,3
74.8264786571929,CACR7,500,500,3
470.0553652376462,CACR8,500,500,3
197.21175626271295,CACR8,500,500,3
649.0016626559928,CACR8,500,500,3
2205.772755987752,CACR8,500,500,3
286.2128223242648,CACR8,500,500,3
480.1719625023716,CACR8,500,500,3
75.67133346555552,CACR8,500,500,3
130.98053186115555,CACR8,500,500,3
325.8377946652729,CACR8,500,500,3
5107.30351721529,CACR8,500,500,3
329.7035121226222,CACR8,500,500,3
3542.428028534264,CACR8,500,500,3
6260.479584029157,CACR8,500,500,3
1208.064170574933,CACR8,500,500,3
47.30449731660622,CACR8,500,500,3
325.56344529748617,CACR8,500,500,3
48.6341590784,CACR8,500,500,3
2311.9543598931546,CACR8,500,500,3
1403.1370565167717,CACR8,500,500,3
643.4641548057531,CACR8,500,500,3
872.1882835924893,CACU8,500,500,3
2471.1400659580995,CACU8,500,500,3
2201.0307505034502,CACU8,500,500,3
366.75189406975284,CACU8,500,500,3
555.219188775822,CACU8,500,500,3
3470.1056527394057,CACU8,500,500,3
2758.0817395843987,CACU8,500,500,3
2235.4728087753797,CACU8,500,500,3
1486.0088677220103,CACU8,500,500,3
4312.435979362558,CACU8,500,500,3
630.0654212037331,CACU8,500,500,3
920.2492390913262,CACU8,500,500,3
2942.6933088339556,CACU8,500,500,3
1165.750849894953,CACU8,500,500,3
467.5699940686222,CACU8,500,500,3
4348.675495623567,CACU8,500,500,3
3734.512299896489,CACU8,500,500,3
2361.051179629162,CACU8,500,500,3
4382.366829429411,CACU8,500,500,3
113.57095974328891,CACU8,500,500,3
90.8125396976,CADA,500,500,3
66.4400998807449,CADA,500,500,3
173.85539477162487,CADA,500,500,3
208.97153415451726,CADA,500,500,3
141.29796783015817,CADA,500,500,3
2405.0382702490665,CADA,500,500,3
910.0622300227627,CADA,500,500,3
164.07766346222226,CADA,500,500,3
150.73433854988622,CADA,500,500,3
574.6491157251982,CADA,500,500,3
701.1615725652887,CADA,500,500,3
178.30825996371726,CADA,500,500,3
188.38210656443738,CADA,500,500,3
886.1663902998594,CADA,500,500,3
276.6579604683661,CADA,500,500,3
490.1324974291554,CADA,500,500,3
417.3073092313584,CADA,500,500,3
224.56780283071816,CADA,500,500,3
3836.4273405403596,CADA,500,500,3
79.44072243916622,CADA,500,500,3
134.962990209776,CADE12,500,500,3
419.8655183420426,CADE12,500,500,3
272.92260405089957,CADE12,500,500,3
1928.003910122319,CADE12,500,500,3
758.520470819824,CADE12,500,500,3
93.52171115945956,CADE12,500,500,3
1909.3072898371402,CADE12,500,500,3
727.491048914489,CADE12,500,500,3
722.7936422861493,CADE12,500,500,3
530.3621772008371,CADE12,500,500,3
29.602710645544903,CADE12,500,500,3
4673.756571536127,CADE12,500,500,3
309.32551247888887,CADE12,500,500,3
2862.257629672931,CADE12,500,500,3
1144.2295227433533,CADE12,500,500,3
3252.5612630456244,CADE12,500,500,3
1309.7272296739561,CADE12,500,500,3
140.58222437062398,CADE12,500,500,3
346.861467464176,CADE12,500,500,3
490.5584707779625,CADE12,500,500,3
1369.6511560848778,CADE27,500,500,3
3866.275978736624,CADE27,500,500,3
2685.2096598007447,CADE27,500,500,3
3988.5341957017513,CADE27,500,500,3
2516.993608308622,CADE27,500,500,3
1697.8268129568692,CADE27,500,500,3
6794.494080442267,CADE27,500,500,3
4581.59852426752,CADE27,500,500,3
2121.536174781823,CADE27,500,500,3
3134.4353587231835,CADE27,500,500,3
1772.430475063289,CADE27,500,500,3
1149.7296794304784,CADE27,500,500,3
795.2877211115448,CADE27,500,500,3
552.1782317731553,CADE27,500,500,3
3146.8849626376395,CADE27,500,500,3
3806.1976363619533,CADE27,500,500,3
2140.468426391886,CADE27,500,500,3
3433.48225370442,CADE27,500,500,3
4873.4501608410865,CADE27,500,500,3
2622.1438019070297,CADE27,500,500,3
275.65516957030405,CADE5,500,500,3
53.968603575592894,CADE5,500,500,3
75.31257481460622,CADE5,500,500,3
552.4890530221439,CADE5,500,500,3
950.1930699200691,CADE5,500,500,3
405.4551772526773,CADE5,500,500,3
34.657407871822215,CADE5,500,500,3
2355.7067208977764,CADE5,500,500,3
182.73740334249956,CADE5,500,500,3
329.3465022574861,CADE5,500,500,3
2597.952854666623,CADE5,500,500,3
140.34859600716624,CADE5,500,500,3
58.37383186438933,CADE5,500,500,3
2406.4205044127125,CADE5,500,500,3
434.2260872535041,CADE5,500,500,3
307.3909472027574,CADE5,500,500,3
83.2287485868373,CADE5,500,500,3
598.6677475211363,CADE5,500,500,3
98.19478416981158,CADE5,500,500,3
765.1826041094238,CADE5,500,500,3
331.4417513548641,CADE6,500,500,3
1490.9430840249586,CADE6,500,500,3
344.3741046259982,CADE6,500,500,3
2477.6519358684714,CADE6,500,500,3
270.29332975900263,CADE6,500,500,3
217.08369632767293,CADE6,500,500,3
2066.516747770026,CADE6,500,500,3
1000.9740101738648,CADE6,500,500,3
1881.560250564266,CADE6,500,500,3
616.639161441278,CADE6,500,500,3
3910.378222973154,CADE6,500,500,3
818.3287073358224,CADE6,500,500,3
1017.6231294190652,CADE6,500,500,3
690.9823186720696,CADE6,500,500,3
1147.1039783749338,CADE6,500,500,3
2486.3687159811398,CADE6,500,500,3
2240.7899445073845,CADE6,500,500,3
2939.7622070207717,CADE6,500,500,3
1230.1776633173313,CADE6,500,500,3
822.1239280046059,CADE6,500,500,3
676.160271338489,CADE7,500,500,3
2755.161937716264,CADE7,500,500,3
40.103082661482645,CADE7,500,500,3
6810.648279697279,CADE7,500,500,3
571.5467980553797,CADE7,500,500,3
274.5321562015982,CADE7,500,500,3
3856.659022279674,CADE7,500,500,3
3296.29314050951,CADE7,500,500,3
2823.535828747519,CADE7,500,500,3
439.5228504997262,CADE7,500,500,3
135.91248653687288,CADE7,500,500,3
39.34550793073068,CADE7,500,500,3
1289.952947560873,CADE7,500,500,3
1506.5264928730373,CADE7,500,500,3
34.84746227893336,CADE7,500,500,3
46.16635928319289,CADE7,500,500,3
64.5942725503129,CADE7,500,500,3
75.19067104221155,CADE7,500,500,3
125.18531293129959,CADE7,500,500,3
2831.6603674204016,CADE7,500,500,3
45.42748266564266,CADE9,500,500,3
1819.1532937150298,CADE9,500,500,3
463.08673999948604,CADE9,500,500,3
173.00477226279824,CADE9,500,500,3
78.36535945042488,CADE9,500,500,3
40.60459179750401,CADE9,500,500,3
48.31706381795556,CADE9,500,500,3
583.3746300901757,CADE9,500,500,3
25.780606255438215,CADE9,500,500,3
371.28121135786495,CADE9,500,500,3
85.07238891475733,CADE9,500,500,3
597.8214158162328,CADE9,500,500,3
16.266780074318227,CADE9,500,500,3
130.61930456595732,CADE9,500,500,3
4455.093406001277,CADE9,500,500,3
95.48037569732269,CADE9,500,500,3
122.50764058453159,CADE9,500,500,3
2856.5837475108697,CADE9,500,500,3
57.433219050024874,CADE9,500,500,3
68.15105784315553,CADE9,500,500,3
56.3357223066667,CADI10,500,500,3
1619.5849337875836,CADI10,500,500,3
2198.4564127287435,CADI10,500,500,3
817.1756816531839,CADI10,500,500,3
1138.2561367039555,CADI10,500,500,3
249.906467345913,CADI10,500,500,3
1203.3597266238862,CADI10,500,500,3
1942.5103306808157,CADI10,500,500,3
4297.796305042489,CADI10,500,500,3
120.49525083121601,CADI10,500,500,3
408.9771278992998,CADI10,500,500,3
641.8373786447927,CADI10,500,500,3
319.79746266825964,CADI10,500,500,3
4840.152342662798,CADI10,500,500,3
547.9878232319556,CADI10,500,500,3
1105.218295555555,CADI10,500,500,3
764.3993566538222,CADI10,500,500,3
1899.979811299776,CADI10,500,500,3
198.00114192553949,CADI10,500,500,3
1015.3078995909333,CADI10,500,500,3
1760.081454314489,CADI3,500,500,3
183.800447704064,CADI3,500,500,3
39.37586396,CADI3,500,500,3
482.8901220890666,CADI3,500,500,3
73.03069866461158,CADI3,500,500,3
194.4472941564996,CADI3,500,500,3
914.9361348875352,CADI3,500,500,3
60.691816559130686,CADI3,500,500,3
75.31587060970485,CADI3,500,500,3
57.48717232383289,CADI3,500,500,3
136.84035082005153,CADI3,500,500,3
18.453519603939547,CADI3,500,500,3
45.848144,CADI3,500,500,3
121.95617675803729,CADI3,500,500,3
262.2593260474596,CADI3,500,500,3
635.5495469896515,CADI3,500,500,3
3993.5266252556503,CADI3,500,500,3
80.3305769386222,CADI3,500,500,3
1724.7722271641592,CADI3,500,500,3
1212.4356824944005,CADI3,500,500,3
209.29759412206937,CADI4,500,500,3
3911.250794642709,CADI4,500,500,3
100.04895587975824,CADI4,500,500,3
169.78336387975824,CADI4,500,500,3
55.38521059268268,CADI4,500,500,3
119.78420149439822,CADI4,500,500,3
385.20830486041604,CADI4,500,500,3
79.77758887393955,CADI4,500,500,3
613.9767131024996,CADI4,500,500,3
152.5754490511929,CADI4,500,500,3
477.23583720564636,CADI4,500,500,3
3852.032518655993,CADI4,500,500,3
1316.2271159999837,CADI4,500,500,3
75.85991331660624,CADI4,500,500,3
253.29173454073612,CADI4,500,500,3
159.41401466495824,CADI4,500,500,3
1103.9815710249534,CADI4,500,500,3
3445.7264978559565,CADI4,500,500,3
83.53679623722488,CADI4,500,500,3
225.9677635555555,CADI4,500,500,3
368.78159113341155,CADI5,500,500,3
63.35790221328888,CADI5,500,500,3
94.16841459902403,CADI5,500,500,3
857.1348862843716,CADI5,500,500,3
73.904199446464,CADI5,500,500,3
215.01359409714493,CADI5,500,500,3
6527.1187298173,CADI5,500,500,3
261.0106265322224,CADI5,500,500,3
957.5869946245044,CADI5,500,500,3
2637.816140391139,CADI5,500,500,3
71.04717576959996,CADI5,500,500,3
390.06118062732617,CADI5,500,500,3
677.1555278698222,CADI5,500,500,3
1153.5559641963455,CADI5,500,500,3
54.81257307118931,CADI5,500,500,3
798.0204446388889,CADI5,500,500,3
168.8156242208427,CADI5,500,500,3
635.9306826010663,CADI5,500,500,3
5264.441392069958,CADI5,500,500,3
2305.3033500310116,CADI5,500,500,3
24.437657892478224,CADI6,500,500,3
2494.6747621170907,CADI6,500,500,3
26.091326973155557,CADI6,500,500,3
9.944901068451555,CADI6,500,500,3
539.2347112026864,CADI6,500,500,3
4309.5866259163995,CADI6,500,500,3
2044.528181695288,CADI6,500,500,3
5384.136898360603,CADI6,500,500,3
6108.762106891409,CADI6,500,500,3
11.665099871358223,CADI6,500,500,3
626.7649751875985,CADI6,500,500,3
34.24085727116622,CADI6,500,500,3
5112.299617535272,CADI6,500,500,3
442.5565541044886,CADI6,500,500,3
21.575440963112893,CADI6,500,500,3
202.6848217833529,CADI6,500,500,3
49.170220937272866,CADI6,500,500,3
323.821502533289,CADI6,500,500,3
22.138019592488888,CADI6,500,500,3
858.9667679829257,CADI6,500,500,3
3755.9044356336926,CADO,500,500,3
1677.885853178793,CADO,500,500,3
475.28841699583273,CADO,500,500,3
1575.5578110531133,CADO,500,500,3
1881.5357762896779,CADO,500,500,3
2312.0171813885436,CADO,500,500,3
384.53396652226655,CADO,500,500,3
152.24414631620263,CADO,500,500,3
104.25508192767823,CADO,500,500,3
606.5613046450917,CADO,500,500,3
85.52868792831825,CADO,500,500,3
547.3733489770383,CADO,500,500,3
511.0878599034863,CADO,500,500,3
78.23633441478403,CADO,500,500,3
642.3229355125175,CADO,500,500,3
405.52117647046384,CADO,500,500,3
854.9072996513852,CADO,500,500,3
654.4392903039555,CADO,500,500,3
250.7237623287181,CADO,500,500,3
875.1174979287042,CADO,500,500,3
494.63447438409946,CADO2,500,500,3
3891.1188635347175,CADO2,500,500,3
3274.026960309545,CADO2,500,500,3
123.12869995946485,CADO2,500,500,3
1489.236137173156,CADO2,500,500,3
398.8113557198063,CADO2,500,500,3
1040.952450643278,CADO2,500,500,3
3726.1374268650634,CADO2,500,500,3
2402.6569893297337,CADO2,500,500,3
6624.280135351664,CADO2,500,500,3
4747.3606839982895,CADO2,500,500,3
1480.2446231864892,CADO2,500,500,3
3433.0399611221274,CADO2,500,500,3
1257.1298196291625,CADO2,500,500,3
4291.114261730958,CADO2,500,500,3
2526.208920174064,CADO2,500,500,3
340.0631829530863,CADO2,500,500,3
667.5393079268247,CADO2,500,500,3
3971.6504982820893,CADO2,500,500,3
551.2786738189583,CADO2,500,500,3
40.610362865064914,CADU6,500,500,3
559.6945189826829,CADU6,500,500,3
378.144232099833,CADU6,500,500,3
2285.776840060238,CADU6,500,500,3
475.4838662143717,CADU6,500,500,3
430.6943385837225,CADU6,500,500,3
2922.1015377358212,CADU6,500,500,3
2413.640317317624,CADU6,500,500,3
1585.3958868369332,CADU6,500,500,3
397.21531177676604,CADU6,500,500,3
1731.4670764016003,CADU6,500,500,3
3213.374657124179,CADU6,500,500,3
276.6827133755715,CADU6,500,500,3
2456.333877323598,CADU6,500,500,3
2851.5611330711904,CADU6,500,500,3
150.2843330460373,CADU6,500,500,3
634.0706789585848,CADU6,500,500,3
2183.2645498506217,CADU6,500,500,3
233.69597457420625,CADU6,500,500,3
362.2891327638116,CADU6,500,500,3
5535.214441549306,CAEB,500,500,3
230.22223596855284,CAEB,500,500,3
527.1058089804516,CAEB,500,500,3
566.3359259058915,CAEB,500,500,3
1601.4697455804,CAEB,500,500,3
186.1810442238222,CAEB,500,500,3
514.0729719324003,CAEB,500,500,3
138.69310394111287,CAEB,500,500,3
737.905250263865,CAEB,500,500,3
4129.58889551729,CAEB,500,500,3
81.61008223995559,CAEB,500,500,3
924.9350127653524,CAEB,500,500,3
813.1814229829333,CAEB,500,500,3
871.244710278656,CAEB,500,500,3
869.3893483320251,CAEB,500,500,3
3650.8922451938115,CAEB,500,500,3
119.94599798738497,CAEB,500,500,3
1442.559615228286,CAEB,500,500,3
2788.755262576667,CAEB,500,500,3
376.9312224375448,CAEB,500,500,3
30.879622415758202,CAEB2,500,500,3
147.72827596910932,CAEB2,500,500,3
2212.3322009053586,CAEB2,500,500,3
2300.3193216042596,CAEB2,500,500,3
2751.49910775631,CAEB2,500,500,3
123.85100776725159,CAEB2,500,500,3
64.19799058719289,CAEB2,500,500,3
962.8706092508734,CAEB2,500,500,3
22.398706148266662,CAEB2,500,500,3
1311.6233442192781,CAEB2,500,500,3
3112.137115998888,CAEB2,500,500,3
20.655357129663983,CAEB2,500,500,3
340.1270815786223,CAEB2,500,500,3
797.1075765342563,CAEB2,500,500,3
3046.1706735163657,CAEB2,500,500,3
4745.080535942569,CAEB2,500,500,3
82.15858787703287,CAEB2,500,500,3
6664.334335142185,CAEB2,500,500,3
546.4907266605795,CAEB2,500,500,3
1590.4306610173705,CAEB2,500,500,3
710.9363893682328,CAEC,500,500,3
104.61155165894401,CAEC,500,500,3
207.84123382919825,CAEC,500,500,3
545.9627205930668,CAEC,500,500,3
574.6968608703128,CAEC,500,500,3
312.8059475056,CAEC,500,500,3
8698.001949507401,CAEC,500,500,3
5223.703248037541,CAEC,500,500,3
67.53254527248882,CAEC,500,500,3
4014.02262188049,CAEC,500,500,3
2254.068029279289,CAEC,500,500,3
736.2668717975041,CAEC,500,500,3
276.445436519465,CAEC,500,500,3
1778.9199768147175,CAEC,500,500,3
1817.1259911891557,CAEC,500,500,3
531.5184251275929,CAEC,500,500,3
519.4098947264781,CAEC,500,500,3
990.6436287279632,CAEC,500,500,3
672.406149629424,CAEC,500,500,3
650.6711797150648,CAEC,500,500,3
329.48935959892634,CAED,500,500,3
1347.6637826313226,CAED,500,500,3
364.29009459340625,CAED,500,500,3
1229.3457238384,CAED,500,500,3
98.16507850662224,CAED,500,500,3
1355.8304625243572,CAED,500,500,3
1191.698818538622,CAED,500,500,3
144.37661293452624,CAED,500,500,3
941.6384871179933,CAED,500,500,3
1487.9988424754051,CAED,500,500,3
1828.3871144471054,CAED,500,500,3
222.75286736396632,CAED,500,500,3
5115.57080069972,CAED,500,500,3
141.26322055189155,CAED,500,500,3
104.99541928173329,CAED,500,500,3
47.13157596105959,CAED,500,500,3
979.0532677423714,CAED,500,500,3
7997.222852137299,CAED,500,500,3
1401.6755590512191,CAED,500,500,3
1699.4873828783711,CAED,500,500,3
272.3758541501848,CAEG,500,500,3
72.43043331795732,CAEG,500,500,3
88.85359695387734,CAEG,500,500,3
236.9278087778114,CAEG,500,500,3
259.1565019798116,CAEG,500,500,3
506.8737553862382,CAEG,500,500,3
385.70776771231283,CAEG,500,500,3
293.1701938202668,CAEG,500,500,3
448.78404304767815,CAEG,500,500,3
1021.9912660423038,CAEG,500,500,3
1442.3008645983123,CAEG,500,500,3
374.2424318977704,CAEG,500,500,3
781.1334312988727,CAEG,500,500,3
365.9071266559927,CAEG,500,500,3
1017.506696878478,CAEG,500,500,3
606.7743033055555,CAEG,500,500,3
756.6546785948424,CAEG,500,500,3
1176.2593317725843,CAEG,500,500,3
3081.529832057582,CAEG,500,500,3
350.06001465868616,CAEG,500,500,3
87.52179066652266,CAEL3,500,500,3
42.00944785031823,CAEL3,500,500,3
730.7004904206505,CAEL3,500,500,3
77.19857597926396,CAEL3,500,500,3
3102.1512183107134,CAEL3,500,500,3
133.6369266447626,CAEL3,500,500,3
1926.1926656591359,CAEL3,500,500,3
115.2359053974116,CAEL3,500,500,3
81.79191122175821,CAEL3,500,500,3
73.19309465868623,CAEL3,500,500,3
3108.805054384185,CAEL3,500,500,3
617.1446287530597,CAEL3,500,500,3
82.36425866665955,CAEL3,500,500,3
451.6169825798382,CAEL3,500,500,3
2497.3803329998227,CAEL3,500,500,3
3256.1246758951097,CAEL3,500,500,3
86.9978938935449,CAEL3,500,500,3
147.23431486633953,CAEL3,500,500,3
58.5382351274382,CAEL3,500,500,3
1064.0272435745262,CAEL3,500,500,3
3950.2361306753255,CAEL9,500,500,3
162.3957965741493,CAEL9,500,500,3
2046.7152975988893,CAEL9,500,500,3
3232.7189328567447,CAEL9,500,500,3
3856.0835630793795,CAEL9,500,500,3
5010.548811999701,CAEL9,500,500,3
287.33938575009955,CAEL9,500,500,3
3095.5039281710924,CAEL9,500,500,3
4660.611930020345,CAEL9,500,500,3
147.71425328409606,CAEL9,500,500,3
262.3576190113849,CAEL9,500,500,3
424.492087971776,CAEL9,500,500,3
189.21296779242488,CAEL9,500,500,3
4076.793790638888,CAEL9,500,500,3
128.96284401714485,CAEL9,500,500,3
219.34770177961977,CAEL9,500,500,3
312.93201055038406,CAEL9,500,500,3
140.84109572337593,CAEL9,500,500,3
108.79002964265068,CAEL9,500,500,3
93.55733590928888,CAEL9,500,500,3
979.7959845329337,CAEP,500,500,3
165.1208388627182,CAEP,500,500,3
126.21459835157154,CAEP,500,500,3
50.55311756509156,CAEP,500,500,3
158.15374629700273,CAEP,500,500,3
83.75521754023825,CAEP,500,500,3
610.8480920123662,CAEP,500,500,3
52.82057769315555,CAEP,500,500,3
594.6358384397583,CAEP,500,500,3
726.8152189472429,CAEP,500,500,3
3717.633625788898,CAEP,500,500,3
5165.698580092657,CAEP,500,500,3
64.61910493222224,CAEP,500,500,3
50.594361943032894,CAEP,500,500,3
184.58354605385958,CAEP,500,500,3
1103.8660933042063,CAEP,500,500,3
3109.65176581329,CAEP,500,500,3
2036.9932511252894,CAEP,500,500,3
359.3227457489333,CAEP,500,500,3
1370.1741199215999,CAEP,500,500,3
2397.515822856363,CAEQ,500,500,3
1443.2887995448255,CAEQ,500,500,3
1313.6967666914115,CAEQ,500,500,3
1600.6758061937492,CAEQ,500,500,3
2785.3763223044107,CAEQ,500,500,3
284.7550547155556,CAEQ,500,500,3
426.96321164074476,CAEQ,500,500,3
1395.4283877734247,CAEQ,500,500,3
2468.806960115137,CAEQ,500,500,3
4575.032192276134,CAEQ,500,500,3
1382.248820634731,CAEQ,500,500,3
731.2657397111394,CAEQ,500,500,3
513.0554447992731,CAEQ,500,500,3
2539.0429255526096,CAEQ,500,500,3
1226.800304551593,CAEQ,500,500,3
2248.1972895906056,CAEQ,500,500,3
1590.7574968315998,CAEQ,500,500,3
3058.801535031289,CAEQ,500,500,3
3459.5132108085772,CAEQ,500,500,3
2546.776553040283,CAEQ,500,500,3
5128.466806491858,CAER,500,500,3
1451.1332141459186,CAER,500,500,3
7019.373709023555,CAER,500,500,3
650.900181444905,CAER,500,500,3
2253.6570226109698,CAER,500,500,3
4234.966620193022,CAER,500,500,3
312.18051998150406,CAER,500,500,3
1138.3702502739554,CAER,500,500,3
6454.058915583886,CAER,500,500,3
5135.571651554261,CAER,500,500,3
5347.279624095358,CAER,500,500,3
4866.529140167465,CAER,500,500,3
1057.5295593830112,CAER,500,500,3
573.6144401879449,CAER,500,500,3
1025.1040917439552,CAER,500,500,3
5458.1779101504,CAER,500,500,3
1566.5682246312958,CAER,500,500,3
287.1669044704641,CAER,500,500,3
1073.1679318038025,CAER,500,500,3
1041.8883834043447,CAER,500,500,3
386.9516425093975,CAEX7,500,500,3
71.02327936315557,CAEX7,500,500,3
293.7569798092515,CAEX7,500,500,3
53.70797199999825,CAEX7,500,500,3
658.5538806296161,CAEX7,500,500,3
115.34907353343284,CAEX7,500,500,3
69.29239445137067,CAEX7,500,500,3
5092.051806796343,CAEX7,500,500,3
81.29098852573156,CAEX7,500,500,3
90.20839759324268,CAEX7,500,500,3
68.29815421175289,CAEX7,500,500,3
79.92689353693156,CAEX7,500,500,3
93.88917490444628,CAEX7,500,500,3
55.383303938495956,CAEX7,500,500,3
344.7784304917049,CAEX7,500,500,3
184.9652964031556,CAEX7,500,500,3
130.59992792745066,CAEX7,500,500,3
203.21026495106653,CAEX7,500,500,3
51.06674480305601,CAEX7,500,500,3
64.3397732607929,CAEX7,500,500,3
66.16099809915559,CAEX8,500,500,3
196.10564961614938,CAEX8,500,500,3
1013.938706847358,CAEX8,500,500,3
188.57707066273952,CAEX8,500,500,3
138.15698132605152,CAEX8,500,500,3
39.17038517311823,CAEX8,500,500,3
1479.5430026417328,CAEX8,500,500,3
603.4884950598238,CAEX8,500,500,3
1802.8322942711388,CAEX8,500,500,3
327.00035013202483,CAEX8,500,500,3
248.78910958229164,CAEX8,500,500,3
3971.194319273701,CAEX8,500,500,3
650.3509439955554,CAEX8,500,500,3
74.99579423982222,CAEX8,500,500,3
379.64492684100253,CAEX8,500,500,3
376.5412830986241,CAEX8,500,500,3
80.71541925204623,CAEX8,500,500,3
7294.172361453821,CAEX8,500,500,3
152.61656251596622,CAEX8,500,500,3
346.86742560846926,CAEX8,500,500,3
2350.4638746950673,CAFI,500,500,3
81.03151661222228,CAFI,500,500,3
3955.0229530973843,CAFI,500,500,3
66.37528593407288,CAFI,500,500,3
6290.616745247541,CAFI,500,500,3
268.64073441399285,CAFI,500,500,3
329.56878444973324,CAFI,500,500,3
75.22057066436265,CAFI,500,500,3
103.11628806395552,CAFI,500,500,3
463.94584698930504,CAFI,500,500,3
390.88361145239986,CAFI,500,500,3
2716.3521868256994,CAFI,500,500,3
4364.26751541049,CAFI,500,500,3
766.7982199704159,CAFI,500,500,3
114.96644206449058,CAFI,500,500,3
555.4405390343396,CAFI,500,500,3
4993.317406563411,CAFI,500,500,3
111.70710135921067,CAFI,500,500,3
45.50353451404622,CAFI,500,500,3
5135.104794806265,CAFI,500,500,3
1502.4985552952242,CAFI3,500,500,3
326.6523761968195,CAFI3,500,500,3
2109.0202831214065,CAFI3,500,500,3
586.8151783512728,CAFI3,500,500,3
1605.6304674769335,CAFI3,500,500,3
1488.5625569066672,CAFI3,500,500,3
2649.2627820950584,CAFI3,500,500,3
1411.3040793777336,CAFI3,500,500,3
3055.350091039983,CAFI3,500,500,3
2868.344182361173,CAFI3,500,500,3
874.2588843333336,CAFI3,500,500,3
619.5499719803714,CAFI3,500,500,3
3879.6401739315916,CAFI3,500,500,3
166.1993799572462,CAFI3,500,500,3
316.26938547169954,CAFI3,500,500,3
366.1421678628249,CAFI3,500,500,3
730.1044001856001,CAFI3,500,500,3
425.42420056595756,CAFI3,500,500,3
2257.712441810091,CAFI3,500,500,3
3182.2235251717525,CAFI3,500,500,3
193.87114510421154,CAFL,500,500,3
5461.842213001558,CAFL,500,500,3
20.46608378593955,CAFL,500,500,3
171.2033773951556,CAFL,500,500,3
2671.642224984446,CAFL,500,500,3
75.7274406388907,CAFL,500,500,3
179.89508099383286,CAFL,500,500,3
1596.457678751545,CAFL,500,500,3
969.0588306665227,CAFL,500,500,3
909.7801395979662,CAFL,500,500,3
1361.7365770111714,CAFL,500,500,3
198.82675508700262,CAFL,500,500,3
87.85508125848888,CAFL,500,500,3
106.33290052757158,CAFL,500,500,3
1562.6682763076194,CAFL,500,500,3
45.17872225447822,CAFL,500,500,3
1556.5007786726326,CAFL,500,500,3
140.33351992455826,CAFL,500,500,3
90.78338325417955,CAFL,500,500,3
2812.082688400612,CAFL,500,500,3
76.18210344242488,CAFL11,500,500,3
719.9060080339555,CAFL11,500,500,3
2119.0204520292104,CAFL11,500,500,3
655.0961261633707,CAFL11,500,500,3
2377.6384346524733,CAFL11,500,500,3
3690.0408688533053,CAFL11,500,500,3
1781.4860256571667,CAFL11,500,500,3
363.33357638240005,CAFL11,500,500,3
4034.502354891406,CAFL11,500,500,3
186.98794597115557,CAFL11,500,500,3
118.01703524629156,CAFL11,500,500,3
704.4878640609974,CAFL11,500,500,3
860.3882488600159,CAFL11,500,500,3
3635.8625361466866,CAFL11,500,500,3
678.2664583650115,CAFL11,500,500,3
1603.387334878889,CAFL11,500,500,3
599.1080785814027,CAFL11,500,500,3
3371.149889556984,CAFL11,500,500,3
1453.5755927688463,CAFL11,500,500,3
1591.0383039892895,CAFL11,500,500,3
1659.5796065844895,CAFL22,500,500,3
117.14592399391293,CAFL22,500,500,3
804.457055002623,CAFL22,500,500,3
123.45418224349153,CAFL22,500,500,3
618.9558714780372,CAFL22,500,500,3
271.0462706582027,CAFL22,500,500,3
1471.4114100655715,CAFL22,500,500,3
1750.3752364788886,CAFL22,500,500,3
2746.8920565862336,CAFL22,500,500,3
1043.8175063019448,CAFL22,500,500,3
362.01374146826674,CAFL22,500,500,3
1220.412712528889,CAFL22,500,500,3
106.78648397397154,CAFL22,500,500,3
521.1981590819556,CAFL22,500,500,3
245.36961935785956,CAFL22,500,500,3
3679.8417352127126,CAFL22,500,500,3
2821.2199447249322,CAFL22,500,500,3
250.94219360585956,CAFL22,500,500,3
80.4745167327129,CAFL22,500,500,3
608.2272116188997,CAFL22,500,500,3
532.737889247545,CAFL3,500,500,3
3649.8111562683107,CAFL3,500,500,3
2777.064273793984,CAFL3,500,500,3
275.02563226623244,CAFL3,500,500,3
1082.1036341994648,CAFL3,500,500,3
667.3461559328426,CAFL3,500,500,3
313.5403967686827,CAFL3,500,500,3
535.964778813822,CAFL3,500,500,3
215.65558133019732,CAFL3,500,500,3
46.36948524262224,CAFL3,500,500,3
229.8067748098773,CAFL3,500,500,3
267.67437631995557,CAFL3,500,500,3
78.89748905119286,CAFL3,500,500,3
313.09801186103283,CAFL3,500,500,3
2258.4518566972993,CAFL3,500,500,3
118.96652077293338,CAFL3,500,500,3
1277.467542313807,CAFL3,500,500,3
128.66966153329068,CAFL3,500,500,3
21.571852962771555,CAFL3,500,500,3
2228.241178687823,CAFL3,500,500,3
203.51945115114503,CAFL4,500,500,3
2874.5561341139564,CAFL4,500,500,3
219.30090248801955,CAFL4,500,500,3
905.575011760469,CAFL4,500,500,3
138.2953139265262,CAFL4,500,500,3
398.13484868942936,CAFL4,500,500,3
2379.6180212831578,CAFL4,500,500,3
134.19590262284623,CAFL4,500,500,3
362.6431459276782,CAFL4,500,500,3
509.73030779569604,CAFL4,500,500,3
78.41140991121065,CAFL4,500,500,3
271.76895165499724,CAFL4,500,500,3
53.59666866089953,CAFL4,500,500,3
148.17407521585596,CAFL4,500,500,3
2722.4969619891035,CAFL4,500,500,3
1161.6679146495928,CAFL4,500,500,3
433.8695357343986,CAFL4,500,500,3
126.12606859518397,CAFL4,500,500,3
18.62853506932622,CAFL4,500,500,3
188.98400443434488,CAFL4,500,500,3
1699.905773140757,CAFL7,500,500,3
1073.3800829459185,CAFL7,500,500,3
364.55029801109157,CAFL7,500,500,3
561.0644830365846,CAFL7,500,500,3
6436.2490508580895,CAFL7,500,500,3
387.6551202317583,CAFL7,500,500,3
152.9027818968107,CAFL7,500,500,3
5086.55227826662,CAFL7,500,500,3
597.7498232009796,CAFL7,500,500,3
349.56310439000015,CAFL7,500,500,3
1081.9888233872907,CAFL7,500,500,3
110.9744530819982,CAFL7,500,500,3
438.9884959848515,CAFL7,500,500,3
2576.7292482655557,CAFL7,500,500,3
1189.2066006696512,CAFL7,500,500,3
1467.488880865955,CAFL7,500,500,3
2042.725845199105,CAFL7,500,500,3
1825.0026846378219,CAFL7,500,500,3
5173.971491554071,CAFL7,500,500,3
1701.4936405050605,CAFL7,500,500,3
56.36195792640002,CAFL8,500,500,3
799.9096844199183,CAFL8,500,500,3
3646.748679682131,CAFL8,500,500,3
978.2514571485794,CAFL8,500,500,3
579.4377235269973,CAFL8,500,500,3
25.828568037944883,CAFL8,500,500,3
475.2833959972906,CAFL8,500,500,3
790.7252706323181,CAFL8,500,500,3
546.2766765703396,CAFL8,500,500,3
216.48887381115563,CAFL8,500,500,3
278.83478989134915,CAFL8,500,500,3
675.8650871116517,CAFL8,500,500,3
137.66420274858487,CAFL8,500,500,3
922.3208107598061,CAFL8,500,500,3
37.53666517179734,CAFL8,500,500,3
259.1434530256782,CAFL8,500,500,3
205.6563313929795,CAFL8,500,500,3
414.19439635569057,CAFL8,500,500,3
410.168723690864,CAFL8,500,500,3
383.3254689762915,CAFL8,500,500,3
70.7256453573529,CAFO4,500,500,3
1205.7804799551132,CAFO4,500,500,3
593.9903886729226,CAFO4,500,500,3
578.9318857891556,CAFO4,500,500,3
130.70971695721073,CAFO4,500,500,3
33.59382217847289,CAFO4,500,500,3
303.17844654399806,CAFO4,500,500,3
62.78231095687821,CAFO4,500,500,3
3315.61229409621,CAFO4,500,500,3
127.17931320189155,CAFO4,500,500,3
2328.782414087038,CAFO4,500,500,3
2340.7018073038207,CAFO4,500,500,3
267.38524244753074,CAFO4,500,500,3
107.84095640528884,CAFO4,500,500,3
1108.8844450154377,CAFO4,500,500,3
1491.1215460972783,CAFO4,500,500,3
1261.9530641796962,CAFO4,500,500,3
24.878943677822207,CAFO4,500,500,3
2446.727786886373,CAFO4,500,500,3
83.59579864063822,CAFO4,500,500,3
68.68790693404269,CAFO6,500,500,3
339.04133740735824,CAFO6,500,500,3
217.5913471773849,CAFO6,500,500,3
1378.9642074609337,CAFO6,500,500,3
1646.213421613909,CAFO6,500,500,3
270.81653067860617,CAFO6,500,500,3
258.122954290544,CAFO6,500,500,3
467.74919371647803,CAFO6,500,500,3
140.47087617842493,CAFO6,500,500,3
972.7422565845321,CAFO6,500,500,3
101.68141912639824,CAFO6,500,500,3
1224.005292472318,CAFO6,500,500,3
345.29232796313613,CAFO6,500,500,3
163.63479462924624,CAFO6,500,500,3
109.20666785467733,CAFO6,500,500,3
512.7375209616993,CAFO6,500,500,3
46.43579159445156,CAFO6,500,500,3
1765.5096117282117,CAFO6,500,500,3
74.93613321505958,CAFO6,500,500,3
1635.7758393639185,CAFO6,500,500,3
167.93531947728883,CAFR3,500,500,3
99.70371979448889,CAFR3,500,500,3
227.62096517597158,CAFR3,500,500,3
1839.808178035477,CAFR3,500,500,3
303.0124491092891,CAFR3,500,500,3
787.9976040217439,CAFR3,500,500,3
206.35056399806405,CAFR3,500,500,3
200.2108366574774,CAFR3,500,500,3
1392.7705679994237,CAFR3,500,500,3
354.26081131172265,CAFR3,500,500,3
5031.503011182819,CAFR3,500,500,3
2101.8121994575567,CAFR3,500,500,3
56.584776616099575,CAFR3,500,500,3
423.9382845112891,CAFR3,500,500,3
6028.468444452183,CAFR3,500,500,3
353.0946280908516,CAFR3,500,500,3
509.58551324828267,CAFR3,500,500,3
3309.4420223285974,CAFR3,500,500,3
3228.5249715172254,CAFR3,500,500,3
1484.2866259231555,CAFR3,500,500,3
1845.7790392671554,CAFR80,500,500,3
1206.3091327029317,CAFR80,500,500,3
3148.9284748546124,CAFR80,500,500,3
340.0775509246222,CAFR80,500,500,3
4944.4868397573055,CAFR80,500,500,3
4829.733009183996,CAFR80,500,500,3
3108.1467776097265,CAFR80,500,500,3
6657.2468382417765,CAFR80,500,500,3
359.9701103325227,CAFR80,500,500,3
4390.099698530637,CAFR80,500,500,3
1731.2229361225313,CAFR80,500,500,3
340.8533162517333,CAFR80,500,500,3
1778.4692986759096,CAFR80,500,500,3
272.17899440106504,CAFR80,500,500,3
110.49503596157157,CAFR80,500,500,3
615.9492013109318,CAFR80,500,500,3
4994.456295717091,CAFR80,500,500,3
4278.568123628368,CAFR80,500,500,3
400.12727147001624,CAFR80,500,500,3
1726.9641019132998,CAFR80,500,500,3
28.340137329064884,CAGE2,500,500,3
236.61463577342394,CAGE2,500,500,3
1720.0985849685176,CAGE2,500,500,3
6814.242405565565,CAGE2,500,500,3
2217.4353488959714,CAGE2,500,500,3
728.2237404749491,CAGE2,500,500,3
654.6035155198222,CAGE2,500,500,3
4947.811355290106,CAGE2,500,500,3
1099.3703438888888,CAGE2,500,500,3
2077.5347158789054,CAGE2,500,500,3
6006.199239171243,CAGE2,500,500,3
102.12307981826665,CAGE2,500,500,3
196.48553053319813,CAGE2,500,500,3
457.24020746749153,CAGE2,500,500,3
6564.385124679611,CAGE2,500,500,3
123.76555316577951,CAGE2,500,500,3
2876.207289736186,CAGE2,500,500,3
563.0440358820106,CAGE2,500,500,3
63.02292721618488,CAGE2,500,500,3
2616.557434207274,CAGE2,500,500,3
288.1667139331127,CAGI11,500,500,3
3777.0798726681587,CAGI11,500,500,3
190.0829743547662,CAGI11,500,500,3
1465.6050635800962,CAGI11,500,500,3
2138.171026237352,CAGI11,500,500,3
1772.4113073427184,CAGI11,500,500,3
366.076380000704,CAGI11,500,500,3
3301.321894100264,CAGI11,500,500,3
34.49606506222222,CAGI11,500,500,3
69.69094940347735,CAGI11,500,500,3
1460.05481276,CAGI11,500,500,3
166.7450829308516,CAGI11,500,500,3
256.556710494144,CAGI11,500,500,3
105.46415218633953,CAGI11,500,500,3
2133.7672985519703,CAGI11,500,500,3
782.1603600217587,CAGI11,500,500,3
380.40225100817077,CAGI11,500,500,3
381.4736513625582,CAGI11,500,500,3
641.8490868697318,CAGI11,500,500,3
71.81882797482493,CAGI11,500,500,3
1404.9173737642025,CAGI4,500,500,3
275.5446352257973,CAGI4,500,500,3
1658.7186110966593,CAGI4,500,500,3
553.3367475643713,CAGI4,500,500,3
90.02761943995733,CAGI4,500,500,3
505.15406172705946,CAGI4,500,500,3
121.87258401026668,CAGI4,500,500,3
2715.069835893289,CAGI4,500,500,3
2164.4135352873786,CAGI4,500,500,3
2837.2452893281843,CAGI4,500,500,3
188.1507049939556,CAGI4,500,500,3
1380.3992870621796,CAGI4,500,500,3
242.8139574158916,CAGI4,500,500,3
46.52603822078401,CAGI4,500,500,3
671.0214381989265,CAGI4,500,500,3
3374.2002352503387,CAGI4,500,500,3
417.8444444232518,CAGI4,500,500,3
332.3714414291893,CAGI4,500,500,3
7133.862928556586,CAGI4,500,500,3
2397.4771499602325,CAGI4,500,500,3
2716.115107116401,CAGL11,500,500,3
5820.801852874665,CAGL11,500,500,3
2662.1168391438227,CAGL11,500,500,3
6151.451231187154,CAGL11,500,500,3
29.161584955518226,CAGL11,500,500,3
969.0837996123714,CAGL11,500,500,3
205.47680557673064,CAGL11,500,500,3
554.2323757651559,CAGL11,500,500,3
114.74094796158403,CAGL11,500,500,3
209.36020633417965,CAGL11,500,500,3
2859.9250214099548,CAGL11,500,500,3
2375.1702771991036,CAGL11,500,500,3
2952.367426510419,CAGL11,500,500,3
994.5970890034558,CAGL11,500,500,3
174.4765157251982,CAGL11,500,500,3
823.5054573222382,CAGL11,500,500,3
2959.0165874244244,CAGL11,500,500,3
4552.659532119543,CAGL11,500,500,3
2086.109826358159,CAGL11,500,500,3
544.775909100713,CAGL11,500,500,3
107.6014436849049,CAGL2,500,500,3
162.84436746495294,CAGL2,500,500,3
283.9221342132887,CAGL2,500,500,3
3684.313539532259,CAGL2,500,500,3
250.14347160393964,CAGL2,500,500,3
327.2700357631555,CAGL2,500,500,3
280.29147127123736,CAGL2,500,500,3
320.34467282448895,CAGL2,500,500,3
265.97316983892614,CAGL2,500,500,3
460.0746424704001,CAGL2,500,500,3
508.9541645224886,CAGL2,500,500,3
1081.2672708266027,CAGL2,500,500,3
885.6232545592892,CAGL2,500,500,3
1282.5959475644001,CAGL2,500,500,3
46.08287594922489,CAGL2,500,500,3
291.3369550122223,CAGL2,500,500,3
203.33597873681063,CAGL2,500,500,3
1247.634464758526,CAGL2,500,500,3
127.7534629287662,CAGL2,500,500,3
164.61386210709153,CAGL2,500,500,3
2947.9180409850865,CAGL5,500,500,3
509.8737110833333,CAGL5,500,500,3
6212.636150348571,CAGL5,500,500,3
6563.431615805611,CAGL5,500,500,3
164.69327463474485,CAGL5,500,500,3
5816.985266237943,CAGL5,500,500,3
95.58811873382221,CAGL5,500,500,3
302.5332556374595,CAGL5,500,500,3
295.4525142342381,CAGL5,500,500,3
127.03047866555556,CAGL5,500,500,3
3184.028639591066,CAGL5,500,500,3
214.82872467263815,CAGL5,500,500,3
260.0219802266665,CAGL5,500,500,3
819.2988367581795,CAGL5,500,500,3
63.85322385470399,CAGL5,500,500,3
153.00513999998404,CAGL5,500,500,3
630.2499491011985,CAGL5,500,500,3
282.45748832894407,CAGL5,500,500,3
669.4529517046327,CAGL5,500,500,3
116.0494053799182,CAGL5,500,500,3
1534.0262812480685,CAGL6,500,500,3
412.77889483693355,CAGL6,500,500,3
2266.507947498554,CAGL6,500,500,3
617.3373572120961,CAGL6,500,500,3
571.4848353564001,CAGL6,500,500,3
2154.355534404772,CAGL6,500,500,3
293.6927229443395,CAGL6,500,500,3
955.0488948255986,CAGL6,500,500,3
243.78927392637152,CAGL6,500,500,3
3040.91054524807,CAGL6,500,500,3
2336.3652186666372,CAGL6,500,500,3
2028.734932186104,CAGL6,500,500,3
187.40464241780623,CAGL6,500,500,3
231.94675983308616,CAGL6,500,500,3
452.4467946650669,CAGL6,500,500,3
503.6274299264,CAGL6,500,500,3
150.3287363946223,CAGL6,500,500,3
37.20985819698489,CAGL6,500,500,3
1083.1410276067832,CAGL6,500,500,3
2213.0091492441306,CAGL6,500,500,3
196.4568152282862,CAGL8,500,500,3
1964.560852490745,CAGL8,500,500,3
359.8450771551555,CAGL8,500,500,3
3434.337058188687,CAGL8,500,500,3
1668.5852866608916,CAGL8,500,500,3
475.03341414359977,CAGL8,500,500,3
489.50995985254417,CAGL8,500,500,3
174.587859721984,CAGL8,500,500,3
547.0878493490327,CAGL8,500,500,3
235.04978893983284,CAGL8,500,500,3
258.1283196463715,CAGL8,500,500,3
135.0644653303449,CAGL8,500,500,3
1750.1589999519574,CAGL8,500,500,3
107.92131944567286,CAGL8,500,500,3
1119.3907278723127,CAGL8,500,500,3
1541.4218404788887,CAGL8,500,500,3
3696.6321759839993,CAGL8,500,500,3
2641.990498949331,CAGL8,500,500,3
415.502051754489,CAGL8,500,500,3
677.3157635728907,CAGL8,500,500,3
1675.063145337599,CAGR11,500,500,3
4661.583753039956,CAGR11,500,500,3
2074.764971379055,CAGR11,500,500,3
288.0410455246222,CAGR11,500,500,3
1587.6083230594825,CAGR11,500,500,3
2050.9577886171714,CAGR11,500,500,3
8884.597521198479,CAGR11,500,500,3
564.0283177218117,CAGR11,500,500,3
652.8967465555554,CAGR11,500,500,3
2532.2775912469333,CAGR11,500,500,3
4794.703233723479,CAGR11,500,500,3
1551.8670390107575,CAGR11,500,500,3
2823.6888161582783,CAGR11,500,500,3
782.2094016769972,CAGR11,500,500,3
3876.5650252643395,CAGR11,500,500,3
3493.7781889691732,CAGR11,500,500,3
139.81788897173158,CAGR11,500,500,3
123.51301344852624,CAGR11,500,500,3
218.77001119957148,CAGR11,500,500,3
1420.3155175409704,CAGR11,500,500,3
1562.5620907441057,CAGR2,500,500,3
602.6222201625584,CAGR2,500,500,3
2663.6012004166655,CAGR2,500,500,3
2623.3984063909256,CAGR2,500,500,3
3207.116846647806,CAGR2,500,500,3
584.9886363238326,CAGR2,500,500,3
3193.690341040126,CAGR2,500,500,3
168.64449473362487,CAGR2,500,500,3
363.5051493295715,CAGR2,500,500,3
1556.7675138496002,CAGR2,500,500,3
245.30110664515556,CAGR2,500,500,3
188.75637624347738,CAGR2,500,500,3
365.5366478460516,CAGR2,500,500,3
111.44933818862215,CAGR2,500,500,3
6296.881839912093,CAGR2,500,500,3
202.80795552135822,CAGR2,500,500,3
3393.5990027417533,CAGR2,500,500,3
93.53037462284621,CAGR2,500,500,3
364.9887854771129,CAGR2,500,500,3
3083.8323253195654,CAGR2,500,500,3
1283.7972816878869,CAGR24,500,500,3
240.0963434945973,CAGR24,500,500,3
186.20057465500264,CAGR24,500,500,3
302.0354679990596,CAGR24,500,500,3
92.95737559378489,CAGR24,500,500,3
575.5500604671931,CAGR24,500,500,3
55.49315722346488,CAGR24,500,500,3
236.9625665616906,CAGR24,500,500,3
123.66660638364273,CAGR24,500,500,3
2522.5708279722203,CAGR24,500,500,3
206.77912877303285,CAGR24,500,500,3
135.5378373670667,CAGR24,500,500,3
145.51409853513957,CAGR24,500,500,3
110.9451625050862,CAGR24,500,500,3
161.3781475909334,CAGR24,500,500,3
106.90791585769065,CAGR24,500,500,3
2146.414117009064,CAGR24,500,500,3
114.6304944827716,CAGR24,500,500,3
349.0877211171556,CAGR24,500,500,3
561.958513532286,CAGR24,500,500,3
2200.7889871612524,CAGR25,500,500,3
746.0275774060374,CAGR25,500,500,3
4569.335888419833,CAGR25,500,500,3
1264.88848191074,CAGR25,500,500,3
598.1088564163396,CAGR25,500,500,3
51.44086182535822,CAGR25,500,500,3
1356.6609150343663,CAGR25,500,500,3
3532.936425498339,CAGR25,500,500,3
526.1968347064728,CAGR25,500,500,3
380.10653957141153,CAGR25,500,500,3
115.17756190715559,CAGR25,500,500,3
33.35590643453154,CAGR25,500,500,3
1071.0722284522503,CAGR25,500,500,3
1932.5811497291918,CAGR25,500,500,3
1085.5841874982118,CAGR25,500,500,3
119.0566533330773,CAGR25,500,500,3
72.6483846193049,CAGR25,500,500,3
86.82238387108265,CAGR25,500,500,3
1165.1820877992889,CAGR25,500,500,3
122.97794248706673,CAGR25,500,500,3
346.41172700071826,CAGR3,500,500,3
317.5686053432889,CAGR3,500,500,3
453.75288358999984,CAGR3,500,500,3
2604.197603170047,CAGR3,500,500,3
155.33820125746487,CAGR3,500,500,3
40.036159905955564,CAGR3,500,500,3
108.65830929177598,CAGR3,500,500,3
45.64957754345066,CAGR3,500,500,3
143.8110004027662,CAGR3,500,500,3
90.50207332940622,CAGR3,500,500,3
51.11623045751286,CAGR3,500,500,3
2074.4784182004882,CAGR3,500,500,3
1408.8438599930862,CAGR3,500,500,3
718.4416065934915,CAGR3,500,500,3
94.48619440178491,CAGR3,500,500,3
244.5353099615129,CAGR3,500,500,3
213.7038717376,CAGR3,500,500,3
324.07244033066485,CAGR3,500,500,3
168.8729908493582,CAGR3,500,500,3
656.3507280824888,CAGR3,500,500,3
314.72441354626676,CAGR4,500,500,3
415.1926951731129,CAGR4,500,500,3
119.79908408489955,CAGR4,500,500,3
232.49136878215822,CAGR4,500,500,3
180.86070315359999,CAGR4,500,500,3
64.88483466697956,CAGR4,500,500,3
172.98686666580616,CAGR4,500,500,3
3584.243542804623,CAGR4,500,500,3
90.64548702121955,CAGR4,500,500,3
51.37642914900623,CAGR4,500,500,3
1238.054089015323,CAGR4,500,500,3
122.50983441828265,CAGR4,500,500,3
249.91129834448887,CAGR4,500,500,3
357.3092847757583,CAGR4,500,500,3
166.38183655423285,CAGR4,500,500,3
403.20326907233954,CAGR4,500,500,3
77.66290799391291,CAGR4,500,500,3
312.92566373862206,CAGR4,500,500,3
250.63574082638937,CAGR4,500,500,3
338.9016020768427,CAGR4,500,500,3
58.858387569749326,CAGR5,500,500,3
1857.3077029307708,CAGR5,500,500,3
448.71235559893313,CAGR5,500,500,3
41.805593349616004,CAGR5,500,500,3
1618.7057348344892,CAGR5,500,500,3
136.67212465353953,CAGR5,500,500,3
54.198692638888865,CAGR5,500,500,3
172.74684860742926,CAGR5,500,500,3
403.89969612370504,CAGR5,500,500,3
340.991951613184,CAGR5,500,500,3
387.7662118165049,CAGR5,500,500,3
224.82108671359993,CAGR5,500,500,3
354.95857649988267,CAGR5,500,500,3
183.55321195617955,CAGR5,500,500,3
301.5505331775716,CAGR5,500,500,3
102.80744842448892,CAGR5,500,500,3
1424.569614625273,CAGR5,500,500,3
204.26292911807815,CAGR5,500,500,3
207.9695761406862,CAGR5,500,500,3
668.2754987782383,CAGR5,500,500,3
1415.0290331190595,CAGU,500,500,3
144.03761526994492,CAGU,500,500,3
1250.1089784526223,CAGU,500,500,3
207.31460690389156,CAGU,500,500,3
1312.4759621249707,CAGU,500,500,3
484.4976811635895,CAGU,500,500,3
84.37730424319821,CAGU,500,500,3
2268.9517179851096,CAGU,500,500,3
225.65596652333326,CAGU,500,500,3
1091.2740232185586,CAGU,500,500,3
6910.733102013437,CAGU,500,500,3
270.37248723028625,CAGU,500,500,3
956.4605912332515,CAGU,500,500,3
131.19018098915552,CAGU,500,500,3
712.7274603140107,CAGU,500,500,3
93.66741768248886,CAGU,500,500,3
171.8536602531555,CAGU,500,500,3
576.9457182079717,CAGU,500,500,3
53.909305193464895,CAGU,500,500,3
179.64984681044623,CAGU,500,500,3
84.11190799500623,CAGY4,500,500,3
42.97087266093334,CAGY4,500,500,3
280.9186849860198,CAGY4,500,500,3
264.2256546323182,CAGY4,500,500,3
475.42743034105604,CAGY4,500,500,3
200.29911669245155,CAGY4,500,500,3
63.52581005940624,CAGY4,500,500,3
1019.8745732478865,CAGY4,500,500,3
26.803731802339552,CAGY4,500,500,3
301.81970220535277,CAGY4,500,500,3
802.1346808206771,CAGY4,500,500,3
1113.803208001252,CAGY4,500,500,3
3504.252794625108,CAGY4,500,500,3
111.87941865795554,CAGY4,500,500,3
10.087091216979555,CAGY4,500,500,3
417.9253120981263,CAGY4,500,500,3
238.96352200948613,CAGY4,500,500,3
3406.0751683539556,CAGY4,500,500,3
531.0627606753849,CAGY4,500,500,3
19.898973994943997,CAGY4,500,500,3
213.0337785804159,CAHA13,500,500,3
311.13205965111285,CAHA13,500,500,3
259.0421102102027,CAHA13,500,500,3
323.66083606407824,CAHA13,500,500,3
245.04059112479297,CAHA13,500,500,3
189.88346666222213,CAHA13,500,500,3
1839.045295373296,CAHA13,500,500,3
4754.531652295063,CAHA13,500,500,3
327.6868383027182,CAHA13,500,500,3
243.7442489006916,CAHA13,500,500,3
622.5521209768513,CAHA13,500,500,3
77.04436122662224,CAHA13,500,500,3
232.14196571502936,CAHA13,500,500,3
280.90879321777606,CAHA13,500,500,3
211.61625209265594,CAHA13,500,500,3
209.31125230598934,CAHA13,500,500,3
313.14295537207295,CAHA13,500,500,3
54.09555647675736,CAHA13,500,500,3
170.08391597789156,CAHA13,500,500,3
103.49865156562487,CAHA13,500,500,3
388.19397669546476,CAHA6,500,500,3
464.37318866922476,CAHA6,500,500,3
875.2128056291555,CAHA6,500,500,3
3739.6816871748206,CAHA6,500,500,3
801.1492071704731,CAHA6,500,500,3
174.6074013882596,CAHA6,500,500,3
430.7402280156995,CAHA6,500,500,3
55.88978383785956,CAHA6,500,500,3
777.3783026491099,CAHA6,500,500,3
2545.3622782450334,CAHA6,500,500,3
140.49222055893335,CAHA6,500,500,3
1904.0468015363988,CAHA6,500,500,3
236.82706938279813,CAHA6,500,500,3
630.3681557884001,CAHA6,500,500,3
423.7003264880193,CAHA6,500,500,3
344.26028396393065,CAHA6,500,500,3
597.7772269178242,CAHA6,500,500,3
178.18311068995556,CAHA6,500,500,3
4757.521887576871,CAHA6,500,500,3
144.7935719628729,CAHA6,500,500,3
3146.006748343593,CAHA7,500,500,3
332.9011611704889,CAHA7,500,500,3
143.4583965969049,CAHA7,500,500,3
102.32480981354489,CAHA7,500,500,3
179.01108478375815,CAHA7,500,500,3
307.1948490622224,CAHA7,500,500,3
1750.7522067797327,CAHA7,500,500,3
3260.9812524572385,CAHA7,500,500,3
2577.2898661649756,CAHA7,500,500,3
183.33725464375286,CAHA7,500,500,3
76.95342250834487,CAHA7,500,500,3
108.37223162382219,CAHA7,500,500,3
70.15494345437155,CAHA7,500,500,3
318.2238491591661,CAHA7,500,500,3
100.83579516307738,CAHA7,500,500,3
204.8584151310773,CAHA7,500,500,3
83.61777852181154,CAHA7,500,500,3
186.8026223146222,CAHA7,500,500,3
299.7321632750649,CAHA7,500,500,3
118.09128685695818,CAHA7,500,500,3
179.17924224702395,CAHE2,500,500,3
277.6304135374062,CAHE2,500,500,3
396.5886046804462,CAHE2,500,500,3
218.05466723728895,CAHE2,500,500,3
1702.562371165638,CAHE2,500,500,3
48.395954401784905,CAHE2,500,500,3
284.0376706107448,CAHE2,500,500,3
2154.468952293199,CAHE2,500,500,3
24.756261197722658,CAHE2,500,500,3
291.5645439931662,CAHE2,500,500,3
441.6255495260427,CAHE2,500,500,3
388.17424646240005,CAHE2,500,500,3
149.24582810271292,CAHE2,500,500,3
546.8888054804888,CAHE2,500,500,3
242.75628829382387,CAHE2,500,500,3
3152.654889376364,CAHE2,500,500,3
484.6670278791095,CAHE2,500,500,3
229.40213732437147,CAHE2,500,500,3
417.0489502222222,CAHE2,500,500,3
1995.43351943626,CAHE2,500,500,3
2773.362085722446,CAHE3,500,500,3
788.2118412780783,CAHE3,500,500,3
1337.250342344505,CAHE3,500,500,3
1483.0291954122506,CAHE3,500,500,3
1079.107991623566,CAHE3,500,500,3
550.6952783703449,CAHE3,500,500,3
573.1476996287134,CAHE3,500,500,3
207.61198885262223,CAHE3,500,500,3
1735.3760901288888,CAHE3,500,500,3
208.60396783899733,CAHE3,500,500,3
3364.956241842603,CAHE3,500,500,3
310.59389671238915,CAHE3,500,500,3
1581.405990115113,CAHE3,500,500,3
86.72552409514488,CAHE3,500,500,3
241.04261142037154,CAHE3,500,500,3
2592.248114227156,CAHE3,500,500,3
185.99763843498488,CAHE3,500,500,3
168.22185268046934,CAHE3,500,500,3
472.5279549759841,CAHE3,500,500,3
1366.5645833703659,CAHE3,500,500,3
1852.7363687839563,CAHI10,500,500,3
183.16079658128885,CAHI10,500,500,3
240.99998816183293,CAHI10,500,500,3
272.29635352319275,CAHI10,500,500,3
223.5132261635129,CAHI10,500,500,3
722.1528507399894,CAHI10,500,500,3
3497.1539018184253,CAHI10,500,500,3
251.24085773993968,CAHI10,500,500,3
110.46611584106493,CAHI10,500,500,3
239.0412725187128,CAHI10,500,500,3
206.18578230506483,CAHI10,500,500,3
543.8858041605974,CAHI10,500,500,3
278.1698186528996,CAHI10,500,500,3
284.0927504671554,CAHI10,500,500,3
2480.3531711773853,CAHI10,500,500,3
86.27126379025069,CAHI10,500,500,3
606.0538886323128,CAHI10,500,500,3
205.53766938118935,CAHI10,500,500,3
719.9365724723185,CAHI10,500,500,3
239.5320692018063,CAHI10,500,500,3
119.9836533241582,CAHI3,500,500,3
367.3838991665492,CAHI3,500,500,3
2382.654488216292,CAHI3,500,500,3
836.5610548324695,CAHI3,500,500,3
1203.8133003568196,CAHI3,500,500,3
104.89137234555557,CAHI3,500,500,3
951.7392794886241,CAHI3,500,500,3
3526.916285519674,CAHI3,500,500,3
207.13463596798408,CAHI3,500,500,3
375.3272061243998,CAHI3,500,500,3
530.8241112327662,CAHI3,500,500,3
2032.690584733226,CAHI3,500,500,3
1232.5440051005849,CAHI3,500,500,3
2497.06002781282,CAHI3,500,500,3
840.8263111072692,CAHI3,500,500,3
2364.2292213317332,CAHI3,500,500,3
2007.7427759946215,CAHI3,500,500,3
54.084101275733325,CAHI3,500,500,3
1391.7355536797581,CAHI3,500,500,3
306.35655231995565,CAHI3,500,500,3
1053.4721878655555,CAHI5,500,500,3
3094.108863727331,CAHI5,500,500,3
72.17242000338491,CAHI5,500,500,3
259.2903688694595,CAHI5,500,500,3
256.6411016315572,CAHI5,500,500,3
248.21441076048887,CAHI5,500,500,3
79.2072850344889,CAHI5,500,500,3
125.77872818345956,CAHI5,500,500,3
899.5596999402666,CAHI5,500,500,3
138.05451534071284,CAHI5,500,500,3
119.70823599991294,CAHI5,500,500,3
131.39194874231288,CAHI5,500,500,3
1330.8352528870328,CAHI5,500,500,3
1192.1839999015094,CAHI5,500,500,3
1982.0594398645762,CAHI5,500,500,3
121.87479677582218,CAHI5,500,500,3
93.675646402304,CAHI5,500,500,3
187.89780250484623,CAHI5,500,500,3
583.4859894537797,CAHI5,500,500,3
163.43728821537957,CAHI5,500,500,3
272.97163995447295,CAHI8,500,500,3
53.35865565268621,CAHI8,500,500,3
889.6682888319718,CAHI8,500,500,3
359.9988784284996,CAHI8,500,500,3
2463.2003638844,CAHI8,500,500,3
716.9443617755306,CAHI8,500,500,3
48.8957647018382,CAHI8,500,500,3
70.83940199423289,CAHI8,500,500,3
59.05323866636625,CAHI8,500,500,3
187.27020770695825,CAHI8,500,500,3
28.772725493032898,CAHI8,500,500,3
818.960744631779,CAHI8,500,500,3
19.759019106126225,CAHI8,500,500,3
231.95614758279825,CAHI8,500,500,3
38.806171278632895,CAHI8,500,500,3
190.64692377286403,CAHI8,500,500,3
118.97636799649956,CAHI8,500,500,3
92.3066346222862,CAHI8,500,500,3
127.45881802578496,CAHI8,500,500,3
349.41811070921955,CAHI8,500,500,3
262.4985808225848,CAHO5,500,500,3
93.4058897942116,CAHO5,500,500,3
313.9519651054863,CAHO5,500,500,3
87.89574443448892,CAHO5,500,500,3
1376.4832383972243,CAHO5,500,500,3
399.210299550713,CAHO5,500,500,3
124.36885588710399,CAHO5,500,500,3
127.13678252428623,CAHO5,500,500,3
338.112491809904,CAHO5,500,500,3
114.9922719578382,CAHO5,500,500,3
103.35749509716622,CAHO5,500,500,3
126.51293192052621,CAHO5,500,500,3
319.95424662823814,CAHO5,500,500,3
191.4924932607928,CAHO5,500,500,3
6733.257745584382,CAHO5,500,500,3
2616.6927689139043,CAHO5,500,500,3
97.14367460248887,CAHO5,500,500,3
42.22665621537953,CAHO5,500,500,3
150.76082639217603,CAHO5,500,500,3
109.97754664743829,CAHO5,500,500,3
247.29494304221154,CAHO9,500,500,3
692.2812372614382,CAHO9,500,500,3
136.55364360960002,CAHO9,500,500,3
801.5201185055979,CAHO9,500,500,3
66.73033290996624,CAHO9,500,500,3
200.88894106025077,CAHO9,500,500,3
166.90242241606924,CAHO9,500,500,3
5072.901958546745,CAHO9,500,500,3
123.85928479828618,CAHO9,500,500,3
226.72863507070406,CAHO9,500,500,3
239.59328696924263,CAHO9,500,500,3
27.279327232766235,CAHO9,500,500,3
50.12435359722489,CAHO9,500,500,3
298.0404301230062,CAHO9,500,500,3
179.46192512358408,CAHO9,500,500,3
644.6125664211554,CAHO9,500,500,3
157.28658248873955,CAHO9,500,500,3
2121.8155868263666,CAHO9,500,500,3
4057.80810985375,CAHO9,500,500,3
160.67477672888896,CAHO9,500,500,3
5514.217636530519,CAHU,500,500,3
315.3272437811183,CAHU,500,500,3
99.58558074231287,CAHU,500,500,3
1452.9184720067396,CAHU,500,500,3
92.23924373115551,CAHU,500,500,3
1992.2344082762647,CAHU,500,500,3
1474.9881425836782,CAHU,500,500,3
444.3036226562776,CAHU,500,500,3
1649.3928133324728,CAHU,500,500,3
333.3541633492889,CAHU,500,500,3
603.8047214726238,CAHU,500,500,3
331.61803705172616,CAHU,500,500,3
3191.6808852993267,CAHU,500,500,3
248.72074734591288,CAHU,500,500,3
220.42970666641068,CAHU,500,500,3
131.76104729790404,CAHU,500,500,3
1557.7899132843354,CAHU,500,500,3
236.27444318037152,CAHU,500,500,3
182.12134931605155,CAHU,500,500,3
1024.5801502816425,CAHU,500,500,3
295.4179736359184,CAHY3,500,500,3
4485.997775678399,CAHY3,500,500,3
2384.822587326401,CAHY3,500,500,3
358.65940112319834,CAHY3,500,500,3
2882.793750262501,CAHY3,500,500,3
135.5866835361849,CAHY3,500,500,3
263.8641680617174,CAHY3,500,500,3
730.296964058224,CAHY3,500,500,3
262.00955694881964,CAHY3,500,500,3
1053.4942402344889,CAHY3,500,500,3
63.68521369673953,CAHY3,500,500,3
214.56420107515558,CAHY3,500,500,3
2105.9143372048993,CAHY3,500,500,3
191.10109720740266,CAHY3,500,500,3
543.9210893518224,CAHY3,500,500,3
566.8853773325491,CAHY3,500,500,3
2693.027861972222,CAHY3,500,500,3
2580.7108405845324,CAHY3,500,500,3
339.712280699193,CAHY3,500,500,3
118.64116612692624,CAHY3,500,500,3
231.89196893524624,CAHY4,500,500,3
343.67086610062216,CAHY4,500,500,3
189.45774923625072,CAHY4,500,500,3
108.3884016788889,CAHY4,500,500,3
293.7405473862382,CAHY4,500,500,3
250.50630608823292,CAHY4,500,500,3
82.98635466257068,CAHY4,500,500,3
346.5238156529706,CAHY4,500,500,3
970.2436543521975,CAHY4,500,500,3
354.78011972599273,CAHY4,500,500,3
3192.48260086607,CAHY4,500,500,3
387.09588645682487,CAHY4,500,500,3
808.0978564795657,CAHY4,500,500,3
578.8389279009846,CAHY4,500,500,3
102.92820736211735,CAHY4,500,500,3
290.6206809818381,CAHY4,500,500,3
1602.7041118194913,CAHY4,500,500,3
247.31964797926403,CAHY4,500,500,3
2724.050554269296,CAHY4,500,500,3
2688.517171995375,CAHY4,500,500,3
154.12243557141153,CAIL,500,500,3
72.24647212048885,CAIL,500,500,3
1937.1507052140787,CAIL,500,500,3
281.35568084705966,CAIL,500,500,3
80.4673786481707,CAIL,500,500,3
80.0661887718329,CAIL,500,500,3
447.12553057100615,CAIL,500,500,3
252.68016665868615,CAIL,500,500,3
286.6603884770916,CAIL,500,500,3
167.9109024647662,CAIL,500,500,3
158.82059712358404,CAIL,500,500,3
857.7862962570645,CAIL,500,500,3
5885.395469691619,CAIL,500,500,3
158.12907101593603,CAIL,500,500,3
589.0965243704252,CAIL,500,500,3
893.0223068426222,CAIL,500,500,3
115.86293871325154,CAIL,500,500,3
1264.8217571260993,CAIL,500,500,3
267.35857029700264,CAIL,500,500,3
496.6123720000781,CAIL,500,500,3
4319.81283511953,CAIL2,500,500,3
494.41301238954486,CAIL2,500,500,3
3038.7204887479165,CAIL2,500,500,3
3394.9870717539825,CAIL2,500,500,3
1985.1639155855617,CAIL2,500,500,3
653.2194288523663,CAIL2,500,500,3
1994.8262329469705,CAIL2,500,500,3
1141.433493261083,CAIL2,500,500,3
2479.941192736598,CAIL2,500,500,3
2006.9539093312778,CAIL2,500,500,3
792.2732818760255,CAIL2,500,500,3
1897.5470847988881,CAIL2,500,500,3
118.59277670228623,CAIL2,500,500,3
4335.874467864104,CAIL2,500,500,3
2765.8341725372434,CAIL2,500,500,3
339.8183338373527,CAIL2,500,500,3
2302.73784902313,CAIL2,500,500,3
1464.5794061883998,CAIL2,500,500,3
2659.10770529351,CAIL2,500,500,3
3185.410108647251,CAIL2,500,500,3
33.395276779797335,CAIN11,500,500,3
928.7767900677525,CAIN11,500,500,3
43.989479088611546,CAIN11,500,500,3
385.42406250645155,CAIN11,500,500,3
280.13328701638943,CAIN11,500,500,3
215.1158370400995,CAIN11,500,500,3
2979.8099536411705,CAIN11,500,500,3
435.3063373226597,CAIN11,500,500,3
84.37674244764266,CAIN11,500,500,3
91.42669018143286,CAIN11,500,500,3
72.82814944391824,CAIN11,500,500,3
520.3236075869797,CAIN11,500,500,3
103.84107724884619,CAIN11,500,500,3
36.20265636436622,CAIN11,500,500,3
3606.8382546913845,CAIN11,500,500,3
112.8208442612907,CAIN11,500,500,3
82.84932656000001,CAIN11,500,500,3
195.30874891342933,CAIN11,500,500,3
588.5528451269332,CAIN11,500,500,3
97.43578782207283,CAIN11,500,500,3
444.33642267041967,CAIN12,500,500,3
269.394009681136,CAIN12,500,500,3
358.3121166526506,CAIN12,500,500,3
3829.036584654501,CAIN12,500,500,3
69.48211309126935,CAIN12,500,500,3
76.53671674350936,CAIN12,500,500,3
36.83143731259734,CAIN12,500,500,3
222.6162662170862,CAIN12,500,500,3
121.9012271717262,CAIN12,500,500,3
341.14537461862216,CAIN12,500,500,3
603.4907929510663,CAIN12,500,500,3
95.70501050020266,CAIN12,500,500,3
1451.055899782713,CAIN12,500,500,3
150.29607161941155,CAIN12,500,500,3
3580.4513686126274,CAIN12,500,500,3
303.7046076400002,CAIN12,500,500,3
195.2750466342666,CAIN12,500,500,3
2067.3496459617263,CAIN12,500,500,3
128.73542219374937,CAIN12,500,500,3
136.58984370482494,CAIN12,500,500,3
124.32662608646933,CAIN13,500,500,3
310.1417454424106,CAIN13,500,500,3
7150.709314025784,CAIN13,500,500,3
4037.3100517486864,CAIN13,500,500,3
98.35614789845155,CAIN13,500,500,3
76.84654652882494,CAIN13,500,500,3
726.333461111289,CAIN13,500,500,3
4717.338331424704,CAIN13,500,500,3
2597.2944235870573,CAIN13,500,500,3
4619.863884450475,CAIN13,500,500,3
105.56529684172621,CAIN13,500,500,3
126.67907208460619,CAIN13,500,500,3
183.38325746915555,CAIN13,500,500,3
253.39313352958402,CAIN13,500,500,3
274.13276764319295,CAIN13,500,500,3
713.7693446616107,CAIN13,500,500,3
2690.206352283136,CAIN13,500,500,3
2952.721738608953,CAIN13,500,500,3
1404.7300994796785,CAIN13,500,500,3
4957.710588885155,CAIN13,500,500,3
1191.5051688611843,CAIN14,500,500,3
4803.688743422292,CAIN14,500,500,3
383.3527329680194,CAIN14,500,500,3
3221.0545708776513,CAIN14,500,500,3
5219.832337723728,CAIN14,500,500,3
446.69646466555554,CAIN14,500,500,3
261.30061570098485,CAIN14,500,500,3
506.79907173629175,CAIN14,500,500,3
2479.812043736489,CAIN14,500,500,3
520.1776923897579,CAIN14,500,500,3
204.14726602153956,CAIN14,500,500,3
12733.14189876166,CAIN14,500,500,3
2094.7281643881793,CAIN14,500,500,3
1573.7088074485757,CAIN14,500,500,3
2549.4881772583185,CAIN14,500,500,3
1558.1424828634865,CAIN14,500,500,3
2442.0074092366226,CAIN14,500,500,3
3078.481581042489,CAIN14,500,500,3
704.2652993798384,CAIN14,500,500,3
562.6883247435094,CAIN14,500,500,3
122.54857579206399,CAIN15,500,500,3
222.37253417773326,CAIN15,500,500,3
4259.755815440923,CAIN15,500,500,3
116.17747993595556,CAIN15,500,500,3
35.42018835455289,CAIN15,500,500,3
300.7084605492889,CAIN15,500,500,3
201.85400240178487,CAIN15,500,500,3
116.24424710331736,CAIN15,500,500,3
1655.7422248883038,CAIN15,500,500,3
410.6416657399396,CAIN15,500,500,3
165.10101105002485,CAIN15,500,500,3
216.85442860262413,CAIN15,500,500,3
3472.9909650466066,CAIN15,500,500,3
9495.896790431289,CAIN15,500,500,3
367.21139452532617,CAIN15,500,500,3
2245.6247468577,CAIN15,500,500,3
456.18501172262216,CAIN15,500,500,3
62.18685851508624,CAIN15,500,500,3
622.110577491278,CAIN15,500,500,3
73.54634434131732,CAIN15,500,500,3
1127.9646892339128,CAIN19,500,500,3
4087.6278063604864,CAIN19,500,500,3
109.9574557992889,CAIN19,500,500,3
120.11562929006936,CAIN19,500,500,3
258.1464650811449,CAIN19,500,500,3
4049.323123697066,CAIN19,500,500,3
1139.5505100869336,CAIN19,500,500,3
85.75774390758401,CAIN19,500,500,3
731.9823263425262,CAIN19,500,500,3
36.091270345555564,CAIN19,500,500,3
93.06885307093336,CAIN19,500,500,3
458.39739862395555,CAIN19,500,500,3
1098.5073664801973,CAIN19,500,500,3
29.26711533196623,CAIN19,500,500,3
2467.067320005966,CAIN19,500,500,3
250.8494461268462,CAIN19,500,500,3
2791.535885238825,CAIN19,500,500,3
203.36937535462224,CAIN19,500,500,3
155.2079909535128,CAIN19,500,500,3
555.4205354052249,CAIN19,500,500,3
1112.1976771847667,CAIN2,500,500,3
3211.7329149134043,CAIN2,500,500,3
41.53789901715732,CAIN2,500,500,3
65.35279029212265,CAIN2,500,500,3
1763.9115090684516,CAIN2,500,500,3
1593.2430908093706,CAIN2,500,500,3
778.5457102933046,CAIN2,500,500,3
1506.9651437963307,CAIN2,500,500,3
126.63235034105601,CAIN2,500,500,3
221.0620592957708,CAIN2,500,500,3
82.73620387406932,CAIN2,500,500,3
939.2655309237314,CAIN2,500,500,3
622.4314586584461,CAIN2,500,500,3
400.87321452679834,CAIN2,500,500,3
4231.700276853645,CAIN2,500,500,3
1158.268070046505,CAIN2,500,500,3
68.57088261159821,CAIN2,500,500,3
1702.8041999599993,CAIN2,500,500,3
717.8492500799554,CAIN2,500,500,3
1721.822732349156,CAIN2,500,500,3
177.66779862823824,CAIN4,500,500,3
1589.626783348622,CAIN4,500,500,3
2431.2206878736993,CAIN4,500,500,3
997.7553758723984,CAIN4,500,500,3
314.6735515024197,CAIN4,500,500,3
1155.4645341722667,CAIN4,500,500,3
103.39306409983824,CAIN4,500,500,3
1526.5387507103574,CAIN4,500,500,3
2569.6491974398214,CAIN4,500,500,3
1609.3762385151558,CAIN4,500,500,3
130.3444782846222,CAIN4,500,500,3
532.4499867219555,CAIN4,500,500,3
256.3310173112249,CAIN4,500,500,3
2765.018773299184,CAIN4,500,500,3
679.0410618338825,CAIN4,500,500,3
289.65037865289946,CAIN4,500,500,3
1457.9122011951629,CAIN4,500,500,3
188.68852290306663,CAIN4,500,500,3
1577.2492198258337,CAIN4,500,500,3
1568.103028653821,CAIN4,500,500,3
793.5924558022666,CAJA2,500,500,3
77.42296963982224,CAJA2,500,500,3
98.7919679200996,CAJA2,500,500,3
224.33142182161058,CAJA2,500,500,3
1745.5162769571555,CAJA2,500,500,3
79.69934754130486,CAJA2,500,500,3
85.1269586393582,CAJA2,500,500,3
2284.635263011397,CAJA2,500,500,3
160.13335472468611,CAJA2,500,500,3
157.6128635733262,CAJA2,500,500,3
293.04188391246936,CAJA2,500,500,3
27.769498260472904,CAJA2,500,500,3
1012.7382376929268,CAJA2,500,500,3
479.3172241388639,CAJA2,500,500,3
68.57300351982222,CAJA2,500,500,3
84.18113165623288,CAJA2,500,500,3
2509.9979655946513,CAJA2,500,500,3
58.984956036771564,CAJA2,500,500,3
885.7893411774559,CAJA2,500,500,3
43.81933251611733,CAJA2,500,500,3
1097.1376800788894,CAJA3,500,500,3
674.0006718187929,CAJA3,500,500,3
384.6621499949436,CAJA3,500,500,3
127.14398295975822,CAJA3,500,500,3
1226.8973473688955,CAJA3,500,500,3
414.4288908927129,CAJA3,500,500,3
1098.629406934976,CAJA3,500,500,3
868.8961318099042,CAJA3,500,500,3
2342.076001479824,CAJA3,500,500,3
1717.5928102648722,CAJA3,500,500,3
746.2618972949176,CAJA3,500,500,3
900.182820665385,CAJA3,500,500,3
655.1004543750668,CAJA3,500,500,3
815.961651693353,CAJA3,500,500,3
2627.7762655345705,CAJA3,500,500,3
107.09144424668267,CAJA3,500,500,3
804.558216716622,CAJA3,500,500,3
1369.4182960383998,CAJA3,500,500,3
1287.3071664246036,CAJA3,500,500,3
1838.9459920485265,CAJA3,500,500,3
944.0160641105855,CAJO2,500,500,3
354.89470375395547,CAJO2,500,500,3
301.43841805772627,CAJO2,500,500,3
334.47571966182227,CAJO2,500,500,3
2437.455359357082,CAJO2,500,500,3
143.27953094928887,CAJO2,500,500,3
258.9956453285263,CAJO2,500,500,3
216.84366096775818,CAJO2,500,500,3
71.70173586438933,CAJO2,500,500,3
3696.8180602308967,CAJO2,500,500,3
589.2064303364249,CAJO2,500,500,3
3038.332492500651,CAJO2,500,500,3
3128.2574199970104,CAJO2,500,500,3
1378.6593108146064,CAJO2,500,500,3
266.30012924492615,CAJO2,500,500,3
4455.821409056665,CAJO2,500,500,3
260.37767290474477,CAJO2,500,500,3
992.814645165966,CAJO2,500,500,3
2310.2507204746225,CAJO2,500,500,3
1458.6286135491393,CAJO2,500,500,3
2182.869701553406,CALA10,500,500,3
4614.128853505168,CALA10,500,500,3
2541.4061465705176,CALA10,500,500,3
4257.623822258771,CALA10,500,500,3
5237.736861109886,CALA10,500,500,3
86.83031430357157,CALA10,500,500,3
391.7230386130329,CALA10,500,500,3
896.0963284179558,CALA10,500,500,3
816.9007510234865,CALA10,500,500,3
77.2173664106222,CALA10,500,500,3
57.21691354295289,CALA10,500,500,3
2465.5690639815043,CALA10,500,500,3
120.1858787515662,CALA10,500,500,3
4757.078991720306,CALA10,500,500,3
8075.370306993407,CALA10,500,500,3
197.94908126293151,CALA10,500,500,3
196.1060089812888,CALA10,500,500,3
110.80846992706664,CALA10,500,500,3
3889.6107942806125,CALA10,500,500,3
1103.2974808691179,CALA10,500,500,3
147.7765146024889,CALA11,500,500,3
168.5902724841529,CALA11,500,500,3
2003.228749954259,CALA11,500,500,3
80.65131951558404,CALA11,500,500,3
556.9382157457335,CALA11,500,500,3
2662.1083979324994,CALA11,500,500,3
3970.235336874639,CALA11,500,500,3
154.8489378909849,CALA11,500,500,3
414.468837269269,CALA11,500,500,3
3471.1826601105,CALA11,500,500,3
559.2733736294241,CALA11,500,500,3
2084.3815705439556,CALA11,500,500,3
2641.113408293824,CALA11,500,500,3
667.1464971641441,CALA11,500,500,3
190.69321066595558,CALA11,500,500,3
467.9654305510666,CALA11,500,500,3
179.18001772839824,CALA11,500,500,3
117.1812289203129,CALA11,500,500,3
150.41316702121958,CALA11,500,500,3
172.2095003764889,CALA11,500,500,3
1949.0573744115998,CALA16,500,500,3
755.7511393644787,CALA16,500,500,3
239.04135059484278,CALA16,500,500,3
601.68847484,CALA16,500,500,3
336.6157406549315,CALA16,500,500,3
665.1315873492889,CALA16,500,500,3
537.8293523068514,CALA16,500,500,3
517.4883332532887,CALA16,500,500,3
181.346702464256,CALA16,500,500,3
1908.0965888106377,CALA16,500,500,3
84.90780906950397,CALA16,500,500,3
367.36558521222923,CALA16,500,500,3
334.464755988336,CALA16,500,500,3
225.06452829921952,CALA16,500,500,3
199.38492210516623,CALA16,500,500,3
561.7144575856,CALA16,500,500,3
135.22710519494933,CALA16,500,500,3
189.95532419473057,CALA16,500,500,3
665.7540154382505,CALA16,500,500,3
570.738090268585,CALA16,500,500,3
161.46631715359294,CALA18,500,500,3
99.10850930311815,CALA18,500,500,3
119.80831378889954,CALA18,500,500,3
244.28238514090486,CALA18,500,500,3
36.21347869772624,CALA18,500,500,3
77.56962497493156,CALA18,500,500,3
100.59281030328887,CALA18,500,500,3
459.73173065844634,CALA18,500,500,3
193.10336168134396,CALA18,500,500,3
134.60364256134935,CALA18,500,500,3
37.916209332222245,CALA18,500,500,3
240.15723295223287,CALA18,500,500,3
205.4385830741264,CALA18,500,500,3
790.1920217652912,CALA18,500,500,3
195.81334436769956,CALA18,500,500,3
133.20566747647288,CALA18,500,500,3
1441.529956019371,CALA18,500,500,3
3729.1044754780446,CALA18,500,500,3
558.3816764856248,CALA18,500,500,3
210.2770247039555,CALA18,500,500,3
2694.736886247961,CALA19,500,500,3
516.0746780665585,CALA19,500,500,3
198.65485169619734,CALA19,500,500,3
36.873388694691556,CALA19,500,500,3
4102.695004957154,CALA19,500,500,3
1098.964426323513,CALA19,500,500,3
981.9351562312245,CALA19,500,500,3
102.93883262367292,CALA19,500,500,3
1981.7667571253983,CALA19,500,500,3
102.92127606374397,CALA19,500,500,3
2050.5021490076733,CALA19,500,500,3
445.2333737218117,CALA19,500,500,3
221.5783439424,CALA19,500,500,3
4072.4141173488183,CALA19,500,500,3
230.10619965971745,CALA19,500,500,3
135.9981853779555,CALA19,500,500,3
140.0943056611555,CALA19,500,500,3
103.29049460842491,CALA19,500,500,3
334.56254338951817,CALA19,500,500,3
400.8518987988693,CALA19,500,500,3
318.7308096835626,CALA2,500,500,3
2164.083128225216,CALA2,500,500,3
368.08443469158397,CALA2,500,500,3
134.25823913385955,CALA2,500,500,3
62.17246082474487,CALA2,500,500,3
145.14264628462223,CALA2,500,500,3
1666.198579451376,CALA2,500,500,3
66.76368438122488,CALA2,500,500,3
91.85930729897956,CALA2,500,500,3
72.68857401257952,CALA2,500,500,3
89.98522765311822,CALA2,500,500,3
89.10830515014933,CALA2,500,500,3
2578.0473759683127,CALA2,500,500,3
389.73928256319823,CALA2,500,500,3
61.67331997353952,CALA2,500,500,3
52.65526956639998,CALA2,500,500,3
287.9947570239556,CALA2,500,500,3
96.3813919219893,CALA2,500,500,3
302.99840273569947,CALA2,500,500,3
3634.126216317156,CALA2,500,500,3
393.63565185956264,CALA20,500,500,3
504.58427710463275,CALA20,500,500,3
156.13268085077155,CALA20,500,500,3
6223.118827252693,CALA20,500,500,3
220.61377231359987,CALA20,500,500,3
5049.101684497067,CALA20,500,500,3
2279.489489288391,CALA20,500,500,3
969.6696561470864,CALA20,500,500,3
383.0190175645583,CALA20,500,500,3
276.2072754190062,CALA20,500,500,3
136.55663715581156,CALA20,500,500,3
1781.671218107193,CALA20,500,500,3
345.83586957324616,CALA20,500,500,3
2650.087441290267,CALA20,500,500,3
406.8406384857584,CALA20,500,500,3
2399.172664058452,CALA20,500,500,3
3432.341184509651,CALA20,500,500,3
2164.520835785557,CALA20,500,500,3
2438.343382909822,CALA20,500,500,3
1007.2501402709262,CALA20,500,500,3
3090.688720654443,CALE10,500,500,3
245.27441369052264,CALE10,500,500,3
16.419708853304893,CALE10,500,500,3
56.51948126150934,CALE10,500,500,3
443.6660902473793,CALE10,500,500,3
2379.221237251299,CALE10,500,500,3
138.66894848978487,CALE10,500,500,3
184.088251299776,CALE10,500,500,3
515.8503507974382,CALE10,500,500,3
144.02542478442484,CALE10,500,500,3
53.188715980400026,CALE10,500,500,3
143.75599045702933,CALE10,500,500,3
98.39096238207826,CALE10,500,500,3
8542.491930107384,CALE10,500,500,3
2057.8013919735395,CALE10,500,500,3
376.57737740884613,CALE10,500,500,3
67.5564230414062,CALE10,500,500,3
1589.4949440119397,CALE10,500,500,3
580.0829656153581,CALE10,500,500,3
193.51130610201596,CALE10,500,500,3
187.55945975,CALE11,500,500,3
90.23473622084266,CALE11,500,500,3
2364.372293708657,CALE11,500,500,3
347.39337660020624,CALE11,500,500,3
60.96173434862223,CALE11,500,500,3
555.7462562076993,CALE11,500,500,3
24.427419532144015,CALE11,500,500,3
62.83271734630398,CALE11,500,500,3
1237.0126132196958,CALE11,500,500,3
139.61449050521597,CALE11,500,500,3
87.20914240315554,CALE11,500,500,3
858.846031968078,CALE11,500,500,3
1044.9774829920993,CALE11,500,500,3
52.834791454371555,CALE11,500,500,3
4532.245294648488,CALE11,500,500,3
951.8446632548245,CALE11,500,500,3
4124.706449362048,CALE11,500,500,3
1414.2446717087985,CALE11,500,500,3
45.40383315014934,CALE11,500,500,3
9.415428125155557,CALE11,500,500,3
199.21678797397152,CALE2,500,500,3
317.83828995532616,CALE2,500,500,3
196.88008983636627,CALE2,500,500,3
1052.2106101614645,CALE2,500,500,3
76.30478266572624,CALE2,500,500,3
66.21750335615823,CALE2,500,500,3
3017.8309037859553,CALE2,500,500,3
69.92617307931734,CALE2,500,500,3
157.95558177663818,CALE2,500,500,3
55.81237332306488,CALE2,500,500,3
2071.379389506667,CALE2,500,500,3
213.47653834151816,CALE2,500,500,3
587.9183808552891,CALE2,500,500,3
235.29431541425598,CALE2,500,500,3
56.35765731987733,CALE2,500,500,3
201.22327590399817,CALE2,500,500,3
673.34988351,CALE2,500,500,3
77.77545684582225,CALE2,500,500,3
141.80832105855828,CALE2,500,500,3
512.686583217136,CALE2,500,500,3
3763.5259794079543,CALE4,500,500,3
2097.2322516976647,CALE4,500,500,3
95.47510914965154,CALE4,500,500,3
4610.410703135956,CALE4,500,500,3
7726.794293082151,CALE4,500,500,3
2846.0621758237853,CALE4,500,500,3
220.28305498503812,CALE4,500,500,3
4932.38633432529,CALE4,500,500,3
111.66991582182223,CALE4,500,500,3
4252.452556665486,CALE4,500,500,3
259.84897313237155,CALE4,500,500,3
317.80711305811735,CALE4,500,500,3
936.3472855697333,CALE4,500,500,3
2432.730058647439,CALE4,500,500,3
1445.92475724066,CALE4,500,500,3
636.3728587902292,CALE4,500,500,3
210.23168713107742,CALE4,500,500,3
1107.8994160078223,CALE4,500,500,3
3967.6821645652903,CALE4,500,500,3
2865.0648526543578,CALE4,500,500,3
74.73476130282485,CALE6,500,500,3
164.41131911891728,CALE6,500,500,3
189.48674029506662,CALE6,500,500,3
144.05746392198935,CALE6,500,500,3
29.520473055459558,CALE6,500,500,3
37.02925723675733,CALE6,500,500,3
102.2359718410649,CALE6,500,500,3
238.3555742995839,CALE6,500,500,3
467.3461503410559,CALE6,500,500,3
89.80069066631822,CALE6,500,500,3
193.61688740743816,CALE6,500,500,3
135.21773379410493,CALE6,500,500,3
300.7506452238223,CALE6,500,500,3
152.6643976532889,CALE6,500,500,3
101.41491175893154,CALE6,500,500,3
59.83536926573334,CALE6,500,500,3
1482.5111210122222,CALE6,500,500,3
61.67775840041065,CALE6,500,500,3
3733.4452319948173,CALE6,500,500,3
251.25132461574933,CALE6,500,500,3
1998.5109443946226,CALE8,500,500,3
259.50171686473954,CALE8,500,500,3
198.91844829293328,CALE8,500,500,3
1338.8452051988884,CALE8,500,500,3
5185.213753568363,CALE8,500,500,3
438.1944408155998,CALE8,500,500,3
2194.958204878205,CALE8,500,500,3
6327.91889150577,CALE8,500,500,3
67.85725411906665,CALE8,500,500,3
437.7944238285493,CALE8,500,500,3
70.19344926293155,CALE8,500,500,3
350.9848507776002,CALE8,500,500,3
1943.1182711262566,CALE8,500,500,3
201.69664161441955,CALE8,500,500,3
102.99167817292624,CALE8,500,500,3
239.21587858751815,CALE8,500,500,3
2522.628799345407,CALE8,500,500,3
414.21414240315556,CALE8,500,500,3
3137.5393664477842,CALE8,500,500,3
144.31426522835736,CALE8,500,500,3
309.8132197499999,CALI,500,500,3
138.83907558182221,CALI,500,500,3
127.5565116502596,CALI,500,500,3
1197.0746669101438,CALI,500,500,3
1266.757763515589,CALI,500,500,3
1593.2207703124463,CALI,500,500,3
39.665044290303996,CALI,500,500,3
97.4360545484729,CALI,500,500,3
2481.226280310606,CALI,500,500,3
2869.942628787199,CALI,500,500,3
61.354751760282674,CALI,500,500,3
89.14866418345956,CALI,500,500,3
79.6906932770062,CALI,500,500,3
86.09899674350935,CALI,500,500,3
78.83371159380624,CALI,500,500,3
60.64239532827731,CALI,500,500,3
87.22325951555555,CALI,500,500,3
150.39873865795562,CALI,500,500,3
22.995649332819557,CALI,500,500,3
74.3953306077796,CALI,500,500,3
250.97004850770486,CALI4,500,500,3
661.0470820642116,CALI4,500,500,3
651.3240077258647,CALI4,500,500,3
943.0625719933848,CALI4,500,500,3
1528.7013425777336,CALI4,500,500,3
409.5768884164959,CALI4,500,500,3
270.2179586018115,CALI4,500,500,3
71.30295730420622,CALI4,500,500,3
974.1867301559183,CALI4,500,500,3
1367.6187357502295,CALI4,500,500,3
5261.980335266687,CALI4,500,500,3
1164.0414226499984,CALI4,500,500,3
1155.6998112290062,CALI4,500,500,3
57.57299470442491,CALI4,500,500,3
3732.4889236479567,CALI4,500,500,3
1223.974933911012,CALI4,500,500,3
1611.6703491848252,CALI4,500,500,3
2385.924960029291,CALI4,500,500,3
1386.649362651305,CALI4,500,500,3
758.1889970379664,CALI4,500,500,3
117.74198244990397,CALI7,500,500,3
3439.845859487344,CALI7,500,500,3
96.33062562642489,CALI7,500,500,3
54.944770289135974,CALI7,500,500,3
2112.9298428343313,CALI7,500,500,3
53.84317677382932,CALI7,500,500,3
429.07057446382214,CALI7,500,500,3
622.4572723347843,CALI7,500,500,3
611.9719211701173,CALI7,500,500,3
2559.0907866943126,CALI7,500,500,3
415.45774732321956,CALI7,500,500,3
76.63851429375286,CALI7,500,500,3
459.22483598546495,CALI7,500,500,3
270.8512205636197,CALI7,500,500,3
810.450701300905,CALI7,500,500,3
567.5541296345583,CALI7,500,500,3
101.90048844457952,CALI7,500,500,3
2885.0025879704153,CALI7,500,500,3
349.6534279571183,CALI7,500,500,3
1757.917363065555,CALI7,500,500,3
76.01263367692619,CALO6,500,500,3
427.0316358824518,CALO6,500,500,3
159.4864371096462,CALO6,500,500,3
3165.6456578193042,CALO6,500,500,3
275.81748591329966,CALO6,500,500,3
1892.7598718604788,CALO6,500,500,3
38.425091920851564,CALO6,500,500,3
268.25360529646935,CALO6,500,500,3
2302.4440728834556,CALO6,500,500,3
145.72786621437155,CALO6,500,500,3
2686.602795687067,CALO6,500,500,3
1509.0938197831663,CALO6,500,500,3
419.70957830022934,CALO6,500,500,3
79.88510633471822,CALO6,500,500,3
661.1065021306862,CALO6,500,500,3
111.16266662228628,CALO6,500,500,3
4196.743204855351,CALO6,500,500,3
3708.5449243966514,CALO6,500,500,3
81.90304398715554,CALO6,500,500,3
471.9602993748459,CALO6,500,500,3
1740.834635260286,CALU3,500,500,3
2015.3710159599998,CALU3,500,500,3
2964.1390303272888,CALU3,500,500,3
3251.1992229246216,CALU3,500,500,3
115.77448565151292,CALU3,500,500,3
358.85024244135815,CALU3,500,500,3
24.146796273806235,CALU3,500,500,3
47.72853684195555,CALU3,500,500,3
361.23343286151817,CALU3,500,500,3
108.87608605495288,CALU3,500,500,3
46.09132205118399,CALU3,500,500,3
444.06774429706684,CALU3,500,500,3
951.5151050622223,CALU3,500,500,3
3433.517739681991,CALU3,500,500,3
49.88764733414403,CALU3,500,500,3
214.26005015972268,CALU3,500,500,3
1483.6254410004885,CALU3,500,500,3
817.6295010481491,CALU3,500,500,3
54.02607536434488,CALU3,500,500,3
582.7970486607929,CALU3,500,500,3
133.57516718698483,CALU4,500,500,3
32.43590027380621,CALU4,500,500,3
50.81730799782221,CALU4,500,500,3
393.6314107054915,CALU4,500,500,3
170.29558421537962,CALU4,500,500,3
472.9172601084996,CALU4,500,500,3
1077.6245177525977,CALU4,500,500,3
375.2512180761529,CALU4,500,500,3
1634.4363248219572,CALU4,500,500,3
469.01693674814385,CALU4,500,500,3
400.3223868171663,CALU4,500,500,3
608.5484236286222,CALU4,500,500,3
284.29631272076637,CALU4,500,500,3
340.4320243481529,CALU4,500,500,3
1362.9308729867305,CALU4,500,500,3
1810.7692609527448,CALU4,500,500,3
190.9503242867982,CALU4,500,500,3
355.48254266636604,CALU4,500,500,3
1981.9836679717534,CALU4,500,500,3
574.1383543841262,CALU4,500,500,3
171.4293872466329,CALU5,500,500,3
2546.8558530842674,CALU5,500,500,3
677.6605662847929,CALU5,500,500,3
290.78898068582214,CALU5,500,500,3
19.211256389971545,CALU5,500,500,3
2970.5741076214326,CALU5,500,500,3
4374.622916072956,CALU5,500,500,3
784.5228127118222,CALU5,500,500,3
2296.5015337980517,CALU5,500,500,3
248.44635188195562,CALU5,500,500,3
468.59428688486395,CALU5,500,500,3
4162.8792749011545,CALU5,500,500,3
401.8841891580516,CALU5,500,500,3
98.15471901092268,CALU5,500,500,3
613.3285436625848,CALU5,500,500,3
430.91545833812626,CALU5,500,500,3
2447.3719669932643,CALU5,500,500,3
719.3465494828782,CALU5,500,500,3
425.7970032159553,CALU5,500,500,3
4185.298531816816,CALU5,500,500,3
952.1822495627661,CALU7,500,500,3
286.0723032917316,CALU7,500,500,3
491.58261199419724,CALU7,500,500,3
477.826806481193,CALU7,500,500,3
187.09442102355726,CALU7,500,500,3
230.1041199709708,CALU7,500,500,3
163.855545198336,CALU7,500,500,3
710.7717126099558,CALU7,500,500,3
379.33233770811734,CALU7,500,500,3
130.1266969889493,CALU7,500,500,3
79.61486387569067,CALU7,500,500,3
280.2995607659448,CALU7,500,500,3
206.54118383817962,CALU7,500,500,3
421.2729377146028,CALU7,500,500,3
454.1032241948995,CALU7,500,500,3
715.3331193077761,CALU7,500,500,3
1577.5749706537797,CALU7,500,500,3
8.126902660051554,CALU7,500,500,3
944.2726247315622,CALU7,500,500,3
208.78243523662928,CALU7,500,500,3
589.0820018033705,CALY2,500,500,3
2116.4253292697313,CALY2,500,500,3
2076.1954752443453,CALY2,500,500,3
244.98485572121595,CALY2,500,500,3
933.8594700450061,CALY2,500,500,3
386.02282055423285,CALY2,500,500,3
19.352589312597335,CALY2,500,500,3
2002.376097533011,CALY2,500,500,3
1159.7293459953048,CALY2,500,500,3
2651.3492262886325,CALY2,500,500,3
1560.8369509731563,CALY2,500,500,3
49.57638776315554,CALY2,500,500,3
535.6771619460108,CALY2,500,500,3
1650.10697952482,CALY2,500,500,3
1734.4177901766673,CALY2,500,500,3
885.8499847046385,CALY2,500,500,3
1194.9256468622218,CALY2,500,500,3
223.3380984179983,CALY2,500,500,3
134.1430513055556,CALY2,500,500,3
1728.2590290936162,CALY2,500,500,3
51.9680514619093,CALY3,500,500,3
1125.5359426313225,CALY3,500,500,3
3039.0919896846226,CALY3,500,500,3
471.4342886609332,CALY3,500,500,3
308.57144215402485,CALY3,500,500,3
264.5461758318917,CALY3,500,500,3
616.5775470793795,CALY3,500,500,3
150.17979831346491,CALY3,500,500,3
224.7368514364995,CALY3,500,500,3
3951.378230439531,CALY3,500,500,3
412.9443182974563,CALY3,500,500,3
187.6908257146027,CALY3,500,500,3
232.9262494849262,CALY3,500,500,3
4006.1368777779116,CALY3,500,500,3
324.46820255982215,CALY3,500,500,3
204.57160959009946,CALY3,500,500,3
65.05001861033955,CALY3,500,500,3
292.68930235859733,CALY3,500,500,3
3446.3650124246606,CALY3,500,500,3
157.70263037217953,CALY3,500,500,3
505.99900528718956,CAMA14,500,500,3
115.78962167335825,CAMA14,500,500,3
4280.11467167889,CAMA14,500,500,3
1201.723797317317,CAMA14,500,500,3
455.7927963706597,CAMA14,500,500,3
1083.4333171155554,CAMA14,500,500,3
1797.2078258760246,CAMA14,500,500,3
1484.3160383839127,CAMA14,500,500,3
2566.1042486417,CAMA14,500,500,3
3529.7977275071976,CAMA14,500,500,3
3129.1445115555553,CAMA14,500,500,3
5040.999037749831,CAMA14,500,500,3
1795.3885299957765,CAMA14,500,500,3
1408.3631362757333,CAMA14,500,500,3
389.7908119935359,CAMA14,500,500,3
627.4713359564159,CAMA14,500,500,3
1475.285136894206,CAMA14,500,500,3
2290.017253268623,CAMA14,500,500,3
1015.1131783900423,CAMA14,500,500,3
376.1087844451554,CAMA14,500,500,3
28.59428903185067,CAMA36,500,500,3
236.8942984754062,CAMA36,500,500,3
2937.5161724545264,CAMA36,500,500,3
286.0234433982508,CAMA36,500,500,3
303.3442384090382,CAMA36,500,500,3
338.7620878888961,CAMA36,500,500,3
3098.565818648489,CAMA36,500,500,3
2069.5449756549974,CAMA36,500,500,3
732.3577665631557,CAMA36,500,500,3
964.1275235596784,CAMA36,500,500,3
360.61472713107736,CAMA36,500,500,3
332.71826363873964,CAMA36,500,500,3
190.8567107693796,CAMA36,500,500,3
1244.6768802773177,CAMA36,500,500,3
301.116807826944,CAMA36,500,500,3
1055.2669864854602,CAMA36,500,500,3
1689.3438651576723,CAMA36,500,500,3
455.3190140253707,CAMA36,500,500,3
535.7177503920906,CAMA36,500,500,3
1832.5243000401056,CAMA36,500,500,3
355.9553643849316,CAMA9,500,500,3
1050.2629585541533,CAMA9,500,500,3
324.34201614708616,CAMA9,500,500,3
458.996667640825,CAMA9,500,500,3
970.6039838156734,CAMA9,500,500,3
1953.496539289157,CAMA9,500,500,3
749.8061260302916,CAMA9,500,500,3
1084.0346224765706,CAMA9,500,500,3
1390.2861441834593,CAMA9,500,500,3
3001.6340983348905,CAMA9,500,500,3
612.6190704743664,CAMA9,500,500,3
870.2340387660729,CAMA9,500,500,3
63.16132522054931,CAMA9,500,500,3
564.229664779433,CAMA9,500,500,3
1166.2386505107893,CAMA9,500,500,3
1168.6804492612102,CAMA9,500,500,3
52.19279932102401,CAMA9,500,500,3
222.0087543513441,CAMA9,500,500,3
281.54216270647277,CAMA9,500,500,3
819.2466675700463,CAMA9,500,500,3
405.01948934354493,CAME2,500,500,3
593.3690140138223,CAME2,500,500,3
3238.104583913067,CAME2,500,500,3
4236.611097686614,CAME2,500,500,3
194.00231679430934,CAME2,500,500,3
3207.710555973971,CAME2,500,500,3
163.06419121521066,CAME2,500,500,3
149.48561849975283,CAME2,500,500,3
110.87418666316627,CAME2,500,500,3
848.8879409987393,CAME2,500,500,3
68.49370339367827,CAME2,500,500,3
1009.7535001812463,CAME2,500,500,3
122.03261958279815,CAME2,500,500,3
852.139673032489,CAME2,500,500,3
275.7623568558772,CAME2,500,500,3
149.74032238222222,CAME2,500,500,3
251.89492168895794,CAME2,500,500,3
341.26414514005154,CAME2,500,500,3
776.364376610686,CAME2,500,500,3
2363.6264905483304,CAME2,500,500,3
17.504547809904007,CAME20,500,500,3
54.39486547711288,CAME20,500,500,3
226.63284043967823,CAME20,500,500,3
36.371355131375985,CAME20,500,500,3
43.46327877528889,CAME20,500,500,3
100.5466731159893,CAME20,500,500,3
2784.548111830611,CAME20,500,500,3
207.16670224068255,CAME20,500,500,3
2613.621804240099,CAME20,500,500,3
71.65420257746491,CAME20,500,500,3
92.12229990677157,CAME20,500,500,3
192.81065767888884,CAME20,500,500,3
346.40028732031817,CAME20,500,500,3
176.82719292415283,CAME20,500,500,3
4887.1372549868765,CAME20,500,500,3
123.3650969816729,CAME20,500,500,3
928.1678572837529,CAME20,500,500,3
4037.2780701021784,CAME20,500,500,3
337.8441602724907,CAME20,500,500,3
2081.914801528816,CAME20,500,500,3
23.350068132117336,CAME6,500,500,3
73.56427336526936,CAME6,500,500,3
112.75014574462398,CAME6,500,500,3
403.91374367145954,CAME6,500,500,3
243.06641260457948,CAME6,500,500,3
102.50840396428619,CAME6,500,500,3
215.4947611422648,CAME6,500,500,3
558.8546121383662,CAME6,500,500,3
59.096162609066695,CAME6,500,500,3
2046.7311683519551,CAME6,500,500,3
676.7397207568429,CAME6,500,500,3
1960.0534432268787,CAME6,500,500,3
48.34770399082489,CAME6,500,500,3
322.6920622398507,CAME6,500,500,3
105.34441678177959,CAME6,500,500,3
79.17692321382219,CAME6,500,500,3
2372.134978422157,CAME6,500,500,3
308.36882742967276,CAME6,500,500,3
307.97674326994496,CAME6,500,500,3
5458.166258321691,CAME6,500,500,3
166.99535895858492,CAMI13,500,500,3
4321.044653892932,CAMI13,500,500,3
192.73171564423816,CAMI13,500,500,3
117.29494531795736,CAMI13,500,500,3
877.7817854574648,CAMI13,500,500,3
2764.256960897733,CAMI13,500,500,3
238.24086110333153,CAMI13,500,500,3
185.16189184106494,CAMI13,500,500,3
70.42962105884264,CAMI13,500,500,3
97.56199576916622,CAMI13,500,500,3
53.31773920433598,CAMI13,500,500,3
260.9770328265795,CAMI13,500,500,3
312.6475664976782,CAMI13,500,500,3
227.14507213567825,CAMI13,500,500,3
155.2162880379449,CAMI13,500,500,3
4275.153210205565,CAMI13,500,500,3
105.35033845909159,CAMI13,500,500,3
2192.6151202195897,CAMI13,500,500,3
251.17056822084268,CAMI13,500,500,3
89.21925312358397,CAMI13,500,500,3
708.9227881537263,CAMI15,500,500,3
4770.093367752232,CAMI15,500,500,3
216.63398368338483,CAMI15,500,500,3
52.82905569535821,CAMI15,500,500,3
162.73451150557156,CAMI15,500,500,3
271.62620098471825,CAMI15,500,500,3
87.40926648873068,CAMI15,500,500,3
110.45261867093336,CAMI15,500,500,3
184.75560815827728,CAMI15,500,500,3
675.8807881027128,CAMI15,500,500,3
1338.8902988216241,CAMI15,500,500,3
2305.5050778030063,CAMI15,500,500,3
154.32321993377954,CAMI15,500,500,3
112.693292122624,CAMI15,500,500,3
219.06453083271833,CAMI15,500,500,3
335.1477963963093,CAMI15,500,500,3
729.0986776488891,CAMI15,500,500,3
79.29939956615826,CAMI15,500,500,3
155.69818493559288,CAMI15,500,500,3
144.98774138481608,CAMI15,500,500,3
71.91389794756267,CAMI2,500,500,3
127.18555058367821,CAMI2,500,500,3
6458.968696583672,CAMI2,500,500,3
42.78646805951821,CAMI2,500,500,3
38.76321880735289,CAMI2,500,500,3
136.65980987063293,CAMI2,500,500,3
456.76595681343855,CAMI2,500,500,3
105.60954334119823,CAMI2,500,500,3
210.9002547907983,CAMI2,500,500,3
4715.530838595067,CAMI2,500,500,3
7039.675220182385,CAMI2,500,500,3
1909.5242503490115,CAMI2,500,500,3
162.1170581540249,CAMI2,500,500,3
322.3464266531557,CAMI2,500,500,3
130.34914470666664,CAMI2,500,500,3
2379.691814007379,CAMI2,500,500,3
294.1912502798508,CAMI2,500,500,3
1285.1922573333331,CAMI2,500,500,3
135.12973694561956,CAMI2,500,500,3
192.5137533137334,CAMI2,500,500,3
4061.6705871382114,CAMI36,500,500,3
1940.7277556795993,CAMI36,500,500,3
2746.235503807823,CAMI36,500,500,3
2377.8917320430287,CAMI36,500,500,3
2754.4618735391555,CAMI36,500,500,3
951.8919785358916,CAMI36,500,500,3
836.5784194634647,CAMI36,500,500,3
2348.0467758438385,CAMI36,500,500,3
1301.478482744149,CAMI36,500,500,3
1250.9620580198384,CAMI36,500,500,3
2376.5454576092156,CAMI36,500,500,3
491.4051027350026,CAMI36,500,500,3
4437.317304788622,CAMI36,500,500,3
3030.242776447599,CAMI36,500,500,3
530.9603406893226,CAMI36,500,500,3
418.2106960989793,CAMI36,500,500,3
6221.2292867892875,CAMI36,500,500,3
3922.5427034314243,CAMI36,500,500,3
1880.749502581957,CAMI36,500,500,3
2323.367256908622,CAMI36,500,500,3
518.8000207955554,CAMI6,500,500,3
38.89533796081599,CAMI6,500,500,3
37.275909290638225,CAMI6,500,500,3
86.72446426003734,CAMI6,500,500,3
85.12767657086397,CAMI6,500,500,3
267.65753515741153,CAMI6,500,500,3
52.68704815957154,CAMI6,500,500,3
196.1019206426293,CAMI6,500,500,3
46.873566424602664,CAMI6,500,500,3
97.55081199782222,CAMI6,500,500,3
602.5863269844693,CAMI6,500,500,3
723.5825932165048,CAMI6,500,500,3
299.507793998718,CAMI6,500,500,3
105.48089959210483,CAMI6,500,500,3
48.84603036995556,CAMI6,500,500,3
47.4513544996249,CAMI6,500,500,3
426.2232430656782,CAMI6,500,500,3
134.9256732779929,CAMI6,500,500,3
598.1467105368162,CAMI6,500,500,3
799.9345208489224,CAMI6,500,500,3
201.11307429375282,CAMI7,500,500,3
118.2758239486222,CAMI7,500,500,3
215.1622012750915,CAMI7,500,500,3
221.51474904597154,CAMI7,500,500,3
127.37975592515552,CAMI7,500,500,3
56.187453105486185,CAMI7,500,500,3
6232.061905164622,CAMI7,500,500,3
153.68251838364264,CAMI7,500,500,3
238.57361466657946,CAMI7,500,500,3
272.62739194740635,CAMI7,500,500,3
558.3996949534559,CAMI7,500,500,3
120.0219576733582,CAMI7,500,500,3
116.23791198292624,CAMI7,500,500,3
476.3149671038221,CAMI7,500,500,3
470.49576905595546,CAMI7,500,500,3
1373.7849951586918,CAMI7,500,500,3
567.4339811668696,CAMI7,500,500,3
57.94440468795557,CAMI7,500,500,3
1738.6855471931717,CAMI7,500,500,3
134.80525328073958,CAMI7,500,500,3
381.09125693695285,CAMO11,500,500,3
1213.1343609524886,CAMO11,500,500,3
445.1825320844515,CAMO11,500,500,3
56.60276338079286,CAMO11,500,500,3
92.13905626316621,CAMO11,500,500,3
219.89376571573334,CAMO11,500,500,3
2329.6263109358865,CAMO11,500,500,3
313.55293333151286,CAMO11,500,500,3
52.95254675036266,CAMO11,500,500,3
164.54800985257953,CAMO11,500,500,3
132.47766265961067,CAMO11,500,500,3
37.30654517862222,CAMO11,500,500,3
39.09994778259735,CAMO11,500,500,3
1049.5493419350596,CAMO11,500,500,3
5687.476982490264,CAMO11,500,500,3
65.70753974999998,CAMO11,500,500,3
504.03592164693333,CAMO11,500,500,3
2717.6399729706222,CAMO11,500,500,3
66.38697971534936,CAMO11,500,500,3
406.4956359447451,CAMO11,500,500,3
184.54771179928898,CAMO32,500,500,3
401.25381226182935,CAMO32,500,500,3
1042.6929073736517,CAMO32,500,500,3
481.48725464848917,CAMO32,500,500,3
260.4441175071129,CAMO32,500,500,3
226.3159800336195,CAMO32,500,500,3
251.09924146915554,CAMO32,500,500,3
110.96667330602489,CAMO32,500,500,3
112.28765329543819,CAMO32,500,500,3
296.51283089789143,CAMO32,500,500,3
1354.1128312854114,CAMO32,500,500,3
163.34876443209953,CAMO32,500,500,3
158.4345366917049,CAMO32,500,500,3
104.76709272701152,CAMO32,500,500,3
827.1808461070912,CAMO32,500,500,3
154.30087464359815,CAMO32,500,500,3
303.7590656303714,CAMO32,500,500,3
437.52951582884253,CAMO32,500,500,3
131.0603382681439,CAMO32,500,500,3
1252.0429316022594,CAMO32,500,500,3
2918.548755508047,CAMO83,500,500,3
1817.5386513532521,CAMO83,500,500,3
1535.313327202979,CAMO83,500,500,3
460.13852068048857,CAMO83,500,500,3
72.21958093390936,CAMO83,500,500,3
546.3307314254064,CAMO83,500,500,3
740.8355076658559,CAMO83,500,500,3
414.07651822222226,CAMO83,500,500,3
1762.3506532501178,CAMO83,500,500,3
840.6371764027665,CAMO83,500,500,3
1193.9006388115893,CAMO83,500,500,3
1939.5722438655564,CAMO83,500,500,3
578.7739616278119,CAMO83,500,500,3
632.7702622789974,CAMO83,500,500,3
708.2484330129333,CAMO83,500,500,3
290.3385556511129,CAMO83,500,500,3
406.0042906656425,CAMO83,500,500,3
2417.7099995937842,CAMO83,500,500,3
351.6876026669796,CAMO83,500,500,3
381.49463863039296,CAMO83,500,500,3
341.3116718693263,CAMU11,500,500,3
2047.6048796194125,CAMU11,500,500,3
112.7039984375449,CAMU11,500,500,3
1427.092237525289,CAMU11,500,500,3
911.5862947029265,CAMU11,500,500,3
13.560399656943995,CAMU11,500,500,3
188.26222374057957,CAMU11,500,500,3
18.653126227539552,CAMU11,500,500,3
48.079977330046226,CAMU11,500,500,3
54.33479324580266,CAMU11,500,500,3
477.45838609847306,CAMU11,500,500,3
3298.176324002418,CAMU11,500,500,3
840.3254177800463,CAMU11,500,500,3
202.29038256782226,CAMU11,500,500,3
91.89725013950395,CAMU11,500,500,3
260.517590449904,CAMU11,500,500,3
3590.731200628179,CAMU11,500,500,3
168.26528417026668,CAMU11,500,500,3
69.95701866257069,CAMU11,500,500,3
54.75558756440001,CAMU11,500,500,3
101.24098203305066,CAMU4,500,500,3
201.5818549338384,CAMU4,500,500,3
98.73686840999822,CAMU4,500,500,3
224.27813411775824,CAMU4,500,500,3
615.352785047465,CAMU4,500,500,3
3320.5718065062115,CAMU4,500,500,3
690.0836093992888,CAMU4,500,500,3
40.57685191628622,CAMU4,500,500,3
3603.7064365234573,CAMU4,500,500,3
110.74972296583827,CAMU4,500,500,3
2263.641799703545,CAMU4,500,500,3
73.43657262773336,CAMU4,500,500,3
132.31460261183824,CAMU4,500,500,3
242.8730312403626,CAMU4,500,500,3
98.19487389169599,CAMU4,500,500,3
134.9697669530862,CAMU4,500,500,3
221.41491706015293,CAMU4,500,500,3
232.52360399888872,CAMU4,500,500,3
227.55917810295293,CAMU4,500,500,3
85.14389362128887,CAMU4,500,500,3
5365.046873143378,CAMU7,500,500,3
49.49874026389155,CAMU7,500,500,3
1258.6413663837,CAMU7,500,500,3
1888.4110273343988,CAMU7,500,500,3
2688.916545476544,CAMU7,500,500,3
235.37505143159282,CAMU7,500,500,3
488.598976628265,CAMU7,500,500,3
314.6637751775841,CAMU7,500,500,3
251.91556091740276,CAMU7,500,500,3
4379.543105280125,CAMU7,500,500,3
244.18981458662398,CAMU7,500,500,3
5714.383407228285,CAMU7,500,500,3
108.52950797310395,CAMU7,500,500,3
2604.058714846691,CAMU7,500,500,3
40.84584015827735,CAMU7,500,500,3
374.8448161996727,CAMU7,500,500,3
10.547736388579553,CAMU7,500,500,3
294.8215668198239,CAMU7,500,500,3
199.3877338324889,CAMU7,500,500,3
63.34238864110934,CAMU7,500,500,3
436.3347386622224,CAMU9,500,500,3
1694.5020675507133,CAMU9,500,500,3
2977.55672207274,CAMU9,500,500,3
2194.4764609859617,CAMU9,500,500,3
492.40741355807313,CAMU9,500,500,3
727.9755099224731,CAMU9,500,500,3
1898.55725758953,CAMU9,500,500,3
1727.126272373931,CAMU9,500,500,3
123.13980899693325,CAMU9,500,500,3
439.0563318546773,CAMU9,500,500,3
545.283593193513,CAMU9,500,500,3
1566.906559037823,CAMU9,500,500,3
2279.444342112255,CAMU9,500,500,3
2461.312902967892,CAMU9,500,500,3
6623.596983646263,CAMU9,500,500,3
116.9834781554329,CAMU9,500,500,3
2734.019308404463,CAMU9,500,500,3
173.1843623696782,CAMU9,500,500,3
2701.3785529816737,CAMU9,500,500,3
6217.855747394901,CAMU9,500,500,3
102.36404508494934,CAMY,500,500,3
3625.344707978639,CAMY,500,500,3
912.0076078632512,CAMY,500,500,3
1168.771213514176,CAMY,500,500,3
78.87909215159287,CAMY,500,500,3
2125.936567158499,CAMY,500,500,3
109.23631258886935,CAMY,500,500,3
1479.8495386024367,CAMY,500,500,3
3216.22923645959,CAMY,500,500,3
146.1343999584426,CAMY,500,500,3
167.04508829831818,CAMY,500,500,3
3666.4967084725304,CAMY,500,500,3
1096.2939211971131,CAMY,500,500,3
730.7880564108515,CAMY,500,500,3
337.5650284155572,CAMY,500,500,3
3304.985247565781,CAMY,500,500,3
1076.8256511441764,CAMY,500,500,3
901.3844638127717,CAMY,500,500,3
626.7766915595306,CAMY,500,500,3
2915.6329956235936,CAMY,500,500,3
144.93040446719286,CANA,500,500,3
1097.5396747112518,CANA,500,500,3
1473.9573268621498,CANA,500,500,3
537.9981266851557,CANA,500,500,3
5089.63379347882,CANA,500,500,3
1337.8535174905576,CANA,500,500,3
5156.971240400851,CANA,500,500,3
2639.9963146631667,CANA,500,500,3
5635.437416934468,CANA,500,500,3
117.98316431743817,CANA,500,500,3
539.7291662419558,CANA,500,500,3
716.0949055058775,CANA,500,500,3
54.66673927863292,CANA,500,500,3
66.39895062719822,CANA,500,500,3
147.65595360972625,CANA,500,500,3
1591.3326668580917,CANA,500,500,3
3016.65222988049,CANA,500,500,3
452.8632976411717,CANA,500,500,3
73.08491341823287,CANA,500,500,3
863.9054494872958,CANA,500,500,3
88.70337845383824,CANA2,500,500,3
91.0761180596462,CANA2,500,500,3
716.1314881863395,CANA2,500,500,3
4469.624607331199,CANA2,500,500,3
498.0432145866223,CANA2,500,500,3
116.40804795101158,CANA2,500,500,3
408.5888608851555,CANA2,500,500,3
232.39886574182404,CANA2,500,500,3
83.31296659182222,CANA2,500,500,3
136.25580526079284,CANA2,500,500,3
6201.584826107385,CANA2,500,500,3
119.62799132102398,CANA2,500,500,3
5794.6969527131705,CANA2,500,500,3
633.5811405045761,CANA2,500,500,3
136.650295892416,CANA2,500,500,3
111.50176655644262,CANA2,500,500,3
7531.318935185065,CANA2,500,500,3
6344.316087619389,CANA2,500,500,3
167.84011997769952,CANA2,500,500,3
5634.860792789956,CANA2,500,500,3
2229.7572111333757,CANE2,500,500,3
498.71070531795755,CANE2,500,500,3
1394.1753400417263,CANE2,500,500,3
1169.0408839915362,CANE2,500,500,3
1063.1006535139556,CANE2,500,500,3
1033.590142206078,CANE2,500,500,3
1648.516187013033,CANE2,500,500,3
1025.9945187605167,CANE2,500,500,3
307.96492999881957,CANE2,500,500,3
663.3203734655558,CANE2,500,500,3
128.38821657915554,CANE2,500,500,3
1740.8310365891634,CANE2,500,500,3
825.6420676351839,CANE2,500,500,3
515.7998582656694,CANE2,500,500,3
1562.3512265348968,CANE2,500,500,3
406.78268075775827,CANE2,500,500,3
2303.627974088532,CANE2,500,500,3
781.9814199458062,CANE2,500,500,3
76.81024504888889,CANE2,500,500,3
2774.521749158469,CANE2,500,500,3
193.39210399128882,CANI2,500,500,3
4464.889290043377,CANI2,500,500,3
694.8650729739663,CANI2,500,500,3
197.26611577457592,CANI2,500,500,3
358.3769171939554,CANI2,500,500,3
129.230139889776,CANI2,500,500,3
1925.2561343304512,CANI2,500,500,3
166.08344261767817,CANI2,500,500,3
52.25665664774933,CANI2,500,500,3
329.68547296311294,CANI2,500,500,3
121.13656243369955,CANI2,500,500,3
76.903907999984,CANI2,500,500,3
183.31928607891723,CANI2,500,500,3
110.26897043369952,CANI2,500,500,3
104.13990254924626,CANI2,500,500,3
553.0396524006383,CANI2,500,500,3
298.0865997811983,CANI2,500,500,3
60.62433862115557,CANI2,500,500,3
283.48532131519823,CANI2,500,500,3
92.95090799671286,CANI2,500,500,3
334.1345724639556,CANI3,500,500,3
408.76314810271293,CANI3,500,500,3
1117.8423041277852,CANI3,500,500,3
60.794306675966226,CANI3,500,500,3
770.8892402266292,CANI3,500,500,3
930.1908320837331,CANI3,500,500,3
655.1214025232782,CANI3,500,500,3
554.2422694655556,CANI3,500,500,3
460.02450743182214,CANI3,500,500,3
221.8896859570061,CANI3,500,500,3
147.66762031359994,CANI3,500,500,3
32.69137463708266,CANI3,500,500,3
2466.733179425451,CANI3,500,500,3
477.633358384526,CANI3,500,500,3
219.10650385470393,CANI3,500,500,3
1368.4357986217226,CANI3,500,500,3
1476.518650711252,CANI3,500,500,3
136.6198439957316,CANI3,500,500,3
720.1985368031559,CANI3,500,500,3
1339.1915317628514,CANI3,500,500,3
201.10603587097597,CANI5,500,500,3
989.9340892782066,CANI5,500,500,3
2175.8018863697857,CANI5,500,500,3
1196.5653707302242,CANI5,500,500,3
354.5382592057582,CANI5,500,500,3
340.5687963792427,CANI5,500,500,3
112.64856149375821,CANI5,500,500,3
3838.03922458504,CANI5,500,500,3
204.7902626992196,CANI5,500,500,3
254.5431006388889,CANI5,500,500,3
835.6732870914561,CANI5,500,500,3
2813.7082307042915,CANI5,500,500,3
248.5546787720462,CANI5,500,500,3
292.12525542666674,CANI5,500,500,3
96.26750530374935,CANI5,500,500,3
2616.6599174566672,CANI5,500,500,3
843.7084987064727,CANI5,500,500,3
1069.3557936311304,CANI5,500,500,3
292.8833270858222,CANI5,500,500,3
2541.5952453624895,CANI5,500,500,3
203.4775678779663,CANO,500,500,3
18.84565248201956,CANO,500,500,3
98.64793983995557,CANO,500,500,3
3108.3908570304006,CANO,500,500,3
157.5410438395449,CANO,500,500,3
174.84350635689066,CANO,500,500,3
147.74677357095828,CANO,500,500,3
154.43884028748624,CANO,500,500,3
699.6460845558825,CANO,500,500,3
223.64520411283726,CANO,500,500,3
418.2609785642666,CANO,500,500,3
4150.77133918097,CANO,500,500,3
101.40296474837155,CANO,500,500,3
62.8736028830649,CANO,500,500,3
185.25859565371724,CANO,500,500,3
556.9288960689335,CANO,500,500,3
196.14173411775826,CANO,500,500,3
24.959110551109315,CANO,500,500,3
362.40627727950954,CANO,500,500,3
199.06779620601597,CANO,500,500,3
102.4853421190666,CANO3,500,500,3
190.1114142497973,CANO3,500,500,3
258.59644553173155,CANO3,500,500,3
886.3589399889053,CANO3,500,500,3
261.19940399248884,CANO3,500,500,3
239.2009477631555,CANO3,500,500,3
247.7666618791182,CANO3,500,500,3
278.38157915357147,CANO3,500,500,3
217.6868758168161,CANO3,500,500,3
2229.8799169115996,CANO3,500,500,3
152.15856902419736,CANO3,500,500,3
807.9233058760248,CANO3,500,500,3
92.39941197809601,CANO3,500,500,3
346.28854103893343,CANO3,500,500,3
2364.461824187945,CANO3,500,500,3
216.3144955971626,CANO3,500,500,3
567.6206237990383,CANO3,500,500,3
451.58749505228633,CANO3,500,500,3
190.62110922935292,CANO3,500,500,3
734.8402266506505,CANO3,500,500,3
55.180001114309334,CANO4,500,500,3
2825.700431963503,CANO4,500,500,3
1521.0914397905049,CANO4,500,500,3
1198.470436259113,CANO4,500,500,3
977.249312908443,CANO4,500,500,3
1283.5183494286923,CANO4,500,500,3
43.09903449801956,CANO4,500,500,3
1696.742143237886,CANO4,500,500,3
1903.306378721877,CANO4,500,500,3
94.2614648906649,CANO4,500,500,3
6410.323707839785,CANO4,500,500,3
58.264281128104926,CANO4,500,500,3
133.42341252093152,CANO4,500,500,3
5256.733104326819,CANO4,500,500,3
49.68567478919821,CANO4,500,500,3
201.0062453471839,CANO4,500,500,3
101.9691873207182,CANO4,500,500,3
140.63203705884266,CANO4,500,500,3
71.1831079877529,CANO4,500,500,3
109.19347107982226,CANO4,500,500,3
1707.1515063986556,CANO9,500,500,3
136.590607334144,CANO9,500,500,3
2752.26723485205,CANO9,500,500,3
3307.3927643792417,CANO9,500,500,3
895.7615838442664,CANO9,500,500,3
546.8894351011552,CANO9,500,500,3
165.43553621506666,CANO9,500,500,3
2187.4726248044776,CANO9,500,500,3
2233.184586405198,CANO9,500,500,3
123.00576390666672,CANO9,500,500,3
1951.0595349792702,CANO9,500,500,3
1707.2068392692897,CANO9,500,500,3
3382.3637534094055,CANO9,500,500,3
165.43553621506666,CANO9,500,500,3
1040.806547781291,CANO9,500,500,3
3068.457968913278,CANO9,500,500,3
2859.1923823976526,CANO9,500,500,3
691.5599590673045,CANO9,500,500,3
1452.9857199722217,CANO9,500,500,3
820.5276127104001,CANO9,500,500,3
453.54146618964626,CANU,500,500,3
2209.216010518159,CANU,500,500,3
1807.8959954754114,CANU,500,500,3
1142.5128074737338,CANU,500,500,3
81.73416652629157,CANU,500,500,3
168.63501242702932,CANU,500,500,3
5313.387843059192,CANU,500,500,3
3392.0483769242674,CANU,500,500,3
2621.1408040135093,CANU,500,500,3
89.89983584106488,CANU,500,500,3
917.0305771409047,CANU,500,500,3
81.3755670369848,CANU,500,500,3
1252.088037084665,CANU,500,500,3
4012.42925037845,CANU,500,500,3
20.22318637650489,CANU,500,500,3
132.59690740812619,CANU,500,500,3
5996.153566288852,CANU,500,500,3
361.02952810023834,CANU,500,500,3
230.91734292393943,CANU,500,500,3
6329.582766691728,CANU,500,500,3
2850.4125599926588,CANU3,500,500,3
2327.6250152464904,CANU3,500,500,3
773.3984846499553,CANU3,500,500,3
735.1647499329974,CANU3,500,500,3
341.92731394249967,CANU3,500,500,3
30.74805176916621,CANU3,500,500,3
373.0829035661582,CANU3,500,500,3
2452.2543784177324,CANU3,500,500,3
2383.883408378531,CANU3,500,500,3
3178.9459096693313,CANU3,500,500,3
997.0581622976,CANU3,500,500,3
95.7441380644693,CANU3,500,500,3
3391.484750523305,CANU3,500,500,3
330.17356013367277,CANU3,500,500,3
147.33245716577957,CANU3,500,500,3
2478.3797157857257,CANU3,500,500,3
44.92361796999821,CANU3,500,500,3
324.63591996614394,CANU3,500,500,3
3385.844833192954,CANU3,500,500,3
2944.146088437459,CANU3,500,500,3
3136.505360876442,CANU4,500,500,3
2132.1295691535634,CANU4,500,500,3
3603.862553162177,CANU4,500,500,3
5014.297438733645,CANU4,500,500,3
292.8739252677973,CANU4,500,500,3
1326.3399289173049,CANU4,500,500,3
1335.365142814607,CANU4,500,500,3
5836.567431668052,CANU4,500,500,3
1938.147185842843,CANU4,500,500,3
1659.1869731912514,CANU4,500,500,3
1979.5991070918246,CANU4,500,500,3
2222.4943671320957,CANU4,500,500,3
2466.2292813216704,CANU4,500,500,3
1309.5493689297048,CANU4,500,500,3
1506.3607997724998,CANU4,500,500,3
1314.3976459318333,CANU4,500,500,3
1049.5067425136003,CANU4,500,500,3
3271.514258011092,CANU4,500,500,3
893.3746020644696,CANU4,500,500,3
651.8866513955556,CANU4,500,500,3
625.5517623648998,CAOC2,500,500,3
4843.3341635341585,CAOC2,500,500,3
151.28542530643733,CAOC2,500,500,3
63.664483896744876,CAOC2,500,500,3
688.5217962902113,CAOC2,500,500,3
662.3064515168994,CAOC2,500,500,3
705.1752395357796,CAOC2,500,500,3
258.58582145695294,CAOC2,500,500,3
4285.395437485823,CAOC2,500,500,3
246.0806186435626,CAOC2,500,500,3
1206.9911348369333,CAOC2,500,500,3
6023.535705852579,CAOC2,500,500,3
740.5364250111718,CAOC2,500,500,3
38.44848226724267,CAOC2,500,500,3
3722.012559484009,CAOC2,500,500,3
4685.181487858489,CAOC2,500,500,3
57.677400619304905,CAOC2,500,500,3
659.1908850601528,CAOC2,500,500,3
47.46520321470399,CAOC2,500,500,3
4347.97042182382,CAOC2,500,500,3
3255.784667340712,CAOL,500,500,3
95.37854673179736,CAOL,500,500,3
1548.7503165275714,CAOL,500,500,3
2009.209570078606,CAOL,500,500,3
330.0116426654649,CAOL,500,500,3
64.91943047559822,CAOL,500,500,3
820.7296798586599,CAOL,500,500,3
41.76249050666667,CAOL,500,500,3
127.32436842999283,CAOL,500,500,3
45.61079237245158,CAOL,500,500,3
1472.238147163563,CAOL,500,500,3
61.594357832488896,CAOL,500,500,3
51.93283045013155,CAOL,500,500,3
19.896583990784,CAOL,500,500,3
90.36267111295821,CAOL,500,500,3
39.55052521863822,CAOL,500,500,3
944.6909226399554,CAOL,500,500,3
146.53299274495822,CAOL,500,500,3
101.50392786260625,CAOL,500,500,3
214.9376246897333,CAOL,500,500,3
809.2273013117707,CAOL2,500,500,3
55.614155999984014,CAOL2,500,500,3
481.6066653642238,CAOL2,500,500,3
355.7573223784516,CAOL2,500,500,3
2151.8145526464,CAOL2,500,500,3
3902.536603653717,CAOL2,500,500,3
2424.285888782159,CAOL2,500,500,3
91.99834274337955,CAOL2,500,500,3
1512.4007137466024,CAOL2,500,500,3
182.1701784549528,CAOL2,500,500,3
269.7208307048515,CAOL2,500,500,3
120.93494265719285,CAOL2,500,500,3
45.245371982576025,CAOL2,500,500,3
217.35307327763732,CAOL2,500,500,3
120.77055288735286,CAOL2,500,500,3
2961.6959685937327,CAOL2,500,500,3
62.68892781106486,CAOL2,500,500,3
149.07517834194482,CAOL2,500,500,3
3498.5258272952256,CAOL2,500,500,3
203.76394878770495,CAOL2,500,500,3
1289.3182937471556,CAOL3,500,500,3
101.94882165929067,CAOL3,500,500,3
134.24828012172622,CAOL3,500,500,3
181.1393085738223,CAOL3,500,500,3
133.36757066791822,CAOL3,500,500,3
96.24405065095821,CAOL3,500,500,3
124.45347310249953,CAOL3,500,500,3
231.0202717003663,CAOL3,500,500,3
5151.323954103464,CAOL3,500,500,3
69.90413342715557,CAOL3,500,500,3
179.56130900767283,CAOL3,500,500,3
5545.648668422931,CAOL3,500,500,3
66.86262070214396,CAOL3,500,500,3
3314.444913619733,CAOL3,500,500,3
98.69354684226666,CAOL3,500,500,3
188.3809513607396,CAOL3,500,500,3
407.36949841799816,CAOL3,500,500,3
48.392316132117344,CAOL3,500,500,3
192.5749542151094,CAOL3,500,500,3
88.07718533004622,CAOL3,500,500,3
1310.673708791593,CAOV2,500,500,3
35.652099310478235,CAOV2,500,500,3
4389.1093662239555,CAOV2,500,500,3
2835.948379821822,CAOV2,500,500,3
2902.4204056929266,CAOV2,500,500,3
848.974853423486,CAOV2,500,500,3
215.36533079677162,CAOV2,500,500,3
4260.437225540266,CAOV2,500,500,3
287.83515726165143,CAOV2,500,500,3
3254.7243206167454,CAOV2,500,500,3
3835.2688552442587,CAOV2,500,500,3
2744.51302638959,CAOV2,500,500,3
2501.542593420016,CAOV2,500,500,3
1048.3020569907183,CAOV2,500,500,3
687.7801745582065,CAOV2,500,500,3
167.33787967291735,CAOV2,500,500,3
313.7043948991556,CAOV2,500,500,3
3986.6746729029333,CAOV2,500,500,3
4828.876620363086,CAOV2,500,500,3
4382.4950201647625,CAOV2,500,500,3
138.2943126876,CAOV3,500,500,3
875.1697884107358,CAOV3,500,500,3
1363.7982760233226,CAOV3,500,500,3
149.61889388991824,CAOV3,500,500,3
1923.9080641806233,CAOV3,500,500,3
2263.909208547156,CAOV3,500,500,3
139.17647575327294,CAOV3,500,500,3
91.87045865983288,CAOV3,500,500,3
145.88682814034485,CAOV3,500,500,3
9549.373219019604,CAOV3,500,500,3
588.7708951900161,CAOV3,500,500,3
6311.31382427373,CAOV3,500,500,3
3894.6117182103458,CAOV3,500,500,3
58.496510111955544,CAOV3,500,500,3
257.84834738332273,CAOV3,500,500,3
278.4073866650668,CAOV3,500,500,3
3538.093533594107,CAOV3,500,500,3
1805.690901972222,CAOV3,500,500,3
473.4235296964196,CAOV3,500,500,3
3806.0632137987977,CAOV3,500,500,3
109.12565346553602,CAOX,500,500,3
127.12215148401064,CAOX,500,500,3
321.25031575430927,CAOX,500,500,3
228.35574277567827,CAOX,500,500,3
158.85649190057967,CAOX,500,500,3
329.95540610473057,CAOX,500,500,3
189.39718816006928,CAOX,500,500,3
117.95482533311824,CAOX,500,500,3
174.69869085524616,CAOX,500,500,3
110.1928411290667,CAOX,500,500,3
208.17907059767285,CAOX,500,500,3
124.64320450380623,CAOX,500,500,3
542.5556980808515,CAOX,500,500,3
122.9285420788889,CAOX,500,500,3
202.4085395823999,CAOX,500,500,3
242.59657932071818,CAOX,500,500,3
36.72216608454401,CAOX,500,500,3
139.64407460262223,CAOX,500,500,3
2643.1289036639555,CAOX,500,500,3
266.5485828898827,CAOX,500,500,3
135.41193304888887,CAPA,500,500,3
1682.562736130416,CAPA,500,500,3
1396.6011213297336,CAPA,500,500,3
442.3475728662114,CAPA,500,500,3
349.99120526463815,CAPA,500,500,3
816.7029959615717,CAPA,500,500,3
1386.8157166860517,CAPA,500,500,3
701.7810317072993,CAPA,500,500,3
1087.1133576848429,CAPA,500,500,3
1313.8107318535663,CAPA,500,500,3
2592.190547421822,CAPA,500,500,3
1422.0337625446327,CAPA,500,500,3
523.2498328358382,CAPA,500,500,3
2191.061702058267,CAPA,500,500,3
2009.223499004585,CAPA,500,500,3
151.95737458548626,CAPA,500,500,3
4107.7317379201995,CAPA,500,500,3
2344.5248823169277,CAPA,500,500,3
570.6515923253319,CAPA,500,500,3
1587.964259794425,CAPA,500,500,3
139.22405527888887,CAPA11,500,500,3
613.4786322650294,CAPA11,500,500,3
306.56189117738495,CAPA11,500,500,3
40.017993389779555,CAPA11,500,500,3
136.0769106146827,CAPA11,500,500,3
128.41542487372618,CAPA11,500,500,3
77.79798330555555,CAPA11,500,500,3
658.7343839927181,CAPA11,500,500,3
1521.5273553951126,CAPA11,500,500,3
80.18976784212619,CAPA11,500,500,3
4510.683534855807,CAPA11,500,500,3
459.10277876650485,CAPA11,500,500,3
361.3390835431093,CAPA11,500,500,3
929.8693739601048,CAPA11,500,500,3
3445.9893274304795,CAPA11,500,500,3
2450.352174809878,CAPA11,500,500,3
1105.6413748788461,CAPA11,500,500,3
173.49320130915555,CAPA11,500,500,3
66.73527682380623,CAPA11,500,500,3
68.66324732541155,CAPA11,500,500,3
422.2658676636,CAPA12,500,500,3
890.1771694566664,CAPA12,500,500,3
987.4917680824889,CAPA12,500,500,3
3897.5365410517275,CAPA12,500,500,3
228.22123627861154,CAPA12,500,500,3
111.77032544852621,CAPA12,500,500,3
1841.4596111526114,CAPA12,500,500,3
3089.722865093288,CAPA12,500,500,3
288.6763649765263,CAPA12,500,500,3
685.1864734259896,CAPA12,500,500,3
231.9642474424889,CAPA12,500,500,3
1286.1932737676782,CAPA12,500,500,3
30.61949397239289,CAPA12,500,500,3
537.8551056529761,CAPA12,500,500,3
4712.482413107326,CAPA12,500,500,3
383.5874031712695,CAPA12,500,500,3
946.1403032349582,CAPA12,500,500,3
869.607268092286,CAPA12,500,500,3
3451.786688588346,CAPA12,500,500,3
2636.491432101717,CAPA12,500,500,3
1316.0950311968995,CAPA14,500,500,3
300.7496919142115,CAPA14,500,500,3
492.8261013333333,CAPA14,500,500,3
70.54333249671822,CAPA14,500,500,3
321.44592845806926,CAPA14,500,500,3
58.60182761116269,CAPA14,500,500,3
198.09139475454413,CAPA14,500,500,3
833.3407358037337,CAPA14,500,500,3
68.07926265062224,CAPA14,500,500,3
227.4536970649318,CAPA14,500,500,3
92.33815290709155,CAPA14,500,500,3
114.45247045802486,CAPA14,500,500,3
93.30927961237158,CAPA14,500,500,3
821.0981924192638,CAPA14,500,500,3
2818.724376244905,CAPA14,500,500,3
177.88115464515556,CAPA14,500,500,3
122.77955728263825,CAPA14,500,500,3
5738.854845689601,CAPA14,500,500,3
44.91257606995734,CAPA14,500,500,3
160.2438016641262,CAPA14,500,500,3
123.63292372262228,CAPA17,500,500,3
172.1822783177796,CAPA17,500,500,3
248.55068059373335,CAPA17,500,500,3
56.04002660106665,CAPA17,500,500,3
155.48099712283735,CAPA17,500,500,3
1616.0889102060778,CAPA17,500,500,3
584.2315837006223,CAPA17,500,500,3
365.130957814384,CAPA17,500,500,3
2155.84838463311,CAPA17,500,500,3
166.0739893426329,CAPA17,500,500,3
105.35632995774398,CAPA17,500,500,3
4349.51381694831,CAPA17,500,500,3
384.84264981895836,CAPA17,500,500,3
700.2648159968642,CAPA17,500,500,3
135.11872000929955,CAPA17,500,500,3
66.1958319998222,CAPA17,500,500,3
4488.699946628772,CAPA17,500,500,3
3330.4513823785223,CAPA17,500,500,3
1473.6635023663623,CAPA17,500,500,3
138.5332056610063,CAPA17,500,500,3
104.1822088654773,CAPA19,500,500,3
163.82657256914487,CAPA19,500,500,3
40.63838399026488,CAPA19,500,500,3
3798.041775778972,CAPA19,500,500,3
62.3794158643893,CAPA19,500,500,3
123.5754706664516,CAPA19,500,500,3
417.20815409151294,CAPA19,500,500,3
284.8639707502915,CAPA19,500,500,3
82.51225103433956,CAPA19,500,500,3
56.05461992234489,CAPA19,500,500,3
46.647689111806244,CAPA19,500,500,3
20.04700892883732,CAPA19,500,500,3
17.04230115539734,CAPA19,500,500,3
872.3590089012463,CAPA19,500,500,3
367.890952758585,CAPA19,500,500,3
152.4552131011982,CAPA19,500,500,3
15.285171241939556,CAPA19,500,500,3
157.2474236338062,CAPA19,500,500,3
1888.7873764040364,CAPA19,500,500,3
26.410702940472895,CAPA19,500,500,3
1473.4029970730505,CAPA23,500,500,3
711.4222148876514,CAPA23,500,500,3
1188.8927130554596,CAPA23,500,500,3
26.577545808952888,CAPA23,500,500,3
804.0969959815397,CAPA23,500,500,3
29.48135596565153,CAPA23,500,500,3
695.9703230431555,CAPA23,500,500,3
1770.7277325350667,CAPA23,500,500,3
38.17855329697956,CAPA23,500,500,3
1655.4054641339662,CAPA23,500,500,3
2331.03546704967,CAPA23,500,500,3
417.99506609311294,CAPA23,500,500,3
1575.9222422970024,CAPA23,500,500,3
101.89635494115555,CAPA23,500,500,3
1184.0532112903397,CAPA23,500,500,3
105.4784463134649,CAPA23,500,500,3
1856.5474777079303,CAPA23,500,500,3
1618.039167320633,CAPA23,500,500,3
580.4155650545493,CAPA23,500,500,3
1094.3050668138224,CAPA23,500,500,3
334.2169665990667,CAPA24,500,500,3
2773.108747348606,CAPA24,500,500,3
2974.492168172372,CAPA24,500,500,3
6044.566806729669,CAPA24,500,500,3
552.7555103302666,CAPA24,500,500,3
3980.2380748875103,CAPA24,500,500,3
206.08626110293332,CAPA24,500,500,3
169.11182993164624,CAPA24,500,500,3
133.42830814101157,CAPA24,500,500,3
5553.202564223217,CAPA24,500,500,3
118.02546482209956,CAPA24,500,500,3
763.2264252852887,CAPA24,500,500,3
558.8302807290029,CAPA24,500,500,3
835.8182732371897,CAPA24,500,500,3
1869.2672255197588,CAPA24,500,500,3
1697.3610592921582,CAPA24,500,500,3
402.36596077438395,CAPA24,500,500,3
164.06954635901155,CAPA24,500,500,3
349.33602874555567,CAPA24,500,500,3
2949.947762002425,CAPA24,500,500,3
162.597100702144,CAPA30,500,500,3
438.56846064543294,CAPA30,500,500,3
322.01288842999276,CAPA30,500,500,3
898.1960530111556,CAPA30,500,500,3
3717.8941648788878,CAPA30,500,500,3
126.8613362344889,CAPA30,500,500,3
265.8265548875092,CAPA30,500,500,3
272.5910853288889,CAPA30,500,500,3
1487.2778460371558,CAPA30,500,500,3
213.40760330679282,CAPA30,500,500,3
232.11184528667732,CAPA30,500,500,3
6816.9131561754875,CAPA30,500,500,3
1436.0223285594864,CAPA30,500,500,3
272.1475860777795,CAPA30,500,500,3
127.61049548925155,CAPA30,500,500,3
471.01322990395556,CAPA30,500,500,3
1222.8988540549049,CAPA30,500,500,3
2162.5457176492782,CAPA30,500,500,3
535.1804230515983,CAPA30,500,500,3
500.345569988464,CAPA30,500,500,3
756.2486185555555,CAPA31,500,500,3
149.41025139182224,CAPA31,500,500,3
662.4181526019395,CAPA31,500,500,3
679.6350218338825,CAPA31,500,500,3
450.2183915162293,CAPA31,500,500,3
86.53677283771736,CAPA31,500,500,3
91.61889744785067,CAPA31,500,500,3
2565.869661807955,CAPA31,500,500,3
5201.608265175012,CAPA31,500,500,3
2039.989833026666,CAPA31,500,500,3
884.9542619089333,CAPA31,500,500,3
1007.2419206684993,CAPA31,500,500,3
1937.28406297674,CAPA31,500,500,3
736.6061928581532,CAPA31,500,500,3
4613.485159789967,CAPA31,500,500,3
199.49360624848882,CAPA31,500,500,3
2718.110069505451,CAPA31,500,500,3
365.1921074513759,CAPA31,500,500,3
781.7866580727396,CAPA31,500,500,3
636.5898213331554,CAPA31,500,500,3
185.86403052629154,CAPA47,500,500,3
1779.1177871112448,CAPA47,500,500,3
296.59389775146474,CAPA47,500,500,3
1609.1409876425794,CAPA47,500,500,3
110.58605199573147,CAPA47,500,500,3
3795.7145348876516,CAPA47,500,500,3
253.8694265382667,CAPA47,500,500,3
279.7891466797493,CAPA47,500,500,3
4505.741984232491,CAPA47,500,500,3
212.6423723162861,CAPA47,500,500,3
38.520952480624,CAPA47,500,500,3
42.778061084472895,CAPA47,500,500,3
758.039791933156,CAPA47,500,500,3
224.51920530941157,CAPA47,500,500,3
51.78401305172622,CAPA47,500,500,3
29.09904837328888,CAPA47,500,500,3
431.98048838335814,CAPA47,500,500,3
287.302558611904,CAPA47,500,500,3
1007.1163323673532,CAPA47,500,500,3
154.3510138184249,CAPA47,500,500,3
52.56082594756265,CAPA5,500,500,3
2445.827970347065,CAPA5,500,500,3
1081.4363915413317,CAPA5,500,500,3
1141.2914999149493,CAPA5,500,500,3
727.7967281137331,CAPA5,500,500,3
252.52923584927294,CAPA5,500,500,3
905.4841647516732,CAPA5,500,500,3
1185.173063619412,CAPA5,500,500,3
1579.7771983355447,CAPA5,500,500,3
327.8737665333315,CAPA5,500,500,3
165.30374063860626,CAPA5,500,500,3
1005.4535771638326,CAPA5,500,500,3
2176.7471142137447,CAPA5,500,500,3
1457.1915291300245,CAPA5,500,500,3
96.78939016540271,CAPA5,500,500,3
708.8004758338116,CAPA5,500,500,3
798.0843758442666,CAPA5,500,500,3
2057.993567947265,CAPA5,500,500,3
258.669394007296,CAPA5,500,500,3
144.2230276949333,CAPA5,500,500,3
1589.6207321611305,CAPA52,500,500,3
541.4614410466114,CAPA52,500,500,3
533.5431273860959,CAPA52,500,500,3
395.148155098425,CAPA52,500,500,3
730.4433528083183,CAPA52,500,500,3
104.57703953057954,CAPA52,500,500,3
99.97379142039999,CAPA52,500,500,3
965.164587730686,CAPA52,500,500,3
274.8219328896693,CAPA52,500,500,3
90.45071698721955,CAPA52,500,500,3
1636.8316339856422,CAPA52,500,500,3
2513.5837277678856,CAPA52,500,500,3
160.8961902198826,CAPA52,500,500,3
612.638327970873,CAPA52,500,500,3
244.04485276226663,CAPA52,500,500,3
598.8356253147718,CAPA52,500,500,3
5885.346639557965,CAPA52,500,500,3
1899.4157481902653,CAPA52,500,500,3
254.48611954844264,CAPA52,500,500,3
488.8809251723306,CAPA52,500,500,3
2597.905074273919,CAPA65,500,500,3
1329.011624793593,CAPA65,500,500,3
289.2882565288888,CAPA65,500,500,3
700.305797942825,CAPA65,500,500,3
2762.4152907493526,CAPA65,500,500,3
3184.915389324798,CAPA65,500,500,3
3949.1348450122223,CAPA65,500,500,3
2637.321498346793,CAPA65,500,500,3
2387.4853765909056,CAPA65,500,500,3
242.6705253543662,CAPA65,500,500,3
423.0550600667715,CAPA65,500,500,3
2233.0068087039554,CAPA65,500,500,3
2195.309637851812,CAPA65,500,500,3
3874.6785946635287,CAPA65,500,500,3
958.0597821119557,CAPA65,500,500,3
328.5192247679555,CAPA65,500,500,3
3061.1196543461524,CAPA65,500,500,3
1977.6653127123886,CAPA65,500,500,3
4167.640046625273,CAPA65,500,500,3
3012.7740627733333,CAPA65,500,500,3
125.87522821170491,CAPE4,500,500,3
4144.975722666668,CAPE4,500,500,3
101.88556781337599,CAPE4,500,500,3
4928.115927947404,CAPE4,500,500,3
854.5467692417259,CAPE4,500,500,3
239.9237853653316,CAPE4,500,500,3
617.3987432359663,CAPE4,500,500,3
2023.4092193868735,CAPE4,500,500,3
557.9034709717049,CAPE4,500,500,3
4070.0430644299927,CAPE4,500,500,3
4069.6671697929223,CAPE4,500,500,3
2628.9174043440908,CAPE4,500,500,3
5199.448454723838,CAPE4,500,500,3
4180.359538932223,CAPE4,500,500,3
416.71623412492625,CAPE4,500,500,3
3159.853384426096,CAPE4,500,500,3
1266.4379093312784,CAPE4,500,500,3
602.0478840174915,CAPE4,500,500,3
138.7706374655129,CAPE4,500,500,3
243.6368911263983,CAPE4,500,500,3
329.9957145109047,CAPE42,500,500,3
4660.694527058897,CAPE42,500,500,3
229.48512581781156,CAPE42,500,500,3
629.5405533326914,CAPE42,500,500,3
134.07775297239996,CAPE42,500,500,3
936.2419811278919,CAPE42,500,500,3
285.60051964769946,CAPE42,500,500,3
148.30234920754495,CAPE42,500,500,3
3312.4802319424007,CAPE42,500,500,3
1060.6148972177336,CAPE42,500,500,3
158.1465413307662,CAPE42,500,500,3
4308.432824861779,CAPE42,500,500,3
243.66794132137952,CAPE42,500,500,3
147.8985373258222,CAPE42,500,500,3
410.5872975345708,CAPE42,500,500,3
929.139028030464,CAPE42,500,500,3
212.12729073401607,CAPE42,500,500,3
42.09098204991822,CAPE42,500,500,3
2389.7475730062506,CAPE42,500,500,3
378.8441139982775,CAPE42,500,500,3
1331.7889575666918,CAPE6,500,500,3
235.32593825848897,CAPE6,500,500,3
133.84721310395562,CAPE6,500,500,3
97.99633005862223,CAPE6,500,500,3
185.87471815764633,CAPE6,500,500,3
395.7445853100783,CAPE6,500,500,3
918.0144426613316,CAPE6,500,500,3
148.4744263876196,CAPE6,500,500,3
619.7259663150062,CAPE6,500,500,3
7850.7042117332485,CAPE6,500,500,3
1622.9020990966594,CAPE6,500,500,3
1245.8286999739717,CAPE6,500,500,3
68.9912564001262,CAPE6,500,500,3
179.59113214648886,CAPE6,500,500,3
100.7055474909795,CAPE6,500,500,3
2837.315292072043,CAPE6,500,500,3
32.0919825740729,CAPE6,500,500,3
219.0775340187306,CAPE6,500,500,3
3949.553862665556,CAPE6,500,500,3
3350.332267420371,CAPE6,500,500,3
1953.3471352219306,CAPE7,500,500,3
33.811505564558225,CAPE7,500,500,3
202.78972916138497,CAPE7,500,500,3
219.45353094939736,CAPE7,500,500,3
438.25971524757153,CAPE7,500,500,3
237.54927064853143,CAPE7,500,500,3
743.9632131771713,CAPE7,500,500,3
56.43939811395555,CAPE7,500,500,3
153.30496661468274,CAPE7,500,500,3
2158.8537301597225,CAPE7,500,500,3
102.74305172888889,CAPE7,500,500,3
140.1279652056462,CAPE7,500,500,3
99.27206266666667,CAPE7,500,500,3
132.83902316825606,CAPE7,500,500,3
124.11343498222227,CAPE7,500,500,3
188.94038132888895,CAPE7,500,500,3
2308.46464118208,CAPE7,500,500,3
77.09695744852627,CAPE7,500,500,3
366.76187653537954,CAPE7,500,500,3
953.4927817366593,CAPE7,500,500,3
253.46989553396622,CAPH2,500,500,3
255.7611104718914,CAPH2,500,500,3
274.1058753578223,CAPH2,500,500,3
127.43438409015288,CAPH2,500,500,3
133.50943062172263,CAPH2,500,500,3
53.60019159040002,CAPH2,500,500,3
3321.725391522979,CAPH2,500,500,3
3754.0870932788453,CAPH2,500,500,3
146.626535695296,CAPH2,500,500,3
122.26537688353952,CAPH2,500,500,3
162.8586169151556,CAPH2,500,500,3
187.43125584633597,CAPH2,500,500,3
1459.6232826076,CAPH2,500,500,3
165.62264657913602,CAPH2,500,500,3
180.1524568395929,CAPH2,500,500,3
358.0612030970862,CAPH2,500,500,3
3270.3901931619544,CAPH2,500,500,3
338.8070415021797,CAPH2,500,500,3
395.1721061696783,CAPH2,500,500,3
30.327287964152877,CAPH2,500,500,3
1935.8109835450853,CAPI5,500,500,3
1707.1411620788888,CAPI5,500,500,3
286.5643964667449,CAPI5,500,500,3
1624.1664925113437,CAPI5,500,500,3
4252.278037497598,CAPI5,500,500,3
2510.955725687459,CAPI5,500,500,3
520.7401808769972,CAPI5,500,500,3
1389.395781632126,CAPI5,500,500,3
470.6673764308692,CAPI5,500,500,3
1755.4465760191997,CAPI5,500,500,3
2868.724659528185,CAPI5,500,500,3
455.6889533357494,CAPI5,500,500,3
583.0904998950665,CAPI5,500,500,3
371.6413135802598,CAPI5,500,500,3
1355.1355803371448,CAPI5,500,500,3
655.1680306046222,CAPI5,500,500,3
808.811536883456,CAPI5,500,500,3
1015.3837047991452,CAPI5,500,500,3
3810.0282394684004,CAPI5,500,500,3
858.4118451531666,CAPI5,500,500,3
205.14464150428267,CAPL4,500,500,3
79.09610353140623,CAPL4,500,500,3
193.34244121309158,CAPL4,500,500,3
2682.555845065785,CAPL4,500,500,3
1027.8640765155558,CAPL4,500,500,3
710.9593588903182,CAPL4,500,500,3
290.37419245293336,CAPL4,500,500,3
1673.5625090995127,CAPL4,500,500,3
432.82301020641944,CAPL4,500,500,3
62.95242665813157,CAPL4,500,500,3
680.8086225464248,CAPL4,500,500,3
2756.022128439679,CAPL4,500,500,3
178.2593192067129,CAPL4,500,500,3
958.5060435094597,CAPL4,500,500,3
380.1741076046223,CAPL4,500,500,3
215.91041693559288,CAPL4,500,500,3
1712.0001500865965,CAPL4,500,500,3
1945.32259836,CAPL4,500,500,3
2393.812254856364,CAPL4,500,500,3
1616.6726664606563,CAPL4,500,500,3
597.356119669696,CAPL5,500,500,3
129.5601700362649,CAPL5,500,500,3
735.2054700792888,CAPL5,500,500,3
723.2590765919555,CAPL5,500,500,3
427.3219712878294,CAPL5,500,500,3
511.43958201240014,CAPL5,500,500,3
2767.138818522106,CAPL5,500,500,3
5448.420947180372,CAPL5,500,500,3
1523.8667767889847,CAPL5,500,500,3
927.3454850383631,CAPL5,500,500,3
922.5939587326556,CAPL5,500,500,3
2243.377619963726,CAPL5,500,500,3
1117.8831362804895,CAPL5,500,500,3
161.92557920706668,CAPL5,500,500,3
589.2524330886379,CAPL5,500,500,3
288.01758872528876,CAPL5,500,500,3
262.58447297493166,CAPL5,500,500,3
1508.0916647982062,CAPL5,500,500,3
108.93247168340622,CAPL5,500,500,3
1695.6271096939456,CAPL5,500,500,3
367.73077999338494,CAPR,500,500,3
150.32812159604623,CAPR,500,500,3
154.644002866624,CAPR,500,500,3
106.36737857425062,CAPR,500,500,3
1154.948346506667,CAPR,500,500,3
1802.2784846277339,CAPR,500,500,3
221.53663945457615,CAPR,500,500,3
400.0569478346223,CAPR,500,500,3
887.4892289207443,CAPR,500,500,3
111.86261977002493,CAPR,500,500,3
375.5773448613529,CAPR,500,500,3
170.2031326054329,CAPR,500,500,3
372.9380526924514,CAPR,500,500,3
1178.0106883628782,CAPR,500,500,3
74.42705946919823,CAPR,500,500,3
1927.153096729145,CAPR,500,500,3
618.2585885766665,CAPR,500,500,3
2070.4491627561224,CAPR,500,500,3
1071.0264677367395,CAPR,500,500,3
539.7672847908908,CAPR,500,500,3
164.2123679862328,CAPR12,500,500,3
104.75712683306661,CAPR12,500,500,3
231.39570701601951,CAPR12,500,500,3
2431.5999219379123,CAPR12,500,500,3
201.1967734804196,CAPR12,500,500,3
3900.085817194624,CAPR12,500,500,3
200.21710255106672,CAPR12,500,500,3
259.3735021777334,CAPR12,500,500,3
308.04793942839285,CAPR12,500,500,3
485.8252381224887,CAPR12,500,500,3
3003.251294855039,CAPR12,500,500,3
153.62031161941158,CAPR12,500,500,3
161.19147074115563,CAPR12,500,500,3
176.2742540457227,CAPR12,500,500,3
401.67633009048865,CAPR12,500,500,3
123.5325523091893,CAPR12,500,500,3
549.7659259171397,CAPR12,500,500,3
2463.8010648237228,CAPR12,500,500,3
239.81532761386507,CAPR12,500,500,3
562.0904526504889,CAPR12,500,500,3
2883.869413229219,CAPR5,500,500,3
65.41371668582222,CAPR5,500,500,3
521.7855196433331,CAPR5,500,500,3
654.0191992161851,CAPR5,500,500,3
166.96019980593604,CAPR5,500,500,3
3160.649421523112,CAPR5,500,500,3
264.37110747195555,CAPR5,500,500,3
110.56358113262935,CAPR5,500,500,3
790.9956539810833,CAPR5,500,500,3
218.3121305590827,CAPR5,500,500,3
149.11019507583822,CAPR5,500,500,3
157.05308261767823,CAPR5,500,500,3
1810.3622445848957,CAPR5,500,500,3
319.85952773222226,CAPR5,500,500,3
94.47947313619731,CAPR5,500,500,3
156.31336013353064,CAPR5,500,500,3
3572.3786235822654,CAPR5,500,500,3
664.9545639344905,CAPR5,500,500,3
240.58099895193592,CAPR5,500,500,3
214.87011325418484,CAPR5,500,500,3
117.73141918519286,CAPR6,500,500,3
3596.4862091243444,CAPR6,500,500,3
424.6755435596729,CAPR6,500,500,3
146.76753121848884,CAPR6,500,500,3
68.9798172917173,CAPR6,500,500,3
831.5711679955552,CAPR6,500,500,3
12.849655999743996,CAPR6,500,500,3
3109.3146656272907,CAPR6,500,500,3
2683.8985044226783,CAPR6,500,500,3
143.60360308606403,CAPR6,500,500,3
110.65377549351825,CAPR6,500,500,3
1985.488990627155,CAPR6,500,500,3
91.15838836841068,CAPR6,500,500,3
4164.781242451371,CAPR6,500,500,3
4193.693494475938,CAPR6,500,500,3
2701.9905370030915,CAPR6,500,500,3
63.504667543109335,CAPR6,500,500,3
1462.7549840997528,CAPR6,500,500,3
920.0058142151039,CAPR6,500,500,3
2309.2145186666216,CAPR6,500,500,3
153.23841825364624,CAPR7,500,500,3
108.87438967995556,CAPR7,500,500,3
118.70006928518929,CAPR7,500,500,3
60.22889220159821,CAPR7,500,500,3
200.37191981732266,CAPR7,500,500,3
144.00737709648888,CAPR7,500,500,3
287.3792347894329,CAPR7,500,500,3
93.041672988096,CAPR7,500,500,3
100.15183472511822,CAPR7,500,500,3
84.39920161194487,CAPR7,500,500,3
141.07858367433948,CAPR7,500,500,3
24.756503679822217,CAPR7,500,500,3
684.8084422826223,CAPR7,500,500,3
51.197638206122676,CAPR7,500,500,3
38.24515949305601,CAPR7,500,500,3
240.9141137088783,CAPR7,500,500,3
38.46250898630401,CAPR7,500,500,3
57.552593186899564,CAPR7,500,500,3
293.31449617249956,CAPR7,500,500,3
21.642245465535996,CAPR7,500,500,3
186.97040292785604,CAPR9,500,500,3
142.6427732636373,CAPR9,500,500,3
4107.01722960482,CAPR9,500,500,3
1174.7230173724004,CAPR9,500,500,3
87.80238231273067,CAPR9,500,500,3
753.4239268169796,CAPR9,500,500,3
120.65494515468619,CAPR9,500,500,3
198.36998898915544,CAPR9,500,500,3
79.38715297396622,CAPR9,500,500,3
290.71531688532616,CAPR9,500,500,3
294.15756874655307,CAPR9,500,500,3
4326.485554591226,CAPR9,500,500,3
2256.734713055785,CAPR9,500,500,3
181.7861283155555,CAPR9,500,500,3
63.06245093801953,CAPR9,500,500,3
160.64709733269157,CAPR9,500,500,3
567.4943406954503,CAPR9,500,500,3
249.88675970826665,CAPR9,500,500,3
154.7696572656907,CAPR9,500,500,3
1905.5851892025582,CAPR9,500,500,3
1313.7315943509332,CAPS,500,500,3
4078.3658588178328,CAPS,500,500,3
411.64457219497064,CAPS,500,500,3
2173.172822902265,CAPS,500,500,3
233.0765009168782,CAPS,500,500,3
577.2283530015839,CAPS,500,500,3
287.3008584576,CAPS,500,500,3
209.83224625535834,CAPS,500,500,3
2096.459656703956,CAPS,500,500,3
883.807182360489,CAPS,500,500,3
1049.6865121864514,CAPS,500,500,3
691.4501424069334,CAPS,500,500,3
287.04625633915566,CAPS,500,500,3
230.3265179316907,CAPS,500,500,3
134.47980356444268,CAPS,500,500,3
1886.527254698602,CAPS,500,500,3
499.4253357203041,CAPS,500,500,3
372.466608521456,CAPS,500,500,3
1971.3190081755574,CAPS,500,500,3
1015.9289642032194,CAPS,500,500,3
2596.1870220398914,CAPS5,500,500,3
170.45667546417607,CAPS5,500,500,3
130.43367835135288,CAPS5,500,500,3
2157.5434157499994,CAPS5,500,500,3
49.13949154310934,CAPS5,500,500,3
192.14878552284264,CAPS5,500,500,3
324.2557556624997,CAPS5,500,500,3
112.20877788285162,CAPS5,500,500,3
970.5943772428517,CAPS5,500,500,3
17.37394625279289,CAPS5,500,500,3
797.9527411356,CAPS5,500,500,3
570.0373095288891,CAPS5,500,500,3
25.65172498601955,CAPS5,500,500,3
3372.695897308157,CAPS5,500,500,3
666.203843926896,CAPS5,500,500,3
203.31637320564636,CAPS5,500,500,3
68.17246410666665,CAPS5,500,500,3
865.0101312870667,CAPS5,500,500,3
242.6054746547129,CAPS5,500,500,3
155.90209690474492,CAPS5,500,500,3
4273.813574164933,CAPU,500,500,3
234.27035970679287,CAPU,500,500,3
221.4873009528161,CAPU,500,500,3
4727.288918169884,CAPU,500,500,3
135.65557721777594,CAPU,500,500,3
1703.1155864571715,CAPU,500,500,3
2312.3809173032882,CAPU,500,500,3
3577.0358933864964,CAPU,500,500,3
647.2342038950239,CAPU,500,500,3
149.5138502222222,CAPU,500,500,3
4913.845460876735,CAPU,500,500,3
3995.9215278287616,CAPU,500,500,3
64.20291049747733,CAPU,500,500,3
1916.4793596495365,CAPU,500,500,3
295.52589842065066,CAPU,500,500,3
2312.3809173032882,CAPU,500,500,3
3131.4791822621696,CAPU,500,500,3
125.31312949449955,CAPU,500,500,3
370.5654194641759,CAPU,500,500,3
99.17070790677148,CAPU,500,500,3
466.8167775960464,CAPU11,500,500,3
2625.9768149451666,CAPU11,500,500,3
830.6696899549581,CAPU11,500,500,3
2228.74339997097,CAPU11,500,500,3
3467.5332085254377,CAPU11,500,500,3
2341.3229945812195,CAPU11,500,500,3
4546.401561441956,CAPU11,500,500,3
1305.3286476550238,CAPU11,500,500,3
1734.4001934910857,CAPU11,500,500,3
1062.9606146566664,CAPU11,500,500,3
1746.1616424829858,CAPU11,500,500,3
333.03597263399826,CAPU11,500,500,3
117.02129858676622,CAPU11,500,500,3
80.54174046314489,CAPU11,500,500,3
4855.689498769808,CAPU11,500,500,3
2865.651715678888,CAPU11,500,500,3
421.27541680614394,CAPU11,500,500,3
1008.3888657129173,CAPU11,500,500,3
230.71057443822932,CAPU11,500,500,3
395.3579295306223,CAPU11,500,500,3
5784.825886211814,CAPU13,500,500,3
1965.2270350044735,CAPU13,500,500,3
811.9731703379556,CAPU13,500,500,3
2267.1193799149496,CAPU13,500,500,3
522.0136804575982,CAPU13,500,500,3
356.30458394999266,CAPU13,500,500,3
2068.5377949171984,CAPU13,500,500,3
739.9017088216463,CAPU13,500,500,3
3022.0439945415033,CAPU13,500,500,3
420.4147821989263,CAPU13,500,500,3
4513.9967947086225,CAPU13,500,500,3
572.0642370591984,CAPU13,500,500,3
609.2025638052249,CAPU13,500,500,3
206.08573222705607,CAPU13,500,500,3
1407.2441894882922,CAPU13,500,500,3
403.42525866133155,CAPU13,500,500,3
3236.1541572947185,CAPU13,500,500,3
2920.210246516905,CAPU13,500,500,3
796.1900460474596,CAPU13,500,500,3
290.80096506555566,CAPU13,500,500,3
721.1856171118062,CAPU9,500,500,3
327.8843285631555,CAPU9,500,500,3
327.1178478301583,CAPU9,500,500,3
634.6973622839182,CAPU9,500,500,3
731.2442119676,CAPU9,500,500,3
1697.6957337738215,CAPU9,500,500,3
80.67160127888889,CAPU9,500,500,3
3011.1723235850513,CAPU9,500,500,3
613.1307461210381,CAPU9,500,500,3
79.51294463889072,CAPU9,500,500,3
3155.4550102590547,CAPU9,500,500,3
378.5199917313262,CAPU9,500,500,3
1731.713462574585,CAPU9,500,500,3
529.9856973375984,CAPU9,500,500,3
3255.637737041892,CAPU9,500,500,3
1524.0707540760463,CAPU9,500,500,3
687.2191376278116,CAPU9,500,500,3
1074.6171794709046,CAPU9,500,500,3
417.9527097471553,CAPU9,500,500,3
1215.1296700014916,CAPU9,500,500,3
295.0272130039449,CAQU2,500,500,3
226.51424499591826,CAQU2,500,500,3
4489.90197823714,CAQU2,500,500,3
272.70144563767286,CAQU2,500,500,3
153.63350250559822,CAQU2,500,500,3
4540.831449331625,CAQU2,500,500,3
1625.071575513592,CAQU2,500,500,3
254.27447874098485,CAQU2,500,500,3
300.6806265427625,CAQU2,500,500,3
2113.248799800232,CAQU2,500,500,3
194.76918727093334,CAQU2,500,500,3
908.9646075697756,CAQU2,500,500,3
2701.1647396666863,CAQU2,500,500,3
1003.7966257614061,CAQU2,500,500,3
92.4976964126649,CAQU2,500,500,3
536.9332896732731,CAQU2,500,500,3
450.10590119507737,CAQU2,500,500,3
563.9967733205045,CAQU2,500,500,3
281.74762861985954,CAQU2,500,500,3
3808.127626161264,CAQU2,500,500,3
1437.5904756736002,CARA,500,500,3
1581.7022823187629,CARA,500,500,3
196.58192757048894,CARA,500,500,3
1616.0100716367929,CARA,500,500,3
819.5944931613585,CARA,500,500,3
1407.0248997975893,CARA,500,500,3
91.53206348433068,CARA,500,500,3
916.4961159056995,CARA,500,500,3
834.8003377172888,CARA,500,500,3
916.566524186105,CARA,500,500,3
2453.3484499299557,CARA,500,500,3
160.4766885518223,CARA,500,500,3
189.71417661506663,CARA,500,500,3
1545.1934874122223,CARA,500,500,3
514.0815712009227,CARA,500,500,3
1640.9183783376197,CARA,500,500,3
424.10096616917156,CARA,500,500,3
1795.1881904157578,CARA,500,500,3
937.4613779379123,CARA,500,500,3
788.3407974034772,CARA,500,500,3
4598.094951588687,CARA2,500,500,3
348.5732131205048,CARA2,500,500,3
1859.125273318905,CARA2,500,500,3
234.5970031333759,CARA2,500,500,3
144.56392801262234,CARA2,500,500,3
415.7077143099999,CARA2,500,500,3
3251.917913048683,CARA2,500,500,3
389.45440945045146,CARA2,500,500,3
313.635313541625,CARA2,500,500,3
339.0781315748959,CARA2,500,500,3
371.10158431555533,CARA2,500,500,3
481.67760381222234,CARA2,500,500,3
817.6164385332892,CARA2,500,500,3
722.5347809207448,CARA2,500,500,3
1352.3050839992163,CARA2,500,500,3
3867.5677399646524,CARA2,500,500,3
2864.3529580400004,CARA2,500,500,3
1642.4518735319443,CARA2,500,500,3
252.8949063932515,CARA2,500,500,3
816.4048726652995,CARA2,500,500,3
40.14436395711823,CARA5,500,500,3
138.26268373648887,CARA5,500,500,3
397.53764479555554,CARA5,500,500,3
883.4135345492462,CARA5,500,500,3
99.60298584462224,CARA5,500,500,3
137.19769430300272,CARA5,500,500,3
2940.1078285750327,CARA5,500,500,3
4707.128651502631,CARA5,500,500,3
417.1720738816,CARA5,500,500,3
1921.3198780240784,CARA5,500,500,3
216.94500631000005,CARA5,500,500,3
159.87018722325155,CARA5,500,500,3
754.2586800538862,CARA5,500,500,3
487.72707069860246,CARA5,500,500,3
768.2387649894117,CARA5,500,500,3
1389.2484289374559,CARA5,500,500,3
59.836937284933306,CARA5,500,500,3
196.20978796565154,CARA5,500,500,3
105.46327497045158,CARA5,500,500,3
12555.595973039775,CARA5,500,500,3
422.00216452159844,CARA6,500,500,3
627.0363876825442,CARA6,500,500,3
469.89443004000003,CARA6,500,500,3
148.316843863593,CARA6,500,500,3
71.07174532973335,CARA6,500,500,3
472.39570767529074,CARA6,500,500,3
567.1317398805049,CARA6,500,500,3
1683.9649602724905,CARA6,500,500,3
271.5796744749797,CARA6,500,500,3
5175.455982168603,CARA6,500,500,3
171.0978473321529,CARA6,500,500,3
165.5540770599182,CARA6,500,500,3
36.476214017536,CARA6,500,500,3
254.41150666609073,CARA6,500,500,3
1984.6208552427368,CARA6,500,500,3
3964.2979747988898,CARA6,500,500,3
1445.8072019036729,CARA6,500,500,3
557.3020556154862,CARA6,500,500,3
1058.5168754122224,CARA6,500,500,3
261.0300666610916,CARA6,500,500,3
446.18578332541165,CARE4,500,500,3
360.00138972795565,CARE4,500,500,3
316.52931277382936,CARE4,500,500,3
372.4406543208107,CARE4,500,500,3
113.04386521036623,CARE4,500,500,3
62.51000631089601,CARE4,500,500,3
24.93781059412622,CARE4,500,500,3
208.39565430826485,CARE4,500,500,3
198.09991630761957,CARE4,500,500,3
316.6852029493973,CARE4,500,500,3
827.927300343067,CARE4,500,500,3
296.21185818225064,CARE4,500,500,3
491.60415540415795,CARE4,500,500,3
193.6413670003983,CARE4,500,500,3
1932.247836767972,CARE4,500,500,3
2345.095101197823,CARE4,500,500,3
649.1196006007395,CARE4,500,500,3
446.1965970212907,CARE4,500,500,3
434.65750048995545,CARE4,500,500,3
1354.0596575955556,CARE4,500,500,3
2000.2401854796638,CARE9,500,500,3
1009.969772478889,CARE9,500,500,3
280.2366653822224,CARE9,500,500,3
63.569884270362664,CARE9,500,500,3
52.818424429566235,CARE9,500,500,3
3572.07474973201,CARE9,500,500,3
209.4310526534382,CARE9,500,500,3
39.94203044333333,CARE9,500,500,3
63.15787580757155,CARE9,500,500,3
73.86512842382223,CARE9,500,500,3
153.69000108863818,CARE9,500,500,3
141.02081446236264,CARE9,500,500,3
369.34660742666665,CARE9,500,500,3
80.49292889599289,CARE9,500,500,3
137.99261523276624,CARE9,500,500,3
1354.3907584246026,CARE9,500,500,3
59.966483182222234,CARE9,500,500,3
370.42231121493154,CARE9,500,500,3
19.865011403263996,CARE9,500,500,3
894.5822419723089,CARE9,500,500,3
135.8083748355129,CARH4,500,500,3
172.76795603199287,CARH4,500,500,3
167.11422196330483,CARH4,500,500,3
944.2228168381849,CARH4,500,500,3
149.87329831093334,CARH4,500,500,3
1118.1143245830667,CARH4,500,500,3
309.7102113982507,CARH4,500,500,3
2125.972922459091,CARH4,500,500,3
601.059558388793,CARH4,500,500,3
94.33450469971734,CARH4,500,500,3
86.15384244388265,CARH4,500,500,3
1584.6792374611555,CARH4,500,500,3
221.5563323292425,CARH4,500,500,3
211.91936998990937,CARH4,500,500,3
596.5209993320517,CARH4,500,500,3
159.73850353697952,CARH4,500,500,3
137.36144309862402,CARH4,500,500,3
52.68337713143289,CARH4,500,500,3
1601.317468881038,CARH4,500,500,3
154.29219907113063,CARH4,500,500,3
66.32904705889959,CARI,500,500,3
308.6585254844994,CARI,500,500,3
2268.7972973226597,CARI,500,500,3
327.1242031099714,CARI,500,500,3
180.10570780478406,CARI,500,500,3
506.9684424583663,CARI,500,500,3
246.36022066494408,CARI,500,500,3
132.18882013644628,CARI,500,500,3
1942.0085255509334,CARI,500,500,3
348.59285995391815,CARI,500,500,3
381.86487756669146,CARI,500,500,3
134.4952110229333,CARI,500,500,3
2747.770527373821,CARI,500,500,3
312.4044479346329,CARI,500,500,3
423.2013938202666,CARI,500,500,3
1857.1487805749325,CARI,500,500,3
89.58875759291735,CARI,500,500,3
195.77931398357154,CARI,500,500,3
230.0978470038116,CARI,500,500,3
128.18798399655822,CARI,500,500,3
276.9929746605796,CARI2,500,500,3
929.1402819817176,CARI2,500,500,3
156.10877584493332,CARI2,500,500,3
1170.0442123397975,CARI2,500,500,3
1630.2400550993045,CARI2,500,500,3
913.4195563997224,CARI2,500,500,3
381.2325179975395,CARI2,500,500,3
688.0214206312374,CARI2,500,500,3
44.36541616605155,CARI2,500,500,3
325.6348902902026,CARI2,500,500,3
270.5458517592728,CARI2,500,500,3
1475.3890764555667,CARI2,500,500,3
5105.817781115556,CARI2,500,500,3
1120.081013202558,CARI2,500,500,3
1756.255669166419,CARI2,500,500,3
4200.90861931847,CARI2,500,500,3
2346.828795987753,CARI2,500,500,3
320.35750883327825,CARI2,500,500,3
4642.441916027734,CARI2,500,500,3
129.56679155967288,CARI2,500,500,3
111.43550369002493,CARO14,500,500,3
159.0265421320249,CARO14,500,500,3
320.24881003081964,CARO14,500,500,3
65.27045395433065,CARO14,500,500,3
875.892217716622,CARO14,500,500,3
72.94623724253152,CARO14,500,500,3
3077.0886938734297,CARO14,500,500,3
113.25687051404621,CARO14,500,500,3
2282.655967010638,CARO14,500,500,3
68.180727282416,CARO14,500,500,3
123.83776207017961,CARO14,500,500,3
86.67485999969956,CARO14,500,500,3
1830.8104686553315,CARO14,500,500,3
239.78106886613162,CARO14,500,500,3
1886.3686397304891,CARO14,500,500,3
86.677059101296,CARO14,500,500,3
456.78872084647816,CARO14,500,500,3
267.62395733193966,CARO14,500,500,3
1102.5867130490594,CARO14,500,500,3
69.48061060863289,CARO14,500,500,3
2696.6038583500513,CARO2,500,500,3
137.42594531447284,CARO2,500,500,3
78.42658922043736,CARO2,500,500,3
87.83075454833069,CARO2,500,500,3
1843.4002574722122,CARO2,500,500,3
1744.1970886997044,CARO2,500,500,3
5368.519055845971,CARO2,500,500,3
61.273111796899556,CARO2,500,500,3
1059.3668149238326,CARO2,500,500,3
74.1447210214329,CARO2,500,500,3
91.40908610128888,CARO2,500,500,3
2445.091310803113,CARO2,500,500,3
405.93826444760015,CARO2,500,500,3
43.6700062132889,CARO2,500,500,3
286.5693886924729,CARO2,500,500,3
274.99077601353946,CARO2,500,500,3
2073.7225021496247,CARO2,500,500,3
38.476907502504886,CARO2,500,500,3
3174.0021408741754,CARO2,500,500,3
369.28599479884616,CARO2,500,500,3
202.65787312861153,CARO22,500,500,3
45.233157183822236,CARO22,500,500,3
2337.3460453582506,CARO22,500,500,3
109.03019064848885,CARO22,500,500,3
34.61092994908267,CARO22,500,500,3
57.66906927573332,CARO22,500,500,3
217.6874394067893,CARO22,500,500,3
1282.8571468156515,CARO22,500,500,3
3490.966136276549,CARO22,500,500,3
312.94969554089954,CARO22,500,500,3
771.9787081870913,CARO22,500,500,3
612.8611893336464,CARO22,500,500,3
68.79144430648887,CARO22,500,500,3
4499.9390538560765,CARO22,500,500,3
38.146205407288896,CARO22,500,500,3
34.9444950732729,CARO22,500,500,3
97.31915445431292,CARO22,500,500,3
2086.8533246974857,CARO22,500,500,3
102.29969988620623,CARO22,500,500,3
106.56513035689962,CARO22,500,500,3
229.81000422897597,CARO26,500,500,3
750.0004726766862,CARO26,500,500,3
1911.022342402837,CARO26,500,500,3
640.2441999798596,CARO26,500,500,3
2463.769380723156,CARO26,500,500,3
134.78216274261155,CARO26,500,500,3
702.6828335172194,CARO26,500,500,3
3574.3124104955705,CARO26,500,500,3
881.7269200031556,CARO26,500,500,3
1376.6687870093579,CARO26,500,500,3
311.98029957375826,CARO26,500,500,3
446.2911027601048,CARO26,500,500,3
184.88740346025946,CARO26,500,500,3
3729.2732615379555,CARO26,500,500,3
2222.6199059384144,CARO26,500,500,3
2801.0945729097307,CARO26,500,500,3
85.44699439253156,CARO26,500,500,3
2735.665273382224,CARO26,500,500,3
1718.865408697913,CARO26,500,500,3
2607.2847079296002,CARO26,500,500,3
1333.9662492724894,CARO5,500,500,3
3515.662761952426,CARO5,500,500,3
1441.900179970416,CARO5,500,500,3
136.62402012262228,CARO5,500,500,3
1624.2848245752725,CARO5,500,500,3
7737.58298508202,CARO5,500,500,3
3544.8465432205576,CARO5,500,500,3
2202.0003728374604,CARO5,500,500,3
643.5693173985262,CARO5,500,500,3
431.4643764511555,CARO5,500,500,3
156.87735546972266,CARO5,500,500,3
2462.734091553478,CARO5,500,500,3
256.0087325982648,CARO5,500,500,3
398.86790496767264,CARO5,500,500,3
52.06127834791824,CARO5,500,500,3
79.15848507873956,CARO5,500,500,3
937.9617496369335,CARO5,500,500,3
514.6937053812891,CARO5,500,500,3
144.94818780671818,CARO5,500,500,3
31.75898368937956,CARO5,500,500,3
3373.701926421219,CARO6,500,500,3
395.9256388924001,CARO6,500,500,3
42.84349063662223,CARO6,500,500,3
185.8289211831182,CARO6,500,500,3
293.6333223790062,CARO6,500,500,3
3673.4356874425175,CARO6,500,500,3
5169.7182030048425,CARO6,500,500,3
790.0238466271984,CARO6,500,500,3
1828.9191263210373,CARO6,500,500,3
728.1447103353585,CARO6,500,500,3
218.25018369908628,CARO6,500,500,3
47.87299850487289,CARO6,500,500,3
4528.69190931825,CARO6,500,500,3
471.2399891759714,CARO6,500,500,3
719.475504748366,CARO6,500,500,3
552.3871879298116,CARO6,500,500,3
125.27971977286941,CARO6,500,500,3
2131.2830788356105,CARO6,500,500,3
493.683889920496,CARO6,500,500,3
278.49596257746487,CARO6,500,500,3
212.0586105312426,CARO7,500,500,3
404.8594426502827,CARO7,500,500,3
121.72076528673955,CARO7,500,500,3
373.22465731767306,CARO7,500,500,3
357.2202891807129,CARO7,500,500,3
99.7015938969529,CARO7,500,500,3
3429.323758486897,CARO7,500,500,3
132.92904555434487,CARO7,500,500,3
125.04114058751291,CARO7,500,500,3
133.39651559156627,CARO7,500,500,3
192.91288265161944,CARO7,500,500,3
3597.9432912938228,CARO7,500,500,3
1250.0345965411557,CARO7,500,500,3
327.21757734092614,CARO7,500,500,3
88.04025776155734,CARO7,500,500,3
436.948138754544,CARO7,500,500,3
3879.201498448889,CARO7,500,500,3
1172.046280142478,CARO7,500,500,3
65.88284201522494,CARO7,500,500,3
1767.985328132222,CARO7,500,500,3
147.32267693481063,CARU,500,500,3
4081.3945673598214,CARU,500,500,3
3214.137664291814,CARU,500,500,3
381.98680752497603,CARU,500,500,3
2895.8069907620907,CARU,500,500,3
408.413951997696,CARU,500,500,3
82.2860623425262,CARU,500,500,3
353.61106045132624,CARU,500,500,3
5588.854034458366,CARU,500,500,3
127.53004438075729,CARU,500,500,3
3889.4107306528995,CARU,500,500,3
77.00281851508625,CARU,500,500,3
6784.718798834771,CARU,500,500,3
4937.937769878399,CARU,500,500,3
320.4958135167928,CARU,500,500,3
176.31623998599818,CARU,500,500,3
47.96717589374396,CARU,500,500,3
159.92957864888888,CARU,500,500,3
426.3480006620997,CARU,500,500,3
643.6015766801049,CARU,500,500,3
96.01371862388625,CARU3,500,500,3
814.4750689083091,CARU3,500,500,3
60.2673495658222,CARU3,500,500,3
1821.0157263072992,CARU3,500,500,3
61.944376398888885,CARU3,500,500,3
3388.4066541822217,CARU3,500,500,3
1087.0734089596517,CARU3,500,500,3
2774.9878414258546,CARU3,500,500,3
42.388430647066684,CARU3,500,500,3
697.8531307503625,CARU3,500,500,3
6229.886959354864,CARU3,500,500,3
1885.270688,CARU3,500,500,3
1181.308409355732,CARU3,500,500,3
3880.433872255937,CARU3,500,500,3
1166.3468017146865,CARU3,500,500,3
653.2701883598221,CARU3,500,500,3
2760.887107482106,CARU3,500,500,3
4126.253523448532,CARU3,500,500,3
1258.9609106031626,CARU3,500,500,3
2028.4949877080114,CARU3,500,500,3
5481.474273693651,CASA10,500,500,3
115.09649830023827,CASA10,500,500,3
157.300642685296,CASA10,500,500,3
117.62753587231282,CASA10,500,500,3
406.0069412664888,CASA10,500,500,3
134.64799893702934,CASA10,500,500,3
107.35468463666493,CASA10,500,500,3
263.5241801109315,CASA10,500,500,3
53.66735682929601,CASA10,500,500,3
462.02067662476645,CASA10,500,500,3
4738.443984586744,CASA10,500,500,3
73.00163927888887,CASA10,500,500,3
5601.918725540971,CASA10,500,500,3
232.46979242495297,CASA10,500,500,3
182.25674698124627,CASA10,500,500,3
204.88388079750936,CASA10,500,500,3
233.54573540678933,CASA10,500,500,3
816.2372262566663,CASA10,500,500,3
423.6557686305848,CASA10,500,500,3
472.5026809343927,CASA10,500,500,3
844.5854572157851,CASA2,500,500,3
158.42079389746488,CASA2,500,500,3
55.54770216487821,CASA2,500,500,3
1452.0640617099361,CASA2,500,500,3
90.46486816116621,CASA2,500,500,3
358.9336570282665,CASA2,500,500,3
228.43324050145966,CASA2,500,500,3
352.70590215649963,CASA2,500,500,3
660.1747572636996,CASA2,500,500,3
104.52075154770489,CASA2,500,500,3
979.1745900065495,CASA2,500,500,3
46.74562772542402,CASA2,500,500,3
907.617120929733,CASA2,500,500,3
302.4359331198222,CASA2,500,500,3
12.221727753983997,CASA2,500,500,3
2202.9659218000793,CASA2,500,500,3
417.60722177961935,CASA2,500,500,3
1891.6474573231712,CASA2,500,500,3
2182.819981896079,CASA2,500,500,3
370.58267770726394,CASA2,500,500,3
3058.2712254412786,CASA3,500,500,3
410.68532894559985,CASA3,500,500,3
3084.3491903150048,CASA3,500,500,3
1076.3496887688511,CASA3,500,500,3
531.2268730901048,CASA3,500,500,3
3392.7443128581535,CASA3,500,500,3
122.56343971270407,CASA3,500,500,3
1956.288389399067,CASA3,500,500,3
894.6388908984247,CASA3,500,500,3
4323.512164755733,CASA3,500,500,3
268.70865195391815,CASA3,500,500,3
906.0879292987719,CASA3,500,500,3
910.4641234463983,CASA3,500,500,3
251.03279057180265,CASA3,500,500,3
332.5944565389583,CASA3,500,500,3
3020.264911351438,CASA3,500,500,3
306.1867679902649,CASA3,500,500,3
2919.6424725623406,CASA3,500,500,3
372.6225913811556,CASA3,500,500,3
502.2963453300461,CASA3,500,500,3
346.3756315357795,CASA4,500,500,3
976.1221065733048,CASA4,500,500,3
409.73428106982254,CASA4,500,500,3
239.25519979903822,CASA4,500,500,3
1320.2899041595717,CASA4,500,500,3
109.69693386555556,CASA4,500,500,3
2217.2660214804896,CASA4,500,500,3
1519.1582636706112,CASA4,500,500,3
1303.8277059856198,CASA4,500,500,3
264.3007746666506,CASA4,500,500,3
1064.5150316053046,CASA4,500,500,3
1651.9156012776375,CASA4,500,500,3
473.78489665973336,CASA4,500,500,3
1066.9569934060366,CASA4,500,500,3
1415.3678734073583,CASA4,500,500,3
2780.7571675555555,CASA4,500,500,3
1556.8348518932887,CASA4,500,500,3
741.616593665833,CASA4,500,500,3
1845.8339598110656,CASA4,500,500,3
325.31157513385955,CASA4,500,500,3
53.60855848348267,CASA8,500,500,3
81.28487963357155,CASA8,500,500,3
550.5718367569336,CASA8,500,500,3
5317.169988665168,CASA8,500,500,3
909.8821397423716,CASA8,500,500,3
1679.657983851797,CASA8,500,500,3
104.085475713984,CASA8,500,500,3
5084.3468987006545,CASA8,500,500,3
70.24823061589157,CASA8,500,500,3
1069.3386336770564,CASA8,500,500,3
2315.2527626596966,CASA8,500,500,3
1067.810734642489,CASA8,500,500,3
530.849356723883,CASA8,500,500,3
557.7066208671558,CASA8,500,500,3
1894.6623012366067,CASA8,500,500,3
2049.7630228179196,CASA8,500,500,3
2553.842047999424,CASA8,500,500,3
1532.893992341931,CASA8,500,500,3
973.8146310951183,CASA8,500,500,3
146.02877586932618,CASA8,500,500,3
158.58918303401956,CASC10,500,500,3
122.39221356973331,CASC10,500,500,3
630.2959308663397,CASC10,500,500,3
213.5358583379555,CASC10,500,500,3
379.12332928528883,CASC10,500,500,3
59.811294751118226,CASC10,500,500,3
499.5793810383625,CASC10,500,500,3
288.4413464587305,CASC10,500,500,3
2597.637126662398,CASC10,500,500,3
503.4873754150383,CASC10,500,500,3
3821.865733859397,CASC10,500,500,3
167.31930321202486,CASC10,500,500,3
2200.1605675732885,CASC10,500,500,3
2193.051331887486,CASC10,500,500,3
1456.6202063648427,CASC10,500,500,3
618.9043472520461,CASC10,500,500,3
2529.2241955555564,CASC10,500,500,3
234.44646986623835,CASC10,500,500,3
291.50487172590925,CASC10,500,500,3
206.4123901269263,CASC10,500,500,3
115.4494178638507,CASC11,500,500,3
3665.170464917221,CASC11,500,500,3
681.6246346871447,CASC11,500,500,3
797.4721988629332,CASC11,500,500,3
170.49276172884623,CASC11,500,500,3
137.4286622721262,CASC11,500,500,3
3206.8976331356716,CASC11,500,500,3
179.96705913503288,CASC11,500,500,3
101.7959371501493,CASC11,500,500,3
26.285291055246223,CASC11,500,500,3
209.59281333247287,CASC11,500,500,3
28.179674265571556,CASC11,500,500,3
118.5067806122223,CASC11,500,500,3
261.55322619724615,CASC11,500,500,3
533.4137500093849,CASC11,500,500,3
153.01354317758398,CASC11,500,500,3
317.38202263095286,CASC11,500,500,3
42.229045468266655,CASC11,500,500,3
23.082092983210657,CASC11,500,500,3
2464.690639732622,CASC11,500,500,3
655.0786250061494,CASC12,500,500,3
1958.3554714094857,CASC12,500,500,3
2427.2012255276777,CASC12,500,500,3
58.05898925038933,CASC12,500,500,3
1321.6188058925502,CASC12,500,500,3
502.6075278941582,CASC12,500,500,3
5376.960263498234,CASC12,500,500,3
122.73354558668623,CASC12,500,500,3
384.23087758915574,CASC12,500,500,3
2441.21171567586,CASC12,500,500,3
797.4127886847717,CASC12,500,500,3
483.82767765523744,CASC12,500,500,3
353.18604783135305,CASC12,500,500,3
195.47031600007816,CASC12,500,500,3
393.787718821376,CASC12,500,500,3
2612.9790772094298,CASC12,500,500,3
1067.4448478580464,CASC12,500,500,3
350.2421093241582,CASC12,500,500,3
2561.2243277378575,CASC12,500,500,3
621.6189893189331,CASC12,500,500,3
36.72628845054401,CASC13,500,500,3
426.92958011263823,CASC13,500,500,3
73.78877186761957,CASC13,500,500,3
369.26337088767815,CASC13,500,500,3
268.4596728627129,CASC13,500,500,3
423.49934552692633,CASC13,500,500,3
155.30459666311822,CASC13,500,500,3
4522.355039753663,CASC13,500,500,3
1868.0768077214648,CASC13,500,500,3
833.4099870405976,CASC13,500,500,3
288.35123643988624,CASC13,500,500,3
240.04764011519285,CASC13,500,500,3
1998.6445341652898,CASC13,500,500,3
118.71094067134405,CASC13,500,500,3
299.5507466640997,CASC13,500,500,3
2159.0366116351847,CASC13,500,500,3
4250.387650944341,CASC13,500,500,3
125.98225799849953,CASC13,500,500,3
603.1012472597048,CASC13,500,500,3
63.56330799995556,CASC13,500,500,3
463.6635716081493,CASC33,500,500,3
160.61978009940614,CASC33,500,500,3
974.1284743061312,CASC33,500,500,3
621.1413826655554,CASC33,500,500,3
243.84583890389158,CASC33,500,500,3
1062.1222546690826,CASC33,500,500,3
138.04473999294402,CASC33,500,500,3
168.69892459602494,CASC33,500,500,3
43.353902402304016,CASC33,500,500,3
273.20175323817955,CASC33,500,500,3
116.30804243369957,CASC33,500,500,3
103.3213718478222,CASC33,500,500,3
5934.66420153821,CASC33,500,500,3
426.1078267132514,CASC33,500,500,3
6001.076345487296,CASC33,500,500,3
1401.1756731701178,CASC33,500,500,3
3159.223009228794,CASC33,500,500,3
965.2454936862653,CASC33,500,500,3
414.55355689595564,CASC33,500,500,3
977.3018721906056,CASC33,500,500,3
404.73396247497965,CASC5,500,500,3
1167.4272138507667,CASC5,500,500,3
417.31898117708613,CASC5,500,500,3
338.4095687797315,CASC5,500,500,3
143.21651378889948,CASC5,500,500,3
571.1469971847662,CASC5,500,500,3
125.62507863231812,CASC5,500,500,3
121.05302189737954,CASC5,500,500,3
234.67074222078406,CASC5,500,500,3
1476.1115346568372,CASC5,500,500,3
334.6456146790329,CASC5,500,500,3
2407.691142315731,CASC5,500,500,3
65.7331442744889,CASC5,500,500,3
304.12491727950936,CASC5,500,500,3
88.92925187156624,CASC5,500,500,3
1773.9351367537047,CASC5,500,500,3
116.57839625727289,CASC5,500,500,3
1274.6051634693526,CASC5,500,500,3
882.3427266944,CASC5,500,500,3
1550.3430957087985,CASC5,500,500,3
2093.1590515720254,CASE13,500,500,3
660.2794456271629,CASE13,500,500,3
3117.3411242400985,CASE13,500,500,3
1035.4556847955557,CASE13,500,500,3
47.99866225535826,CASE13,500,500,3
1441.459851098425,CASE13,500,500,3
3600.9820201497528,CASE13,500,500,3
306.0684729560463,CASE13,500,500,3
558.489355651113,CASE13,500,500,3
1093.152724833785,CASE13,500,500,3
1002.7297825436996,CASE13,500,500,3
36.78386666631821,CASE13,500,500,3
430.5148435643716,CASE13,500,500,3
2808.0711292729575,CASE13,500,500,3
968.4148761589319,CASE13,500,500,3
797.553371205625,CASE13,500,500,3
331.21310739566945,CASE13,500,500,3
169.58996003719824,CASE13,500,500,3
39.04565558697957,CASE13,500,500,3
2469.0575488671984,CASE13,500,500,3
1449.3088105031668,CASE4,500,500,3
1023.158084136446,CASE4,500,500,3
3510.069701925743,CASE4,500,500,3
1260.6903545348955,CASE4,500,500,3
149.62563512711824,CASE4,500,500,3
3134.7952107592373,CASE4,500,500,3
3385.8272074849847,CASE4,500,500,3
369.2076872516194,CASE4,500,500,3
53.87554394862221,CASE4,500,500,3
2176.833359896104,CASE4,500,500,3
51.88638671325156,CASE4,500,500,3
42.93378975601067,CASE4,500,500,3
70.31036927248886,CASE4,500,500,3
171.764911999424,CASE4,500,500,3
813.6533196622221,CASE4,500,500,3
1219.9934969735898,CASE4,500,500,3
105.51721384972625,CASE4,500,500,3
4213.816780274971,CASE4,500,500,3
3906.627398850816,CASE4,500,500,3
49.00243205521066,CASE4,500,500,3
201.79438717631825,CASE5,500,500,3
3453.234764076074,CASE5,500,500,3
37.51900805148265,CASE5,500,500,3
2373.926796067113,CASE5,500,500,3
3468.7075084723115,CASE5,500,500,3
2299.5175159929436,CASE5,500,500,3
1322.7644985052996,CASE5,500,500,3
655.5665064450117,CASE5,500,500,3
64.63654232142932,CASE5,500,500,3
1527.3739336011663,CASE5,500,500,3
798.0663501866593,CASE5,500,500,3
1285.935069388224,CASE5,500,500,3
697.9453012851891,CASE5,500,500,3
195.0206649116996,CASE5,500,500,3
595.5634779857335,CASE5,500,500,3
494.8024527718327,CASE5,500,500,3
196.39625111801595,CASE5,500,500,3
4360.165791940551,CASE5,500,500,3
2519.107428109424,CASE5,500,500,3
6655.984574677289,CASE5,500,500,3
107.0635890925796,CASE6,500,500,3
90.58357112545961,CASE6,500,500,3
242.2485785742505,CASE6,500,500,3
32.32325264594488,CASE6,500,500,3
4092.473710661031,CASE6,500,500,3
1663.2393119474061,CASE6,500,500,3
2987.97993996945,CASE6,500,500,3
453.77212263081947,CASE6,500,500,3
2056.060348819611,CASE6,500,500,3
120.75047670567821,CASE6,500,500,3
28.65168926711289,CASE6,500,500,3
39.714808966250686,CASE6,500,500,3
71.4629891490062,CASE6,500,500,3
7727.036793056743,CASE6,500,500,3
1553.1633835568641,CASE6,500,500,3
2485.6386546761314,CASE6,500,500,3
7.92258515014933,CASE6,500,500,3
2925.8529926891442,CASE6,500,500,3
98.82110737905603,CASE6,500,500,3
135.56960285940616,CASE6,500,500,3
291.05664989226676,CASH2,500,500,3
185.80490923465956,CASH2,500,500,3
468.43985466615277,CASH2,500,500,3
227.99655758229162,CASH2,500,500,3
279.8045150079841,CASH2,500,500,3
2664.9973509524893,CASH2,500,500,3
209.61395309582232,CASH2,500,500,3
6726.447570323732,CASH2,500,500,3
129.26812188859736,CASH2,500,500,3
260.1193461900782,CASH2,500,500,3
387.05148388195556,CASH2,500,500,3
114.68815221506667,CASH2,500,500,3
256.0472038546773,CASH2,500,500,3
171.61521791822932,CASH2,500,500,3
167.0013433428196,CASH2,500,500,3
226.30879282828622,CASH2,500,500,3
151.51429027060624,CASH2,500,500,3
257.958800532905,CASH2,500,500,3
203.02937812401598,CASH2,500,500,3
1131.787818200873,CASH2,500,500,3
2599.3602940782907,CASI12,500,500,3
1499.5562085799093,CASI12,500,500,3
637.9412627519554,CASI12,500,500,3
111.29170048809071,CASI12,500,500,3
1260.2941141738654,CASI12,500,500,3
130.86538086365158,CASI12,500,500,3
110.05832010566934,CASI12,500,500,3
7249.189701234663,CASI12,500,500,3
3316.0622371433165,CASI12,500,500,3
317.0023172795093,CASI12,500,500,3
2025.2643130698643,CASI12,500,500,3
98.81450386260619,CASI12,500,500,3
168.33679020471286,CASI12,500,500,3
70.61951455732624,CASI12,500,500,3
373.0949657157334,CASI12,500,500,3
85.2381382821529,CASI12,500,500,3
34.54619324333333,CASI12,500,500,3
455.0613669644641,CASI12,500,500,3
279.30150289612624,CASI12,500,500,3
286.28523729308256,CASI12,500,500,3
759.3180986632249,CASI2,500,500,3
308.9474681726862,CASI2,500,500,3
83.6998261672889,CASI2,500,500,3
2070.6864245853785,CASI2,500,500,3
117.22283143047821,CASI2,500,500,3
1787.2250944821756,CASI2,500,500,3
275.55153994648884,CASI2,500,500,3
2325.3652787892906,CASI2,500,500,3
5427.186937638711,CASI2,500,500,3
86.79033632401067,CASI2,500,500,3
170.36876799897604,CASI2,500,500,3
3047.120789105834,CASI2,500,500,3
1064.1217676618226,CASI2,500,500,3
954.8688282121796,CASI2,500,500,3
1502.4546945341704,CASI2,500,500,3
802.9790823906912,CASI2,500,500,3
657.6533595699183,CASI2,500,500,3
1880.9076826878227,CASI2,500,500,3
92.09805828721068,CASI2,500,500,3
217.27580665500258,CASI2,500,500,3
1676.752486394879,CASI6,500,500,3
124.14795413222224,CASI6,500,500,3
4388.748956024745,CASI6,500,500,3
4792.207839597732,CASI6,500,500,3
83.82777552665604,CASI6,500,500,3
1558.7687021224883,CASI6,500,500,3
166.87926670039997,CASI6,500,500,3
140.98079745609962,CASI6,500,500,3
322.86469024084613,CASI6,500,500,3
177.24280018289056,CASI6,500,500,3
1338.4875620181165,CASI6,500,500,3
3484.4157500921174,CASI6,500,500,3
210.6989423199555,CASI6,500,500,3
33.199761174398226,CASI6,500,500,3
51.403326386472884,CASI6,500,500,3
3527.1579079833296,CASI6,500,500,3
126.82956028748623,CASI6,500,500,3
38.1755317834649,CASI6,500,500,3
1255.3520274601792,CASI6,500,500,3
93.63827972681959,CASI6,500,500,3
1155.6969916436462,CASP3,500,500,3
662.238447872313,CASP3,500,500,3
195.4136906465262,CASP3,500,500,3
1215.0495239933853,CASP3,500,500,3
160.82068201607828,CASP3,500,500,3
331.15909323319306,CASP3,500,500,3
37.123772689491545,CASP3,500,500,3
706.5928719154915,CASP3,500,500,3
239.77675701793956,CASP3,500,500,3
340.47110164888886,CASP3,500,500,3
227.17189747128884,CASP3,500,500,3
491.4277990687129,CASP3,500,500,3
2161.2308488175995,CASP3,500,500,3
148.53608227903828,CASP3,500,500,3
59.72150067615288,CASP3,500,500,3
150.12887080402493,CASP3,500,500,3
981.9319364721707,CASP3,500,500,3
2292.3307106704415,CASP3,500,500,3
102.15047202764623,CASP3,500,500,3
62.86110504888885,CASP3,500,500,3
216.22097339861142,CASP7,500,500,3
2397.1043646699927,CASP7,500,500,3
179.23348905697958,CASP7,500,500,3
5323.99695723136,CASP7,500,500,3
215.9382691775715,CASP7,500,500,3
80.3264148240907,CASP7,500,500,3
438.6950928149333,CASP7,500,500,3
298.60272054156627,CASP7,500,500,3
204.43528891721957,CASP7,500,500,3
270.13247552895814,CASP7,500,500,3
3793.1205236264896,CASP7,500,500,3
2693.404563346771,CASP7,500,500,3
334.9191666616728,CASP7,500,500,3
1142.452986407246,CASP7,500,500,3
115.09735449361064,CASP7,500,500,3
48.85779879364267,CASP7,500,500,3
447.67679773371736,CASP7,500,500,3
288.86753687274484,CASP7,500,500,3
958.0940356254555,CASP7,500,500,3
1868.6706612855182,CASP7,500,500,3
1757.4518847130664,CASP8,500,500,3
2609.3506143355453,CASP8,500,500,3
453.6418521437796,CASP8,500,500,3
251.22190202503833,CASP8,500,500,3
1562.3758242378226,CASP8,500,500,3
1681.2544203675711,CASP8,500,500,3
513.5461399732887,CASP8,500,500,3
1850.2296424124,CASP8,500,500,3
255.2591374933333,CASP8,500,500,3
1937.675937868771,CASP8,500,500,3
787.9847210430863,CASP8,500,500,3
689.3600887438223,CASP8,500,500,3
3750.5780183379547,CASP8,500,500,3
3528.015856833065,CASP8,500,500,3
636.3019967066863,CASP8,500,500,3
276.32104269068617,CASP8,500,500,3
6820.877224220841,CASP8,500,500,3
1123.8385768113762,CASP8,500,500,3
2547.669389571405,CASP8,500,500,3
1818.709148668864,CASP8,500,500,3
89.28723627252621,CASQ2,500,500,3
624.1107921422503,CASQ2,500,500,3
783.8527744848195,CASQ2,500,500,3
3190.1104199241327,CASQ2,500,500,3
1581.7788446190286,CASQ2,500,500,3
220.5480047790062,CASQ2,500,500,3
1330.8087312550115,CASQ2,500,500,3
1787.3275664575117,CASQ2,500,500,3
376.90020621020255,CASQ2,500,500,3
149.79166559888893,CASQ2,500,500,3
266.0956067103573,CASQ2,500,500,3
255.85310264402491,CASQ2,500,500,3
1301.2842099071552,CASQ2,500,500,3
769.287858500203,CASQ2,500,500,3
196.15359955910938,CASQ2,500,500,3
236.68362860515558,CASQ2,500,500,3
2580.124931700623,CASQ2,500,500,3
79.54381694889955,CASQ2,500,500,3
216.7483159694062,CASQ2,500,500,3
1065.353702301851,CASQ2,500,500,3
134.04729838505952,CAST16,500,500,3
4965.475550335598,CAST16,500,500,3
1770.5341203573307,CAST16,500,500,3
120.96622933230933,CAST16,500,500,3
330.58482042537963,CAST16,500,500,3
830.6071748046222,CAST16,500,500,3
1939.813802761956,CAST16,500,500,3
2383.1729880108783,CAST16,500,500,3
1877.1849692780784,CAST16,500,500,3
1207.273173977998,CAST16,500,500,3
1594.8392424230667,CAST16,500,500,3
21.600031811155553,CAST16,500,500,3
4369.208683445412,CAST16,500,500,3
1157.411346436267,CAST16,500,500,3
784.861332619859,CAST16,500,500,3
1995.9909569587176,CAST16,500,500,3
735.8701023920908,CAST16,500,500,3
1349.2227291171555,CAST16,500,500,3
1342.3146546044509,CAST16,500,500,3
3090.3881584614323,CAST16,500,500,3
4322.458348923091,CAST5,500,500,3
103.65032536706666,CAST5,500,500,3
968.6414806388883,CAST5,500,500,3
139.82509638999994,CAST5,500,500,3
135.86782191700627,CAST5,500,500,3
82.36807824848884,CAST5,500,500,3
2048.9676972763723,CAST5,500,500,3
31.70997582062223,CAST5,500,500,3
4206.032026056304,CAST5,500,500,3
354.0336150240427,CAST5,500,500,3
3627.3317946128427,CAST5,500,500,3
509.39872348295813,CAST5,500,500,3
114.50077745746488,CAST5,500,500,3
441.33017573985956,CAST5,500,500,3
967.0483398469531,CAST5,500,500,3
188.29399900000004,CAST5,500,500,3
1291.9227312463572,CAST5,500,500,3
132.5874282498116,CAST5,500,500,3
1747.4337284238225,CAST5,500,500,3
4884.019412199679,CAST5,500,500,3
232.52729152467728,CAST7,500,500,3
294.66378022890484,CAST7,500,500,3
457.1658264191128,CAST7,500,500,3
2549.917539356095,CAST7,500,500,3
233.65435415591824,CAST7,500,500,3
329.0678845055928,CAST7,500,500,3
474.1409158576906,CAST7,500,500,3
3089.038474659832,CAST7,500,500,3
2403.595220548265,CAST7,500,500,3
2493.9433731719664,CAST7,500,500,3
636.6164499182295,CAST7,500,500,3
2388.560592773829,CAST7,500,500,3
487.14234651078925,CAST7,500,500,3
290.7983669519359,CAST7,500,500,3
3101.2666399517843,CAST7,500,500,3
327.7869718308106,CAST7,500,500,3
274.3412666384429,CAST7,500,500,3
181.84509222705606,CAST7,500,500,3
258.19029912639826,CAST7,500,500,3
474.1253275047183,CAST7,500,500,3
2234.4782030089805,CAST8,500,500,3
183.23733192515553,CAST8,500,500,3
679.220639177584,CAST8,500,500,3
419.2645954745581,CAST8,500,500,3
935.9316058908996,CAST8,500,500,3
3726.1500900024266,CAST8,500,500,3
416.8828969288372,CAST8,500,500,3
177.45526696673952,CAST8,500,500,3
3994.66068562129,CAST8,500,500,3
553.6371658614594,CAST8,500,500,3
545.5977546200108,CAST8,500,500,3
547.1004130140159,CAST8,500,500,3
891.1723400605848,CAST8,500,500,3
7270.098692030463,CAST8,500,500,3
3337.0350638514324,CAST8,500,500,3
288.49247053681603,CAST8,500,500,3
632.7608602012375,CAST8,500,500,3
112.97385287093333,CAST8,500,500,3
3688.6032647669304,CAST8,500,500,3
269.7932524777796,CAST8,500,500,3
4724.43795800911,CASU7,500,500,3
178.8068847634329,CASU7,500,500,3
199.3024971944889,CASU7,500,500,3
314.6734458347928,CASU7,500,500,3
288.05028103662227,CASU7,500,500,3
5121.542618506877,CASU7,500,500,3
277.8653719927394,CASU7,500,500,3
450.469057542953,CASU7,500,500,3
126.68169457277155,CASU7,500,500,3
3717.4149794587706,CASU7,500,500,3
52.718042659384864,CASU7,500,500,3
772.7233493042064,CASU7,500,500,3
173.32090918653154,CASU7,500,500,3
389.0994230638863,CASU7,500,500,3
188.86993997809594,CASU7,500,500,3
2440.553348369349,CASU7,500,500,3
1189.0867510842859,CASU7,500,500,3
2583.1309714032636,CASU7,500,500,3
940.3630904470597,CASU7,500,500,3
6232.289934630522,CASU7,500,500,3
1864.254283290446,CASU9,500,500,3
6351.283959854706,CASU9,500,500,3
5556.953414310905,CASU9,500,500,3
144.4072363127182,CASU9,500,500,3
1199.2979479115934,CASU9,500,500,3
207.33084736850492,CASU9,500,500,3
43.45284506293334,CASU9,500,500,3
601.4985268978913,CASU9,500,500,3
18.566986632810668,CASU9,500,500,3
194.05386666631827,CASU9,500,500,3
1677.2341294275984,CASU9,500,500,3
177.62791421006932,CASU9,500,500,3
7925.535058233087,CASU9,500,500,3
2350.161888296098,CASU9,500,500,3
135.8490346584462,CASU9,500,500,3
183.5845945192107,CASU9,500,500,3
2007.4377115018228,CASU9,500,500,3
164.013751138816,CASU9,500,500,3
140.5020447327129,CASU9,500,500,3
125.7457611731182,CASU9,500,500,3
605.8312784557795,CASW,500,500,3
80.27479031346489,CASW,500,500,3
37.001033053139544,CASW,500,500,3
112.32083303508614,CASW,500,500,3
117.97134056929958,CASW,500,500,3
119.23241060647825,CASW,500,500,3
67.34510532486932,CASW,500,500,3
902.0031738339399,CASW,500,500,3
4349.593119813112,CASW,500,500,3
211.57421984196264,CASW,500,500,3
121.25739803124623,CASW,500,500,3
3306.080051777358,CASW,500,500,3
1817.80422835817,CASW,500,500,3
186.05872795448892,CASW,500,500,3
89.81329502648892,CASW,500,500,3
187.99010346612624,CASW,500,500,3
94.49256625748622,CASW,500,500,3
864.2722288526222,CASW,500,500,3
556.9694427518224,CASW,500,500,3
114.07901583353606,CASW,500,500,3
169.41173343957152,CASY,500,500,3
1562.9280160426595,CASY,500,500,3
4331.594487425676,CASY,500,500,3
2767.2788552464917,CASY,500,500,3
477.62051129001077,CASY,500,500,3
711.5383712118595,CASY,500,500,3
1203.2195504290116,CASY,500,500,3
1052.2345109239393,CASY,500,500,3
814.7589506512908,CASY,500,500,3
294.4675985701529,CASY,500,500,3
175.2342959441848,CASY,500,500,3
816.1148304412422,CASY,500,500,3
3025.6159728746657,CASY,500,500,3
140.3084378897049,CASY,500,500,3
2782.8889758245527,CASY,500,500,3
704.0440225164514,CASY,500,500,3
351.8142825852517,CASY,500,500,3
693.496351312206,CASY,500,500,3
40.59783238715733,CASY,500,500,3
2388.2396901639104,CASY,500,500,3
4491.833712699195,CATE11,500,500,3
3091.1947958067162,CATE11,500,500,3
1583.2353654283304,CATE11,500,500,3
153.49725199995555,CATE11,500,500,3
1188.162911852544,CATE11,500,500,3
3488.044985046824,CATE11,500,500,3
2568.8984845691457,CATE11,500,500,3
251.20177121012628,CATE11,500,500,3
2300.631959587242,CATE11,500,500,3
3758.9542650256985,CATE11,500,500,3
503.04394887888884,CATE11,500,500,3
9249.541825753593,CATE11,500,500,3
2387.835916363733,CATE11,500,500,3
6339.828018158934,CATE11,500,500,3
100.84842604129956,CATE11,500,500,3
1354.8162938178111,CATE11,500,500,3
3542.5241050042605,CATE11,500,500,3
251.93286532671817,CATE11,500,500,3
2061.8697637840905,CATE11,500,500,3
2192.986842022372,CATE11,500,500,3
2682.3547433204894,TRDU,500,500,3
68.36465142037156,TRDU,500,500,3
147.99360121777602,TRDU,500,500,3
3951.048948883598,TRDU,500,500,3
938.4454813367178,TRDU,500,500,3
296.70976067404627,TRDU,500,500,3
462.70294880782217,TRDU,500,500,3
68.989571816816,TRDU,500,500,3
1012.9062266986224,TRDU,500,500,3
191.90387324961964,TRDU,500,500,3
374.1822255317264,TRDU,500,500,3
4544.279417926372,TRDU,500,500,3
72.10211332973333,TRDU,500,500,3
1849.4565377178872,TRDU,500,500,3
182.96206505847292,TRDU,500,500,3
7009.797307325012,TRDU,500,500,3
1743.7887071462376,TRDU,500,500,3
2476.6484310053274,TRDU,500,500,3
360.04289282481597,TRDU,500,500,3
470.52736582115557,TRDU,500,500,3
31.378855063317342,TRDU2,500,500,3
138.77016719615295,TRDU2,500,500,3
474.93420258372254,TRDU2,500,500,3
37.08720685652624,TRDU2,500,500,3
1218.302917242153,TRDU2,500,500,3
308.5466912948463,TRDU2,500,500,3
2054.1123631371306,TRDU2,500,500,3
1067.455968049465,TRDU2,500,500,3
1381.579274124224,TRDU2,500,500,3
3580.429201211716,TRDU2,500,500,3
142.6340986638222,TRDU2,500,500,3
176.84499999699727,TRDU2,500,500,3
493.11245647780265,TRDU2,500,500,3
196.0402468475573,TRDU2,500,500,3
192.47019195511288,TRDU2,500,500,3
2333.5231260547394,TRDU2,500,500,3
152.89013537990394,TRDU2,500,500,3
578.7306587466221,TRDU2,500,500,3
316.5323650124782,TRDU2,500,500,3
121.7133543648995,TRDU2,500,500,3
968.0489221068783,TRER3,500,500,3
253.29060376156275,TRER3,500,500,3
2401.8299407210666,TRER3,500,500,3
1671.0650482748426,TRER3,500,500,3
169.91020517233065,TRER3,500,500,3
1326.062539130816,TRER3,500,500,3
810.7671068295663,TRER3,500,500,3
92.76556396565155,TRER3,500,500,3
139.07713924657602,TRER3,500,500,3
887.0309532084891,TRER3,500,500,3
339.7287040552107,TRER3,500,500,3
1571.6951199521857,TRER3,500,500,3
177.9966498202667,TRER3,500,500,3
1836.9830331428109,TRER3,500,500,3
155.71416875515555,TRER3,500,500,3
370.4861688977333,TRER3,500,500,3
243.68187831210477,TRER3,500,500,3
50.4024728282862,TRER3,500,500,3
149.5247729339094,TRER3,500,500,3
79.44903286001603,TRER3,500,500,3
1993.9437136702861,TRFL2,500,500,3
236.01127430257065,TRFL2,500,500,3
1072.0347324934248,TRFL2,500,500,3
3194.1659146488887,TRFL2,500,500,3
275.4158128771395,TRFL2,500,500,3
85.80433635191288,TRFL2,500,500,3
4098.3102679899985,TRFL2,500,500,3
561.4933520114915,TRFL2,500,500,3
348.57930426555566,TRFL2,500,500,3
5984.261282147262,TRFL2,500,500,3
6243.3434767476,TRFL2,500,500,3
3062.6671272090675,TRFL2,500,500,3
492.59941769863804,TRFL2,500,500,3
4659.576220199246,TRFL2,500,500,3
737.4364981051662,TRFL2,500,500,3
947.6336257339716,TRFL2,500,500,3
379.48239663860613,TRFL2,500,500,3
444.1056278943572,TRFL2,500,500,3
394.50240223282503,TRFL2,500,500,3
5689.40697051042,TRFL2,500,500,3
2032.4296271609437,TRFL5,500,500,3
630.5174479200998,TRFL5,500,500,3
523.6932192750647,TRFL5,500,500,3
1822.9041488247399,TRFL5,500,500,3
817.4524418559554,TRFL5,500,500,3
248.1251537818293,TRFL5,500,500,3
255.3116552039662,TRFL5,500,500,3
1000.9582137030383,TRFL5,500,500,3
645.3384587368107,TRFL5,500,500,3
1570.818562473066,TRFL5,500,500,3
314.7800834326116,TRFL5,500,500,3
333.86154879888875,TRFL5,500,500,3
206.33163475188624,TRFL5,500,500,3
554.348120069033,TRFL5,500,500,3
682.1391501524197,TRFL5,500,500,3
296.28214713655285,TRFL5,500,500,3
190.60421899733154,TRFL5,500,500,3
123.18688244582219,TRFL5,500,500,3
1603.5157068400001,TRFL5,500,500,3
306.5245750694116,TRFL5,500,500,3
112.81025745382223,TRFL6,500,500,3
79.90374808445156,TRFL6,500,500,3
182.08477192382392,TRFL6,500,500,3
1865.5948892995395,TRFL6,500,500,3
413.23512194555553,TRFL6,500,500,3
357.9324991822223,TRFL6,500,500,3
60.2927858292889,TRFL6,500,500,3
1404.3997620433336,TRFL6,500,500,3
183.5828985105048,TRFL6,500,500,3
79.46309832383822,TRFL6,500,500,3
1232.9768656021315,TRFL6,500,500,3
216.60334650922502,TRFL6,500,500,3
2242.9148056215035,TRFL6,500,500,3
313.90667354555535,TRFL6,500,500,3
580.187728450958,TRFL6,500,500,3
150.96065162218488,TRFL6,500,500,3
2545.85954842703,TRFL6,500,500,3
119.72252082423292,TRFL6,500,500,3
499.70158611761605,TRFL6,500,500,3
132.83690517226486,TRFL6,500,500,3
4486.634170900621,TRFR2,500,500,3
5438.2270494718205,TRFR2,500,500,3
657.4048925250561,TRFR2,500,500,3
3592.442707330872,TRFR2,500,500,3
3829.827484483918,TRFR2,500,500,3
1005.0923208072513,TRFR2,500,500,3
2328.980960948622,TRFR2,500,500,3
1232.7542293280696,TRFR2,500,500,3
3829.827484483918,TRFR2,500,500,3
2739.381793892267,TRFR2,500,500,3
119.86457755715556,TRFR2,500,500,3
189.11828615543286,TRFR2,500,500,3
1935.626503557545,TRFR2,500,500,3
2970.6150679738603,TRFR2,500,500,3
59.10898747161602,TRFR2,500,500,3
5326.230754729465,TRFR2,500,500,3
3411.086529796465,TRFR2,500,500,3
2490.8043647352893,TRFR2,500,500,3
3414.5510403595945,TRFR2,500,500,3
589.8939246706065,TRFR2,500,500,3
280.50198644888883,TRGL4,500,500,3
233.60377101715724,TRGL4,500,500,3
1662.3114149863097,TRGL4,500,500,3
190.51006733409957,TRGL4,500,500,3
588.3634506552891,TRGL4,500,500,3
268.4107492133262,TRGL4,500,500,3
2136.2265490061573,TRGL4,500,500,3
350.85121944105055,TRGL4,500,500,3
121.70746665693154,TRGL4,500,500,3
95.95431452728891,TRGL4,500,500,3
309.45094400528893,TRGL4,500,500,3
3025.79862210193,TRGL4,500,500,3
20.009478273450664,TRGL4,500,500,3
604.7475999441847,TRGL4,500,500,3
211.44498055707737,TRGL4,500,500,3
228.89465872187725,TRGL4,500,500,3
3944.074094558204,TRGL4,500,500,3
1247.9900568870667,TRGL4,500,500,3
307.7009636513849,TRGL4,500,500,3
792.0801961278861,TRGL4,500,500,3
156.26003173132622,TRGL5,500,500,3
136.68937099728893,TRGL5,500,500,3
217.1693919059556,TRGL5,500,500,3
121.77651323675734,TRGL5,500,500,3
52.60455333139733,TRGL5,500,500,3
132.59060594982222,TRGL5,500,500,3
308.9925682451182,TRGL5,500,500,3
210.34153277425602,TRGL5,500,500,3
6153.939202852265,TRGL5,500,500,3
1726.6336326642063,TRGL5,500,500,3
6884.07108287889,TRGL5,500,500,3
218.8973983820161,TRGL5,500,500,3
62.110967714979566,TRGL5,500,500,3
300.2863519589262,TRGL5,500,500,3
351.35989949826666,TRGL5,500,500,3
54.337606336424905,TRGL5,500,500,3
145.9536253144729,TRGL5,500,500,3
178.19307407273953,TRGL5,500,500,3
113.82521155020619,TRGL5,500,500,3
204.29885961497592,TRGL5,500,500,3
444.7384820980905,TRGR4,500,500,3
1325.4418719123844,TRGR4,500,500,3
2969.724577785572,TRGR4,500,500,3
353.2414620014915,TRGR4,500,500,3
1507.735825586603,TRGR4,500,500,3
138.75886369022396,TRGR4,500,500,3
2320.2777477675927,TRGR4,500,500,3
526.906817039273,TRGR4,500,500,3
262.80113316903834,TRGR4,500,500,3
3192.0502630987658,TRGR4,500,500,3
3166.425515005821,TRGR4,500,500,3
913.9869599411126,TRGR4,500,500,3
302.04644570726396,TRGR4,500,500,3
631.1051290529263,TRGR4,500,500,3
5325.506038437547,TRGR4,500,500,3
471.27127341650504,TRGR4,500,500,3
772.070079926016,TRGR4,500,500,3
968.2036187031307,TRGR4,500,500,3
476.76362314161616,TRGR4,500,500,3
982.1156404815933,TRGR4,500,500,3
1663.6679037123133,TRHI4,500,500,3
151.15034742610487,TRHI4,500,500,3
334.5508507503629,TRHI4,500,500,3
134.52027998862218,TRHI4,500,500,3
2794.9652600428385,TRHI4,500,500,3
470.0725752450116,TRHI4,500,500,3
136.89816083285152,TRHI4,500,500,3
233.79527832405165,TRHI4,500,500,3
191.09020938093337,TRHI4,500,500,3
454.2387276463717,TRHI4,500,500,3
107.81618069559286,TRHI4,500,500,3
86.09246840063823,TRHI4,500,500,3
826.9785175844904,TRHI4,500,500,3
393.4154078301581,TRHI4,500,500,3
444.40651905062197,TRHI4,500,500,3
167.6102155584,TRHI4,500,500,3
65.05542770681603,TRHI4,500,500,3
157.12055288177066,TRHI4,500,500,3
102.52227674559822,TRHI4,500,500,3
825.0707628072892,TRHI4,500,500,3
97.76655020969065,TRHY,500,500,3
102.62073325493334,TRHY,500,500,3
181.68150016183282,TRHY,500,500,3
2645.144625185956,TRHY,500,500,3
104.40619645217956,TRHY,500,500,3
2178.0775591018655,TRHY,500,500,3
434.34122072173346,TRHY,500,500,3
4642.1180127592515,TRHY,500,500,3
2639.3337351374057,TRHY,500,500,3
3298.6657696813436,TRHY,500,500,3
1281.374294734505,TRHY,500,500,3
494.68200932956285,TRHY,500,500,3
939.5892997758292,TRHY,500,500,3
108.7408803676996,TRHY,500,500,3
546.1651293331043,TRHY,500,500,3
90.79764632092265,TRHY,500,500,3
145.49644963668626,TRHY,500,500,3
1578.0817138472887,TRHY,500,500,3
96.87048623869163,TRHY,500,500,3
1538.0882669571984,TRHY,500,500,3
4926.493131905194,TRHY3,500,500,3
694.1024976912908,TRHY3,500,500,3
405.04832132307735,TRHY3,500,500,3
636.6453069344993,TRHY3,500,500,3
40.063990662398226,TRHY3,500,500,3
3892.851893611009,TRHY3,500,500,3
215.6580686455395,TRHY3,500,500,3
1675.5123941564004,TRHY3,500,500,3
1110.381969860905,TRHY3,500,500,3
70.2889832172782,TRHY3,500,500,3
221.25290546030934,TRHY3,500,500,3
528.6698881231362,TRHY3,500,500,3
153.6702256694026,TRHY3,500,500,3
616.8664466134595,TRHY3,500,500,3
666.6918019302241,TRHY3,500,500,3
4049.5629626355894,TRHY3,500,500,3
125.7939383440427,TRHY3,500,500,3
165.95233429671825,TRHY3,500,500,3
853.4272470159927,TRHY3,500,500,3
191.85564451128897,TRHY3,500,500,3
6273.8652685339575,TRIN3,500,500,3
204.74575872159284,TRIN3,500,500,3
74.73458856609956,TRIN3,500,500,3
527.898040255033,TRIN3,500,500,3
421.8188753035665,TRIN3,500,500,3
129.03881820048895,TRIN3,500,500,3
376.98267598932614,TRIN3,500,500,3
101.96480626036625,TRIN3,500,500,3
71.82552454004623,TRIN3,500,500,3
3138.636097595555,TRIN3,500,500,3
64.25788662719823,TRIN3,500,500,3
99.29847958035734,TRIN3,500,500,3
88.85260496315556,TRIN3,500,500,3
4105.82218091688,TRIN3,500,500,3
110.64809610209954,TRIN3,500,500,3
86.31609844388271,TRIN3,500,500,3
1505.3360225083452,TRIN3,500,500,3
1868.9259592721,TRIN3,500,500,3
418.36018614826656,TRIN3,500,500,3
129.9180333322222,TRIN3,500,500,3
170.03607732923734,TRLA14,500,500,3
2531.4036426325174,TRLA14,500,500,3
63.303673249619585,TRLA14,500,500,3
71.07445733759822,TRLA14,500,500,3
1997.9960328942077,TRLA14,500,500,3
170.843240570096,TRLA14,500,500,3
1453.063489930211,TRLA14,500,500,3
3610.6319665243996,TRLA14,500,500,3
807.0385656510559,TRLA14,500,500,3
3356.9944733060265,TRLA14,500,500,3
218.392432412784,TRLA14,500,500,3
1570.1730865651184,TRLA14,500,500,3
1024.7142929117795,TRLA14,500,500,3
94.73130961621155,TRLA14,500,500,3
779.3781936021315,TRLA14,500,500,3
118.63814522769077,TRLA14,500,500,3
66.08314084146485,TRLA14,500,500,3
82.38911637115552,TRLA14,500,500,3
629.190410943822,TRLA14,500,500,3
492.8103066396428,TRLA14,500,500,3
159.7044978839449,TRLA16,500,500,3
5168.5430041072195,TRLA16,500,500,3
728.5084746072108,TRLA16,500,500,3
5269.438342258233,TRLA16,500,500,3
91.70467054847288,TRLA16,500,500,3
784.6227319868428,TRLA16,500,500,3
312.5406782957796,TRLA16,500,500,3
160.1913823512462,TRLA16,500,500,3
5068.475136722767,TRLA16,500,500,3
4798.185587795155,TRLA16,500,500,3
4657.4904978129325,TRLA16,500,500,3
259.93864682062934,TRLA16,500,500,3
249.64065339413153,TRLA16,500,500,3
4579.74891534272,TRLA16,500,500,3
2670.143321313955,TRLA16,500,500,3
198.1703395168995,TRLA16,500,500,3
66.38485394937602,TRLA16,500,500,3
1171.4491787698062,TRLA16,500,500,3
38.32807332279289,TRLA16,500,500,3
403.953760752624,TRLA16,500,500,3
778.009751986046,TRLA18,500,500,3
81.39732915182226,TRLA18,500,500,3
2969.178261780607,TRLA18,500,500,3
1056.7569400729587,TRLA18,500,500,3
154.65451025535822,TRLA18,500,500,3
106.83855131579739,TRLA18,500,500,3
154.3444992462915,TRLA18,500,500,3
187.41229976462216,TRLA18,500,500,3
124.52691884509154,TRLA18,500,500,3
215.1586559864888,TRLA18,500,500,3
3589.579640232233,TRLA18,500,500,3
1437.943839398825,TRLA18,500,500,3
138.72771732251735,TRLA18,500,500,3
189.3040786004461,TRLA18,500,500,3
935.3826520351553,TRLA18,500,500,3
192.1857879993583,TRLA18,500,500,3
124.93602854598936,TRLA18,500,500,3
1291.4695539684244,TRLA18,500,500,3
2438.373415994816,TRLA18,500,500,3
857.3273087118222,TRLA18,500,500,3
227.24894026555555,TRLE3,500,500,3
153.12705138325154,TRLE3,500,500,3
176.0470323447396,TRLE3,500,500,3
752.3552959382598,TRLE3,500,500,3
777.8318437490918,TRLE3,500,500,3
1872.4158445417786,TRLE3,500,500,3
98.70779114318931,TRLE3,500,500,3
119.74642324957154,TRLE3,500,500,3
402.23761778055825,TRLE3,500,500,3
211.50928019681947,TRLE3,500,500,3
91.33090002459734,TRLE3,500,500,3
161.4835326924516,TRLE3,500,500,3
831.2832012046915,TRLE3,500,500,3
284.2487805272729,TRLE3,500,500,3
201.01497201236623,TRLE3,500,500,3
132.1823090076729,TRLE3,500,500,3
4241.652991584314,TRLE3,500,500,3
140.2238668223129,TRLE3,500,500,3
2070.4882515287886,TRLE3,500,500,3
198.41094756959998,TRLE3,500,500,3
556.1641694951661,TRLO,500,500,3
37.9326775988889,TRLO,500,500,3
2758.743995618126,TRLO,500,500,3
2818.603551994736,TRLO,500,500,3
373.8613687069848,TRLO,500,500,3
418.2811530860784,TRLO,500,500,3
100.97968277788262,TRLO,500,500,3
796.4410212441319,TRLO,500,500,3
3145.559983075158,TRLO,500,500,3
1392.6225606920375,TRLO,500,500,3
3207.7850055442327,TRLO,500,500,3
527.2498532133261,TRLO,500,500,3
340.24509190519296,TRLO,500,500,3
20.51197199607289,TRLO,500,500,3
775.5077075669315,TRLO,500,500,3
2096.763037833939,TRLO,500,500,3
1455.88093654858,TRLO,500,500,3
76.42543091284622,TRLO,500,500,3
158.94964424268625,TRLO,500,500,3
241.6213024139928,TRLO,500,500,3
129.87548195577602,TRLU,500,500,3
96.66010832799292,TRLU,500,500,3
2610.157011157156,TRLU,500,500,3
788.8377005257314,TRLU,500,500,3
147.1643717530667,TRLU,500,500,3
138.2728338397795,TRLU,500,500,3
559.2708599987042,TRLU,500,500,3
547.1322122038594,TRLU,500,500,3
153.55547568917154,TRLU,500,500,3
4516.514479392739,TRLU,500,500,3
4472.426331721035,TRLU,500,500,3
506.3033880367716,TRLU,500,500,3
146.18207584978492,TRLU,500,500,3
3436.8062277543177,TRLU,500,500,3
256.10725466737057,TRLU,500,500,3
505.80614565060284,TRLU,500,500,3
479.8248342540785,TRLU,500,500,3
643.3965576376728,TRLU,500,500,3
5552.231323439959,TRLU,500,500,3
289.3967652618224,TRLU,500,500,3
56.20784300671825,TRMA2,500,500,3
367.22738399590406,TRMA2,500,500,3
146.15288366893338,TRMA2,500,500,3
1368.5572583394915,TRMA2,500,500,3
214.74620912173327,TRMA2,500,500,3
195.3378769558026,TRMA2,500,500,3
233.56425356509152,TRMA2,500,500,3
119.5085864754062,TRMA2,500,500,3
4463.139460077652,TRMA2,500,500,3
358.3334633799041,TRMA2,500,500,3
408.24705048873085,TRMA2,500,500,3
663.1060373447664,TRMA2,500,500,3
149.7166753916,TRMA2,500,500,3
391.617492937273,TRMA2,500,500,3
187.2406559784374,TRMA2,500,500,3
379.72289008093156,TRMA2,500,500,3
149.68194115128884,TRMA2,500,500,3
37.56518661649067,TRMA2,500,500,3
4259.006037049511,TRMA2,500,500,3
1792.6580974026222,TRMA2,500,500,3
181.56031246470928,TRMA20,500,500,3
3516.8221307909525,TRMA20,500,500,3
173.7169201806915,TRMA20,500,500,3
9025.551207108241,TRMA20,500,500,3
209.23473442246402,TRMA20,500,500,3
2109.8213138655547,TRMA20,500,500,3
3564.0102470611555,TRMA20,500,500,3
2362.688537881857,TRMA20,500,500,3
299.7570785918222,TRMA20,500,500,3
287.03781216782227,TRMA20,500,500,3
1627.152044050117,TRMA20,500,500,3
4030.980102449485,TRMA20,500,500,3
908.8982072057172,TRMA20,500,500,3
6965.749976852937,TRMA20,500,500,3
3427.046598506601,TRMA20,500,500,3
41.64307359613156,TRMA20,500,500,3
664.1808599007571,TRMA20,500,500,3
2846.4808779251043,TRMA20,500,500,3
251.94930700798383,TRMA20,500,500,3
3383.252668507005,TRMA20,500,500,3
6523.462712106491,TRMA3,500,500,3
154.72055024225963,TRMA3,500,500,3
622.3056131814114,TRMA3,500,500,3
4617.268932376317,TRMA3,500,500,3
4357.888864844621,TRMA3,500,500,3
472.9273802858223,TRMA3,500,500,3
3916.327730913405,TRMA3,500,500,3
5854.173701582291,TRMA3,500,500,3
6143.9905737471545,TRMA3,500,500,3
3428.4011749443125,TRMA3,500,500,3
192.49306740050483,TRMA3,500,500,3
371.8214032597333,TRMA3,500,500,3
2028.9818612222223,TRMA3,500,500,3
353.93663181115545,TRMA3,500,500,3
3742.0026440123665,TRMA3,500,500,3
1724.745677943289,TRMA3,500,500,3
1016.6356728581527,TRMA3,500,500,3
1816.8339682673757,TRMA3,500,500,3
269.29687427549146,TRMA3,500,500,3
154.93696110165152,TRMA3,500,500,3
4155.193813067505,TRME,500,500,3
139.6757350188782,TRME,500,500,3
401.97012584390933,TRME,500,500,3
2234.313164144339,TRME,500,500,3
534.406283946622,TRME,500,500,3
135.74907442062224,TRME,500,500,3
192.93878081343829,TRME,500,500,3
194.6875357763129,TRME,500,500,3
2038.5809103648437,TRME,500,500,3
2796.289366107092,TRME,500,500,3
2471.9439995818598,TRME,500,500,3
157.86450426332274,TRME,500,500,3
555.6907190716003,TRME,500,500,3
367.0416115831307,TRME,500,500,3
487.3101242858223,TRME,500,500,3
5274.005903154472,TRME,500,500,3
173.3203090841529,TRME,500,500,3
900.8420289457043,TRME,500,500,3
1003.9759177218823,TRME,500,500,3
478.96438624511273,TRME,500,500,3
6102.026228428074,TRMI2,500,500,3
4139.9785834320155,TRMI2,500,500,3
2592.102487064489,TRMI2,500,500,3
2345.516250991999,TRMI2,500,500,3
944.919517024825,TRMI2,500,500,3
758.8851108559359,TRMI2,500,500,3
573.9623596569442,TRMI2,500,500,3
2895.2471490173707,TRMI2,500,500,3
2148.8830956377433,TRMI2,500,500,3
297.8644243037849,TRMI2,500,500,3
558.2448849117798,TRMI2,500,500,3
842.5874104488888,TRMI2,500,500,3
341.3505839798594,TRMI2,500,500,3
5301.87399519,TRMI2,500,500,3
359.7132256469333,TRMI2,500,500,3
4001.7039999382605,TRMI2,500,500,3
228.63144505454946,TRMI2,500,500,3
1309.407312224256,TRMI2,500,500,3
3622.121011498267,TRMI2,500,500,3
520.2830883381763,TRMI2,500,500,3
1770.8819646122215,TRMI4,500,500,3
186.54678388349154,TRMI4,500,500,3
146.44766261222225,TRMI4,500,500,3
52.88602517651733,TRMI4,500,500,3
397.15662630013134,TRMI4,500,500,3
90.99380768039825,TRMI4,500,500,3
382.1397993955555,TRMI4,500,500,3
37.782419314416,TRMI4,500,500,3
131.20392756262225,TRMI4,500,500,3
637.4202613576518,TRMI4,500,500,3
239.51037677465598,TRMI4,500,500,3
32.34505819698489,TRMI4,500,500,3
121.6955862790382,TRMI4,500,500,3
47.03233223777955,TRMI4,500,500,3
31.970500957155554,TRMI4,500,500,3
218.04087732957157,TRMI4,500,500,3
126.38166712473601,TRMI4,500,500,3
76.082707984624,TRMI4,500,500,3
38.125920669651556,TRMI4,500,500,3
637.1727620464001,TRMI4,500,500,3
47.168847792064014,TRMI5,500,500,3
501.07142558826496,TRMI5,500,500,3
38.10225110634488,TRMI5,500,500,3
94.85974052948622,TRMI5,500,500,3
113.53310686817956,TRMI5,500,500,3
99.02906683647821,TRMI5,500,500,3
131.9717034264462,TRMI5,500,500,3
622.1109414919895,TRMI5,500,500,3
206.91105478611732,TRMI5,500,500,3
117.77748390740625,TRMI5,500,500,3
125.77876469333333,TRMI5,500,500,3
265.38348906648883,TRMI5,500,500,3
137.0458209211449,TRMI5,500,500,3
94.80435850785956,TRMI5,500,500,3
69.93685355295291,TRMI5,500,500,3
938.5554973028245,TRMI5,500,500,3
150.11532701582226,TRMI5,500,500,3
40.41077282638935,TRMI5,500,500,3
1266.9479095082597,TRMI5,500,500,3
60.73598597444264,TRMI5,500,500,3
2637.275054033038,TRMI6,500,500,3
3886.934881518072,TRMI6,500,500,3
335.8393540644907,TRMI6,500,500,3
2197.3901801533852,TRMI6,500,500,3
3513.8393817003935,TRMI6,500,500,3
429.8831542540783,TRMI6,500,500,3
1970.07272548042,TRMI6,500,500,3
142.61923068603733,TRMI6,500,500,3
974.3884219498223,TRMI6,500,500,3
1929.229617734372,TRMI6,500,500,3
446.75593998037164,TRMI6,500,500,3
1582.7404562367976,TRMI6,500,500,3
110.13024799623825,TRMI6,500,500,3
2251.666459042345,TRMI6,500,500,3
541.710545267113,TRMI6,500,500,3
4482.334656697387,TRMI6,500,500,3
55.04554288486402,TRMI6,500,500,3
3557.606025970852,TRMI6,500,500,3
1366.3253937163095,TRMI6,500,500,3
1022.5897852482826,TRMI6,500,500,3
2762.654627721983,TRNA,500,500,3
3100.456085227173,TRNA,500,500,3
117.44648241799817,TRNA,500,500,3
2367.184748299087,TRNA,500,500,3
2197.3076225202067,TRNA,500,500,3
1782.8266590784785,TRNA,500,500,3
4726.048574212051,TRNA,500,500,3
120.22683907195548,TRNA,500,500,3
283.3884354122223,TRNA,500,500,3
1713.1938231231557,TRNA,500,500,3
909.4621664924999,TRNA,500,500,3
513.1402768664158,TRNA,500,500,3
4679.1640897904,TRNA,500,500,3
3652.7910331643443,TRNA,500,500,3
70.92988429447821,TRNA,500,500,3
1144.9819632761582,TRNA,500,500,3
2006.6963463158597,TRNA,500,500,3
77.03944187617955,TRNA,500,500,3
77.74712618410489,TRNA,500,500,3
3379.8470100121312,TRNA,500,500,3
365.44414743159285,TRNE,500,500,3
29.69042578055822,TRNE,500,500,3
38.794714601130664,TRNE,500,500,3
125.5785918162329,TRNE,500,500,3
1788.381666109567,TRNE,500,500,3
115.2113746555715,TRNE,500,500,3
203.4886703545582,TRNE,500,500,3
58.26968848469153,TRNE,500,500,3
64.388374320384,TRNE,500,500,3
815.3132339595095,TRNE,500,500,3
5477.969971969064,TRNE,500,500,3
114.16924327409603,TRNE,500,500,3
77.10868735359999,TRNE,500,500,3
3501.222341576811,TRNE,500,500,3
55.55963702185956,TRNE,500,500,3
201.01615157315555,TRNE,500,500,3
1764.6629358284158,TRNE,500,500,3
218.70351066666666,TRNE,500,500,3
65.07916519790935,TRNE,500,500,3
35.497268218197334,TRNE,500,500,3
55.57336507081958,TRNI2,500,500,3
121.8781889277849,TRNI2,500,500,3
1116.1952083381757,TRNI2,500,500,3
492.31965680268604,TRNI2,500,500,3
880.6938852966326,TRNI2,500,500,3
1538.3193055486295,TRNI2,500,500,3
409.0497056236372,TRNI2,500,500,3
813.8579210077226,TRNI2,500,500,3
48.12455111165156,TRNI2,500,500,3
668.4045172987574,TRNI2,500,500,3
505.3703743700693,TRNI2,500,500,3
2159.3577425733324,TRNI2,500,500,3
860.5431824723628,TRNI2,500,500,3
639.5806798698223,TRNI2,500,500,3
1305.8151348031838,TRNI2,500,500,3
706.0433659723931,TRNI2,500,500,3
2082.311191277822,TRNI2,500,500,3
2051.1662624952887,TRNI2,500,500,3
194.458637043136,TRNI2,500,500,3
172.0932657382667,TRNI2,500,500,3
117.55050383841956,TRNI3,500,500,3
990.6962248834556,TRNI3,500,500,3
275.70754542561946,TRNI3,500,500,3
270.21077862308266,TRNI3,500,500,3
59.44350061191821,TRNI3,500,500,3
480.9457503210384,TRNI3,500,500,3
2069.46936585479,TRNI3,500,500,3
2437.641807423954,TRNI3,500,500,3
1001.3306051580515,TRNI3,500,500,3
1452.6107424272197,TRNI3,500,500,3
1430.3563794877844,TRNI3,500,500,3
1819.4360906399559,TRNI3,500,500,3
856.0575807186772,TRNI3,500,500,3
2082.5069792617533,TRNI3,500,500,3
1938.3799517038062,TRNI3,500,500,3
256.2733155502064,TRNI3,500,500,3
268.7054315530649,TRNI3,500,500,3
108.42849711430935,TRNI3,500,500,3
83.31647889240001,TRNI3,500,500,3
108.70703490448894,TRNI3,500,500,3
88.0121466872889,TROC,500,500,3
407.4814667015396,TROC,500,500,3
101.6699291113173,TROC,500,500,3
131.38710799052623,TROC,500,500,3
266.41805698758947,TROC,500,500,3
1753.1896842406118,TROC,500,500,3
4268.55000567151,TROC,500,500,3
1529.7781906664516,TROC,500,500,3
90.18460384737955,TROC,500,500,3
1284.7666915172251,TROC,500,500,3
113.48603487960008,TROC,500,500,3
2467.0430075939553,TROC,500,500,3
764.168111953344,TROC,500,500,3
1317.745186850131,TROC,500,500,3
2227.7848708662596,TROC,500,500,3
2151.712482316203,TROC,500,500,3
4876.379139557289,TROC,500,500,3
1083.2358127407717,TROC,500,500,3
330.1669529616996,TROC,500,500,3
3041.541170974037,TROC,500,500,3
112.83153967585959,TROH,500,500,3
331.7568147433797,TROH,500,500,3
659.8702689399181,TROH,500,500,3
4415.837711636793,TROH,500,500,3
249.52827686044273,TROH,500,500,3
212.0146987417529,TROH,500,500,3
120.41864623641597,TROH,500,500,3
659.9931436002114,TROH,500,500,3
82.90185040652622,TROH,500,500,3
565.6384947679556,TROH,500,500,3
4340.701032861517,TROH,500,500,3
452.9818070930329,TROH,500,500,3
36.878529128099544,TROH,500,500,3
294.9067091412694,TROH,500,500,3
2659.450370316771,TROH,500,500,3
316.2209134182116,TROH,500,500,3
2148.3690743854067,TROH,500,500,3
109.9668514640196,TROH,500,500,3
221.17255999942398,TROH,500,500,3
4306.288737920845,TROH,500,500,3
23.90105489236621,TROL,500,500,3
1456.988929927678,TROL,500,500,3
25.383518456531558,TROL,500,500,3
468.8256626239127,TROL,500,500,3
36.13066329399289,TROL,500,500,3
347.7598448535893,TROL,500,500,3
393.6202486158505,TROL,500,500,3
162.9617531422649,TROL,500,500,3
167.00286686291736,TROL,500,500,3
1070.9862406565526,TROL,500,500,3
30.30342097970488,TROL,500,500,3
17.84263500626489,TROL,500,500,3
241.81887566887823,TROL,500,500,3
110.70190651715552,TROL,500,500,3
42.089623999288875,TROL,500,500,3
8.33627131220622,TROL,500,500,3
27.139114599758226,TROL,500,500,3
1172.6212068890661,TROL,500,500,3
243.05271626431832,TROL,500,500,3
413.3328820129491,TROL,500,500,3
426.7593084993262,TRPA28,500,500,3
4879.575090393058,TRPA28,500,500,3
72.4822021249262,TRPA28,500,500,3
440.7074543394827,TRPA28,500,500,3
212.91535432848886,TRPA28,500,500,3
581.6512039825761,TRPA28,500,500,3
638.306206895344,TRPA28,500,500,3
3611.8253165215583,TRPA28,500,500,3
102.0990078064,TRPA28,500,500,3
121.91807779804262,TRPA28,500,500,3
13.039992622584899,TRPA28,500,500,3
108.72064623807822,TRPA28,500,500,3
119.12680427252619,TRPA28,500,500,3
5412.438408304043,TRPA28,500,500,3
313.32651566741146,TRPA28,500,500,3
107.24069719436619,TRPA28,500,500,3
588.9856985736463,TRPA28,500,500,3
126.92482401542928,TRPA28,500,500,3
798.1525822156159,TRPA28,500,500,3
770.5105790045851,TRPA28,500,500,3
1011.7882984657049,TRPE4,500,500,3
2222.1474352067626,TRPE4,500,500,3
1247.699538530105,TRPE4,500,500,3
142.10904393449067,TRPE4,500,500,3
241.9398474780374,TRPE4,500,500,3
258.4714114908996,TRPE4,500,500,3
279.0942144157582,TRPE4,500,500,3
43.72016886182221,TRPE4,500,500,3
272.3549159957315,TRPE4,500,500,3
169.40076357318398,TRPE4,500,500,3
227.1607434091928,TRPE4,500,500,3
137.45912258865602,TRPE4,500,500,3
120.74214180169955,TRPE4,500,500,3
157.00629693446933,TRPE4,500,500,3
249.899453811136,TRPE4,500,500,3
40.84572398833599,TRPE4,500,500,3
139.7710809172196,TRPE4,500,500,3
195.9974090870595,TRPE4,500,500,3
120.2499097429263,TRPE4,500,500,3
47.55881121595557,TRPE4,500,500,3
1674.797277338665,TRPE5,500,500,3
714.5800390289335,TRPE5,500,500,3
2236.7501737846837,TRPE5,500,500,3
960.8293705389797,TRPE5,500,500,3
1370.6834667968687,TRPE5,500,500,3
50.492885279509345,TRPE5,500,500,3
320.58640353415825,TRPE5,500,500,3
492.5137413844886,TRPE5,500,500,3
2029.2350314930559,TRPE5,500,500,3
374.09994645554485,TRPE5,500,500,3
248.08939512917152,TRPE5,500,500,3
517.2888987787663,TRPE5,500,500,3
650.9622179371927,TRPE5,500,500,3
90.82208716990401,TRPE5,500,500,3
186.64711195963736,TRPE5,500,500,3
101.71172022101156,TRPE5,500,500,3
2130.6011876354114,TRPE5,500,500,3
1045.6747497062663,TRPE5,500,500,3
1993.8093965003347,TRPE5,500,500,3
3366.4315623592497,TRPE5,500,500,3
2577.4349124753057,TRPL6,500,500,3
186.24839825760003,TRPL6,500,500,3
1310.7226012475448,TRPL6,500,500,3
107.01894106578486,TRPL6,500,500,3
29.601567590611555,TRPL6,500,500,3
2932.3126111516376,TRPL6,500,500,3
308.00197101857947,TRPL6,500,500,3
50.758305968064,TRPL6,500,500,3
863.939147222123,TRPL6,500,500,3
39.21585596807822,TRPL6,500,500,3
639.2509395537759,TRPL6,500,500,3
810.5487033038222,TRPL6,500,500,3
3475.075508614399,TRPL6,500,500,3
13.183010378622221,TRPL6,500,500,3
178.4692205997796,TRPL6,500,500,3
301.34511203719813,TRPL6,500,500,3
230.68135138534396,TRPL6,500,500,3
38.08655755295289,TRPL6,500,500,3
131.15015729947734,TRPL6,500,500,3
564.2222965921851,TRPL6,500,500,3
137.16417119317157,TRPO,500,500,3
198.05170149094403,TRPO,500,500,3
56.332923936496,TRPO,500,500,3
1509.8962880836254,TRPO,500,500,3
323.9293104969227,TRPO,500,500,3
5259.584376612684,TRPO,500,500,3
193.2481578128907,TRPO,500,500,3
440.151173037865,TRPO,500,500,3
1878.6471911494232,TRPO,500,500,3
8009.498254108897,TRPO,500,500,3
459.89641198775337,TRPO,500,500,3
147.63183845577956,TRPO,500,500,3
1937.671373795556,TRPO,500,500,3
6327.119295281601,TRPO,500,500,3
333.3040261866222,TRPO,500,500,3
313.3768068565261,TRPO,500,500,3
66.9803697347982,TRPO,500,500,3
3076.17304284143,TRPO,500,500,3
223.96737636970488,TRPO,500,500,3
804.9129302920517,TRPO,500,500,3
254.53467943449596,TRPR,500,500,3
111.91738948001952,TRPR,500,500,3
170.15551714075735,TRPR,500,500,3
2282.9410860168377,TRPR,500,500,3
117.34107871128884,TRPR,500,500,3
983.9175282809582,TRPR,500,500,3
973.7241045530665,TRPR,500,500,3
4171.10562238333,TRPR,500,500,3
182.0953323963093,TRPR,500,500,3
1137.2558754055092,TRPR,500,500,3
74.16738374484625,TRPR,500,500,3
1821.3723201834603,TRPR,500,500,3
85.29254275195555,TRPR,500,500,3
1109.9320166160428,TRPR,500,500,3
6416.091514212478,TRPR,500,500,3
3835.878570215109,TRPR,500,500,3
704.2315346879982,TRPR,500,500,3
1172.3356566785262,TRPR,500,500,3
3724.246186564694,TRPR,500,500,3
238.79980516775802,TRPR,500,500,3
209.24319444297944,TRPR2,500,500,3
2546.5786361515934,TRPR2,500,500,3
139.99088798398395,TRPR2,500,500,3
111.30120054715556,TRPR2,500,500,3
766.3411902575998,TRPR2,500,500,3
841.0328216771625,TRPR2,500,500,3
513.1928634204003,TRPR2,500,500,3
77.59413331182222,TRPR2,500,500,3
63.50407051195554,TRPR2,500,500,3
174.99909970681597,TRPR2,500,500,3
546.2781233183982,TRPR2,500,500,3
1578.2634076530323,TRPR2,500,500,3
69.71566208543285,TRPR2,500,500,3
207.1876705119129,TRPR2,500,500,3
1274.42364369578,TRPR2,500,500,3
348.541011911536,TRPR2,500,500,3
3462.6708387029253,TRPR2,500,500,3
696.6880008654775,TRPR2,500,500,3
1533.4618195380458,TRPR2,500,500,3
82.82852189943291,TRPR2,500,500,3
186.79959847662224,TRPU15,500,500,3
51.223454339482664,TRPU15,500,500,3
214.29318168524628,TRPU15,500,500,3
3680.8978021738217,TRPU15,500,500,3
968.4792303692781,TRPU15,500,500,3
229.48613477431286,TRPU15,500,500,3
189.59833342020266,TRPU15,500,500,3
360.6893657673316,TRPU15,500,500,3
2895.6908893652694,TRPU15,500,500,3
169.89690351476625,TRPU15,500,500,3
60.5618022772907,TRPU15,500,500,3
4740.347405836713,TRPU15,500,500,3
135.97158456996263,TRPU15,500,500,3
122.09613979793066,TRPU15,500,500,3
88.65467316434487,TRPU15,500,500,3
635.515234909865,TRPU15,500,500,3
1418.4003256081755,TRPU15,500,500,3
102.32004822084268,TRPU15,500,500,3
3591.0342302846216,TRPU15,500,500,3
1805.9097481585495,TRPU15,500,500,3
82.17057286473958,TRPU4,500,500,3
3123.8440893153,TRPU4,500,500,3
1285.9315254312885,TRPU4,500,500,3
96.42013672631292,TRPU4,500,500,3
4344.05924982471,TRPU4,500,500,3
189.35269474559993,TRPU4,500,500,3
5360.7795009701285,TRPU4,500,500,3
483.4253180310115,TRPU4,500,500,3
132.0281852657333,TRPU4,500,500,3
4649.586403669218,TRPU4,500,500,3
982.4413069584783,TRPU4,500,500,3
2062.7079174758114,TRPU4,500,500,3
3762.2804511178215,TRPU4,500,500,3
4378.606283759953,TRPU4,500,500,3
451.2980689627717,TRPU4,500,500,3
139.4686904913849,TRPU4,500,500,3
706.6128900455092,TRPU4,500,500,3
3970.9527253110327,TRPU4,500,500,3
156.0434202289049,TRPU4,500,500,3
127.71656497333333,TRPU4,500,500,3
145.11497692333333,TRRA,500,500,3
2152.170245260622,TRRA,500,500,3
176.92186533324625,TRRA,500,500,3
587.1927394201529,TRRA,500,500,3
247.88632952489965,TRRA,500,500,3
1530.748661741397,TRRA,500,500,3
4098.402585344125,TRRA,500,500,3
381.9316150003041,TRRA,500,500,3
601.1541421063661,TRRA,500,500,3
339.09056445225076,TRRA,500,500,3
169.52635938534394,TRRA,500,500,3
3276.421365424383,TRRA,500,500,3
127.46493969791821,TRRA,500,500,3
52.86430493516622,TRRA,500,500,3
561.4726181666114,TRRA,500,500,3
62.39564532989154,TRRA,500,500,3
1963.893467647785,TRRA,500,500,3
1394.2233273983998,TRRA,500,500,3
1498.9095984339556,TRRA,500,500,3
2081.9435744941443,TRRA,500,500,3
233.69808943928894,TRRA5,500,500,3
2727.0772409322217,TRRA5,500,500,3
172.7898856762596,TRRA5,500,500,3
2304.4040705978864,TRRA5,500,500,3
23.297545646933326,TRRA5,500,500,3
2488.2179555500375,TRRA5,500,500,3
4095.448906505662,TRRA5,500,500,3
4165.376809566574,TRRA5,500,500,3
434.5175421724373,TRRA5,500,500,3
1046.8525447309494,TRRA5,500,500,3
111.90885315581147,TRRA5,500,500,3
299.0696106449334,TRRA5,500,500,3
59.53224914615291,TRRA5,500,500,3
807.6621702364424,TRRA5,500,500,3
380.0341292612107,TRRA5,500,500,3
361.2950359732889,TRRA5,500,500,3
113.43548916577956,TRRA5,500,500,3
274.7950851438861,TRRA5,500,500,3
2371.909396845112,TRRA5,500,500,3
60.20669321062225,TRRA5,500,500,3
208.49635765328895,TRRA6,500,500,3
310.5862866559929,TRRA6,500,500,3
198.48861278375824,TRRA6,500,500,3
281.9779971880373,TRRA6,500,500,3
2621.6862565105703,TRRA6,500,500,3
93.20000368789157,TRRA6,500,500,3
1466.0231206383999,TRRA6,500,500,3
2773.0964981482657,TRRA6,500,500,3
160.22392141823286,TRRA6,500,500,3
64.64916809382225,TRRA6,500,500,3
167.54801525350393,TRRA6,500,500,3
151.7031697162649,TRRA6,500,500,3
83.31826210716265,TRRA6,500,500,3
40.38774469119823,TRRA6,500,500,3
1090.0947880381848,TRRA6,500,500,3
442.37083577521605,TRRA6,500,500,3
97.31668406695819,TRRA6,500,500,3
908.1488383307092,TRRA6,500,500,3
233.249355653289,TRRA6,500,500,3
1214.0370171735447,TRRA6,500,500,3
182.30544041266492,TRRE2,500,500,3
287.13974640964256,TRRE2,500,500,3
3313.4474623121046,TRRE2,500,500,3
286.43564391252613,TRRE2,500,500,3
84.223358274816,TRRE2,500,500,3
372.5640950597531,TRRE2,500,500,3
636.7802324824729,TRRE2,500,500,3
378.0055940721048,TRRE2,500,500,3
752.9330938345222,TRRE2,500,500,3
437.6045418908728,TRRE2,500,500,3
2344.280352621296,TRRE2,500,500,3
220.3509734212106,TRRE2,500,500,3
159.08362851164264,TRRE2,500,500,3
808.6766192784427,TRRE2,500,500,3
383.9369052259555,TRRE2,500,500,3
360.73919925753603,TRRE2,500,500,3
151.82133312782224,TRRE2,500,500,3
394.25914538648885,TRRE2,500,500,3
1780.1501668875303,TRRE2,500,500,3
1824.5487839625791,TRRE2,500,500,3
1532.7059442755979,TRRE3,500,500,3
3439.399160263252,TRRE3,500,500,3
643.0002332286222,TRRE3,500,500,3
192.03632408668278,TRRE3,500,500,3
846.7524326778863,TRRE3,500,500,3
826.6727941310508,TRRE3,500,500,3
1500.4752698429847,TRRE3,500,500,3
2936.0622738375096,TRRE3,500,500,3
489.9149183150064,TRRE3,500,500,3
204.48949146401958,TRRE3,500,500,3
624.7427726265581,TRRE3,500,500,3
270.5724369386383,TRRE3,500,500,3
3390.1848584634863,TRRE3,500,500,3
3342.8380352006384,TRRE3,500,500,3
641.4033197027394,TRRE3,500,500,3
2159.0951617578385,TRRE3,500,500,3
265.81153041207295,TRRE3,500,500,3
666.0636598997262,TRRE3,500,500,3
3578.7789130050546,TRRE3,500,500,3
3902.8495579932382,TRRE3,500,500,3
182.07427563291736,TRRE5,500,500,3
859.4408012458027,TRRE5,500,500,3
310.3222542070596,TRRE5,500,500,3
1644.3012655283037,TRRE5,500,500,3
1701.8215212938649,TRRE5,500,500,3
3669.3990920724464,TRRE5,500,500,3
267.26253065639827,TRRE5,500,500,3
160.2838024571716,TRRE5,500,500,3
1157.9054083885492,TRRE5,500,500,3
1122.6297710030778,TRRE5,500,500,3
2956.188149750001,TRRE5,500,500,3
984.8801715915661,TRRE5,500,500,3
338.4117606783129,TRRE5,500,500,3
2809.523574143118,TRRE5,500,500,3
458.7594259116784,TRRE5,500,500,3
728.2279177070646,TRRE5,500,500,3
1279.8540243677,TRRE5,500,500,3
555.7234360934382,TRRE5,500,500,3
381.45976613586487,TRRE5,500,500,3
331.01328970982235,TRRE5,500,500,3
255.40873949097954,TRRH,500,500,3
162.12360696231823,TRRH,500,500,3
1546.842411789992,TRRH,500,500,3
449.5644555944887,TRRH,500,500,3
135.44658362441953,TRRH,500,500,3
627.2083280238647,TRRH,500,500,3
191.50739861468267,TRRH,500,500,3
625.2826290457526,TRRH,500,500,3
1013.846562375822,TRRH,500,500,3
3025.8959529584,TRRH,500,500,3
1758.29496873642,TRRH,500,500,3
734.7700407978222,TRRH,500,500,3
99.16529163906664,TRRH,500,500,3
152.73475410516625,TRRH,500,500,3
119.87969360439291,TRRH,500,500,3
471.9986613162595,TRRH,500,500,3
1295.820589197723,TRRH,500,500,3
869.4509303298826,TRRH,500,500,3
301.0604844762383,TRRH,500,500,3
2253.4136106527126,TRRH,500,500,3
460.3347673244995,TRSC7,500,500,3
831.9522685783452,TRSC7,500,500,3
1622.744205406656,TRSC7,500,500,3
51.05033456177603,TRSC7,500,500,3
1565.2247520724202,TRSC7,500,500,3
255.6903601996729,TRSC7,500,500,3
123.2983929456196,TRSC7,500,500,3
158.16850469826662,TRSC7,500,500,3
346.0545669139182,TRSC7,500,500,3
50.20578785769065,TRSC7,500,500,3
1424.464169008709,TRSC7,500,500,3
567.0325114583042,TRSC7,500,500,3
64.85109956195556,TRSC7,500,500,3
3303.4540650814515,TRSC7,500,500,3
35.12117847306667,TRSC7,500,500,3
3025.6355580140794,TRSC7,500,500,3
48.31063833491735,TRSC7,500,500,3
3855.128769717289,TRSC7,500,500,3
1164.7480012585795,TRSC7,500,500,3
3144.138714556287,TRSC7,500,500,3
341.82822132888896,TRSE2,500,500,3
174.6444467409849,TRSE2,500,500,3
598.0484305361049,TRSE2,500,500,3
2517.8784950066056,TRSE2,500,500,3
1363.9282691062024,TRSE2,500,500,3
129.68081639711284,TRSE2,500,500,3
1264.5147375210652,TRSE2,500,500,3
2581.7992906325267,TRSE2,500,500,3
3275.831807623424,TRSE2,500,500,3
941.1659357499996,TRSE2,500,500,3
290.97176888745065,TRSE2,500,500,3
367.13561989435726,TRSE2,500,500,3
624.1187065912246,TRSE2,500,500,3
1298.8683435461528,TRSE2,500,500,3
294.2722377024783,TRSE2,500,500,3
1027.9105233832956,TRSE2,500,500,3
2328.629145666667,TRSE2,500,500,3
2950.508137334549,TRSE2,500,500,3
158.51708999295823,TRSE2,500,500,3
433.1520544674115,TRSE2,500,500,3
166.94559993030404,TRSE4,500,500,3
298.10092868759995,TRSE4,500,500,3
149.70629388006398,TRSE4,500,500,3
542.3350265866222,TRSE4,500,500,3
99.40985352604268,TRSE4,500,500,3
537.3412207130666,TRSE4,500,500,3
107.99941278790936,TRSE4,500,500,3
1926.9549532134326,TRSE4,500,500,3
563.1880479996516,TRSE4,500,500,3
77.6532306058222,TRSE4,500,500,3
300.42361197222226,TRSE4,500,500,3
136.6336835466221,TRSE4,500,500,3
324.2657749946596,TRSE4,500,500,3
1312.0102118390334,TRSE4,500,500,3
2696.2774389519354,TRSE4,500,500,3
93.07673349788267,TRSE4,500,500,3
302.2023811062027,TRSE4,500,500,3
161.44067939555558,TRSE4,500,500,3
253.0190484841529,TRSE4,500,500,3
3402.9342953648197,TRSE4,500,500,3
157.5061532444,TRSE5,500,500,3
57.578390506622206,TRSE5,500,500,3
155.15434200938495,TRSE5,500,500,3
92.27940505991822,TRSE5,500,500,3
1077.5125575896461,TRSE5,500,500,3
94.37124833599826,TRSE5,500,500,3
3637.2054631052515,TRSE5,500,500,3
79.37447257767823,TRSE5,500,500,3
259.66765164906496,TRSE5,500,500,3
38.54561363060621,TRSE5,500,500,3
136.40569866595555,TRSE5,500,500,3
260.3283573539556,TRSE5,500,500,3
2953.341943950763,TRSE5,500,500,3
51.246971647955576,TRSE5,500,500,3
293.1807771286115,TRSE5,500,500,3
61.027130389999996,TRSE5,500,500,3
50.02617141844621,TRSE5,500,500,3
2601.207941987832,TRSE5,500,500,3
297.4971756189849,TRSE5,500,500,3
210.3727835192889,TRSE5,500,500,3
3477.5530531865315,TRSE6,500,500,3
2542.0388698947127,TRSE6,500,500,3
624.2034054993848,TRSE6,500,500,3
2060.689434452464,TRSE6,500,500,3
3388.293218936255,TRSE6,500,500,3
580.5477501077175,TRSE6,500,500,3
53.50712883188622,TRSE6,500,500,3
4096.4150143172255,TRSE6,500,500,3
4442.72821992674,TRSE6,500,500,3
1175.1692490821972,TRSE6,500,500,3
224.11623435007814,TRSE6,500,500,3
341.3380240998382,TRSE6,500,500,3
523.9093356834065,TRSE6,500,500,3
1403.6747744747445,TRSE6,500,500,3
271.91795854182214,TRSE6,500,500,3
4008.508565367067,TRSE6,500,500,3
2218.546033148713,TRSE6,500,500,3
1157.6069116714598,TRSE6,500,500,3
4037.3324221540106,TRSE6,500,500,3
164.94235255756627,TRSE6,500,500,3
34.404622561690665,TRSP12,500,500,3
1196.768434438313,TRSP12,500,500,3
151.4167614849262,TRSP12,500,500,3
66.49042629048887,TRSP12,500,500,3
133.4257724253795,TRSP12,500,500,3
281.62136293169607,TRSP12,500,500,3
121.98322026389155,TRSP12,500,500,3
78.78307800732266,TRSP12,500,500,3
2675.3465071730325,TRSP12,500,500,3
181.576041114624,TRSP12,500,500,3
103.07485797601959,TRSP12,500,500,3
131.24443807059728,TRSP12,500,500,3
3835.97955281775,TRSP12,500,500,3
223.06566203873956,TRSP12,500,500,3
1796.3641860543999,TRSP12,500,500,3
15.13900971826489,TRSP12,500,500,3
626.9180867900001,TRSP12,500,500,3
118.02761165111289,TRSP12,500,500,3
69.43244898167286,TRSP12,500,500,3
272.68890396831284,TRSP12,500,500,3
102.64695355252624,TRSP2,500,500,3
2564.511738615289,TRSP2,500,500,3
2064.9550842426866,TRSP2,500,500,3
3387.429719899732,TRSP2,500,500,3
1916.4793596495365,TRSP2,500,500,3
3114.843152159288,TRSP2,500,500,3
2064.9550842426866,TRSP2,500,500,3
1916.4793596495365,TRSP2,500,500,3
2564.511738615289,TRSP2,500,500,3
899.336579117822,TRSP2,500,500,3
2168.539279876096,TRSP2,500,500,3
1335.2938582467625,TRSP2,500,500,3
1314.3008439523837,TRSP2,500,500,3
2749.3944253073055,TRSP2,500,500,3
1228.1936430912783,TRSP2,500,500,3
2168.539279876096,TRSP2,500,500,3
2729.7079478932887,TRSP2,500,500,3
2865.2891066574916,TRSP2,500,500,3
1916.4793596495365,TRSP2,500,500,3
1728.9644607805437,TRSP2,500,500,3
740.8131829034597,TRSP82,500,500,3
76.91621203105956,TRSP82,500,500,3
35.23387900262224,TRSP82,500,500,3
239.83007284333326,TRSP82,500,500,3
1123.8690514116247,TRSP82,500,500,3
138.07281283634492,TRSP82,500,500,3
600.2382638133761,TRSP82,500,500,3
1242.398488429993,TRSP82,500,500,3
355.6180662678596,TRSP82,500,500,3
185.04244831871827,TRSP82,500,500,3
331.2013451554061,TRSP82,500,500,3
92.75056086951824,TRSP82,500,500,3
388.1190088865493,TRSP82,500,500,3
51.41092384167822,TRSP82,500,500,3
224.2400860829707,TRSP82,500,500,3
1461.4546031544885,TRSP82,500,500,3
266.31515364681957,TRSP82,500,500,3
308.5400276483396,TRSP82,500,500,3
142.2465383639893,TRSP82,500,500,3
1528.2066235219552,TRSP82,500,500,3
668.1991648078222,TRST16,500,500,3
2460.5801091054645,TRST16,500,500,3
116.31404719718401,TRST16,500,500,3
2212.224292535439,TRST16,500,500,3
1558.0664309699396,TRST16,500,500,3
99.36891617770488,TRST16,500,500,3
1662.2176974356466,TRST16,500,500,3
2821.6319450273854,TRST16,500,500,3
1941.915857493759,TRST16,500,500,3
1423.2160840232896,TRST16,500,500,3
4337.06258157673,TRST16,500,500,3
3550.096308120398,TRST16,500,500,3
92.96245061388623,TRST16,500,500,3
59.52210913356624,TRST16,500,500,3
1541.9434367260733,TRST16,500,500,3
5347.290347653117,TRST16,500,500,3
2736.389023171624,TRST16,500,500,3
529.8314670747309,TRST16,500,500,3
734.6372652944425,TRST16,500,500,3
2093.3611555086222,TRST16,500,500,3
258.06888294638946,TRST2,500,500,3
299.06379849961064,TRST2,500,500,3
2711.5104593131446,TRST2,500,500,3
953.1441322563625,TRST2,500,500,3
401.96274985010496,TRST2,500,500,3
450.5214253037493,TRST2,500,500,3
604.2055746209493,TRST2,500,500,3
797.8828571231984,TRST2,500,500,3
1824.0128912971093,TRST2,500,500,3
5901.339925072213,TRST2,500,500,3
4628.835040897777,TRST2,500,500,3
3439.118608973966,TRST2,500,500,3
453.4505250833759,TRST2,500,500,3
320.27282165865074,TRST2,500,500,3
1086.3417918462862,TRST2,500,500,3
1241.716890309957,TRST2,500,500,3
5550.77954176996,TRST2,500,500,3
4003.921916119545,TRST2,500,500,3
68.39285012401602,TRST2,500,500,3
221.62639288177078,TRST2,500,500,3
1309.9666678613314,TRST5,500,500,3
729.1546449770381,TRST5,500,500,3
976.1327857255664,TRST5,500,500,3
280.92296838854946,TRST5,500,500,3
218.998828024745,TRST5,500,500,3
71.05828265095822,TRST5,500,500,3
119.96143747603735,TRST5,500,500,3
120.80262798775281,TRST5,500,500,3
725.5335834424246,TRST5,500,500,3
356.4473184084889,TRST5,500,500,3
506.89086868932253,TRST5,500,500,3
750.3419577087358,TRST5,500,500,3
1944.5918186652723,TRST5,500,500,3
1047.305017771945,TRST5,500,500,3
2803.031703118905,TRST5,500,500,3
279.6173198799928,TRST5,500,500,3
464.06189952113607,TRST5,500,500,3
39.73236258409067,TRST5,500,500,3
221.70221955555547,TRST5,500,500,3
167.8808239680782,TRST5,500,500,3
174.60806991786487,TRSU3,500,500,3
441.72729514218463,TRSU3,500,500,3
428.5922161582774,TRSU3,500,500,3
496.8082946605796,TRSU3,500,500,3
2338.8461306376375,TRSU3,500,500,3
191.76138656319824,TRSU3,500,500,3
438.9906561408695,TRSU3,500,500,3
366.3575046116249,TRSU3,500,500,3
847.6165535972248,TRSU3,500,500,3
254.25872709525152,TRSU3,500,500,3
244.1203027155556,TRSU3,500,500,3
934.9837747335895,TRSU3,500,500,3
2520.2691806890393,TRSU3,500,500,3
3631.068484369913,TRSU3,500,500,3
579.7845167311358,TRSU3,500,500,3
400.2509598872162,TRSU3,500,500,3
159.24188190395557,TRSU3,500,500,3
382.1255131684908,TRSU3,500,500,3
137.42287036927823,TRSU3,500,500,3
24.719270339482676,TRSU3,500,500,3
3195.225476739967,TRTE,500,500,3
4998.288005242436,TRTE,500,500,3
7068.312450777879,TRTE,500,500,3
1917.8813126542775,TRTE,500,500,3
911.241143635733,TRTE,500,500,3
109.86207174573327,TRTE,500,500,3
1451.2566351955554,TRTE,500,500,3
6925.8434336573655,TRTE,500,500,3
204.5148499704889,TRTE,500,500,3
1385.2548663320733,TRTE,500,500,3
3013.206496492289,TRTE,500,500,3
72.5202842782649,TRTE,500,500,3
4538.130467670824,TRTE,500,500,3
2717.477147928745,TRTE,500,500,3
2199.5191012247315,TRTE,500,500,3
5266.572461351963,TRTE,500,500,3
4991.060488782222,TRTE,500,500,3
1701.3756015639449,TRTE,500,500,3
347.3935373566222,TRTE,500,500,3
3365.954391301432,TRTE,500,500,3
195.70677640403719,TRTE2,500,500,3
112.38407595391828,TRTE2,500,500,3
45.95210538222223,TRTE2,500,500,3
138.0844842930916,TRTE2,500,500,3
347.91313464780626,TRTE2,500,500,3
1071.3038046954507,TRTE2,500,500,3
139.9565231462329,TRTE2,500,500,3
207.69699027895282,TRTE2,500,500,3
203.91518086391278,TRTE2,500,500,3
236.5981252063982,TRTE2,500,500,3
121.84659152025608,TRTE2,500,500,3
233.01420251815813,TRTE2,500,500,3
4887.952668347304,TRTE2,500,500,3
1956.665071331156,TRTE2,500,500,3
36.85095056169067,TRTE2,500,500,3
390.8979177784888,TRTE2,500,500,3
775.1165154842668,TRTE2,500,500,3
258.58042452888884,TRTE2,500,500,3
49.45783914868624,TRTE2,500,500,3
83.40340978557155,TRTE2,500,500,3
503.51454949222403,TRTO4,500,500,3
1498.7045617244726,TRTO4,500,500,3
1557.1781185251396,TRTO4,500,500,3
113.40876810069157,TRTO4,500,500,3
667.8068868891718,TRTO4,500,500,3
4646.224820477089,TRTO4,500,500,3
890.5426002116195,TRTO4,500,500,3
1891.913967393678,TRTO4,500,500,3
709.2209644245048,TRTO4,500,500,3
1895.7225101698834,TRTO4,500,500,3
171.5555422574862,TRTO4,500,500,3
106.31293498930484,TRTO4,500,500,3
4521.744163999854,TRTO4,500,500,3
1676.6478476498767,TRTO4,500,500,3
1980.8209425832893,TRTO4,500,500,3
475.45721308577976,TRTO4,500,500,3
2786.627780784611,TRTO4,500,500,3
1148.2103491759713,TRTO4,500,500,3
279.15832381183844,TRTO4,500,500,3
138.96698689140626,TRTO4,500,500,3
549.220535388153,TRTR7,500,500,3
191.8063092795093,TRTR7,500,500,3
353.2238357979307,TRTR7,500,500,3
102.99615598933154,TRTR7,500,500,3
226.72663986847286,TRTR7,500,500,3
581.2336513652888,TRTR7,500,500,3
2555.6208183069707,TRTR7,500,500,3
32.595737505955555,TRTR7,500,500,3
468.8404059458829,TRTR7,500,500,3
13.337863458303996,TRTR7,500,500,3
543.0400623374774,TRTR7,500,500,3
134.34271321036616,TRTR7,500,500,3
795.4918400433336,TRTR7,500,500,3
1870.2102689439566,TRTR7,500,500,3
1191.326310310185,TRTR7,500,500,3
342.1411593570827,TRTR7,500,500,3
299.2250093325494,TRTR7,500,500,3
1536.8273697671664,TRTR7,500,500,3
681.8852112160994,TRTR7,500,500,3
1449.995955263785,TRTR7,500,500,3
318.39553314900627,TRUN,500,500,3
85.10426250052265,TRUN,500,500,3
2356.9839840083628,TRUN,500,500,3
107.8607564338329,TRUN,500,500,3
170.12127602505961,TRUN,500,500,3
184.95917914446935,TRUN,500,500,3
111.13760564678395,TRUN,500,500,3
96.30931410516622,TRUN,500,500,3
119.70396932385954,TRUN,500,500,3
187.30035060103822,TRUN,500,500,3
301.7178588416,TRUN,500,500,3
1101.168642135545,TRUN,500,500,3
3521.413986456021,TRUN,500,500,3
118.70952506905603,TRUN,500,500,3
103.79993369578494,TRUN,500,500,3
87.92388749141156,TRUN,500,500,3
699.9194436852887,TRUN,500,500,3
1182.3583298300514,TRUN,500,500,3
113.66066173665959,TRUN,500,500,3
2276.3863061222655,TRUN,500,500,3
246.98424079229147,TRUR,500,500,3
298.43753960383805,TRUR,500,500,3
265.93263319248894,TRUR,500,500,3
234.76431287782208,TRUR,500,500,3
147.26543696366937,TRUR,500,500,3
2993.171222687997,TRUR,500,500,3
16.511003816816007,TRUR,500,500,3
44.25316152319288,TRUR,500,500,3
85.99482823502933,TRUR,500,500,3
745.624687569918,TRUR,500,500,3
132.74416320575818,TRUR,500,500,3
160.67855017666665,TRUR,500,500,3
157.776115007984,TRUR,500,500,3
147.0841465364889,TRUR,500,500,3
69.25827050773155,TRUR,500,500,3
22.509947988904887,TRUR,500,500,3
6326.924294853289,TRUR,500,500,3
290.4580449271397,TRUR,500,500,3
23.507294363432894,TRUR,500,500,3
1438.7171279784893,TRUR,500,500,3
195.98466132786484,TRVA,500,500,3
32.580464703955556,TRVA,500,500,3
360.5203673044889,TRVA,500,500,3
123.3564093332889,TRVA,500,500,3
31.333344661610674,TRVA,500,500,3
131.01152858674487,TRVA,500,500,3
59.116196842366236,TRVA,500,500,3
142.06773230975824,TRVA,500,500,3
51.05153509876624,TRVA,500,500,3
191.82325621262208,TRVA,500,500,3
158.0069064488888,TRVA,500,500,3
699.2360868537581,TRVA,500,500,3
251.16933864373325,TRVA,500,500,3
56.833199088611586,TRVA,500,500,3
836.8857000848783,TRVA,500,500,3
2986.2442469963667,TRVA,500,500,3
50.73708247782221,TRVA,500,500,3
363.5103944680961,TRVA,500,500,3
343.1862293336463,TRVA,500,500,3
89.23687657414935,TRVA,500,500,3
382.7442907898293,TRVA2,500,500,3
2874.871452180819,TRVA2,500,500,3
216.35511825915555,TRVA2,500,500,3
159.90845811313073,TRVA2,500,500,3
287.172048107456,TRVA2,500,500,3
1311.1114666911556,TRVA2,500,500,3
123.5430419430329,TRVA2,500,500,3
1776.6825812788886,TRVA2,500,500,3
48.624073267824016,TRVA2,500,500,3
2035.265965254933,TRVA2,500,500,3
2608.029935115219,TRVA2,500,500,3
66.64677694011735,TRVA2,500,500,3
187.09344406397153,TRVA2,500,500,3
588.210682448889,TRVA2,500,500,3
104.1842173060249,TRVA2,500,500,3
1153.033858847358,TRVA2,500,500,3
2256.1654492532466,TRVA2,500,500,3
385.1634437026115,TRVA2,500,500,3
1249.3058101500517,TRVA2,500,500,3
266.5043830993049,TRVA2,500,500,3
4504.690270482176,TRVE,500,500,3
1104.1116253966225,TRVE,500,500,3
938.698533189945,TRVE,500,500,3
1293.6600874321848,TRVE,500,500,3
1796.863120698622,TRVE,500,500,3
986.6578434320425,TRVE,500,500,3
139.3263118263182,TRVE,500,500,3
1410.3599354622222,TRVE,500,500,3
1928.8018855351304,TRVE,500,500,3
195.27451699847822,TRVE,500,500,3
3758.913709402367,TRVE,500,500,3
261.05768697673955,TRVE,500,500,3
968.8735176905232,TRVE,500,500,3
1513.6694179723095,TRVE,500,500,3
285.462323447289,TRVE,500,500,3
135.66312895128883,TRVE,500,500,3
1887.7496640639358,TRVE,500,500,3
218.72841730643725,TRVE,500,500,3
388.4384777781971,TRVE,500,500,3
264.83514259626486,TRVE,500,500,3
1297.0467402427716,TRVI,500,500,3
75.28837463059729,TRVI,500,500,3
246.48334686846408,TRVI,500,500,3
395.43777059412616,TRVI,500,500,3
2549.8756355989335,TRVI,500,500,3
451.51153880891735,TRVI,500,500,3
533.9162053063094,TRVI,500,500,3
940.404974305733,TRVI,500,500,3
497.8047228918826,TRVI,500,500,3
210.91739888486393,TRVI,500,500,3
72.3798927885582,TRVI,500,500,3
556.4124518879981,TRVI,500,500,3
988.65235462242,TRVI,500,500,3
121.14763912405155,TRVI,500,500,3
166.21200309115554,TRVI,500,500,3
30.50338533089955,TRVI,500,500,3
2441.7870456652163,TRVI,500,500,3
143.77785597607829,TRVI,500,500,3
461.2669877566295,TRVI,500,500,3
3399.188472158277,TRVI,500,500,3
140.84393731447278,TRVI2,500,500,3
583.7548574559572,TRVI2,500,500,3
514.881159112846,TRVI2,500,500,3
81.61533572402492,TRVI2,500,500,3
1173.7518667309798,TRVI2,500,500,3
452.93245718260624,TRVI2,500,500,3
883.5351745373581,TRVI2,500,500,3
142.8607782559556,TRVI2,500,500,3
4959.951361494399,TRVI2,500,500,3
761.5411680096643,TRVI2,500,500,3
1570.615199446976,TRVI2,500,500,3
196.1775076697582,TRVI2,500,500,3
68.28940526915552,TRVI2,500,500,3
1573.5562555615122,TRVI2,500,500,3
133.75937504170497,TRVI2,500,500,3
2369.96661505122,TRVI2,500,500,3
898.4217372276912,TRVI2,500,500,3
224.58087163639294,TRVI2,500,500,3
218.79537651555557,TRVI2,500,500,3
2264.2499690844006,TRVI2,500,500,3
2562.82139279751,TRVI3,500,500,3
3121.127604147513,TRVI3,500,500,3
2010.7452422151105,TRVI3,500,500,3
2863.752472838185,TRVI3,500,500,3
3268.607886577068,TRVI3,500,500,3
1768.8319918655561,TRVI3,500,500,3
1174.8103211281048,TRVI3,500,500,3
2157.280390995909,TRVI3,500,500,3
4043.01620284073,TRVI3,500,500,3
2482.804400424489,TRVI3,500,500,3
1772.39060797354,TRVI3,500,500,3
3430.2611885829047,TRVI3,500,500,3
2405.469582660863,TRVI3,500,500,3
3503.517718991247,TRVI3,500,500,3
2543.2408369266327,TRVI3,500,500,3
2792.5514212564203,TRVI3,500,500,3
3399.8500352824904,TRVI3,500,500,3
2567.5386303862592,TRVI3,500,500,3
2815.3856280042637,TRVI3,500,500,3
2625.233920511139,TRVI3,500,500,3
1378.865108487593,TRWA,500,500,3
792.4120105774916,TRWA,500,500,3
193.8512537114862,TRWA,500,500,3
569.1333588042505,TRWA,500,500,3
5606.43239066631,TRWA,500,500,3
206.40300963837154,TRWA,500,500,3
193.49578237506668,TRWA,500,500,3
124.23475397887293,TRWA,500,500,3
5453.872214595919,TRWA,500,500,3
87.3416837937049,TRWA,500,500,3
142.88845578222222,TRWA,500,500,3
93.33852095820626,TRWA,500,500,3
409.56851073941175,TRWA,500,500,3
51.75042610915556,TRWA,500,500,3
572.2128913639664,TRWA,500,500,3
41.935867877032884,TRWA,500,500,3
398.7179391599999,TRWA,500,500,3
1043.113323999486,TRWA,500,500,3
6683.410440785006,TRWA,500,500,3
4294.8630841306385,TRWA,500,500,3
389.29106341833955,TRWI3,500,500,3
122.14351308423826,TRWI3,500,500,3
21.942474603731554,TRWI3,500,500,3
164.20168991401954,TRWI3,500,500,3
654.8871478879983,TRWI3,500,500,3
184.26469634131738,TRWI3,500,500,3
70.34282354482492,TRWI3,500,500,3
366.5448723187182,TRWI3,500,500,3
100.5750383271662,TRWI3,500,500,3
648.3270676606224,TRWI3,500,500,3
110.35813814441956,TRWI3,500,500,3
38.57292923553955,TRWI3,500,500,3
187.82725687278943,TRWI3,500,500,3
262.9995702678595,TRWI3,500,500,3
331.9142135530382,TRWI3,500,500,3
73.86768692462223,TRWI3,500,500,3
153.82203328110938,TRWI3,500,500,3
46.591230591955565,TRWI3,500,500,3
29.44705320417955,TRWI3,500,500,3
39.09142237522489,TRWI3,500,500,3
190.68318876381147,TRWO,500,500,3
730.9334264488887,TRWO,500,500,3
108.07050596809955,TRWO,500,500,3
287.6376659610666,TRWO,500,500,3
557.4177922710595,TRWO,500,500,3
576.0974695443184,TRWO,500,500,3
369.3723354504248,TRWO,500,500,3
7650.293340625736,TRWO,500,500,3
272.437482201536,TRWO,500,500,3
1291.2161202605228,TRWO,500,500,3
688.0743963052784,TRWO,500,500,3
335.1746407517849,TRWO,500,500,3
190.79983267398933,TRWO,500,500,3
2468.3154940546815,TRWO,500,500,3
622.2197114436249,TRWO,500,500,3
827.2656317390059,TRWO,500,500,3
503.2923242238223,TRWO,500,500,3
929.0896757553052,TRWO,500,500,3
108.1534032418062,TRWO,500,500,3
238.74798664888883,TRWO,500,500,3
2710.03316213105,TSCA,500,500,3
2506.5213536093584,TSCA,500,500,3
623.3083997524461,TSCA,500,500,3
1250.3037517331838,TSCA,500,500,3
2249.7292137669333,TSCA,500,500,3
354.8247928111716,TSCA,500,500,3
60.10836753577956,TSCA,500,500,3
3344.2236281584,TSCA,500,500,3
1305.3397112464909,TSCA,500,500,3
929.8091499089334,TSCA,500,500,3
3104.8637755764885,TSCA,500,500,3
204.2617592824889,TSCA,500,500,3
818.9363957966218,TSCA,500,500,3
3373.150035956933,TSCA,500,500,3
1990.5134768710661,TSCA,500,500,3
2493.235626179158,TSCA,500,500,3
2003.1770637536642,TSCA,500,500,3
606.724563871358,TSCA,500,500,3
3974.058818513058,TSCA,500,500,3
4905.9755006566675,TSCA,500,500,3
762.5444193698066,TSCA2,500,500,3
1924.7481529738652,TSCA2,500,500,3
702.4328507036425,TSCA2,500,500,3
2398.095929793984,TSCA2,500,500,3
482.14534255223276,TSCA2,500,500,3
2654.039635960089,TSCA2,500,500,3
297.06389717226494,TSCA2,500,500,3
1092.8162482776722,TSCA2,500,500,3
1215.354063114622,TSCA2,500,500,3
415.3230274454116,TSCA2,500,500,3
204.66769935785956,TSCA2,500,500,3
657.0670472020693,TSCA2,500,500,3
201.46673993100626,TSCA2,500,500,3
913.7679859026331,TSCA2,500,500,3
3445.723078727616,TSCA2,500,500,3
243.5705177930648,TSCA2,500,500,3
4156.390104883454,TSCA2,500,500,3
143.0136540499627,TSCA2,500,500,3
3021.4332403395124,TSCA2,500,500,3
1144.5622095288154,TSCA2,500,500,3
2749.241358922863,TSHE,500,500,3
4070.829352935824,TSHE,500,500,3
2002.132546458367,TSHE,500,500,3
3888.777863930366,TSHE,500,500,3
217.4742756606222,TSHE,500,500,3
3053.7628034699655,TSHE,500,500,3
2524.661126601038,TSHE,500,500,3
1687.371810959955,TSHE,500,500,3
2002.4438276933333,TSHE,500,500,3
545.143125733945,TSHE,500,500,3
2557.175414968489,TSHE,500,500,3
2918.309643027278,TSHE,500,500,3
1585.6678246368997,TSHE,500,500,3
1870.9286044262108,TSHE,500,500,3
3505.2828845576514,TSHE,500,500,3
77.52833065892266,TSHE,500,500,3
1414.4730086106863,TSHE,500,500,3
2903.32147804746,TSHE,500,500,3
1843.348773701625,TSHE,500,500,3
2446.0331219655395,TSHE,500,500,3
3706.523856105299,TSME,500,500,3
2767.454380519067,TSME,500,500,3
1769.8856090837055,TSME,500,500,3
2726.7675829304894,TSME,500,500,3
884.1770521525316,TSME,500,500,3
1301.8710252368198,TSME,500,500,3
1572.1598073756375,TSME,500,500,3
5902.633729767677,TSME,500,500,3
2744.2084561549577,TSME,500,500,3
1486.5159950158227,TSME,500,500,3
3267.3110585384106,TSME,500,500,3
1029.2642612453265,TSME,500,500,3
1518.3880879912886,TSME,500,500,3
366.43544858956614,TSME,500,500,3
3328.699970059434,TSME,500,500,3
1049.2884914601796,TSME,500,500,3
1954.008750265599,TSME,500,500,3
2225.07007599,TSME,500,500,3
3313.4050888170673,TSME,500,500,3
810.3611677124251,TSME,500,500,3
610.8392933260515,TUFA,500,500,3
1324.0535632101264,TUFA,500,500,3
1153.974135855723,TUFA,500,500,3
1186.919975190016,TUFA,500,500,3
1140.1981245778773,TUFA,500,500,3
492.77832723581173,TUFA,500,500,3
2454.8096817464884,TUFA,500,500,3
592.4035680584515,TUFA,500,500,3
263.00178878182226,TUFA,500,500,3
556.2607621896514,TUFA,500,500,3
418.53865528829164,TUFA,500,500,3
102.67691114238399,TUFA,500,500,3
2105.621883809252,TUFA,500,500,3
174.7681763519129,TUFA,500,500,3
136.75182582026667,TUFA,500,500,3
708.1495117422295,TUFA,500,500,3
830.7220709699398,TUFA,500,500,3
221.602943287593,TUFA,500,500,3
3790.061603223252,TUFA,500,500,3
262.39151140486933,TUFA,500,500,3
1072.2927331315184,TUSY,500,500,3
1057.3149374655554,TUSY,500,500,3
31.91388203090489,TUSY,500,500,3
367.32143873362486,TUSY,500,500,3
1267.4199236949332,TUSY,500,500,3
3824.8678486299705,TUSY,500,500,3
2739.1817264907663,TUSY,500,500,3
775.6707352659555,TUSY,500,500,3
37.74746172689067,TUSY,500,500,3
4046.252095701973,TUSY,500,500,3
559.1871377036514,TUSY,500,500,3
1082.0841609869583,TUSY,500,500,3
34.348927782222226,TUSY,500,500,3
223.33826775927287,TUSY,500,500,3
18.04882518151822,TUSY,500,500,3
103.01802638409956,TUSY,500,500,3
273.0202517966915,TUSY,500,500,3
50.40787150182222,TUSY,500,500,3
305.8045805848959,TUSY,500,500,3
230.4717109518222,TUSY,500,500,3
3651.8846485983568,TYAN,500,500,3
2032.2480109663127,TYAN,500,500,3
5352.869476932239,TYAN,500,500,3
876.5010986217796,TYAN,500,500,3
5479.333525673385,TYAN,500,500,3
3971.819999071359,TYAN,500,500,3
5137.970831310443,TYAN,500,500,3
6247.489954879602,TYAN,500,500,3
2653.606453669743,TYAN,500,500,3
6018.638102455066,TYAN,500,500,3
5106.171644609701,TYAN,500,500,3
5561.243802666661,TYAN,500,500,3
6075.814527129058,TYAN,500,500,3
3919.7730514803993,TYAN,500,500,3
2788.9311466558515,TYAN,500,500,3
3016.0383366836463,TYAN,500,500,3
9422.354876192552,TYAN,500,500,3
1980.9842479999925,TYAN,500,500,3
1987.4568454439186,TYAN,500,500,3
162.12663885081608,TYAN,500,500,3
1201.3057301911304,TYLA,500,500,3
2287.51205460423,TYLA,500,500,3
1203.1380036758592,TYLA,500,500,3
1762.4503409155982,TYLA,500,500,3
1265.210128729003,TYLA,500,500,3
2285.9198619272465,TYLA,500,500,3
1670.4980560348724,TYLA,500,500,3
1432.9438193645794,TYLA,500,500,3
2375.1358134882903,TYLA,500,500,3
1217.931243999358,TYLA,500,500,3
2291.4194159822778,TYLA,500,500,3
5691.617636525054,TYLA,500,500,3
2766.2053258451556,TYLA,500,500,3
2306.2137151755355,TYLA,500,500,3
4644.275509074423,TYLA,500,500,3
365.9743557551717,TYLA,500,500,3
909.9699954318221,TYLA,500,500,3
2005.009971903425,TYLA,500,500,3
3205.40239575449,TYLA,500,500,3
1135.0079710953178,TYLA,500,500,3
448.8411808279306,ULAL,500,500,3
2471.567700619406,ULAL,500,500,3
55.8334698180249,ULAL,500,500,3
193.7891692266649,ULAL,500,500,3
4764.336472968446,ULAL,500,500,3
662.1400273459128,ULAL,500,500,3
2988.922318800717,ULAL,500,500,3
207.08251692572264,ULAL,500,500,3
2131.859647122233,ULAL,500,500,3
404.337793905705,ULAL,500,500,3
5918.517690223005,ULAL,500,500,3
549.5670945816157,ULAL,500,500,3
1587.7223028459448,ULAL,500,500,3
1160.456020666736,ULAL,500,500,3
194.53121439765147,ULAL,500,500,3
1091.6808094727394,ULAL,500,500,3
1227.902737337598,ULAL,500,500,3
603.686353303024,ULAL,500,500,3
66.35502915561067,ULAL,500,500,3
177.9215919023627,ULAL,500,500,3
392.2358002076374,ULAM,500,500,3
814.5539992362027,ULAM,500,500,3
150.05909313737948,ULAM,500,500,3
52.25911883693333,ULAM,500,500,3
2926.7385066333795,ULAM,500,500,3
1605.710579020793,ULAM,500,500,3
3931.6870445101795,ULAM,500,500,3
310.2260827664196,ULAM,500,500,3
4313.664543807937,ULAM,500,500,3
4212.9046026217775,ULAM,500,500,3
2959.344555304933,ULAM,500,500,3
2526.5131136071664,ULAM,500,500,3
995.9978852090239,ULAM,500,500,3
1516.5934765032378,ULAM,500,500,3
363.1788064069531,ULAM,500,500,3
1637.1590487171993,ULAM,500,500,3
190.40494398685152,ULAM,500,500,3
1465.2089393002664,ULAM,500,500,3
5950.226594456294,ULAM,500,500,3
1581.9312801698115,ULAM,500,500,3
783.1863895212781,ULCR,500,500,3
54.81986664356271,ULCR,500,500,3
3707.8181740926852,ULCR,500,500,3
389.5098238504887,ULCR,500,500,3
151.64748601595554,ULCR,500,500,3
4073.341269108025,ULCR,500,500,3
2011.5533212585797,ULCR,500,500,3
8209.07982701224,ULCR,500,500,3
4339.8595444598595,ULCR,500,500,3
324.83980499596606,ULCR,500,500,3
407.9773432473529,ULCR,500,500,3
345.98549233079297,ULCR,500,500,3
734.3684372818327,ULCR,500,500,3
1023.6926152712374,ULCR,500,500,3
1343.0068908133528,ULCR,500,500,3
193.59920556515561,ULCR,500,500,3
140.29688019839818,ULCR,500,500,3
2846.554043614207,ULCR,500,500,3
299.40420231248885,ULCR,500,500,3
112.34867800737958,ULCR,500,500,3
5274.616955662393,ULEU,500,500,3
3690.8553342762675,ULEU,500,500,3
2286.519307622171,ULEU,500,500,3
1508.8691471763188,ULEU,500,500,3
317.4690975752514,ULEU,500,500,3
2541.3146223904696,ULEU,500,500,3
2230.1652171159894,ULEU,500,500,3
1264.8496334763358,ULEU,500,500,3
317.27187884782217,ULEU,500,500,3
871.4374543604889,ULEU,500,500,3
1555.9732483752887,ULEU,500,500,3
2537.087142520872,ULEU,500,500,3
2103.4209017057838,ULEU,500,500,3
4228.782485068451,ULEU,500,500,3
312.04043977213155,ULEU,500,500,3
2018.6107214275987,ULEU,500,500,3
452.9540365343129,ULEU,500,500,3
2737.916250854051,ULEU,500,500,3
6616.88540892106,ULEU,500,500,3
2314.086618656398,ULEU,500,500,3
265.3854335008997,ULPA,500,500,3
294.4465133879307,ULPA,500,500,3
1240.6753849444956,ULPA,500,500,3
2267.1005772475446,ULPA,500,500,3
2820.253792199806,ULPA,500,500,3
1064.2145124803135,ULPA,500,500,3
1231.4866784058854,ULPA,500,500,3
544.1256305684891,ULPA,500,500,3
942.6172036028997,ULPA,500,500,3
470.2061330256783,ULPA,500,500,3
886.9117984575126,ULPA,500,500,3
2764.346953183319,ULPA,500,500,3
471.61556438975816,ULPA,500,500,3
487.31119070409926,ULPA,500,500,3
606.1670147292997,ULPA,500,500,3
1395.5904030504107,ULPA,500,500,3
1253.907494906766,ULPA,500,500,3
509.1473279261586,ULPA,500,500,3
97.74265799231821,ULPA,500,500,3
377.33164909522486,ULPA,500,500,3
205.83844793030397,ULPU,500,500,3
773.6891180949335,ULPU,500,500,3
1679.167241957744,ULPU,500,500,3
246.99023625190392,ULPU,500,500,3
1694.971359613945,ULPU,500,500,3
1662.612217947563,ULPU,500,500,3
214.66443252308628,ULPU,500,500,3
2797.2052055332892,ULPU,500,500,3
317.6668721180729,ULPU,500,500,3
502.6013419783895,ULPU,500,500,3
725.1952654697795,ULPU,500,500,3
441.4581013292375,ULPU,500,500,3
157.95348454004622,ULPU,500,500,3
531.1998805288109,ULPU,500,500,3
774.9788086335998,ULPU,500,500,3
108.87229176574391,ULPU,500,500,3
1412.1844737955555,ULPU,500,500,3
449.5626816986383,ULPU,500,500,3
160.7704010091929,ULPU,500,500,3
411.19882795710396,ULPU,500,500,3
317.10401467220606,ULRU,500,500,3
517.6681533169705,ULRU,500,500,3
3519.4278422324473,ULRU,500,500,3
1079.6061898227183,ULRU,500,500,3
73.78279157328888,ULRU,500,500,3
121.1206625661849,ULRU,500,500,3
155.86127913919833,ULRU,500,500,3
2238.3148820017336,ULRU,500,500,3
69.45823980873958,ULRU,500,500,3
222.0393600796002,ULRU,500,500,3
2092.6028824539717,ULRU,500,500,3
278.5619182553582,ULRU,500,500,3
2533.7887032620383,ULRU,500,500,3
871.488639218558,ULRU,500,500,3
6573.157037691373,ULRU,500,500,3
881.0719060794597,ULRU,500,500,3
237.68329157141156,ULRU,500,500,3
4800.538974421838,ULRU,500,500,3
201.09694526573332,ULRU,500,500,3
650.9238492035397,ULRU,500,500,3
220.06108204129953,ULTH,500,500,3
185.4913773468995,ULTH,500,500,3
3043.511931305813,ULTH,500,500,3
159.97387169022403,ULTH,500,500,3
31.90371863521954,ULTH,500,500,3
73.22334160070936,ULTH,500,500,3
905.4110889489334,ULTH,500,500,3
99.54683586017953,ULTH,500,500,3
396.07112783359275,ULTH,500,500,3
518.6543958162777,ULTH,500,500,3
111.11155458121958,ULTH,500,500,3
257.9684410318506,ULTH,500,500,3
1098.7195729183131,ULTH,500,500,3
1718.3908862712888,ULTH,500,500,3
152.92887189929962,ULTH,500,500,3
485.0599253487626,ULTH,500,500,3
3114.146198222223,ULTH,500,500,3
434.26987246045167,ULTH,500,500,3
1041.119927000718,ULTH,500,500,3
4192.184429134763,ULTH,500,500,3
1732.6593304543132,UMCA,500,500,3
3882.8906778868454,UMCA,500,500,3
3273.537434871963,UMCA,500,500,3
1780.5435815196158,UMCA,500,500,3
3602.677142141434,UMCA,500,500,3
3410.7152899121047,UMCA,500,500,3
332.05038860969967,UMCA,500,500,3
578.6893685791555,UMCA,500,500,3
1046.548206928889,UMCA,500,500,3
246.42998180582234,UMCA,500,500,3
2282.225680165199,UMCA,500,500,3
293.11286320679835,UMCA,500,500,3
131.0956075199555,UMCA,500,500,3
5545.787991543744,UMCA,500,500,3
155.20716628226657,UMCA,500,500,3
5902.099731251196,UMCA,500,500,3
109.06485981815284,UMCA,500,500,3
467.5713343628639,UMCA,500,500,3
1601.120991630335,UMCA,500,500,3
336.7184253766666,UMCA,500,500,3
3944.915539171155,UNPA,500,500,3
2019.0003528655927,UNPA,500,500,3
487.4658572146328,UNPA,500,500,3
199.39471584106488,UNPA,500,500,3
1557.1455109293795,UNPA,500,500,3
617.7187394254505,UNPA,500,500,3
595.5816240609976,UNPA,500,500,3
2759.5973944458215,UNPA,500,500,3
174.4490016191556,UNPA,500,500,3
5142.6701704297175,UNPA,500,500,3
378.3644328871093,UNPA,500,500,3
3290.612555471617,UNPA,500,500,3
5813.363528476285,UNPA,500,500,3
1584.8833292074594,UNPA,500,500,3
251.1315945608249,UNPA,500,500,3
370.2244714628105,UNPA,500,500,3
162.1712389524889,UNPA,500,500,3
1602.8828886116253,UNPA,500,500,3
3651.7565119798596,UNPA,500,500,3
483.4823259876108,UNPA,500,500,3
134.0014950638862,UNSP,500,500,3
915.4230864193263,UNSP,500,500,3
1190.9286842847982,UNSP,500,500,3
402.7050759639307,UNSP,500,500,3
329.899509237673,UNSP,500,500,3
1507.4690678655559,UNSP,500,500,3
893.4840717402384,UNSP,500,500,3
927.0736832052888,UNSP,500,500,3
295.3439677923396,UNSP,500,500,3
138.7249100671716,UNSP,500,500,3
131.03195570340267,UNSP,500,500,3
3186.3679417941044,UNSP,500,500,3
5147.9844568662,UNSP,500,500,3
393.74807127174927,UNSP,500,500,3
63.72493657767819,UNSP,500,500,3
1002.6532131851308,UNSP,500,500,3
368.1520666200107,UNSP,500,500,3
219.51120566100616,UNSP,500,500,3
330.11930651340646,UNSP,500,500,3
1634.6137268369328,UNSP,500,500,3
54.69912243953596,URAR,500,500,3
39.03149675943822,URAR,500,500,3
13.959035911066673,URAR,500,500,3
146.57328870143832,URAR,500,500,3
2729.910944456105,URAR,500,500,3
47.66574720275734,URAR,500,500,3
160.5995126787129,URAR,500,500,3
102.25014192213156,URAR,500,500,3
142.28747943102402,URAR,500,500,3
54.123016616042676,URAR,500,500,3
276.9694514506222,URAR,500,500,3
167.06552517119277,URAR,500,500,3
52.22403062284623,URAR,500,500,3
3749.076579154415,URAR,500,500,3
64.85437326363731,URAR,500,500,3
643.7537620783627,URAR,500,500,3
163.59976535196273,URAR,500,500,3
58.72150989461155,URAR,500,500,3
142.04211725038934,URAR,500,500,3
124.02604582666665,URAR,500,500,3
473.5100269216427,URCH3,500,500,3
501.15372967462224,URCH3,500,500,3
960.5550340854827,URCH3,500,500,3
414.5752778960784,URCH3,500,500,3
1314.4190724968955,URCH3,500,500,3
83.24657782641064,URCH3,500,500,3
2026.42153674146,URCH3,500,500,3
195.50135676961963,URCH3,500,500,3
543.1229212043662,URCH3,500,500,3
250.42395547804267,URCH3,500,500,3
464.42947920210474,URCH3,500,500,3
2708.388769502179,URCH3,500,500,3
808.413566822052,URCH3,500,500,3
1283.0695963819926,URCH3,500,500,3
746.3531123563448,URCH3,500,500,3
383.0729912558916,URCH3,500,500,3
309.127079304505,URCH3,500,500,3
1342.0767770007446,URCH3,500,500,3
320.41499542525145,URCH3,500,500,3
2771.485638369136,URCH3,500,500,3
142.09882202879822,URDI,500,500,3
965.0481005426918,URDI,500,500,3
156.39755927517152,URDI,500,500,3
399.13877308447275,URDI,500,500,3
391.6983626541225,URDI,500,500,3
474.77371795882493,URDI,500,500,3
967.0856651092892,URDI,500,500,3
730.9382947711555,URDI,500,500,3
1573.7193128042377,URDI,500,500,3
1035.2517641375841,URDI,500,500,3
1036.4579420878226,URDI,500,500,3
2525.6061652274334,URDI,500,500,3
1524.7581554566664,URDI,500,500,3
498.9420973320373,URDI,500,500,3
1258.8330928745527,URDI,500,500,3
874.5467510959712,URDI,500,500,3
1081.3556575021796,URDI,500,500,3
5355.5045815265985,URDI,500,500,3
893.5619226766222,URDI,500,500,3
1218.3973161917443,URDI,500,500,3
3825.5055387967714,URFU2,500,500,3
302.29260794953956,URFU2,500,500,3
297.25561286391275,URFU2,500,500,3
3122.4136307074123,URFU2,500,500,3
204.93247423999293,URFU2,500,500,3
782.6691559446592,URFU2,500,500,3
217.00082766668626,URFU2,500,500,3
270.7952165088695,URFU2,500,500,3
147.2252824569173,URFU2,500,500,3
122.18046881249953,URFU2,500,500,3
256.0359239894596,URFU2,500,500,3
268.3835166045707,URFU2,500,500,3
364.4679010630668,URFU2,500,500,3
171.58845640465066,URFU2,500,500,3
11.458974342526217,URFU2,500,500,3
6171.029355917085,URFU2,500,500,3
142.3347110146773,URFU2,500,500,3
70.97664258626666,URFU2,500,500,3
3164.916592838185,URFU2,500,500,3
170.17677086817946,URFU2,500,500,3
381.21592066295295,URLO,500,500,3
277.1704730585315,URLO,500,500,3
108.67415971195551,URLO,500,500,3
104.53741329333337,URLO,500,500,3
262.0560593228729,URLO,500,500,3
274.16864455765165,URLO,500,500,3
183.32062761116273,URLO,500,500,3
245.86990498047288,URLO,500,500,3
466.14820819142415,URLO,500,500,3
80.01304502271289,URLO,500,500,3
120.63523757374406,URLO,500,500,3
119.77204014086932,URLO,500,500,3
2183.783293734611,URLO,500,500,3
258.14289863995566,URLO,500,500,3
714.9398850212906,URLO,500,500,3
222.83739831841964,URLO,500,500,3
43.61640254305956,URLO,500,500,3
241.868964210489,URLO,500,500,3
299.38504300669143,URLO,500,500,3
1876.0433393355931,URLO,500,500,3
1967.0882666652737,URMU,500,500,3
2282.651904765946,URMU,500,500,3
2553.119287566784,URMU,500,500,3
119.08945479293152,URMU,500,500,3
822.4044644286505,URMU,500,500,3
2718.2896245802376,URMU,500,500,3
683.995623406633,URMU,500,500,3
158.30917535143823,URMU,500,500,3
3987.4644193183976,URMU,500,500,3
127.32252523306491,URMU,500,500,3
239.28732434932624,URMU,500,500,3
87.49071311000002,URMU,500,500,3
106.4624986152889,URMU,500,500,3
127.71033708242486,URMU,500,500,3
220.4743425436997,URMU,500,500,3
60.815159646371555,URMU,500,500,3
457.4538874962773,URMU,500,500,3
2287.854620091733,URMU,500,500,3
3536.726451345911,URMU,500,500,3
107.6097001887573,URMU,500,500,3
819.3207469848461,URRE2,500,500,3
1268.2008527971554,URRE2,500,500,3
45.62664686214936,URRE2,500,500,3
503.47145782226477,URRE2,500,500,3
762.6289339633053,URRE2,500,500,3
2054.6407284850916,URRE2,500,500,3
65.89454780990401,URRE2,500,500,3
100.63694832383287,URRE2,500,500,3
2510.3464345483926,URRE2,500,500,3
359.63715536255813,URRE2,500,500,3
1550.543879356158,URRE2,500,500,3
733.5592663712996,URRE2,500,500,3
56.85799401377953,URRE2,500,500,3
122.87566513092267,URRE2,500,500,3
32.98200548582221,URRE2,500,500,3
149.10998083805157,URRE2,500,500,3
6760.439305504284,URRE2,500,500,3
58.52456694049955,URRE2,500,500,3
37.25085198153955,URRE2,500,500,3
49.753158879224905,URRE2,500,500,3
15.141101100712888,URTE2,500,500,3
15.375074163512883,URTE2,500,500,3
2826.4799418216107,URTE2,500,500,3
1449.044813642096,URTE2,500,500,3
4600.675869243333,URTE2,500,500,3
463.27656715849946,URTE2,500,500,3
2249.06677580874,URTE2,500,500,3
4795.695155050023,URTE2,500,500,3
287.64954800646933,URTE2,500,500,3
142.1871762570649,URTE2,500,500,3
1927.67639086026,URTE2,500,500,3
649.0987027929318,URTE2,500,500,3
235.48930246953054,URTE2,500,500,3
395.6534026690116,URTE2,500,500,3
204.3698599796463,URTE2,500,500,3
208.0944933230648,URTE2,500,500,3
747.5805564285847,URTE2,500,500,3
408.437419912526,URTE2,500,500,3
233.91028062549154,URTE2,500,500,3
996.7988545064893,URTE2,500,500,3
387.8633534177848,URUR,500,500,3
707.205999613865,URUR,500,500,3
272.28071594662237,URUR,500,500,3
3708.1506983565587,URUR,500,500,3
875.3998621363894,URUR,500,500,3
215.54901843796614,URUR,500,500,3
325.1109921955556,URUR,500,500,3
218.25292156230935,URUR,500,500,3
644.678228581531,URUR,500,500,3
3963.905606739111,URUR,500,500,3
2895.162549590384,URUR,500,500,3
7584.956390084932,URUR,500,500,3
356.6217630694328,URUR,500,500,3
676.8112224960691,URUR,500,500,3
555.2427909519361,URUR,500,500,3
1407.3448247377332,URUR,500,500,3
815.5846435455555,URUR,500,500,3
442.70220640810487,URUR,500,500,3
483.07420116330496,URUR,500,500,3
376.7394546309528,URUR,500,500,3
125.71575236245155,UTCO,500,500,3
1702.9998612911722,UTCO,500,500,3
1207.2694578588375,UTCO,500,500,3
70.30186302975288,UTCO,500,500,3
44.68960377582934,UTCO,500,500,3
134.46035999988624,UTCO,500,500,3
76.51289305172621,UTCO,500,500,3
1775.1752743001314,UTCO,500,500,3
153.60540238409956,UTCO,500,500,3
249.73490741222219,UTCO,500,500,3
345.9847623799395,UTCO,500,500,3
436.6700162578774,UTCO,500,500,3
824.8157979493761,UTCO,500,500,3
911.2072260191558,UTCO,500,500,3
2298.544349275904,UTCO,500,500,3
329.33468594943287,UTCO,500,500,3
75.34887828073067,UTCO,500,500,3
135.76801934573334,UTCO,500,500,3
84.18965631555555,UTCO,500,500,3
158.0727247311573,UTCO,500,500,3
368.8674370573582,UTFO,500,500,3
787.3013961955556,UTFO,500,500,3
126.79807317328894,UTFO,500,500,3
381.7853687379555,UTFO,500,500,3
710.5345603643663,UTFO,500,500,3
3431.2198106287715,UTFO,500,500,3
310.1955289351663,UTFO,500,500,3
46.06539683805155,UTFO,500,500,3
448.4490730508516,UTFO,500,500,3
1343.860088673989,UTFO,500,500,3
94.23149084955735,UTFO,500,500,3
416.07007707186466,UTFO,500,500,3
51.65079323007823,UTFO,500,500,3
469.95103901673036,UTFO,500,500,3
161.46870766741156,UTFO,500,500,3
586.7719826010384,UTFO,500,500,3
4647.169953137136,UTFO,500,500,3
119.84507377831818,UTFO,500,500,3
122.22440313655284,UTFO,500,500,3
130.47192507233956,UTFO,500,500,3
443.3520718499555,UTGE,500,500,3
560.5897822167892,UTGE,500,500,3
1423.1568711764196,UTGE,500,500,3
557.5706046122222,UTGE,500,500,3
804.7725862719716,UTGE,500,500,3
30.686955742371556,UTGE,500,500,3
1106.9882743822218,UTGE,500,500,3
75.60753350545066,UTGE,500,500,3
2515.441143714817,UTGE,500,500,3
40.98834260582224,UTGE,500,500,3
453.19521126328914,UTGE,500,500,3
305.3692516996962,UTGE,500,500,3
214.1441903101848,UTGE,500,500,3
36.5472518542062,UTGE,500,500,3
52.319767342819524,UTGE,500,500,3
398.9756148875308,UTGE,500,500,3
3128.806208718504,UTGE,500,500,3
191.75123857009052,UTGE,500,500,3
151.148555606784,UTGE,500,500,3
375.3636226934329,UTGE,500,500,3
13.464499949224887,UTGI,500,500,3
2536.4790649907177,UTGI,500,500,3
48.61032799860622,UTGI,500,500,3
738.4391756717795,UTGI,500,500,3
1516.4016148179192,UTGI,500,500,3
1228.6316279873265,UTGI,500,500,3
1602.0448027668197,UTGI,500,500,3
477.65087651444634,UTGI,500,500,3
815.1646622678027,UTGI,500,500,3
2157.6379486726387,UTGI,500,500,3
166.3217363036,UTGI,500,500,3
2792.928632716623,UTGI,500,500,3
74.23767604333334,UTGI,500,500,3
669.7261416796997,UTGI,500,500,3
87.85394562017956,UTGI,500,500,3
70.53879235191293,UTGI,500,500,3
702.9884813322222,UTGI,500,500,3
42.03299325115555,UTGI,500,500,3
582.5386392620373,UTGI,500,500,3
75.23310499583292,UTGI,500,500,3
45.67926339367823,UTIN,500,500,3
2855.799135106553,UTIN,500,500,3
991.2454717592464,UTIN,500,500,3
1942.3179469911443,UTIN,500,500,3
827.4714414607361,UTIN,500,500,3
3013.1028853133575,UTIN,500,500,3
1804.8905094668637,UTIN,500,500,3
666.7443243010771,UTIN,500,500,3
1018.1404517305584,UTIN,500,500,3
364.1673196618223,UTIN,500,500,3
1501.1545338487392,UTIN,500,500,3
22.009032315669337,UTIN,500,500,3
1217.5707643807575,UTIN,500,500,3
273.3267026571929,UTIN,500,500,3
1258.8705581501852,UTIN,500,500,3
161.42664435967825,UTIN,500,500,3
668.8020705631556,UTIN,500,500,3
365.320589223993,UTIN,500,500,3
3645.2880945233846,UTIN,500,500,3
28.180273271166214,UTIN,500,500,3
90.92024291626487,UTIN2,500,500,3
360.30375758737057,UTIN2,500,500,3
930.1409294134025,UTIN2,500,500,3
113.63514998988624,UTIN2,500,500,3
2649.6133694986224,UTIN2,500,500,3
80.95863117758397,UTIN2,500,500,3
960.5632119507183,UTIN2,500,500,3
404.89542738103285,UTIN2,500,500,3
147.520639761856,UTIN2,500,500,3
132.9986673453795,UTIN2,500,500,3
330.7143378129334,UTIN2,500,500,3
317.4128799350826,UTIN2,500,500,3
45.064215428933345,UTIN2,500,500,3
813.418800493333,UTIN2,500,500,3
143.4694042517333,UTIN2,500,500,3
548.3350927079665,UTIN2,500,500,3
196.63438085724266,UTIN2,500,500,3
2347.947692770131,UTIN2,500,500,3
4785.901100897273,UTIN2,500,500,3
904.1788797422861,UTIN2,500,500,3
4091.39030571466,UTJU,500,500,3
85.76575576055288,UTJU,500,500,3
3052.2156872205596,UTJU,500,500,3
178.05334731314488,UTJU,500,500,3
112.10639709916266,UTJU,500,500,3
75.89392702318932,UTJU,500,500,3
653.1183253682328,UTJU,500,500,3
52.44712666337957,UTJU,500,500,3
29.024420833955553,UTJU,500,500,3
2051.952794772904,UTJU,500,500,3
639.0991844308693,UTJU,500,500,3
718.0940545951573,UTJU,500,500,3
24.920738751822228,UTJU,500,500,3
992.1880394801052,UTJU,500,500,3
32.593200938949344,UTJU,500,500,3
128.86248787609597,UTJU,500,500,3
77.64281732486928,UTJU,500,500,3
174.4494514260195,UTJU,500,500,3
10.97468810751822,UTJU,500,500,3
136.53676292230935,UTJU,500,500,3
85.09274110036624,UTMA,500,500,3
472.615927347838,UTMA,500,500,3
3728.130267130018,UTMA,500,500,3
2101.614508228974,UTMA,500,500,3
878.6152506313315,UTMA,500,500,3
597.9071648817493,UTMA,500,500,3
628.8337793264,UTMA,500,500,3
392.75002867263817,UTMA,500,500,3
139.33959064426486,UTMA,500,500,3
53.28226685115556,UTMA,500,500,3
250.78365667788628,UTMA,500,500,3
800.2618713642597,UTMA,500,500,3
57.25312605439823,UTMA,500,500,3
133.31471950215825,UTMA,500,500,3
339.6486701503997,UTMA,500,500,3
46.55560684509156,UTMA,500,500,3
354.0349092399715,UTMA,500,500,3
639.9629868914061,UTMA,500,500,3
84.43925576703288,UTMA,500,500,3
456.61718202093317,UTMA,500,500,3
266.63061263462214,UTMI,500,500,3
1653.05132218026,UTMI,500,500,3
460.69908255251715,UTMI,500,500,3
580.0541726502386,UTMI,500,500,3
13.388136408739552,UTMI,500,500,3
748.0558194410507,UTMI,500,500,3
50.699976289678226,UTMI,500,500,3
833.2425446566664,UTMI,500,500,3
135.45586368640005,UTMI,500,500,3
1286.9107514111124,UTMI,500,500,3
90.87795090444627,UTMI,500,500,3
169.4470622346649,UTMI,500,500,3
152.50194553821157,UTMI,500,500,3
213.50944509778492,UTMI,500,500,3
189.5132399868516,UTMI,500,500,3
68.0352002744889,UTMI,500,500,3
20.965106647438216,UTMI,500,500,3
290.47468169841073,UTMI,500,500,3
1174.570604625733,UTMI,500,500,3
1863.7422323899707,UTMI,500,500,3
24.357517261651566,UTPU,500,500,3
941.6760704886826,UTPU,500,500,3
47.91411304014933,UTPU,500,500,3
1125.4241357979572,UTPU,500,500,3
158.9155450061493,UTPU,500,500,3
183.16301423942932,UTPU,500,500,3
526.7654467095039,UTPU,500,500,3
16.40762774940266,UTPU,500,500,3
82.95994529062223,UTPU,500,500,3
2238.235757684622,UTPU,500,500,3
206.38034888359817,UTPU,500,500,3
1110.9635718611555,UTPU,500,500,3
819.6033530318507,UTPU,500,500,3
716.476180636665,UTPU,500,500,3
423.15963469254405,UTPU,500,500,3
296.6114137322666,UTPU,500,500,3
222.72426531987728,UTPU,500,500,3
352.0491474986382,UTPU,500,500,3
2894.1808885917576,UTPU,500,500,3
324.91039612039833,UTPU,500,500,3
79.46832486791818,UTRA,500,500,3
1239.7806413590029,UTRA,500,500,3
108.86633002239289,UTRA,500,500,3
53.62335611647291,UTRA,500,500,3
350.9201238494561,UTRA,500,500,3
85.00802759796622,UTRA,500,500,3
136.7445946615395,UTRA,500,500,3
655.4983097334597,UTRA,500,500,3
623.8311243289585,UTRA,500,500,3
316.4094786604781,UTRA,500,500,3
77.14690295687824,UTRA,500,500,3
104.63797012364618,UTRA,500,500,3
126.2990238064,UTRA,500,500,3
152.39995538623825,UTRA,500,500,3
298.14178441266495,UTRA,500,500,3
1068.864216325433,UTRA,500,500,3
29.588265329064892,UTRA,500,500,3
141.42929014412624,UTRA,500,500,3
1686.234340723156,UTRA,500,500,3
235.43947180373326,UTRA,500,500,3
30.933303143758227,UTSU,500,500,3
381.87726499526406,UTSU,500,500,3
791.6525993155127,UTSU,500,500,3
95.25185553396622,UTSU,500,500,3
41.47485177735823,UTSU,500,500,3
2606.017424933433,UTSU,500,500,3
56.70991349315556,UTSU,500,500,3
28.323561021432887,UTSU,500,500,3
13.920321634410667,UTSU,500,500,3
1137.4052736235446,UTSU,500,500,3
47.91803877115556,UTSU,500,500,3
39.41070264063822,UTSU,500,500,3
189.81758383135298,UTSU,500,500,3
292.7794919227094,UTSU,500,500,3
16.071900835155553,UTSU,500,500,3
556.8567120837331,UTSU,500,500,3
64.93666521223824,UTSU,500,500,3
91.58931852428623,UTSU,500,500,3
393.5318496126221,UTSU,500,500,3
20.59729343348622,UTSU,500,500,3
452.40319657787705,UVGR,500,500,3
123.41085913026664,UVGR,500,500,3
1085.4121447713974,UVGR,500,500,3
51.457482093482675,UVGR,500,500,3
69.75851007888893,UVGR,500,500,3
395.1126756454383,UVGR,500,500,3
52.05292950428263,UVGR,500,500,3
1100.463535258105,UVGR,500,500,3
406.84892784605154,UVGR,500,500,3
358.12647242033603,UVGR,500,500,3
18.900156885326226,UVGR,500,500,3
2087.409918547733,UVGR,500,500,3
733.3325139214919,UVGR,500,500,3
99.31900285862223,UVGR,500,500,3
3190.6692034369985,UVGR,500,500,3
327.19996567448885,UVGR,500,500,3
315.48207632263825,UVGR,500,500,3
1376.684149223822,UVGR,500,500,3
69.44938925934936,UVGR,500,500,3
22.379146461155564,UVGR,500,500,3
1405.6048994850119,UVPE,500,500,3
3467.013904452523,UVPE,500,500,3
100.5295386419129,UVPE,500,500,3
144.79446806692272,UVPE,500,500,3
125.54489494047286,UVPE,500,500,3
206.69080666666662,UVPE,500,500,3
1082.1688864501316,UVPE,500,500,3
81.82674926915556,UVPE,500,500,3
45.42027308863822,UVPE,500,500,3
92.15397066353069,UVPE,500,500,3
4229.001509807601,UVPE,500,500,3
97.65584703351293,UVPE,500,500,3
1594.9271069747886,UVPE,500,500,3
222.28610503662222,UVPE,500,500,3
3551.334200826019,UVPE,500,500,3
254.20763002503827,UVPE,500,500,3
87.52351599806397,UVPE,500,500,3
5165.145878907561,UVPE,500,500,3
236.42861276409593,UVPE,500,500,3
667.9823967145793,UVPE,500,500,3
51.443769332819514,UVPU2,500,500,3
345.1413457737796,UVPU2,500,500,3
14.256389913299556,UVPU2,500,500,3
1843.4937245097526,UVPU2,500,500,3
201.17135532116612,UVPU2,500,500,3
360.6295900746223,UVPU2,500,500,3
80.00805293452622,UVPU2,500,500,3
1694.180453891112,UVPU2,500,500,3
994.9877950423449,UVPU2,500,500,3
772.5156112827661,UVPU2,500,500,3
146.7549970129849,UVPU2,500,500,3
1073.6996955903994,UVPU2,500,500,3
604.2924906410666,UVPU2,500,500,3
75.47242368039825,UVPU2,500,500,3
42.522513067077334,UVPU2,500,500,3
79.45843219270935,UVPU2,500,500,3
825.6727089959182,UVPU2,500,500,3
248.69594949161063,UVPU2,500,500,3
140.05448809966936,UVPU2,500,500,3
1951.0153139557758,UVPU2,500,500,3
43.97675522826668,UVSE,500,500,3
46.951379475824005,UVSE,500,500,3
88.52942528725156,UVSE,500,500,3
45.906729248069325,UVSE,500,500,3
22.490763715064897,UVSE,500,500,3
803.4672704511927,UVSE,500,500,3
1099.0225770370116,UVSE,500,500,3
2722.6277341129316,UVSE,500,500,3
2539.479466666666,UVSE,500,500,3
2115.0465974817257,UVSE,500,500,3
75.65664890418489,UVSE,500,500,3
88.64270799017065,UVSE,500,500,3
70.36387429700268,UVSE,500,500,3
200.08905153463297,UVSE,500,500,3
1274.214031678889,UVSE,500,500,3
1036.3300267780246,UVSE,500,500,3
97.76912547401959,UVSE,500,500,3
667.4053168994918,UVSE,500,500,3
1007.8665087352888,UVSE,500,500,3
123.55397359017947,UVSE,500,500,3
116.486424174064,VAAC,500,500,3
144.86521183081052,VAAC,500,500,3
172.16364782247825,VAAC,500,500,3
37.28180441676623,VAAC,500,500,3
332.8613024941797,VAAC,500,500,3
345.4400987503627,VAAC,500,500,3
312.33693681834484,VAAC,500,500,3
1427.3588517651185,VAAC,500,500,3
1131.9743655623665,VAAC,500,500,3
1882.6757358903305,VAAC,500,500,3
417.7052768069332,VAAC,500,500,3
192.63957924193963,VAAC,500,500,3
383.32753743871285,VAAC,500,500,3
221.3937182553582,VAAC,500,500,3
146.31795921855823,VAAC,500,500,3
691.0286820228253,VAAC,500,500,3
785.4560314463841,VAAC,500,500,3
164.51166760289954,VAAC,500,500,3
248.06640771270406,VAAC,500,500,3
3331.023604728091,VAAC,500,500,3
177.8118728282862,VAAM3,500,500,3
27.60602666436267,VAAM3,500,500,3
1331.757687083513,VAAM3,500,500,3
271.87287710036617,VAAM3,500,500,3
1634.4480560651941,VAAM3,500,500,3
285.821533130153,VAAM3,500,500,3
494.7011010573582,VAAM3,500,500,3
66.83209104195556,VAAM3,500,500,3
32.319483456339555,VAAM3,500,500,3
4218.605318979386,VAAM3,500,500,3
931.5783953508692,VAAM3,500,500,3
24.137606769379538,VAAM3,500,500,3
115.61110947420265,VAAM3,500,500,3
329.803130682096,VAAM3,500,500,3
229.34614189354488,VAAM3,500,500,3
124.71026269772626,VAAM3,500,500,3
4984.7787081792785,VAAM3,500,500,3
1045.076136279723,VAAM3,500,500,3
60.51949985356624,VAAM3,500,500,3
204.40460389328882,VAAM3,500,500,3
114.56449578749158,VAAN,500,500,3
6831.560799862608,VAAN,500,500,3
783.9426111115303,VAAN,500,500,3
5713.323140298923,VAAN,500,500,3
642.9569668508159,VAAN,500,500,3
4590.434902807011,VAAN,500,500,3
2656.343909852585,VAAN,500,500,3
1029.9920351609169,VAAN,500,500,3
86.88880264817068,VAAN,500,500,3
3546.9181515164432,VAAN,500,500,3
2384.036837342998,VAAN,500,500,3
148.4912443455556,VAAN,500,500,3
2779.9061926296154,VAAN,500,500,3
210.0803213308996,VAAN,500,500,3
2348.9688197942596,VAAN,500,500,3
1373.9612038203572,VAAN,500,500,3
665.1765966142297,VAAN,500,500,3
723.6721142478773,VAAN,500,500,3
844.3141925937333,VAAN,500,500,3
2401.2590228162558,VAAN,500,500,3
7698.515646264823,VAAR,500,500,3
1915.8595989545229,VAAR,500,500,3
228.0531169006063,VAAR,500,500,3
562.090341458318,VAAR,500,500,3
1063.6125023137845,VAAR,500,500,3
248.61586713582219,VAAR,500,500,3
593.6984443718383,VAAR,500,500,3
3497.138219386239,VAAR,500,500,3
146.6746356812516,VAAR,500,500,3
675.9412959646652,VAAR,500,500,3
85.82009200241596,VAAR,500,500,3
186.4177366740462,VAAR,500,500,3
658.6128462986221,VAAR,500,500,3
421.87993831935285,VAAR,500,500,3
2058.816655043156,VAAR,500,500,3
113.07273947281068,VAAR,500,500,3
821.5117553877316,VAAR,500,500,3
149.9028853241174,VAAR,500,500,3
135.3990687597796,VAAR,500,500,3
186.06843990431284,VAAR,500,500,3
3943.2617396758587,VACA5,500,500,3
2364.9044451913796,VACA5,500,500,3
596.351079352825,VACA5,500,500,3
1647.4797841919556,VACA5,500,500,3
3263.4013330239713,VACA5,500,500,3
3151.1885648156376,VACA5,500,500,3
3291.577500343971,VACA5,500,500,3
1273.6315819290667,VACA5,500,500,3
2036.6665606735633,VACA5,500,500,3
993.7128991672724,VACA5,500,500,3
2861.868984570623,VACA5,500,500,3
2684.795875460263,VACA5,500,500,3
1946.86962494727,VACA5,500,500,3
1819.6396189045308,VACA5,500,500,3
3162.2712715156213,VACA5,500,500,3
1037.01621314671,VACA5,500,500,3
994.8944017687894,VACA5,500,500,3
2095.9093965914385,VACA5,500,500,3
2154.4390828372193,VACA5,500,500,3
1869.4371690725523,VACA5,500,500,3
999.5726272509709,VACE,500,500,3
1590.9452486094926,VACE,500,500,3
1237.5765491688512,VACE,500,500,3
1526.4640945477329,VACE,500,500,3
4675.224135924622,VACE,500,500,3
1239.7177194566666,VACE,500,500,3
259.7129079994862,VACE,500,500,3
140.05985755999995,VACE,500,500,3
1760.6110527877051,VACE,500,500,3
2045.2478444756696,VACE,500,500,3
961.174312132203,VACE,500,500,3
2478.167274905914,VACE,500,500,3
1129.5405187198228,VACE,500,500,3
2943.7492505195364,VACE,500,500,3
177.80984411945064,VACE,500,500,3
962.153715147833,VACE,500,500,3
809.627622245033,VACE,500,500,3
3467.5485507142675,VACE,500,500,3
314.3156562761315,VACE,500,500,3
1118.4863112982116,VACE,500,500,3
20.42558343849955,VACO,500,500,3
2864.4836911995994,VACO,500,500,3
4645.4515923645,VACO,500,500,3
94.50578532724619,VACO,500,500,3
202.21805114623288,VACO,500,500,3
209.729085189056,VACO,500,500,3
815.8181422822664,VACO,500,500,3
178.7231636383982,VACO,500,500,3
3273.957957143887,VACO,500,500,3
245.15902502782404,VACO,500,500,3
391.55781146417604,VACO,500,500,3
482.76944769908613,VACO,500,500,3
233.72614239765164,VACO,500,500,3
398.26336138815816,VACO,500,500,3
266.6895848580108,VACO,500,500,3
81.29596237362495,VACO,500,500,3
683.2134655183361,VACO,500,500,3
204.04650645246403,VACO,500,500,3
92.00798406513071,VACO,500,500,3
382.04062420905933,VACO,500,500,3
1526.470784,VACO10,500,500,3
324.0607999219893,VACO10,500,500,3
723.3331577435716,VACO10,500,500,3
1154.977075978638,VACO10,500,500,3
1374.561921071699,VACO10,500,500,3
102.70884933980268,VACO10,500,500,3
1802.7233594429003,VACO10,500,500,3
365.6696048817761,VACO10,500,500,3
1044.6764368599893,VACO10,500,500,3
4950.894464500464,VACO10,500,500,3
222.2525391243361,VACO10,500,500,3
218.45628743849957,VACO10,500,500,3
373.7513700082328,VACO10,500,500,3
279.40344863888896,VACO10,500,500,3
1107.4679320147184,VACO10,500,500,3
719.6141116731661,VACO10,500,500,3
702.234234782704,VACO10,500,500,3
917.1429021077175,VACO10,500,500,3
2940.311383350186,VACO10,500,500,3
1411.2035220608693,VACO10,500,500,3
851.1547185783304,VACO4,500,500,3
1165.9671794563392,VACO4,500,500,3
1668.919372488185,VACO4,500,500,3
3356.554573204181,VACO4,500,500,3
1457.6802062310385,VACO4,500,500,3
490.69815644671314,VACO4,500,500,3
4169.603563765119,VACO4,500,500,3
6780.241934961734,VACO4,500,500,3
846.3107491472996,VACO4,500,500,3
1009.8183765743997,VACO4,500,500,3
1250.3271782577337,VACO4,500,500,3
509.91558706567827,VACO4,500,500,3
264.773675246576,VACO4,500,500,3
5594.900530319298,VACO4,500,500,3
903.8202317457328,VACO4,500,500,3
587.6602979580997,VACO4,500,500,3
2027.2494612236637,VACO4,500,500,3
1943.5624999018228,VACO4,500,500,3
406.0026720099395,VACO4,500,500,3
3300.339186459478,VACO4,500,500,3
1020.0915617182645,VACO9,500,500,3
536.3962705907983,VACO9,500,500,3
537.5147901509333,VACO9,500,500,3
694.1084985466593,VACO9,500,500,3
505.39881274593967,VACO9,500,500,3
637.1300930826221,VACO9,500,500,3
292.57967438483735,VACO9,500,500,3
1860.6348713678503,VACO9,500,500,3
578.5797432464907,VACO9,500,500,3
207.13953442410494,VACO9,500,500,3
2539.829011820228,VACO9,500,500,3
1546.8304690935179,VACO9,500,500,3
350.078602007865,VACO9,500,500,3
5355.505471462954,VACO9,500,500,3
1306.9208392479554,VACO9,500,500,3
637.0267508410028,VACO9,500,500,3
3613.150294647461,VACO9,500,500,3
1337.3880068622218,VACO9,500,500,3
492.7645547504,VACO9,500,500,3
1154.695276686505,VACO9,500,500,3
2582.4515491443976,VADE,500,500,3
291.3272259553261,VADE,500,500,3
40.032694757829326,VADE,500,500,3
327.7710735899998,VADE,500,500,3
459.8257738852108,VADE,500,500,3
332.60405175793596,VADE,500,500,3
1282.1507530644894,VADE,500,500,3
2414.943791708799,VADE,500,500,3
129.59994093106488,VADE,500,500,3
677.7528010282666,VADE,500,500,3
27.935982524357335,VADE,500,500,3
21.431285880488893,VADE,500,500,3
2924.7525327939397,VADE,500,500,3
1017.4158510015711,VADE,500,500,3
402.706822442496,VADE,500,500,3
69.44581486163734,VADE,500,500,3
34.20665287841954,VADE,500,500,3
989.7776193601969,VADE,500,500,3
286.37741016018487,VADE,500,500,3
1014.9579476846865,VADE,500,500,3
614.7290314554028,VAED,500,500,3
2453.8305669425504,VAED,500,500,3
3275.4018378719134,VAED,500,500,3
883.5617474769336,VAED,500,500,3
1461.0654057544514,VAED,500,500,3
2791.749700488091,VAED,500,500,3
334.6353627701762,VAED,500,500,3
154.0645953055556,VAED,500,500,3
2553.1722578761796,VAED,500,500,3
271.2954492899555,VAED,500,500,3
2637.801931620905,VAED,500,500,3
1792.2340589807625,VAED,500,500,3
423.0870960258773,VAED,500,500,3
817.9924627856903,VAED,500,500,3
1032.0542335618773,VAED,500,500,3
2850.353197244158,VAED,500,500,3
121.56195728434493,VAED,500,500,3
344.6673826555716,VAED,500,500,3
90.12997317175292,VAED,500,500,3
63.68205747965158,VAED,500,500,3
1118.0922905386221,VAEL,500,500,3
41.26834221020266,VAEL,500,500,3
39.41197190348622,VAEL,500,500,3
177.39944634273954,VAEL,500,500,3
1280.7272067540464,VAEL,500,500,3
164.13282622577066,VAEL,500,500,3
116.41876397887822,VAEL,500,500,3
203.75444382039987,VAEL,500,500,3
2676.5363896481003,VAEL,500,500,3
153.5462705955555,VAEL,500,500,3
5103.2265095076955,VAEL,500,500,3
2626.5369429121974,VAEL,500,500,3
148.06810110802488,VAEL,500,500,3
36.112532663118195,VAEL,500,500,3
140.56847045577956,VAEL,500,500,3
3243.45337186449,VAEL,500,500,3
237.12893667871288,VAEL,500,500,3
538.0359506604784,VAEL,500,500,3
3543.4362976191546,VAEL,500,500,3
1694.0748367063306,VAEL,500,500,3
764.2105432267928,VAER,500,500,3
228.12770931410492,VAER,500,500,3
506.084677880064,VAER,500,500,3
26.067747268266654,VAER,500,500,3
292.2115424375447,VAER,500,500,3
192.49413419553954,VAER,500,500,3
617.3111808101529,VAER,500,500,3
1344.0552007322667,VAER,500,500,3
463.71059881982393,VAER,500,500,3
434.26684114090506,VAER,500,500,3
359.3492786491096,VAER,500,500,3
446.9173412742668,VAER,500,500,3
159.01601255526407,VAER,500,500,3
2719.60552919825,VAER,500,500,3
72.37307620829158,VAER,500,500,3
60.27461120706666,VAER,500,500,3
388.6538304527361,VAER,500,500,3
759.6464959781265,VAER,500,500,3
183.31837949428626,VAER,500,500,3
462.9024484085316,VAER,500,500,3
209.34119990595556,VAFA,500,500,3
3292.5484212222214,VAFA,500,500,3
215.11160633554488,VAFA,500,500,3
539.5070915502063,VAFA,500,500,3
1740.4171128746598,VAFA,500,500,3
1570.185392317723,VAFA,500,500,3
598.7645481870916,VAFA,500,500,3
2921.0636336459356,VAFA,500,500,3
3061.1828004193985,VAFA,500,500,3
6285.269382278998,VAFA,500,500,3
555.4522030962328,VAFA,500,500,3
460.1039333213228,VAFA,500,500,3
2391.975035681956,VAFA,500,500,3
2217.63630922222,VAFA,500,500,3
1194.476345467385,VAFA,500,500,3
1315.1345037091553,VAFA,500,500,3
5892.227709732222,VAFA,500,500,3
526.2049150089798,VAFA,500,500,3
1830.6392927194292,VAFA,500,500,3
746.1779924163397,VAFA,500,500,3
184.9394238179556,VAFU,500,500,3
156.82728261644618,VAFU,500,500,3
30.823233522842656,VAFU,500,500,3
1027.8228893566222,VAFU,500,500,3
249.25715014143287,VAFU,500,500,3
340.0884133077334,VAFU,500,500,3
233.72614239765164,VAFU,500,500,3
112.33792661826666,VAFU,500,500,3
28.37251426814399,VAFU,500,500,3
222.6534983526329,VAFU,500,500,3
708.8182461535981,VAFU,500,500,3
1725.6933959005794,VAFU,500,500,3
506.13237542893324,VAFU,500,500,3
4244.915440229318,VAFU,500,500,3
4997.573869358764,VAFU,500,500,3
8836.146236503806,VAFU,500,500,3
6291.937775928488,VAFU,500,500,3
243.36040402328888,VAFU,500,500,3
221.11939515135825,VAFU,500,500,3
276.6111090540639,VAFU,500,500,3
403.3360296697439,VAMA,500,500,3
1957.8081442952462,VAMA,500,500,3
962.3937494964886,VAMA,500,500,3
3698.1309755488987,VAMA,500,500,3
2233.0923376855458,VAMA,500,500,3
3435.9174371918225,VAMA,500,500,3
4041.7546726477462,VAMA,500,500,3
856.995489378411,VAMA,500,500,3
221.43561865938491,VAMA,500,500,3
744.898658489145,VAMA,500,500,3
4109.851609608305,VAMA,500,500,3
5313.084803614976,VAMA,500,500,3
562.4165351622826,VAMA,500,500,3
477.33177410481613,VAMA,500,500,3
388.2872881335307,VAMA,500,500,3
245.30330396807827,VAMA,500,500,3
137.22862562642482,VAMA,500,500,3
7090.246019454609,VAMA,500,500,3
6850.857079177698,VAMA,500,500,3
3761.5612740427914,VAMA,500,500,3
134.27724845973154,VAMY,500,500,3
1701.6208806028774,VAMY,500,500,3
146.62349781535286,VAMY,500,500,3
3500.260378694764,VAMY,500,500,3
76.56942007295288,VAMY,500,500,3
561.728099778473,VAMY,500,500,3
477.49355114228615,VAMY,500,500,3
570.9234588416002,VAMY,500,500,3
433.0809113471129,VAMY,500,500,3
1147.736169899433,VAMY,500,500,3
87.58868746281068,VAMY,500,500,3
511.35979148862384,VAMY,500,500,3
185.59517329591282,VAMY,500,500,3
3444.6153688766854,VAMY,500,500,3
1424.940113387931,VAMY,500,500,3
995.9976590037264,VAMY,500,500,3
65.76277325789158,VAMY,500,500,3
736.1400161744783,VAMY,500,500,3
1970.201642286078,VAMY,500,500,3
2337.175598660819,VAMY,500,500,3
323.6955509110595,VAMY2,500,500,3
854.6669942462557,VAMY2,500,500,3
1065.4916319534063,VAMY2,500,500,3
1039.1040785322223,VAMY2,500,500,3
702.7279531079095,VAMY2,500,500,3
2109.6338257514644,VAMY2,500,500,3
2221.8413252070336,VAMY2,500,500,3
123.64923337095823,VAMY2,500,500,3
663.2037613889262,VAMY2,500,500,3
666.412033272489,VAMY2,500,500,3
976.2168191931449,VAMY2,500,500,3
1882.8496657419932,VAMY2,500,500,3
925.6573860062558,VAMY2,500,500,3
104.92947560528886,VAMY2,500,500,3
3228.539420343592,VAMY2,500,500,3
474.98377657767827,VAMY2,500,500,3
289.2259526450916,VAMY2,500,500,3
414.0081279432249,VAMY2,500,500,3
1595.5508277947713,VAMY2,500,500,3
619.2357979722238,VAMY2,500,500,3
1172.2109314812428,VANI4,500,500,3
5381.000784584534,VANI4,500,500,3
6656.12187419693,VANI4,500,500,3
3701.190880313858,VANI4,500,500,3
471.9469108788889,VANI4,500,500,3
2716.992624526789,VANI4,500,500,3
361.43573517684604,VANI4,500,500,3
265.365390084544,VANI4,500,500,3
2748.5215105866214,VANI4,500,500,3
3831.271970886255,VANI4,500,500,3
1075.4735003764888,VANI4,500,500,3
1378.4783487913528,VANI4,500,500,3
7417.908055226795,VANI4,500,500,3
2003.2928577222388,VANI4,500,500,3
2391.7659161723996,VANI4,500,500,3
2480.101825130488,VANI4,500,500,3
1690.4969517149796,VANI4,500,500,3
1604.378046416667,VANI4,500,500,3
5042.785521649486,VANI4,500,500,3
2761.5048036513854,VANI4,500,500,3
6850.93882442601,VAOC2,500,500,3
756.5803022152247,VAOC2,500,500,3
314.5248620302915,VAOC2,500,500,3
4089.5547016224996,VAOC2,500,500,3
163.85479951622935,VAOC2,500,500,3
1390.3686419619553,VAOC2,500,500,3
65.73812773511823,VAOC2,500,500,3
276.38134135721964,VAOC2,500,500,3
267.36681726573323,VAOC2,500,500,3
43.887656623672875,VAOC2,500,500,3
4532.546883821355,VAOC2,500,500,3
134.95262274098485,VAOC2,500,500,3
113.31105355434491,VAOC2,500,500,3
227.4518808014063,VAOC2,500,500,3
706.1418052468911,VAOC2,500,500,3
168.01202399225602,VAOC2,500,500,3
269.5977832019555,VAOC2,500,500,3
917.0869835357801,VAOC2,500,500,3
1353.2645687822226,VAOC2,500,500,3
121.83755697333332,VAOC2,500,500,3
850.3052412785495,VAOV,500,500,3
525.4334699637757,VAOV,500,500,3
152.1769674873582,VAOV,500,500,3
963.1837910746862,VAOV,500,500,3
276.50896049021145,VAOV,500,500,3
219.392249920496,VAOV,500,500,3
2059.394800187945,VAOV,500,500,3
333.9765062611181,VAOV,500,500,3
138.61453175372617,VAOV,500,500,3
94.19633992673957,VAOV,500,500,3
581.7915676622222,VAOV,500,500,3
471.5136383976516,VAOV,500,500,3
87.28687653506664,VAOV,500,500,3
1535.3916156372893,VAOV,500,500,3
155.06562736362488,VAOV,500,500,3
2186.088221684842,VAOV,500,500,3
717.604505776667,VAOV,500,500,3
326.450050524585,VAOV,500,500,3
139.80453654241953,VAOV,500,500,3
1358.9580883183999,VAOV,500,500,3
304.6475463822222,VAOV2,500,500,3
2489.3781268162566,VAOV2,500,500,3
643.0603449233333,VAOV2,500,500,3
160.85664947434486,VAOV2,500,500,3
322.99408183827717,VAOV2,500,500,3
152.21399602167287,VAOV2,500,500,3
654.4373567503927,VAOV2,500,500,3
343.495157952638,VAOV2,500,500,3
1846.0925684266215,VAOV2,500,500,3
437.1684584345584,VAOV2,500,500,3
77.50604542590402,VAOV2,500,500,3
70.67976614313955,VAOV2,500,500,3
460.2356895815661,VAOV2,500,500,3
1024.8040183143664,VAOV2,500,500,3
438.96154707519815,VAOV2,500,500,3
6043.156341063594,VAOV2,500,500,3
325.06335056329954,VAOV2,500,500,3
1632.128680942933,VAOV2,500,500,3
414.1002191482597,VAOV2,500,500,3
207.19733085115564,VAOV2,500,500,3
621.8747456658332,VAOX,500,500,3
1629.9949270677175,VAOX,500,500,3
2746.0274471917223,VAOX,500,500,3
494.8277783926596,VAOX,500,500,3
907.1441375228426,VAOX,500,500,3
99.45543260949152,VAOX,500,500,3
2434.850372276606,VAOX,500,500,3
1904.078580842489,VAOX,500,500,3
1728.5439111657167,VAOX,500,500,3
164.75017444764268,VAOX,500,500,3
815.6174231622824,VAOX,500,500,3
161.94093118222216,VAOX,500,500,3
866.3274279963999,VAOX,500,500,3
674.9073433753441,VAOX,500,500,3
1053.6304373055555,VAOX,500,500,3
4910.134426145734,VAOX,500,500,3
1385.5149548416,VAOX,500,500,3
524.819062163611,VAOX,500,500,3
1522.7758678675839,VAOX,500,500,3
2776.4187293510668,VAOX,500,500,3
3759.094249445289,VAPA,500,500,3
91.39255463995553,VAPA,500,500,3
3413.7916426138872,VAPA,500,500,3
562.3442103722595,VAPA,500,500,3
114.1098565634773,VAPA,500,500,3
211.42115631007294,VAPA,500,500,3
532.5409745919131,VAPA,500,500,3
923.8130587067451,VAPA,500,500,3
3145.1310316194135,VAPA,500,500,3
4216.6715459356,VAPA,500,500,3
597.0613874190061,VAPA,500,500,3
3902.504314938095,VAPA,500,500,3
357.73546432531737,VAPA,500,500,3
2365.759023881726,VAPA,500,500,3
13.769804973333324,VAPA,500,500,3
602.4527622079981,VAPA,500,500,3
166.34924180905077,VAPA,500,500,3
393.1339549973318,VAPA,500,500,3
2958.8531156959134,VAPA,500,500,3
54.46674218410488,VAPA,500,500,3
420.84890358226477,VAPA2,500,500,3
932.595371027966,VAPA2,500,500,3
3025.6398959156463,VAPA2,500,500,3
274.15330484892263,VAPA2,500,500,3
897.6071646839447,VAPA2,500,500,3
52.525074518158235,VAPA2,500,500,3
309.9302850107093,VAPA2,500,500,3
1216.3323789752894,VAPA2,500,500,3
242.83734854478922,VAPA2,500,500,3
487.1477585064517,VAPA2,500,500,3
1214.6560965137055,VAPA2,500,500,3
71.3676726778862,VAPA2,500,500,3
358.8396638798222,VAPA2,500,500,3
2218.599505266132,VAPA2,500,500,3
1220.8160452748784,VAPA2,500,500,3
467.8268848671554,VAPA2,500,500,3
529.5280839323572,VAPA2,500,500,3
181.84613679888884,VAPA2,500,500,3
360.1443456366062,VAPA2,500,500,3
133.78358917205156,VAPA2,500,500,3
1335.4852178786919,VAPA4,500,500,3
1425.1070218909706,VAPA4,500,500,3
313.86065975793593,VAPA4,500,500,3
661.8833847879395,VAPA4,500,500,3
3305.0028757538116,VAPA4,500,500,3
1580.0628171099997,VAPA4,500,500,3
982.2993485455357,VAPA4,500,500,3
385.34101531662225,VAPA4,500,500,3
71.9296573227929,VAPA4,500,500,3
70.66503066908271,VAPA4,500,500,3
28.87616406407822,VAPA4,500,500,3
4351.007634390043,VAPA4,500,500,3
901.7921082122219,VAPA4,500,500,3
866.1793864570024,VAPA4,500,500,3
124.94010082474485,VAPA4,500,500,3
4445.85287187129,VAPA4,500,500,3
288.49273465770483,VAPA4,500,500,3
1943.5112990399562,VAPA4,500,500,3
93.88380899583284,VAPA4,500,500,3
1483.0341044597317,VAPA4,500,500,3
711.5127785785583,VARA,500,500,3
1173.0535681491556,VARA,500,500,3
476.242474531056,VARA,500,500,3
131.63061837650486,VARA,500,500,3
406.84247092905974,VARA,500,500,3
32.631505304659555,VARA,500,500,3
131.5957333319396,VARA,500,500,3
129.85808886041596,VARA,500,500,3
72.7786505292729,VARA,500,500,3
1116.5796306488885,VARA,500,500,3
207.61813971980624,VARA,500,500,3
4101.20900577567,VARA,500,500,3
2046.8808660423038,VARA,500,500,3
61.63404533033066,VARA,500,500,3
1854.1358219058059,VARA,500,500,3
138.01065056319828,VARA,500,500,3
1750.1222903380467,VARA,500,500,3
2509.8747679173534,VARA,500,500,3
191.19323592959822,VARA,500,500,3
150.7389836759307,VARA,500,500,3
372.55522002730476,VARI,500,500,3
1799.4940386706776,VARI,500,500,3
1107.6901565661794,VARI,500,500,3
3344.952529869351,VARI,500,500,3
4405.1438065267985,VARI,500,500,3
2115.9007971116785,VARI,500,500,3
320.43695814360007,VARI,500,500,3
928.9447158915395,VARI,500,500,3
853.9562730358024,VARI,500,500,3
9341.50957995506,VARI,500,500,3
155.69530338534398,VARI,500,500,3
314.2355337921262,VARI,500,500,3
1527.4855503985768,VARI,500,500,3
6972.835868176639,VARI,500,500,3
665.7306145990239,VARI,500,500,3
841.1283410415997,VARI,500,500,3
3837.4498897599988,VARI,500,500,3
94.49729580582222,VARI,500,500,3
373.1457085055929,VARI,500,500,3
1535.6795088457798,VARI,500,500,3
160.53843575,VAST,500,500,3
4760.773334896099,VAST,500,500,3
133.21516532693332,VAST,500,500,3
239.40895297493165,VAST,500,500,3
2026.2560032278598,VAST,500,500,3
595.26502684,VAST,500,500,3
2000.111251213198,VAST,500,500,3
687.4351567475184,VAST,500,500,3
449.1376897450668,VAST,500,500,3
141.7395530318507,VAST,500,500,3
1448.5421882638916,VAST,500,500,3
55.68184765717156,VAST,500,500,3
1681.8038581785322,VAST,500,500,3
322.1536719999361,VAST,500,500,3
808.2724654785264,VAST,500,500,3
659.2263051731182,VAST,500,500,3
307.1695062042666,VAST,500,500,3
175.64819717233067,VAST,500,500,3
134.33180879351295,VAST,500,500,3
4660.44600905058,VAST,500,500,3
2628.28727526633,VATE3,500,500,3
4625.605324475707,VATE3,500,500,3
549.6484751089334,VATE3,500,500,3
3835.0246318724,VATE3,500,500,3
141.34625494775287,VATE3,500,500,3
3809.5758329070914,VATE3,500,500,3
5068.737846533247,VATE3,500,500,3
162.68028209847296,VATE3,500,500,3
4365.978813921679,VATE3,500,500,3
162.2181071274382,VATE3,500,500,3
100.4038891290293,VATE3,500,500,3
3012.665844549519,VATE3,500,500,3
1541.2027349535128,VATE3,500,500,3
2941.551264441513,VATE3,500,500,3
143.83349543534942,VATE3,500,500,3
223.55932989848907,VATE3,500,500,3
4523.08373150626,VATE3,500,500,3
446.55291552848877,VATE3,500,500,3
1868.0843814493699,VATE3,500,500,3
755.565593271118,VATE3,500,500,3
3629.2021411335663,VATO2,500,500,3
452.3541167376781,VATO2,500,500,3
530.6606367818222,VATO2,500,500,3
3030.8216723039995,VATO2,500,500,3
1287.5866331743982,VATO2,500,500,3
2568.67281940393,VATO2,500,500,3
2706.683477408256,VATO2,500,500,3
252.22394123093332,VATO2,500,500,3
4624.824841768531,VATO2,500,500,3
1839.6873170646606,VATO2,500,500,3
678.2981382000904,VATO2,500,500,3
4074.697839297407,VATO2,500,500,3
2299.4919721811566,VATO2,500,500,3
83.99147827865599,VATO2,500,500,3
630.4781871947661,VATO2,500,500,3
2614.4643575844243,VATO2,500,500,3
1640.5917615955552,VATO2,500,500,3
2028.2793498238227,VATO2,500,500,3
697.1233673320517,VATO2,500,500,3
1216.0225252529337,VATO2,500,500,3
1376.2348733917795,VAUL,500,500,3
4601.302214620586,VAUL,500,500,3
1187.916103725909,VAUL,500,500,3
3153.771310488149,VAUL,500,500,3
656.3480353057263,VAUL,500,500,3
178.77939477233593,VAUL,500,500,3
609.880141838393,VAUL,500,500,3
197.5880494798222,VAUL,500,500,3
745.1894303020782,VAUL,500,500,3
979.7940354588993,VAUL,500,500,3
3465.345560849733,VAUL,500,500,3
1713.422975686682,VAUL,500,500,3
428.87429094150934,VAUL,500,500,3
461.58088839933157,VAUL,500,500,3
100.29128862549156,VAUL,500,500,3
1720.60107155399,VAUL,500,500,3
1324.3112556202675,VAUL,500,500,3
5413.211561659932,VAUL,500,500,3
3730.3505717907024,VAUL,500,500,3
2361.102809555839,VAUL,500,500,3
3710.001430610746,VAUL2,500,500,3
3506.2789387859552,VAUL2,500,500,3
1798.0225468209337,VAUL2,500,500,3
3045.3011388279388,VAUL2,500,500,3
170.94658250773162,VAUL2,500,500,3
156.1718818576427,VAUL2,500,500,3
68.10428886547733,VAUL2,500,500,3
87.1116585821796,VAUL2,500,500,3
3518.9570058239556,VAUL2,500,500,3
3900.463464293823,VAUL2,500,500,3
1547.6002229502558,VAUL2,500,500,3
174.40683257081602,VAUL2,500,500,3
552.7421735374064,VAUL2,500,500,3
249.69092389153948,VAUL2,500,500,3
121.56805064274484,VAUL2,500,500,3
4092.6889879694068,VAUL2,500,500,3
100.57440263933154,VAUL2,500,500,3
31.390991175139536,VAUL2,500,500,3
7534.888757609584,VAUL2,500,500,3
4619.238235070703,VAUL2,500,500,3
2191.372503404345,VAVE,500,500,3
3565.815230932222,VAVE,500,500,3
2175.3346265774644,VAVE,500,500,3
643.521268589225,VAVE,500,500,3
714.0017205281264,VAVE,500,500,3
5561.209229310121,VAVE,500,500,3
1438.6004755057704,VAVE,500,500,3
603.1059930122223,VAVE,500,500,3
2008.5149838163188,VAVE,500,500,3
142.3060630638862,VAVE,500,500,3
1451.6819780453761,VAVE,500,500,3
4635.890192669209,VAVE,500,500,3
1198.8980671950915,VAVE,500,500,3
1708.8094314307632,VAVE,500,500,3
2038.8203714372241,VAVE,500,500,3
1741.1182783513534,VAVE,500,500,3
2117.0031565175404,VAVE,500,500,3
797.0193641226238,VAVE,500,500,3
3382.8433715852643,VAVE,500,500,3
244.20789505262215,VAVE,500,500,3
1589.0089154691982,VAVI,500,500,3
3841.2524782411924,VAVI,500,500,3
89.83489956437158,VAVI,500,500,3
2245.397478689066,VAVI,500,500,3
3453.6654231420503,VAVI,500,500,3
3276.352474560411,VAVI,500,500,3
824.2039232934382,VAVI,500,500,3
2600.882823472496,VAVI,500,500,3
1045.8388413258222,VAVI,500,500,3
163.59804575782226,VAVI,500,500,3
193.7466900686222,VAVI,500,500,3
281.4431943565583,VAVI,500,500,3
2570.8713357809493,VAVI,500,500,3
532.2107531826063,VAVI,500,500,3
406.9245268754774,VAVI,500,500,3
623.0161299995307,VAVI,500,500,3
2076.7269015317315,VAVI,500,500,3
3066.8856127487934,VAVI,500,500,3
77.14993056319823,VAVI,500,500,3
1106.8081440851556,VAVI,500,500,3
325.85316071711287,VEAG,500,500,3
503.74335864888883,VEAG,500,500,3
100.28721634662227,VEAG,500,500,3
106.58237973374396,VEAG,500,500,3
57.422193849599985,VEAG,500,500,3
188.6039298752782,VEAG,500,500,3
370.9632537204907,VEAG,500,500,3
52.78374449202489,VEAG,500,500,3
101.59679135913954,VEAG,500,500,3
43.187234486499555,VEAG,500,500,3
2919.4619245139556,VEAG,500,500,3
565.1865541684887,VEAG,500,500,3
145.26879462666668,VEAG,500,500,3
536.4801349685316,VEAG,500,500,3
216.9248032737849,VEAG,500,500,3
2698.6123163174375,VEAG,500,500,3
30.748621166869313,VEAG,500,500,3
108.21742152033957,VEAG,500,500,3
60.20240394636623,VEAG,500,500,3
770.1923399639306,VEAG,500,500,3
457.46166803069144,VEAL,500,500,3
3572.2492603894825,VEAL,500,500,3
901.5614303138061,VEAL,500,500,3
2970.790195852453,VEAL,500,500,3
137.96526759550403,VEAL,500,500,3
478.515053811136,VEAL,500,500,3
745.6472227518292,VEAL,500,500,3
385.759313315753,VEAL,500,500,3
660.9953284555095,VEAL,500,500,3
793.4284246299718,VEAL,500,500,3
1196.9924146082064,VEAL,500,500,3
2455.290670976425,VEAL,500,500,3
194.72930464262927,VEAL,500,500,3
492.19851629580614,VEAL,500,500,3
1635.9428774185521,VEAL,500,500,3
2816.252853524621,VEAL,500,500,3
119.40961297662395,VEAL,500,500,3
169.86162885674491,VEAL,500,500,3
2089.159402289137,VEAL,500,500,3
1935.7677442932895,VEAL,500,500,3
1041.68599376,VEAM2,500,500,3
970.0483288410862,VEAM2,500,500,3
1023.6491328211554,VEAM2,500,500,3
243.5861590952516,VEAM2,500,500,3
1215.1631304555451,VEAM2,500,500,3
22.317768828286223,VEAM2,500,500,3
2977.5419115711716,VEAM2,500,500,3
1578.113711173673,VEAM2,500,500,3
1606.7967490233577,VEAM2,500,500,3
2666.354812848633,VEAM2,500,500,3
149.32675590753956,VEAM2,500,500,3
1097.3169313904195,VEAM2,500,500,3
354.0180037766665,VEAM2,500,500,3
250.36935992888877,VEAM2,500,500,3
2097.0107768613525,VEAM2,500,500,3
393.69330284535283,VEAM2,500,500,3
249.72617784233972,VEAM2,500,500,3
307.8720414186222,VEAM2,500,500,3
298.8340363292427,VEAM2,500,500,3
89.92440240838935,VEAM2,500,500,3
80.27685464631288,VEAN2,500,500,3
731.7814565376693,VEAN2,500,500,3
192.22902942121064,VEAN2,500,500,3
402.104618748585,VEAN2,500,500,3
425.97726337273605,VEAN2,500,500,3
643.611210047822,VEAN2,500,500,3
874.019595623593,VEAN2,500,500,3
2794.593456311439,VEAN2,500,500,3
66.72290059255288,VEAN2,500,500,3
236.49080088888894,VEAN2,500,500,3
62.46206862334398,VEAN2,500,500,3
684.383634798889,VEAN2,500,500,3
420.08677990569936,VEAN2,500,500,3
312.37822118482495,VEAN2,500,500,3
268.6107564513263,VEAN2,500,500,3
25.608931877032894,VEAN2,500,500,3
28.53575255658489,VEAN2,500,500,3
30.903389295912906,VEAN2,500,500,3
2273.4188106489437,VEAN2,500,500,3
2247.8523885304903,VEAN2,500,500,3
106.8435647837582,VEAR,500,500,3
57.1384652146329,VEAR,500,500,3
1831.497029574713,VEAR,500,500,3
87.98805963143822,VEAR,500,500,3
108.54934176025601,VEAR,500,500,3
3870.7887860471437,VEAR,500,500,3
3676.0712047524917,VEAR,500,500,3
57.38523025193065,VEAR,500,500,3
88.7714147214916,VEAR,500,500,3
56.58340950089956,VEAR,500,500,3
139.34505810986485,VEAR,500,500,3
706.4724710568108,VEAR,500,500,3
1885.4868914324888,VEAR,500,500,3
1078.6146008617798,VEAR,500,500,3
467.2818999572197,VEAR,500,500,3
583.7798736430914,VEAR,500,500,3
67.97319555903823,VEAR,500,500,3
1427.2018968831362,VEAR,500,500,3
153.97003428565156,VEAR,500,500,3
260.44785615969954,VEAR,500,500,3
1168.3516380369335,VEAR3,500,500,3
203.30031181055287,VEAR3,500,500,3
608.3396751988888,VEAR3,500,500,3
1509.1282018303996,VEAR3,500,500,3
20.691119883717334,VEAR3,500,500,3
293.5075167695928,VEAR3,500,500,3
847.5285119641528,VEAR3,500,500,3
2963.809888165198,VEAR3,500,500,3
1444.961618349504,VEAR3,500,500,3
594.7210569850863,VEAR3,500,500,3
1564.8521833998223,VEAR3,500,500,3
559.4190606904891,VEAR3,500,500,3
290.63896605183834,VEAR3,500,500,3
361.10879989065967,VEAR3,500,500,3
292.93329115195553,VEAR3,500,500,3
4913.553854669645,VEAR3,500,500,3
570.5124002662324,VEAR3,500,500,3
567.8681173327575,VEAR3,500,500,3
466.22526739555565,VEAR3,500,500,3
535.4369128531553,VEAR3,500,500,3
619.7984523091556,VEBA,500,500,3
1410.9623660164962,VEBA,500,500,3
1506.5983127767452,VEBA,500,500,3
905.8373562740462,VEBA,500,500,3
653.5302609959181,VEBA,500,500,3
688.3240860138221,VEBA,500,500,3
489.58618121655303,VEBA,500,500,3
1644.376252475717,VEBA,500,500,3
1013.6173948579556,VEBA,500,500,3
783.7653464777316,VEBA,500,500,3
993.4901763885493,VEBA,500,500,3
402.82471532617956,VEBA,500,500,3
1559.9736113471552,VEBA,500,500,3
1995.141889122126,VEBA,500,500,3
267.7642655194381,VEBA,500,500,3
462.45612284114503,VEBA,500,500,3
297.99709048848894,VEBA,500,500,3
317.67467595195563,VEBA,500,500,3
534.5887152649796,VEBA,500,500,3
755.0871711224892,VEBA,500,500,3
1452.5612454934121,VEBL,500,500,3
4052.919536644523,VEBL,500,500,3
154.04224064505598,VEBL,500,500,3
1168.709492817344,VEBL,500,500,3
2982.6477064889436,VEBL,500,500,3
3658.228066310714,VEBL,500,500,3
614.7577466610915,VEBL,500,500,3
2078.4122422737323,VEBL,500,500,3
2869.3171102204005,VEBL,500,500,3
3684.3621265509746,VEBL,500,500,3
3763.2428022706063,VEBL,500,500,3
1675.2737283234053,VEBL,500,500,3
1261.3691388842597,VEBL,500,500,3
4838.565978254917,VEBL,500,500,3
1661.0879908831835,VEBL,500,500,3
159.5964210452889,VEBL,500,500,3
3392.5227998832192,VEBL,500,500,3
2552.9445626347447,VEBL,500,500,3
430.0513166265582,VEBL,500,500,3
3332.16278016682,VEBL,500,500,3
3794.703369120681,VEBO,500,500,3
405.7420971988889,VEBO,500,500,3
1183.8371084462915,VEBO,500,500,3
4260.367114431082,VEBO,500,500,3
349.3307401882667,VEBO,500,500,3
372.2992100900959,VEBO,500,500,3
4523.759408416681,VEBO,500,500,3
7491.525840898496,VEBO,500,500,3
110.16068444060272,VEBO,500,500,3
3227.5011840619454,VEBO,500,500,3
184.6866549391929,VEBO,500,500,3
356.749898028784,VEBO,500,500,3
866.8531553210289,VEBO,500,500,3
4796.4662499836,VEBO,500,500,3
5981.2931288833715,VEBO,500,500,3
136.036627287664,VEBO,500,500,3
330.71369480311296,VEBO,500,500,3
163.30658722913964,VEBO,500,500,3
858.5611736426218,VEBO,500,500,3
4928.935239323732,VEBO,500,500,3
120.40354444471289,VEBR,500,500,3
393.1498212993263,VEBR,500,500,3
2588.412820251732,VEBR,500,500,3
1314.2520423989317,VEBR,500,500,3
620.3113311118221,VEBR,500,500,3
1242.9688241188253,VEBR,500,500,3
529.7657905285527,VEBR,500,500,3
648.5789869492891,VEBR,500,500,3
236.3902640946329,VEBR,500,500,3
44.064262402304,VEBR,500,500,3
2809.3273835568652,VEBR,500,500,3
305.8368576344107,VEBR,500,500,3
365.3769472682667,VEBR,500,500,3
528.1621810315664,VEBR,500,500,3
1635.0343431899996,VEBR,500,500,3
88.69606216646933,VEBR,500,500,3
189.70790254534404,VEBR,500,500,3
1813.189576396622,VEBR,500,500,3
1460.726042790712,VEBR,500,500,3
4160.482373583013,VEBR,500,500,3
227.3361373332462,VEBR2,500,500,3
2658.3670093231717,VEBR2,500,500,3
157.7675266661529,VEBR2,500,500,3
64.35803011395552,VEBR2,500,500,3
8818.161401109997,VEBR2,500,500,3
51.11220262241957,VEBR2,500,500,3
473.93537595044273,VEBR2,500,500,3
714.2942660472887,VEBR2,500,500,3
1487.6848948443715,VEBR2,500,500,3
314.5895404052889,VEBR2,500,500,3
315.88332260174934,VEBR2,500,500,3
277.91060516863297,VEBR2,500,500,3
9001.003340724123,VEBR2,500,500,3
474.7577146666025,VEBR2,500,500,3
69.80669466652267,VEBR2,500,500,3
606.9981933275574,VEBR2,500,500,3
2521.091955059171,VEBR2,500,500,3
516.3819333912728,VEBR2,500,500,3
97.03431582207287,VEBR2,500,500,3
7105.644011730982,VEBR2,500,500,3
4352.695416517317,VECA2,500,500,3
4798.473563060395,VECA2,500,500,3
742.7897472630594,VECA2,500,500,3
451.3924043324996,VECA2,500,500,3
256.27423548351834,VECA2,500,500,3
495.96002546145945,VECA2,500,500,3
751.1294288394649,VECA2,500,500,3
1021.1734922266666,VECA2,500,500,3
767.2112358709757,VECA2,500,500,3
4207.3076827527875,VECA2,500,500,3
2274.3248091390287,VECA2,500,500,3
5051.6344827716275,VECA2,500,500,3
398.15874807457965,VECA2,500,500,3
277.3336936731573,VECA2,500,500,3
989.9069998732516,VECA2,500,500,3
3429.030667948145,VECA2,500,500,3
1920.1782318247178,VECA2,500,500,3
3069.2693691304894,VECA2,500,500,3
2308.8418257399394,VECA2,500,500,3
3920.4360454564967,VECA2,500,500,3
1781.021916687955,VECH,500,500,3
187.81691172959995,VECH,500,500,3
254.71537091555544,VECH,500,500,3
246.7261459155556,VECH,500,500,3
429.8594496084889,VECH,500,500,3
500.59178831928904,VECH,500,500,3
368.4316443431182,VECH,500,500,3
69.42582727921604,VECH,500,500,3
1091.2963037149227,VECH,500,500,3
2813.37740707146,VECH,500,500,3
1556.6301719572882,VECH,500,500,3
1675.471032729145,VECH,500,500,3
1199.8472821370026,VECH,500,500,3
2636.256600759438,VECH,500,500,3
221.08431685853157,VECH,500,500,3
184.03162256848884,VECH,500,500,3
1319.2565397567712,VECH,500,500,3
584.6715844339979,VECH,500,500,3
208.78105848298486,VECH,500,500,3
136.17710504460624,VECH,500,500,3
125.09139732411734,VEEN,500,500,3
121.42898575666493,VEEN,500,500,3
736.698535299696,VEEN,500,500,3
223.44833065412263,VEEN,500,500,3
1416.5786298115127,VEEN,500,500,3
162.65146778247828,VEEN,500,500,3
434.9352311052783,VEEN,500,500,3
182.00058309147738,VEEN,500,500,3
4472.063342604227,VEEN,500,500,3
1143.487060657406,VEEN,500,500,3
89.83807910331733,VEEN,500,500,3
5372.587842625107,VEEN,500,500,3
5110.41332015274,VEEN,500,500,3
242.08258004888893,VEEN,500,500,3
2570.903500582222,VEEN,500,500,3
142.6537912816,VEEN,500,500,3
2268.567479670612,VEEN,500,500,3
649.0406096666668,VEEN,500,500,3
7019.567747030069,VEEN,500,500,3
239.81974370062224,VEEN,500,500,3
305.0452687915929,VEFA2,500,500,3
4062.115902179157,VEFA2,500,500,3
1123.0616863425266,VEFA2,500,500,3
411.33357581879284,VEFA2,500,500,3
99.57352406094937,VEFA2,500,500,3
379.56775804991827,VEFA2,500,500,3
1063.3385951118225,VEFA2,500,500,3
138.4195493852427,VEFA2,500,500,3
274.66251699728895,VEFA2,500,500,3
75.31964087137959,VEFA2,500,500,3
214.9402267051928,VEFA2,500,500,3
1438.6070755555559,VEFA2,500,500,3
907.7782937279553,VEFA2,500,500,3
453.84059118759814,VEFA2,500,500,3
222.68896548001945,VEFA2,500,500,3
606.3602235383446,VEFA2,500,500,3
468.8840583712993,VEFA2,500,500,3
442.71937251164275,VEFA2,500,500,3
3525.2576722540366,VEFA2,500,500,3
901.3252272668728,VEFA2,500,500,3
277.40240130982215,VEFO,500,500,3
222.18846398804624,VEFO,500,500,3
1560.6654130507663,VEFO,500,500,3
598.8839565139556,VEFO,500,500,3
3778.902350474411,VEFO,500,500,3
3092.928005796934,VEFO,500,500,3
143.55275651946488,VEFO,500,500,3
223.8127995923893,VEFO,500,500,3
1177.1420630188782,VEFO,500,500,3
203.01736829328885,VEFO,500,500,3
174.48189739684264,VEFO,500,500,3
4388.11637679889,VEFO,500,500,3
426.6211630699454,VEFO,500,500,3
412.7975671442774,VEFO,500,500,3
495.842075617785,VEFO,500,500,3
2049.787698915556,VEFO,500,500,3
641.3784522538222,VEFO,500,500,3
184.4242226612889,VEFO,500,500,3
122.08670824061151,VEFO,500,500,3
1287.844127580096,VEFO,500,500,3
294.4052530389332,VEGI,500,500,3
223.27470055836264,VEGI,500,500,3
1043.0514006972992,VEGI,500,500,3
665.8829517797261,VEGI,500,500,3
1268.4971175543458,VEGI,500,500,3
807.2358436908639,VEGI,500,500,3
840.291803151956,VEGI,500,500,3
1396.7046028479563,VEGI,500,500,3
256.28302269397153,VEGI,500,500,3
1217.9089066461584,VEGI,500,500,3
356.4694214164888,VEGI,500,500,3
2638.9265727818233,VEGI,500,500,3
582.853803472718,VEGI,500,500,3
646.0646290677317,VEGI,500,500,3
1220.1121115804376,VEGI,500,500,3
472.6696579490826,VEGI,500,500,3
2500.3402108133528,VEGI,500,500,3
1510.8650205390502,VEGI,500,500,3
421.33202950826495,VEGI,500,500,3
859.5154292890862,VEGI,500,500,3
472.6654740333799,VEGL,500,500,3
359.74546584033936,VEGL,500,500,3
586.285799784704,VEGL,500,500,3
2153.7003839281056,VEGL,500,500,3
418.6736321075183,VEGL,500,500,3
756.3273985829528,VEGL,500,500,3
2727.003938173865,VEGL,500,500,3
5419.746684163157,VEGL,500,500,3
301.64174574648894,VEGL,500,500,3
417.5167791126594,VEGL,500,500,3
524.2800780024888,VEGL,500,500,3
501.93577327182936,VEGL,500,500,3
991.3816513996517,VEGL,500,500,3
524.6825391066862,VEGL,500,500,3
1581.0039551897528,VEGL,500,500,3
625.9768630633175,VEGL,500,500,3
136.4291158740693,VEGL,500,500,3
520.0074596056161,VEGL,500,500,3
40.17669995035734,VEGL,500,500,3
235.20547759888876,VEGL,500,500,3
490.54521016528895,VEHA2,500,500,3
1503.5222439990594,VEHA2,500,500,3
1087.5452070122221,VEHA2,500,500,3
441.30210655555555,VEHA2,500,500,3
292.59242213262223,VEHA2,500,500,3
2000.8131807548996,VEHA2,500,500,3
136.70529630862222,VEHA2,500,500,3
1060.5705680960782,VEHA2,500,500,3
4612.364519903289,VEHA2,500,500,3
3740.9666527211457,VEHA2,500,500,3
565.8737099930667,VEHA2,500,500,3
1517.0360998055182,VEHA2,500,500,3
2538.0230942822664,VEHA2,500,500,3
400.64785885479824,VEHA2,500,500,3
277.072274229305,VEHA2,500,500,3
71.85757287093335,VEHA2,500,500,3
558.8674397896249,VEHA2,500,500,3
142.79627717717156,VEHA2,500,500,3
2067.8915568675397,VEHA2,500,500,3
309.26900394636624,VEHA2,500,500,3
113.33668420477156,VEHE,500,500,3
258.3698051865529,VEHE,500,500,3
107.2584799346329,VEHE,500,500,3
106.33769695423821,VEHE,500,500,3
127.60291051612266,VEHE,500,500,3
257.1541903496462,VEHE,500,500,3
1220.2473755923895,VEHE,500,500,3
122.4885573016463,VEHE,500,500,3
2746.494351707517,VEHE,500,500,3
223.92599076317154,VEHE,500,500,3
295.40844567995555,VEHE,500,500,3
63.02624501161956,VEHE,500,500,3
2188.1950644116464,VEHE,500,500,3
290.33490775372627,VEHE,500,500,3
148.46372167028625,VEHE,500,500,3
177.775805935616,VEHE,500,500,3
205.8537086579982,VEHE,500,500,3
85.09201339505064,VEHE,500,500,3
159.26252495058495,VEHE,500,500,3
181.0098126896907,VEHE,500,500,3
782.0621943568907,VEHE2,500,500,3
2269.305402219833,VEHE2,500,500,3
1184.887425567785,VEHE2,500,500,3
203.97053192524612,VEHE2,500,500,3
159.38662068693333,VEHE2,500,500,3
887.4792552772105,VEHE2,500,500,3
1893.012466495428,VEHE2,500,500,3
782.3113012094295,VEHE2,500,500,3
259.68982243669154,VEHE2,500,500,3
2749.1489665302606,VEHE2,500,500,3
875.8942911978384,VEHE2,500,500,3
130.88438385458494,VEHE2,500,500,3
435.8447473542668,VEHE2,500,500,3
185.33773450834482,VEHE2,500,500,3
271.33293977087817,VEHE2,500,500,3
1859.213853702478,VEHE2,500,500,3
197.865358420393,VEHE2,500,500,3
767.8060420890669,VEHE2,500,500,3
613.8511110000001,VEHE2,500,500,3
103.87320930374935,VEHE2,500,500,3
761.9580277439558,VELY,500,500,3
1055.861112403326,VELY,500,500,3
1296.289599,VELY,500,500,3
3130.8826274958224,VELY,500,500,3
3937.008288656207,VELY,500,500,3
198.83095911218493,VELY,500,500,3
4349.838196439887,VELY,500,500,3
3197.5410222150376,VELY,500,500,3
6497.456790877864,VELY,500,500,3
2700.9777464387985,VELY,500,500,3
570.9949691456778,VELY,500,500,3
390.55117561725154,VELY,500,500,3
1958.60897001833,VELY,500,500,3
216.66351151900275,VELY,500,500,3
1184.9557355346774,VELY,500,500,3
7280.29064262877,VELY,500,500,3
3996.1524210379675,VELY,500,500,3
2140.1541462454593,VELY,500,500,3
1134.5583213170066,VELY,500,500,3
335.9820863438221,VELY,500,500,3
199.34727007891735,VEMA,500,500,3
2392.597973016171,VEMA,500,500,3
773.9093122404105,VEMA,500,500,3
142.42006724226658,VEMA,500,500,3
827.8881192856959,VEMA,500,500,3
97.20977093222221,VEMA,500,500,3
1740.7760972938222,VEMA,500,500,3
237.22697332306475,VEMA,500,500,3
2075.4930615089047,VEMA,500,500,3
371.29271986577066,VEMA,500,500,3
95.34987633333333,VEMA,500,500,3
4470.608807336658,VEMA,500,500,3
382.6018332776373,VEMA,500,500,3
36.95968960369599,VEMA,500,500,3
166.70877744785074,VEMA,500,500,3
598.3688720211891,VEMA,500,500,3
88.52121583015821,VEMA,500,500,3
234.00247786758928,VEMA,500,500,3
106.47567377831821,VEMA,500,500,3
3977.576450975147,VEMA,500,500,3
311.63715065557165,VEMI2,500,500,3
1832.3074287524903,VEMI2,500,500,3
220.8900935272373,VEMI2,500,500,3
1727.407714030846,VEMI2,500,500,3
2390.146608099833,VEMI2,500,500,3
398.25522894817965,VEMI2,500,500,3
323.1844537322221,VEMI2,500,500,3
2202.227608034873,VEMI2,500,500,3
283.8848166740463,VEMI2,500,500,3
3431.900127530488,VEMI2,500,500,3
2566.0768872419553,VEMI2,500,500,3
196.01039385764264,VEMI2,500,500,3
270.4860245288107,VEMI2,500,500,3
405.7298933241586,VEMI2,500,500,3
2427.1917283155544,VEMI2,500,500,3
2932.9985160800707,VEMI2,500,500,3
307.4644266052195,VEMI2,500,500,3
1773.4297318986655,VEMI2,500,500,3
4156.867816660678,VEMI2,500,500,3
845.7343790926774,VEMI2,500,500,3
312.0212181500515,VEOC,500,500,3
4603.566868240613,VEOC,500,500,3
371.37986176995537,VEOC,500,500,3
1020.7770832695451,VEOC,500,500,3
478.8826429812461,VEOC,500,500,3
2627.2550659071558,VEOC,500,500,3
100.19359017209598,VEOC,500,500,3
475.835194251264,VEOC,500,500,3
1210.7982091871552,VEOC,500,500,3
777.8818894028784,VEOC,500,500,3
613.3678372910914,VEOC,500,500,3
678.5228929688159,VEOC,500,500,3
3989.2344450844002,VEOC,500,500,3
339.90127870111286,VEOC,500,500,3
128.03853429644616,VEOC,500,500,3
337.29814661085146,VEOC,500,500,3
3980.6028281128374,VEOC,500,500,3
1666.3688567246918,VEOC,500,500,3
177.57328603078406,VEOC,500,500,3
241.38390913015294,VEOC,500,500,3
92.4943245925529,VEOF,500,500,3
2320.7883277322658,VEOF,500,500,3
2140.1631761162507,VEOF,500,500,3
1367.5181723464248,VEOF,500,500,3
278.1860607908907,VEOF,500,500,3
142.14600725350405,VEOF,500,500,3
45.10140683551289,VEOF,500,500,3
56.963821296469334,VEOF,500,500,3
2286.164144018629,VEOF,500,500,3
110.93785087470941,VEOF,500,500,3
2608.007958915556,VEOF,500,500,3
205.51039439865596,VEOF,500,500,3
33.67542384893152,VEOF,500,500,3
784.6264987145225,VEOF,500,500,3
82.51086810948266,VEOF,500,500,3
78.3237836437049,VEOF,500,500,3
221.83038062062215,VEOF,500,500,3
583.3853332452961,VEOF,500,500,3
639.2343095886224,VEOF,500,500,3
203.0696129701262,VEOF,500,500,3
1912.196115261752,VEOF2,500,500,3
2782.8717270834336,VEOF2,500,500,3
1463.4243021988252,VEOF2,500,500,3
1489.0250875555557,VEOF2,500,500,3
2336.053381327955,VEOF2,500,500,3
1221.5396877602818,VEOF2,500,500,3
2029.3940508148899,VEOF2,500,500,3
807.0759702681439,VEOF2,500,500,3
160.59871120195552,VEOF2,500,500,3
1628.5804473698113,VEOF2,500,500,3
382.03087894327297,VEOF2,500,500,3
4448.144804499198,VEOF2,500,500,3
2830.344457000846,VEOF2,500,500,3
1448.3968087147448,VEOF2,500,500,3
2713.804872638889,VEOF2,500,500,3
1712.3523574216365,VEOF2,500,500,3
2088.6484303082652,VEOF2,500,500,3
981.0530919615719,VEOF2,500,500,3
4110.81906790677,VEOF2,500,500,3
1872.260188666736,VEOF2,500,500,3
3027.0518141722864,VEPE,500,500,3
157.36614645691733,VEPE,500,500,3
3556.1668844555666,VEPE,500,500,3
2104.21003880425,VEPE,500,500,3
8016.965807373054,VEPE,500,500,3
63.78202051444625,VEPE,500,500,3
135.16089680915732,VEPE,500,500,3
41.34112084596621,VEPE,500,500,3
5862.751410463033,VEPE,500,500,3
611.1465352788887,VEPE,500,500,3
225.13444954214407,VEPE,500,500,3
42.69291171270401,VEPE,500,500,3
8062.4694742392885,VEPE,500,500,3
4990.386778088958,VEPE,500,500,3
2143.2408544440236,VEPE,500,500,3
341.4723146131183,VEPE,500,500,3
161.22657409962488,VEPE,500,500,3
890.1037804839665,VEPE,500,500,3
35.07048793855289,VEPE,500,500,3
1606.2751124841527,VEPE,500,500,3
189.9308518538222,VEPE2,500,500,3
161.94931514771733,VEPE2,500,500,3
2221.9156012830654,VEPE2,500,500,3
211.10943194154473,VEPE2,500,500,3
5256.554181752598,VEPE2,500,500,3
436.7735667241796,VEPE2,500,500,3
1948.42801367626,VEPE2,500,500,3
1732.6359934424459,VEPE2,500,500,3
3581.4862069720452,VEPE2,500,500,3
227.83759580990403,VEPE2,500,500,3
4609.250218465166,VEPE2,500,500,3
1352.0922226566668,VEPE2,500,500,3
64.66257088306487,VEPE2,500,500,3
230.00461497190403,VEPE2,500,500,3
90.55901235745958,VEPE2,500,500,3
350.67486784693335,VEPE2,500,500,3
1038.5938905676514,VEPE2,500,500,3
2624.5744039941537,VEPE2,500,500,3
152.29167693596264,VEPE2,500,500,3
456.76457381289055,VEPE2,500,500,3
243.20757753877152,VEPE3,500,500,3
236.0421758992995,VEPE3,500,500,3
146.43054474802491,VEPE3,500,500,3
801.0283309627575,VEPE3,500,500,3
1666.762149155811,VEPE3,500,500,3
137.74592947881956,VEPE3,500,500,3
801.6700180354775,VEPE3,500,500,3
187.7780833343999,VEPE3,500,500,3
720.0900610316784,VEPE3,500,500,3
1302.6919107704891,VEPE3,500,500,3
1833.0476328674913,VEPE3,500,500,3
1575.0583212584886,VEPE3,500,500,3
250.35603847893339,VEPE3,500,500,3
747.7827102028515,VEPE3,500,500,3
214.11975591701145,VEPE3,500,500,3
800.4894923544466,VEPE3,500,500,3
3268.7961017366115,VEPE3,500,500,3
191.48092214055828,VEPE3,500,500,3
474.2535857265494,VEPE3,500,500,3
280.05021111039287,VEPE3,500,500,3
4203.7403272086585,VEPH,500,500,3
431.09396240452264,VEPH,500,500,3
2428.464400156265,VEPH,500,500,3
959.7249389735185,VEPH,500,500,3
1836.765653784489,VEPH,500,500,3
163.04001601023285,VEPH,500,500,3
860.5472437048246,VEPH,500,500,3
437.31562762871295,VEPH,500,500,3
4493.855991944932,VEPH,500,500,3
892.9730075971627,VEPH,500,500,3
1911.5635845752736,VEPH,500,500,3
851.0924011638326,VEPH,500,500,3
296.6230406344516,VEPH,500,500,3
88.18389460449954,VEPH,500,500,3
2687.4217957759565,VEPH,500,500,3
3492.8794848678413,VEPH,500,500,3
541.4788153219986,VEPH,500,500,3
3487.1687776775893,VEPH,500,500,3
382.1167201217262,VEPH,500,500,3
393.7078485088694,VEPH,500,500,3
501.7224986239716,VERI2,500,500,3
167.00777934386494,VERI2,500,500,3
190.48284429021152,VERI2,500,500,3
1033.238409330345,VERI2,500,500,3
1044.3653434205796,VERI2,500,500,3
76.88959029262224,VERI2,500,500,3
49.53844465783288,VERI2,500,500,3
759.5537960783931,VERI2,500,500,3
2165.904344480624,VERI2,500,500,3
3652.5393626943132,VERI2,500,500,3
54.19100533247291,VERI2,500,500,3
2335.890395455652,VERI2,500,500,3
206.55904927111828,VERI2,500,500,3
6580.620308510179,VERI2,500,500,3
148.1815523764462,VERI2,500,500,3
121.94384790919827,VERI2,500,500,3
75.99300126433951,VERI2,500,500,3
68.78530263615816,VERI2,500,500,3
98.68283452238936,VERI2,500,500,3
377.40042412253155,VERI2,500,500,3
1166.523597883646,VESC2,500,500,3
94.3012786605795,VESC2,500,500,3
89.96127972681954,VESC2,500,500,3
77.31466219553957,VESC2,500,500,3
39.863878953066674,VESC2,500,500,3
40.07051464274491,VESC2,500,500,3
98.08431806975287,VESC2,500,500,3
141.67358153806936,VESC2,500,500,3
255.09931964987726,VESC2,500,500,3
1162.1596913560963,VESC2,500,500,3
255.1893046691556,VESC2,500,500,3
65.85564492713954,VESC2,500,500,3
861.5855049461317,VESC2,500,500,3
252.9029054275982,VESC2,500,500,3
206.56202731133158,VESC2,500,500,3
206.7012241996729,VESC2,500,500,3
63.60237861528887,VESC2,500,500,3
49.97050881766399,VESC2,500,500,3
80.66757575244621,VESC2,500,500,3
255.53181479364252,VESC2,500,500,3
86.0013376788889,VESE,500,500,3
4634.910350485732,VESE,500,500,3
321.48623726915554,VESE,500,500,3
3666.7994624187463,VESE,500,500,3
971.8695153862384,VESE,500,500,3
476.85077599897625,VESE,500,500,3
216.61594324425968,VESE,500,500,3
1109.7105283724518,VESE,500,500,3
457.9102068831842,VESE,500,500,3
89.25785789862223,VESE,500,500,3
3902.687399036016,VESE,500,500,3
319.5981286160994,VESE,500,500,3
643.0319050768785,VESE,500,500,3
3213.859368541565,VESE,500,500,3
388.104481352505,VESE,500,500,3
74.05967083413155,VESE,500,500,3
241.12533861033953,VESE,500,500,3
3780.594187776666,VESE,500,500,3
1008.2713157251984,VESE,500,500,3
317.7925516458223,VESE,500,500,3
1881.3242184104106,VESI,500,500,3
1334.9604772590862,VESI,500,500,3
172.93746367095292,VESI,500,500,3
6761.668140365305,VESI,500,500,3
563.6385201743626,VESI,500,500,3
150.76638662397153,VESI,500,500,3
551.9852320690327,VESI,500,500,3
128.84870430685152,VESI,500,500,3
54.76438244764265,VESI,500,500,3
114.12072048159287,VESI,500,500,3
208.49267571327817,VESI,500,500,3
1079.3633297587128,VESI,500,500,3
91.00747169002486,VESI,500,500,3
4019.9961880824903,VESI,500,500,3
181.12355596158397,VESI,500,500,3
1182.998615083433,VESI,500,500,3
2154.961807813971,VESI,500,500,3
567.462870037289,VESI,500,500,3
1367.3179564156,VESI,500,500,3
1684.6659336049051,VESI,500,500,3
96.79074480140626,VEST,500,500,3
1900.3808431214065,VEST,500,500,3
269.4211659526383,VEST,500,500,3
204.65190382534925,VEST,500,500,3
159.28400127982223,VEST,500,500,3
1405.3691225311563,VEST,500,500,3
140.3099300660462,VEST,500,500,3
1848.417436871105,VEST,500,500,3
1448.8977927730068,VEST,500,500,3
186.29253032383826,VEST,500,500,3
89.84804358109156,VEST,500,500,3
658.3705011796194,VEST,500,500,3
230.3027822778292,VEST,500,500,3
1633.3882675485593,VEST,500,500,3
1229.1443976500461,VEST,500,500,3
406.5770045815308,VEST,500,500,3
229.8022624073315,VEST,500,500,3
85.8908494574649,VEST,500,500,3
595.519537349104,VEST,500,500,3
3044.134750417913,VEST,500,500,3
3049.3405083473053,VETH,500,500,3
6397.598132784609,VETH,500,500,3
3040.7146046170387,VETH,500,500,3
390.11919548373334,VETH,500,500,3
4236.153464874266,VETH,500,500,3
1810.508111201406,VETH,500,500,3
269.8837843938915,VETH,500,500,3
4142.143679079962,VETH,500,500,3
780.7638661161797,VETH,500,500,3
2013.2650345580635,VETH,500,500,3
3382.8016978949527,VETH,500,500,3
2132.572844054585,VETH,500,500,3
69.69224259555557,VETH,500,500,3
452.97357654039996,VETH,500,500,3
120.80600901495293,VETH,500,500,3
3951.8283339098384,VETH,500,500,3
438.315639177584,VETH,500,500,3
2329.0004566203447,VETH,500,500,3
1574.3920526426868,VETH,500,500,3
373.6894473033315,VETH,500,500,3
863.9488068705264,VEUR,500,500,3
52.874043849272866,VEUR,500,500,3
729.1871215319452,VEUR,500,500,3
489.8391078473795,VEUR,500,500,3
1930.4892172972643,VEUR,500,500,3
992.4295697964787,VEUR,500,500,3
1499.338696623438,VEUR,500,500,3
209.65606786115546,VEUR,500,500,3
294.9180903038222,VEUR,500,500,3
1533.7512114506226,VEUR,500,500,3
264.5230570158774,VEUR,500,500,3
2649.4846557672518,VEUR,500,500,3
140.2212152788889,VEUR,500,500,3
587.5050115682114,VEUR,500,500,3
2493.5550118203446,VEUR,500,500,3
147.24004127295825,VEUR,500,500,3
148.7639472883983,VEUR,500,500,3
1890.9142219664427,VEUR,500,500,3
149.43837990666665,VEUR,500,500,3
478.0673969316247,VEUR,500,500,3
555.4168510655555,VEVI,500,500,3
1437.5801946050112,VEVI,500,500,3
3382.758013463544,VEVI,500,500,3
2729.7534979095312,VEVI,500,500,3
2061.4430312877435,VEVI,500,500,3
4589.9787976251455,VEVI,500,500,3
3026.9579178271556,VEVI,500,500,3
7973.380457142606,VEVI,500,500,3
1394.8961257402032,VEVI,500,500,3
2650.9299409918226,VEVI,500,500,3
1073.0439234619091,VEVI,500,500,3
2011.473408289678,VEVI,500,500,3
4781.41511032729,VEVI,500,500,3
4861.793604575289,VEVI,500,500,3
2639.0859157628515,VEVI,500,500,3
2387.3388998184882,VEVI,500,500,3
3575.1132790235997,VEVI,500,500,3
1516.489934566393,VEVI,500,500,3
5765.428910351354,VEVI,500,500,3
2169.995892003833,VEVI,500,500,3
803.1382222380786,VEVI3,500,500,3
2788.31816963042,VEVI3,500,500,3
312.3029389838222,VEVI3,500,500,3
514.3295807531362,VEVI3,500,500,3
738.5526739418384,VEVI3,500,500,3
489.427218703865,VEVI3,500,500,3
2097.5091229386226,VEVI3,500,500,3
428.8548653303449,VEVI3,500,500,3
1804.9144742672431,VEVI3,500,500,3
1435.4356556769844,VEVI3,500,500,3
351.5471662151039,VEVI3,500,500,3
5469.930623871558,VEVI3,500,500,3
651.8484824863574,VEVI3,500,500,3
2968.4139075025037,VEVI3,500,500,3
5448.570832927358,VEVI3,500,500,3
2663.684599715397,VEVI3,500,500,3
5470.088397158999,VEVI3,500,500,3
3484.71238643882,VEVI3,500,500,3
83.25410217949153,VEVI3,500,500,3
935.2314706130333,VEVI3,500,500,3
4948.844537400319,VEVI4,500,500,3
644.7384826388886,VEVI4,500,500,3
5475.218699781114,VEVI4,500,500,3
591.9510409923627,VEVI4,500,500,3
519.7205965400462,VEVI4,500,500,3
1159.6036046975712,VEVI4,500,500,3
870.7672936812776,VEVI4,500,500,3
392.7313798236,VEVI4,500,500,3
1582.6488017406218,VEVI4,500,500,3
1049.9929942540784,VEVI4,500,500,3
392.57160307847823,VEVI4,500,500,3
1281.0813740072888,VEVI4,500,500,3
473.59001972478404,VEVI4,500,500,3
266.7254702986222,VEVI4,500,500,3
486.3110309094383,VEVI4,500,500,3
2414.3113034930066,VEVI4,500,500,3
742.0505612785705,VEVI4,500,500,3
710.0857260885316,VEVI4,500,500,3
156.76428084705955,VEVI4,500,500,3
250.61459481983817,VEVI4,500,500,3
260.6528473014328,VEWO2,500,500,3
35.76285427212622,VEWO2,500,500,3
99.27623777804615,VEWO2,500,500,3
200.4408455231715,VEWO2,500,500,3
252.73427525638937,VEWO2,500,500,3
379.41215148160006,VEWO2,500,500,3
318.1261959615841,VEWO2,500,500,3
423.14240799177975,VEWO2,500,500,3
25.010668568291546,VEWO2,500,500,3
29.0856721301049,VEWO2,500,500,3
432.6268301366327,VEWO2,500,500,3
354.9159930023661,VEWO2,500,500,3
444.6222214227891,VEWO2,500,500,3
211.02289222314485,VEWO2,500,500,3
439.757905014953,VEWO2,500,500,3
272.98718934876274,VEWO2,500,500,3
1799.2840961716465,VEWO2,500,500,3
82.29610450965158,VEWO2,500,500,3
459.33994273262215,VEWO2,500,500,3
742.7813302364427,VEWO2,500,500,3
154.30835176703295,VIAC,500,500,3
3409.303561215784,VIAC,500,500,3
237.17780411303823,VIAC,500,500,3
564.8941778365707,VIAC,500,500,3
605.5562432068194,VIAC,500,500,3
1228.7341794908998,VIAC,500,500,3
1731.2922825555638,VIAC,500,500,3
270.4655540181173,VIAC,500,500,3
55.77965195721956,VIAC,500,500,3
3185.571193738211,VIAC,500,500,3
101.9111573213795,VIAC,500,500,3
119.02224463888892,VIAC,500,500,3
2054.8147358056362,VIAC,500,500,3
134.072338290544,VIAC,500,500,3
718.4666299269525,VIAC,500,500,3
722.3963727961442,VIAC,500,500,3
470.88739252333323,VIAC,500,500,3
1370.4463208285795,VIAC,500,500,3
293.6229199922559,VIAC,500,500,3
4299.609334789288,VIAC,500,500,3
536.719872219705,VIAD,500,500,3
1996.7108995799447,VIAD,500,500,3
5894.165300837716,VIAD,500,500,3
1176.2034587604894,VIAD,500,500,3
150.41563255658488,VIAD,500,500,3
44.95264374143823,VIAD,500,500,3
191.3030524322116,VIAD,500,500,3
2121.718074751972,VIAD,500,500,3
454.10878384841953,VIAD,500,500,3
605.4916809662508,VIAD,500,500,3
585.5599027732889,VIAD,500,500,3
790.1442673066667,VIAD,500,500,3
2244.728137148579,VIAD,500,500,3
526.1660270030774,VIAD,500,500,3
380.40112356959986,VIAD,500,500,3
1518.6479074352646,VIAD,500,500,3
517.5899875673582,VIAD,500,500,3
117.23869129977597,VIAD,500,500,3
768.4378353257796,VIAD,500,500,3
2489.1483766562055,VIAD,500,500,3
1933.79539060554,VIAE,500,500,3
2406.281291966633,VIAE,500,500,3
534.7554772106224,VIAE,500,500,3
1936.4149491054861,VIAE,500,500,3
674.8828732690773,VIAE,500,500,3
689.7473382755395,VIAE,500,500,3
1101.3618223651556,VIAE,500,500,3
626.2807820517529,VIAE,500,500,3
4588.939643926497,VIAE,500,500,3
254.84050013848864,VIAE,500,500,3
453.29777656831294,VIAE,500,500,3
148.4032225262915,VIAE,500,500,3
1194.203629159664,VIAE,500,500,3
1135.6972872788895,VIAE,500,500,3
1883.0698305777328,VIAE,500,500,3
272.1304310288907,VIAE,500,500,3
155.66646797964626,VIAE,500,500,3
162.4786882496782,VIAE,500,500,3
938.4063696506026,VIAE,500,500,3
340.2862967214063,VIAE,500,500,3
167.93277041970495,VIAF2,500,500,3
12.653618447864888,VIAF2,500,500,3
6047.817701589291,VIAF2,500,500,3
81.00621349094399,VIAF2,500,500,3
185.51564257746497,VIAF2,500,500,3
28.574279043155556,VIAF2,500,500,3
67.12378890662225,VIAF2,500,500,3
131.6468172046915,VIAF2,500,500,3
91.1328090559555,VIAF2,500,500,3
77.16440098444627,VIAF2,500,500,3
2552.55187897002,VIAF2,500,500,3
2438.231651554117,VIAF2,500,500,3
1540.3917058753702,VIAF2,500,500,3
128.09160479945953,VIAF2,500,500,3
134.71743932199817,VIAF2,500,500,3
2540.628315287066,VIAF2,500,500,3
4168.186993321067,VIAF2,500,500,3
1671.579584533886,VIAF2,500,500,3
329.35371464020625,VIAF2,500,500,3
1398.1829517682334,VIAF2,500,500,3
681.4344617939183,VIAG,500,500,3
965.6704665322226,VIAG,500,500,3
255.04241793749165,VIAG,500,500,3
1466.9878642552885,VIAG,500,500,3
2116.5243028875298,VIAG,500,500,3
672.771618144704,VIAG,500,500,3
717.5280574287575,VIAG,500,500,3
153.76672450332268,VIAG,500,500,3
2902.1410889510244,VIAG,500,500,3
317.14356695306657,VIAG,500,500,3
2998.381547756798,VIAG,500,500,3
1361.7667657366596,VIAG,500,500,3
531.4477752763661,VIAG,500,500,3
101.58410645629154,VIAG,500,500,3
4538.090464351288,VIAG,500,500,3
581.6252451058327,VIAG,500,500,3
237.81317745045158,VIAG,500,500,3
294.69213703099734,VIAG,500,500,3
1766.6935821830666,VIAG,500,500,3
763.9679535450379,VIAG,500,500,3
690.6001641215927,VIAL2,500,500,3
105.39638843715555,VIAL2,500,500,3
4748.926550004891,VIAL2,500,500,3
3800.583951205715,VIAL2,500,500,3
1566.560803226731,VIAL2,500,500,3
430.38652920848887,VIAL2,500,500,3
1450.4416535251553,VIAL2,500,500,3
386.72223172959997,VIAL2,500,500,3
2126.217594718149,VIAL2,500,500,3
4248.884075770877,VIAL2,500,500,3
1339.8269057955558,VIAL2,500,500,3
6963.598304315555,VIAL2,500,500,3
4841.228754591543,VIAL2,500,500,3
1161.6401354300426,VIAL2,500,500,3
98.46706401297072,VIAL2,500,500,3
248.61857978572624,VIAL2,500,500,3
11503.411719950676,VIAL2,500,500,3
2622.746899585051,VIAL2,500,500,3
1031.5707765518218,VIAL2,500,500,3
233.35024361804614,VIAL2,500,500,3
1222.8726103581848,VIAM,500,500,3
184.5174407318027,VIAM,500,500,3
553.5302741404001,VIAM,500,500,3
2966.974376737264,VIAM,500,500,3
573.6844910217794,VIAM,500,500,3
538.8700099062827,VIAM,500,500,3
349.7895565538914,VIAM,500,500,3
1988.6520744277047,VIAM,500,500,3
2181.2217113772776,VIAM,500,500,3
3141.298926195704,VIAM,500,500,3
1460.8737694409797,VIAM,500,500,3
47.290331293438214,VIAM,500,500,3
194.8828438004889,VIAM,500,500,3
188.2030015120195,VIAM,500,500,3
177.78768127718402,VIAM,500,500,3
860.0388609102058,VIAM,500,500,3
1178.763130384837,VIAM,500,500,3
132.9775675988889,VIAM,500,500,3
2445.0402782122237,VIAM,500,500,3
79.89751281629152,VIAM,500,500,3
187.14003681079288,VIAR,500,500,3
432.00797746306665,VIAR,500,500,3
265.2316985537707,VIAR,500,500,3
97.89718441939733,VIAR,500,500,3
1405.9677948714025,VIAR,500,500,3
39.594541204179535,VIAR,500,500,3
99.5722687571556,VIAR,500,500,3
292.8238068622222,VIAR,500,500,3
45.39971446356623,VIAR,500,500,3
780.5616790753261,VIAR,500,500,3
216.1589313298773,VIAR,500,500,3
274.90304003373336,VIAR,500,500,3
138.24984393649603,VIAR,500,500,3
108.71481189951825,VIAR,500,500,3
129.50859654911287,VIAR,500,500,3
357.76796523135835,VIAR,500,500,3
8122.989323612264,VIAR,500,500,3
229.88122436605158,VIAR,500,500,3
200.46035752393956,VIAR,500,500,3
525.1271779467661,VIAR,500,500,3
4360.4412378864645,VIAR2,500,500,3
510.23760926782415,VIAR2,500,500,3
5399.022172223139,VIAR2,500,500,3
712.4368440994064,VIAR2,500,500,3
291.34450238452627,VIAR2,500,500,3
7186.541973041595,VIAR2,500,500,3
462.6837305130028,VIAR2,500,500,3
444.7898273681051,VIAR2,500,500,3
569.6588443060461,VIAR2,500,500,3
204.40846702385596,VIAR2,500,500,3
3563.172305883007,VIAR2,500,500,3
475.96665886573317,VIAR2,500,500,3
1764.3823509922831,VIAR2,500,500,3
3225.940102571803,VIAR2,500,500,3
130.03991921618493,VIAR2,500,500,3
296.9087461911307,VIAR2,500,500,3
218.62860003349158,VIAR2,500,500,3
5467.0466078723975,VIAR2,500,500,3
66.1832565983129,VIAR2,500,500,3
748.5278359266912,VIAR2,500,500,3
321.92733279555557,VIBE,500,500,3
274.5205879566223,VIBE,500,500,3
198.7585778994329,VIBE,500,500,3
172.8529109294649,VIBE,500,500,3
242.87511813638935,VIBE,500,500,3
137.1769693866222,VIBE,500,500,3
294.74472137588623,VIBE,500,500,3
674.1541654567183,VIBE,500,500,3
1308.9329167912892,VIBE,500,500,3
901.7082756231663,VIBE,500,500,3
3062.644956014717,VIBE,500,500,3
1084.0596893073052,VIBE,500,500,3
7075.724833414933,VIBE,500,500,3
4282.877280616045,VIBE,500,500,3
3590.197818571162,VIBE,500,500,3
160.02896665612622,VIBE,500,500,3
59.589476739406216,VIBE,500,500,3
3272.153653449371,VIBE,500,500,3
1061.0796923807573,VIBE,500,500,3
1085.7047508392516,VIBE,500,500,3
2926.582947641598,VIBE2,500,500,3
2343.267872972401,VIBE2,500,500,3
610.5327999886221,VIBE2,500,500,3
322.06695979681956,VIBE2,500,500,3
3065.2866522738054,VIBE2,500,500,3
2087.399312203598,VIBE2,500,500,3
3752.4255791538335,VIBE2,500,500,3
1290.7350110195982,VIBE2,500,500,3
106.28446242572622,VIBE2,500,500,3
600.6660813766669,VIBE2,500,500,3
2194.117235654256,VIBE2,500,500,3
2782.4422618724257,VIBE2,500,500,3
108.35424287928888,VIBE2,500,500,3
1275.7613781696784,VIBE2,500,500,3
4054.427627764053,VIBE2,500,500,3
103.27193476937956,VIBE2,500,500,3
180.14230183393954,VIBE2,500,500,3
321.37250613506677,VIBE2,500,500,3
121.94044778887825,VIBE2,500,500,3
1331.7343204394601,VIBE2,500,500,3
554.1240187968781,VIBL,500,500,3
1246.5497648262667,VIBL,500,500,3
546.9094568360375,VIBL,500,500,3
270.3149866654649,VIBL,500,500,3
125.42472279677155,VIBL,500,500,3
58.22045561725155,VIBL,500,500,3
68.36710503701153,VIBL,500,500,3
94.41119186397155,VIBL,500,500,3
1227.5199682421314,VIBL,500,500,3
93.5613564721493,VIBL,500,500,3
81.53374171669158,VIBL,500,500,3
121.83797193514484,VIBL,500,500,3
415.69731239888876,VIBL,500,500,3
676.5894047765318,VIBL,500,500,3
1132.75297191,VIBL,500,500,3
18.87080249201601,VIBL,500,500,3
179.1421084247894,VIBL,500,500,3
224.5595059876907,VIBL,500,500,3
192.34072989781154,VIBL,500,500,3
42.84091329996622,VIBL,500,500,3
234.62248163615303,VIBR,500,500,3
2809.8172950369258,VIBR,500,500,3
2378.635478883811,VIBR,500,500,3
149.74269355807286,VIBR,500,500,3
4040.3605328733697,VIBR,500,500,3
1411.325255810553,VIBR,500,500,3
72.56161982862223,VIBR,500,500,3
152.3811506018115,VIBR,500,500,3
199.86549942540623,VIBR,500,500,3
2573.6510203720513,VIBR,500,500,3
3647.8794080419552,VIBR,500,500,3
221.70278289557152,VIBR,500,500,3
110.91581119509162,VIBR,500,500,3
189.95137028721066,VIBR,500,500,3
232.36064730128885,VIBR,500,500,3
34.75261910115555,VIBR,500,500,3
239.527717605824,VIBR,500,500,3
509.4554393777334,VIBR,500,500,3
599.7860140870383,VIBR,500,500,3
260.6967399999999,VIBR,500,500,3
715.4760659976462,VICA2,500,500,3
238.86755265655287,VICA2,500,500,3
51.166154916344894,VICA2,500,500,3
2046.5236637459843,VICA2,500,500,3
64.64664339569067,VICA2,500,500,3
160.03821063753958,VICA2,500,500,3
738.3006891820784,VICA2,500,500,3
537.1995078751554,VICA2,500,500,3
402.8044231322666,VICA2,500,500,3
575.1624184560195,VICA2,500,500,3
1356.812493684622,VICA2,500,500,3
138.7185376095573,VICA2,500,500,3
1338.1358658056513,VICA2,500,500,3
78.82516154382225,VICA2,500,500,3
519.8629857413048,VICA2,500,500,3
37.80913535486401,VICA2,500,500,3
1135.8134758595393,VICA2,500,500,3
261.60998378935284,VICA2,500,500,3
30.816336412784004,VICA2,500,500,3
989.041118641998,VICA2,500,500,3
4520.34907333329,VICA4,500,500,3
105.52769024511288,VICA4,500,500,3
99.13053603775818,VICA4,500,500,3
1333.9170795455552,VICA4,500,500,3
79.54665314207291,VICA4,500,500,3
391.2183034436249,VICA4,500,500,3
1445.1342489288372,VICA4,500,500,3
425.0240652433333,VICA4,500,500,3
72.078474152896,VICA4,500,500,3
3634.267710206504,VICA4,500,500,3
34.48929869431289,VICA4,500,500,3
823.5898448703128,VICA4,500,500,3
4556.521064847061,VICA4,500,500,3
1093.0749925024995,VICA4,500,500,3
1881.2598291890558,VICA4,500,500,3
55.099154428522695,VICA4,500,500,3
165.13385100157154,VICA4,500,500,3
2791.464487310719,VICA4,500,500,3
574.8621368266223,VICA4,500,500,3
1511.4190364723888,VICA4,500,500,3
806.019676473598,VICI2,500,500,3
148.1157283025849,VICI2,500,500,3
772.0343869758558,VICI2,500,500,3
1663.8269804354559,VICI2,500,500,3
623.190055924558,VICI2,500,500,3
802.0153932444002,VICI2,500,500,3
221.57991965971735,VICI2,500,500,3
123.34954775422406,VICI2,500,500,3
540.1678739455556,VICI2,500,500,3
276.2731997822222,VICI2,500,500,3
769.328569364224,VICI2,500,500,3
522.9507087887359,VICI2,500,500,3
724.9496210531556,VICI2,500,500,3
1538.0672507850236,VICI2,500,500,3
1162.8257484176193,VICI2,500,500,3
1327.223720409172,VICI2,500,500,3
141.72809946919816,VICI2,500,500,3
403.7085355555557,VICI2,500,500,3
372.8416069524888,VICI2,500,500,3
58.04926128518937,VICI2,500,500,3
178.86068166113952,VICR,500,500,3
187.45239540812628,VICR,500,500,3
132.41879708582218,VICR,500,500,3
1499.1524501311553,VICR,500,500,3
689.8969906804886,VICR,500,500,3
5079.245851234773,VICR,500,500,3
18.699063752958228,VICR,500,500,3
1392.652355888638,VICR,500,500,3
484.813994772336,VICR,500,500,3
3146.642105677304,VICR,500,500,3
6646.195726773248,VICR,500,500,3
331.26145447189145,VICR,500,500,3
5498.7473518756915,VICR,500,500,3
1271.9943326955927,VICR,500,500,3
746.7168892802559,VICR,500,500,3
4808.40628288714,VICR,500,500,3
841.2848918958649,VICR,500,500,3
2154.5669788069526,VICR,500,500,3
8033.32899591531,VICR,500,500,3
1130.998416845822,VICR,500,500,3
132.73256931700618,VICU,500,500,3
773.5332704907661,VICU,500,500,3
101.61257450834489,VICU,500,500,3
606.4579311900372,VICU,500,500,3
23.73522366514489,VICU,500,500,3
1884.943129777621,VICU,500,500,3
1406.2967750799623,VICU,500,500,3
109.34319532754493,VICU,500,500,3
36.47134601450492,VICU,500,500,3
80.03338622577598,VICU,500,500,3
2106.982196228544,VICU,500,500,3
40.46283923961601,VICU,500,500,3
102.40141312262935,VICU,500,500,3
43.54255576916622,VICU,500,500,3
177.15084062099734,VICU,500,500,3
173.81773386380615,VICU,500,500,3
76.56676187869155,VICU,500,500,3
1915.8256976937525,VICU,500,500,3
52.36187465938486,VICU,500,500,3
29.971049639992884,VICU,500,500,3
4543.349154431122,VIDE,500,500,3
1736.9840716637802,VIDE,500,500,3
2355.330137852579,VIDE,500,500,3
932.3853598058224,VIDE,500,500,3
586.4305817631574,VIDE,500,500,3
984.3555168585315,VIDE,500,500,3
950.6655043651981,VIDE,500,500,3
1216.4155632991553,VIDE,500,500,3
762.0633636812515,VIDE,500,500,3
2209.243556797849,VIDE,500,500,3
210.52583298128883,VIDE,500,500,3
1211.273759773822,VIDE,500,500,3
1234.6721092293533,VIDE,500,500,3
68.93173807410493,VIDE,500,500,3
856.4292352590774,VIDE,500,500,3
2782.8840329587892,VIDE,500,500,3
858.4023201235179,VIDE,500,500,3
1291.969989057358,VIDE,500,500,3
867.9698813439986,VIDE,500,500,3
670.5858828938221,VIDE,500,500,3
185.35655196902385,VIDI,500,500,3
1616.6934225066668,VIDI,500,500,3
231.9317310229333,VIDI,500,500,3
581.9618450161705,VIDI,500,500,3
1581.9179548073528,VIDI,500,500,3
1637.7381106084238,VIDI,500,500,3
3082.6576621447084,VIDI,500,500,3
1913.6723155278505,VIDI,500,500,3
432.1532809116996,VIDI,500,500,3
37.65338712473599,VIDI,500,500,3
5161.914809953191,VIDI,500,500,3
87.08354158301155,VIDI,500,500,3
2490.015227019519,VIDI,500,500,3
1260.393382018731,VIDI,500,500,3
32.93737403063288,VIDI,500,500,3
105.54058518151821,VIDI,500,500,3
2506.393368176667,VIDI,500,500,3
115.41468713898495,VIDI,500,500,3
3423.3014093396187,VIDI,500,500,3
481.2651496729316,VIDI,500,500,3
158.3912133647929,VIDI80,500,500,3
1456.4108218836463,VIDI80,500,500,3
520.1262386170238,VIDI80,500,500,3
2535.0694710218218,VIDI80,500,500,3
601.617182843333,VIDI80,500,500,3
2633.095631705878,VIDI80,500,500,3
761.438835167273,VIDI80,500,500,3
1411.0716181995447,VIDI80,500,500,3
232.80496010921942,VIDI80,500,500,3
719.0383725589334,VIDI80,500,500,3
961.3434823002383,VIDI80,500,500,3
197.1185556967662,VIDI80,500,500,3
535.0172849642668,VIDI80,500,500,3
166.5144665786596,VIDI80,500,500,3
181.59549116307733,VIDI80,500,500,3
287.9752166237796,VIDI80,500,500,3
585.7078708264889,VIDI80,500,500,3
529.6283928976197,VIDI80,500,500,3
729.9078129072905,VIDI80,500,500,3
4327.22104780305,VIDI80,500,500,3
364.6801080245974,VIED,500,500,3
261.84079594820264,VIED,500,500,3
700.3900458710026,VIED,500,500,3
450.72822922749145,VIED,500,500,3
453.1846566869174,VIED,500,500,3
1104.5139237139838,VIED,500,500,3
1032.6233925706224,VIED,500,500,3
268.0540410923928,VIED,500,500,3
20.612378007864887,VIED,500,500,3
3172.5453175078105,VIED,500,500,3
136.25526163157159,VIED,500,500,3
390.14514612759996,VIED,500,500,3
81.68248596777067,VIED,500,500,3
649.4566959680784,VIED,500,500,3
180.28372872695283,VIED,500,500,3
1162.632453675646,VIED,500,500,3
90.83289073062221,VIED,500,500,3
176.59070041813152,VIED,500,500,3
731.8833796360517,VIED,500,500,3
309.72972731943827,VIED,500,500,3
385.90782641265065,VIFA,500,500,3
196.16023395495816,VIFA,500,500,3
98.93364455423287,VIFA,500,500,3
281.58070552888887,VIFA,500,500,3
689.2862805299133,VIFA,500,500,3
638.1657678888886,VIFA,500,500,3
438.10577822930486,VIFA,500,500,3
163.62852652428626,VIFA,500,500,3
7366.4406432658325,VIFA,500,500,3
1355.5636685162667,VIFA,500,500,3
527.5894767765315,VIFA,500,500,3
380.41802799338507,VIFA,500,500,3
1407.341646710358,VIFA,500,500,3
179.16525179327814,VIFA,500,500,3
518.0230802451184,VIFA,500,500,3
154.72803117906494,VIFA,500,500,3
787.2274659094023,VIFA,500,500,3
279.002374940713,VIFA,500,500,3
433.60476500428626,VIFA,500,500,3
930.4394793797333,VIFA,500,500,3
2008.9090518606913,VIGR,500,500,3
95.45419117684621,VIGR,500,500,3
363.2714401329333,VIGR,500,500,3
5625.9337547595915,VIGR,500,500,3
399.5629173128248,VIGR,500,500,3
52.57384260516268,VIGR,500,500,3
4977.037243445287,VIGR,500,500,3
1433.3919003912245,VIGR,500,500,3
179.74958956782217,VIGR,500,500,3
2894.082807261851,VIGR,500,500,3
401.6569770330293,VIGR,500,500,3
152.10873629836624,VIGR,500,500,3
177.8154036624996,VIGR,500,500,3
238.5626662140996,VIGR,500,500,3
3175.2237951880475,VIGR,500,500,3
209.02260326028622,VIGR,500,500,3
197.39955982534934,VIGR,500,500,3
2899.7456015255457,VIGR,500,500,3
314.3902635030117,VIGR,500,500,3
282.70050110025966,VIGR,500,500,3
144.1979106773263,VIHA2,500,500,3
104.48061935837156,VIHA2,500,500,3
1132.5813565538917,VIHA2,500,500,3
1682.6745718951095,VIHA2,500,500,3
94.45122869759287,VIHA2,500,500,3
409.4131385867665,VIHA2,500,500,3
167.3411920254293,VIHA2,500,500,3
419.6889962171449,VIHA2,500,500,3
1922.6928967109325,VIHA2,500,500,3
1454.9966805853799,VIHA2,500,500,3
468.7161296200373,VIHA2,500,500,3
952.2205589217847,VIHA2,500,500,3
985.7110716640696,VIHA2,500,500,3
1450.5965857800466,VIHA2,500,500,3
488.0827291432372,VIHA2,500,500,3
80.79159705884263,VIHA2,500,500,3
847.3866121454859,VIHA2,500,500,3
1963.1148797454061,VIHA2,500,500,3
1543.000115536339,VIHA2,500,500,3
1102.0963728498064,VIHA2,500,500,3
160.50424633335285,VIHI,500,500,3
228.92005861759992,VIHI,500,500,3
560.8245939531092,VIHI,500,500,3
53.27212784841953,VIHI,500,500,3
203.76030513567292,VIHI,500,500,3
93.43509770268271,VIHI,500,500,3
4248.456373060154,VIHI,500,500,3
724.7391918484195,VIHI,500,500,3
542.1867742047128,VIHI,500,500,3
3545.0149466669445,VIHI,500,500,3
109.82103388756623,VIHI,500,500,3
628.3114505232783,VIHI,500,500,3
311.778958609705,VIHI,500,500,3
60.59099367730489,VIHI,500,500,3
205.9926185555555,VIHI,500,500,3
369.08767331925156,VIHI,500,500,3
83.3328550712889,VIHI,500,500,3
176.74455864233067,VIHI,500,500,3
2642.973216429566,VIHI,500,500,3
208.4089721449227,VIHI,500,500,3
1600.2375050273847,VIHI2,500,500,3
1054.0156015504783,VIHI2,500,500,3
25.34773440903823,VIHI2,500,500,3
2858.937025360206,VIHI2,500,500,3
1134.4138320575994,VIHI2,500,500,3
12.002790088531551,VIHI2,500,500,3
361.47437778128887,VIHI2,500,500,3
34.433977213838226,VIHI2,500,500,3
241.24189403788623,VIHI2,500,500,3
1228.1026375449533,VIHI2,500,500,3
95.53805848233954,VIHI2,500,500,3
1622.8924268918822,VIHI2,500,500,3
86.6731926164889,VIHI2,500,500,3
924.612077066638,VIHI2,500,500,3
90.0495637486862,VIHI2,500,500,3
32.59752929055289,VIHI2,500,500,3
315.24268189862215,VIHI2,500,500,3
286.87861006421144,VIHI2,500,500,3
398.5606544827713,VIHI2,500,500,3
34.8777407104,VIHI2,500,500,3
80.32823999401954,VIHY80,500,500,3
123.81690650879288,VIHY80,500,500,3
349.78382087820603,VIHY80,500,500,3
111.546426351344,VIHY80,500,500,3
260.89369818225066,VIHY80,500,500,3
38.67164932973335,VIHY80,500,500,3
82.4905181501849,VIHY80,500,500,3
902.7747702292887,VIHY80,500,500,3
189.81841409191816,VIHY80,500,500,3
138.4515902463983,VIHY80,500,500,3
237.64328595700613,VIHY80,500,500,3
299.0149782839181,VIHY80,500,500,3
1736.8967097190673,VIHY80,500,500,3
843.335196242233,VIHY80,500,500,3
1150.4475331376905,VIHY80,500,500,3
71.70568982026667,VIHY80,500,500,3
38.21396636095822,VIHY80,500,500,3
75.34392060478402,VIHY80,500,500,3
174.59423059316615,VIHY80,500,500,3
189.13510224848886,VIHY80,500,500,3
292.0651333912729,VILA,500,500,3
560.6888153649495,VILA,500,500,3
275.4623362150667,VILA,500,500,3
2419.9991832318224,VILA,500,500,3
6107.252315431465,VILA,500,500,3
106.11720653001952,VILA,500,500,3
107.0905653104,VILA,500,500,3
274.59010310049973,VILA,500,500,3
4237.661981252437,VILA,500,500,3
903.6769888268517,VILA,500,500,3
3385.4745807283116,VILA,500,500,3
215.38945148295832,VILA,500,500,3
409.3521047857332,VILA,500,500,3
368.401823861744,VILA,500,500,3
3351.905969542469,VILA,500,500,3
372.9354648839395,VILA,500,500,3
289.6164632882916,VILA,500,500,3
3558.6045375576164,VILA,500,500,3
641.3069605376693,VILA,500,500,3
3195.761552492713,VILA,500,500,3
66.81729562513065,VILA10,500,500,3
80.46051951186489,VILA10,500,500,3
1166.1514650212248,VILA10,500,500,3
329.1589561724516,VILA10,500,500,3
153.5221769963929,VILA10,500,500,3
67.15196521129957,VILA10,500,500,3
150.56032050054935,VILA10,500,500,3
63.32631167737604,VILA10,500,500,3
70.88002745240001,VILA10,500,500,3
134.99150004255287,VILA10,500,500,3
307.81035160725145,VILA10,500,500,3
463.38871586161605,VILA10,500,500,3
4625.740764404793,VILA10,500,500,3
247.33423465226647,VILA10,500,500,3
2760.3808075944507,VILA10,500,500,3
2382.0404558579185,VILA10,500,500,3
386.5057527215716,VILA10,500,500,3
72.55341833489065,VILA10,500,500,3
238.01629557333342,VILA10,500,500,3
431.526912803056,VILA10,500,500,3
166.59588795783824,VILA11,500,500,3
2544.170240464718,VILA11,500,500,3
1674.593189456953,VILA11,500,500,3
21.887530188622225,VILA11,500,500,3
231.2255526299716,VILA11,500,500,3
58.58773996287288,VILA11,500,500,3
3410.1713743626206,VILA11,500,500,3
4074.958363981197,VILA11,500,500,3
6563.370030931271,VILA11,500,500,3
3734.4627752488886,VILA11,500,500,3
58.666811131376036,VILA11,500,500,3
2645.711737998277,VILA11,500,500,3
620.2745779178224,VILA11,500,500,3
50.190402690686234,VILA11,500,500,3
79.01124222633958,VILA11,500,500,3
768.968314725118,VILA11,500,500,3
258.42787082709157,VILA11,500,500,3
572.4844086193046,VILA11,500,500,3
352.46175325385957,VILA11,500,500,3
39.6643400765849,VILA11,500,500,3
105.99576647948625,VILA2,500,500,3
2880.3515734752427,VILA2,500,500,3
2272.315801390632,VILA2,500,500,3
279.6535981564995,VILA2,500,500,3
1763.6363962618298,VILA2,500,500,3
248.83693752302923,VILA2,500,500,3
1671.567382576667,VILA2,500,500,3
591.5679291872995,VILA2,500,500,3
84.38119972402484,VILA2,500,500,3
1895.5519508875357,VILA2,500,500,3
620.8659332782651,VILA2,500,500,3
287.147715246576,VILA2,500,500,3
2018.030396700046,VILA2,500,500,3
635.4228252266224,VILA2,500,500,3
546.0880919942239,VILA2,500,500,3
175.37667156263825,VILA2,500,500,3
954.0211412716778,VILA2,500,500,3
1456.2979698026218,VILA2,500,500,3
176.36066544980628,VILA2,500,500,3
160.3393487982862,VILA2,500,500,3
64.64260251078936,VILA4,500,500,3
121.73671373779727,VILA4,500,500,3
91.83055104221154,VILA4,500,500,3
512.8818776838241,VILA4,500,500,3
2448.875414162425,VILA4,500,500,3
1077.5548108150597,VILA4,500,500,3
360.0924183376196,VILA4,500,500,3
1885.1983650833326,VILA4,500,500,3
52.61829494663824,VILA4,500,500,3
376.1254609257227,VILA4,500,500,3
99.00994042465955,VILA4,500,500,3
417.11369157141155,VILA4,500,500,3
68.37594067615287,VILA4,500,500,3
175.3735287381315,VILA4,500,500,3
94.92951192601599,VILA4,500,500,3
485.7656483413173,VILA4,500,500,3
1084.607006578331,VILA4,500,500,3
390.109315481385,VILA4,500,500,3
1331.875344798889,VILA4,500,500,3
82.1893954764729,VILA4,500,500,3
212.50915140743828,VILA8,500,500,3
292.4480706342665,VILA8,500,500,3
1048.3186188792893,VILA8,500,500,3
36.523346397992896,VILA8,500,500,3
496.8375797618914,VILA8,500,500,3
217.72596212663285,VILA8,500,500,3
2603.1283745342866,VILA8,500,500,3
178.72241728681956,VILA8,500,500,3
1057.994537741305,VILA8,500,500,3
283.49406453290476,VILA8,500,500,3
610.205877872425,VILA8,500,500,3
700.2423032217583,VILA8,500,500,3
1194.6519066038325,VILA8,500,500,3
648.1273330744248,VILA8,500,500,3
736.1392780590648,VILA8,500,500,3
2801.124086805155,VILA8,500,500,3
3663.743712219589,VILA8,500,500,3
521.574164679678,VILA8,500,500,3
674.3753994170597,VILA8,500,500,3
885.5084753656729,VILA8,500,500,3
210.94792420306487,VILE,500,500,3
551.1453430947392,VILE,500,500,3
379.20579417383846,VILE,500,500,3
225.9953573030667,VILE,500,500,3
6730.5561921173185,VILE,500,500,3
672.9745779899094,VILE,500,500,3
456.9972964806242,VILE,500,500,3
179.01113842328886,VILE,500,500,3
58.599066225770684,VILE,500,500,3
327.09317780973316,VILE,500,500,3
520.8538018095718,VILE,500,500,3
3180.6062525038064,VILE,500,500,3
1063.1237572205498,VILE,500,500,3
194.31989079888888,VILE,500,500,3
213.44182893481957,VILE,500,500,3
6562.859126941803,VILE,500,500,3
249.5384251848515,VILE,500,500,3
123.99043042572626,VILE,500,500,3
79.07592782648892,VILE,500,500,3
150.27442101801068,VILE,500,500,3
3576.6514351350306,VILU,500,500,3
944.3209229415096,VILU,500,500,3
466.75815076051737,VILU,500,500,3
86.1044902570667,VILU,500,500,3
405.88883036426665,VILU,500,500,3
513.5093563574594,VILU,500,500,3
174.4143353797334,VILU,500,500,3
7.6888093724728845,VILU,500,500,3
811.4333570835838,VILU,500,500,3
170.64870310655294,VILU,500,500,3
35.695986910064015,VILU,500,500,3
322.3289390405973,VILU,500,500,3
405.9564250846559,VILU,500,500,3
28.048527088611543,VILU,500,500,3
208.75605952848883,VILU,500,500,3
222.69700369577956,VILU,500,500,3
66.78521728951289,VILU,500,500,3
236.98852266595557,VILU,500,500,3
609.6179935803999,VILU,500,500,3
200.7184918052249,VILU,500,500,3
1175.475503992659,VILU2,500,500,3
24.084149514622226,VILU2,500,500,3
1065.9493597630506,VILU2,500,500,3
175.6029703992889,VILU2,500,500,3
248.21129463577606,VILU2,500,500,3
336.7301727955553,VILU2,500,500,3
486.50385878527294,VILU2,500,500,3
592.1542803766025,VILU2,500,500,3
68.29833364791288,VILU2,500,500,3
67.32190267732621,VILU2,500,500,3
135.730648835056,VILU2,500,500,3
135.02779326711288,VILU2,500,500,3
526.8657105526028,VILU2,500,500,3
529.6830926804695,VILU2,500,500,3
45.017788375544875,VILU2,500,500,3
39.236989187918226,VILU2,500,500,3
4774.875477109647,VILU2,500,500,3
2054.150695777705,VILU2,500,500,3
87.67061771826492,VILU2,500,500,3
238.24285755153073,VILU2,500,500,3
256.78442423306655,VILU3,500,500,3
895.8955569499717,VILU3,500,500,3
53.81462415495822,VILU3,500,500,3
159.26585407715555,VILU3,500,500,3
159.89804271325156,VILU3,500,500,3
620.8206169171553,VILU3,500,500,3
7784.569152569961,VILU3,500,500,3
1509.2691441001527,VILU3,500,500,3
591.3911620527626,VILU3,500,500,3
2350.009424135567,VILU3,500,500,3
167.61556681460624,VILU3,500,500,3
125.95385665620623,VILU3,500,500,3
55.93177688177067,VILU3,500,500,3
111.23803180639999,VILU3,500,500,3
716.440749280704,VILU3,500,500,3
675.6231774250668,VILU3,500,500,3
391.4025399572889,VILU3,500,500,3
814.0846283455554,VILU3,500,500,3
59.58787769158933,VILU3,500,500,3
302.8079906238862,VILU3,500,500,3
197.50064570862222,VIMA,500,500,3
3709.265807537776,VIMA,500,500,3
393.52276814915535,VIMA,500,500,3
1475.4328345181582,VIMA,500,500,3
549.6294289820427,VIMA,500,500,3
1795.5463173166781,VIMA,500,500,3
1363.3006390833334,VIMA,500,500,3
3270.532704435625,VIMA,500,500,3
201.62564514388626,VIMA,500,500,3
1272.3120521864246,VIMA,500,500,3
1029.9212676697584,VIMA,500,500,3
593.8563136318859,VIMA,500,500,3
1217.2650328505583,VIMA,500,500,3
3651.0545521020495,VIMA,500,500,3
1099.9747696393226,VIMA,500,500,3
923.5323932213314,VIMA,500,500,3
1110.7641316919303,VIMA,500,500,3
488.1279075444889,VIMA,500,500,3
1025.5493562205704,VIMA,500,500,3
1882.0063308842605,VIMA,500,500,3
1187.7975681151358,VIMA2,500,500,3
1577.8617217914295,VIMA2,500,500,3
90.65754303698488,VIMA2,500,500,3
137.5772953297849,VIMA2,500,500,3
54.96656786932623,VIMA2,500,500,3
221.9275383500783,VIMA2,500,500,3
189.93839612795549,VIMA2,500,500,3
656.2837451848515,VIMA2,500,500,3
695.9490936967396,VIMA2,500,500,3
3238.9334749972886,VIMA2,500,500,3
1272.0445015346058,VIMA2,500,500,3
246.5930656315999,VIMA2,500,500,3
628.9627476595982,VIMA2,500,500,3
145.59002500414402,VIMA2,500,500,3
155.90037409191828,VIMA2,500,500,3
49.29980155153069,VIMA2,500,500,3
132.1323584160693,VIMA2,500,500,3
60.69617382761064,VIMA2,500,500,3
1684.4788397798322,VIMA2,500,500,3
2076.733745980869,VIMA2,500,500,3
3193.8761957077336,VIMA3,500,500,3
1314.4041785715897,VIMA3,500,500,3
696.146378097145,VIMA3,500,500,3
1301.5602683963098,VIMA3,500,500,3
1929.8191969352522,VIMA3,500,500,3
4141.542947127865,VIMA3,500,500,3
2255.012797329571,VIMA3,500,500,3
1024.4478225404425,VIMA3,500,500,3
166.7355514854329,VIMA3,500,500,3
143.67373965375822,VIMA3,500,500,3
117.79160678378487,VIMA3,500,500,3
2637.838713583145,VIMA3,500,500,3
803.8480882909585,VIMA3,500,500,3
464.43416810706486,VIMA3,500,500,3
965.788501985136,VIMA3,500,500,3
90.83231043425957,VIMA3,500,500,3
1206.7366690070028,VIMA3,500,500,3
143.27624514154485,VIMA3,500,500,3
2593.549183378843,VIMA3,500,500,3
714.7157545519717,VIMA3,500,500,3
2243.902859425406,VIMI,500,500,3
282.2597890943715,VIMI,500,500,3
160.1910789530862,VIMI,500,500,3
67.24985059412623,VIMI,500,500,3
456.3020641084,VIMI,500,500,3
261.4582763323716,VIMI,500,500,3
32.36395308333332,VIMI,500,500,3
56.125327930304,VIMI,500,500,3
97.20201377961958,VIMI,500,500,3
272.95248203084617,VIMI,500,500,3
55.372555601832914,VIMI,500,500,3
39.202942810446224,VIMI,500,500,3
120.92278979306494,VIMI,500,500,3
35.51225773479824,VIMI,500,500,3
83.4036680184889,VIMI,500,500,3
4341.189488863954,VIMI,500,500,3
273.8525484688427,VIMI,500,500,3
154.4634534993849,VIMI,500,500,3
221.66070120902396,VIMI,500,500,3
53.77773183462224,VIMI,500,500,3
521.5919991299129,VIMI2,500,500,3
881.370002322489,VIMI2,500,500,3
1450.000076579824,VIMI2,500,500,3
1118.311473616923,VIMI2,500,500,3
224.11218723014392,VIMI2,500,500,3
1423.6862963268193,VIMI2,500,500,3
2909.6784720540377,VIMI2,500,500,3
1873.5946580650655,VIMI2,500,500,3
465.8071508069761,VIMI2,500,500,3
96.44401709077158,VIMI2,500,500,3
422.48437495146464,VIMI2,500,500,3
599.8093773028105,VIMI2,500,500,3
182.30558375395557,VIMI2,500,500,3
2319.0921537649697,VIMI2,500,500,3
444.31925139555557,VIMI2,500,500,3
1001.4364996622222,VIMI2,500,500,3
203.07529825791295,VIMI2,500,500,3
1028.1968294583182,VIMI2,500,500,3
257.32796214441953,VIMI2,500,500,3
1373.2180481939035,VIMI2,500,500,3
109.47241680329958,VIMI3,500,500,3
69.05587847423827,VIMI3,500,500,3
459.85520240699736,VIMI3,500,500,3
299.8477543103715,VIMI3,500,500,3
479.9766182271556,VIMI3,500,500,3
1373.1167227178223,VIMI3,500,500,3
145.9726894536249,VIMI3,500,500,3
63.57496093559289,VIMI3,500,500,3
3494.786683662932,VIMI3,500,500,3
34.80654143172268,VIMI3,500,500,3
2705.5629962030657,VIMI3,500,500,3
187.96097307391292,VIMI3,500,500,3
127.60330916027735,VIMI3,500,500,3
433.718536179696,VIMI3,500,500,3
60.448327999992884,VIMI3,500,500,3
5435.497865555155,VIMI3,500,500,3
1170.2057357545798,VIMI3,500,500,3
4001.579532306557,VIMI3,500,500,3
92.23949212885151,VIMI3,500,500,3
1435.3848504657053,VIMI3,500,500,3
56.914805336398224,VINA,500,500,3
880.4469664069526,VINA,500,500,3
188.69449431210487,VINA,500,500,3
2224.603497154686,VINA,500,500,3
445.79134719783815,VINA,500,500,3
374.99910532833957,VINA,500,500,3
215.49806488345618,VINA,500,500,3
343.3036076736692,VINA,500,500,3
177.34138645246398,VINA,500,500,3
474.3409884839093,VINA,500,500,3
139.86212503448894,VINA,500,500,3
338.8852860347716,VINA,500,500,3
1032.202624843333,VINA,500,500,3
618.7925915906116,VINA,500,500,3
2120.6385630400005,VINA,500,500,3
629.9492027562666,VINA,500,500,3
251.42851513633963,VINA,500,500,3
459.2797091909335,VINA,500,500,3
486.7088388758026,VINA,500,500,3
238.7475120348995,VINA,500,500,3
978.3920033617848,VINE,500,500,3
336.539565176064,VINE,500,500,3
6141.685004845779,VINE,500,500,3
50.24053313083732,VINE,500,500,3
844.2411770912688,VINE,500,500,3
154.598114182896,VINE,500,500,3
73.11018639358402,VINE,500,500,3
34.079371785939564,VINE,500,500,3
705.5918383892888,VINE,500,500,3
228.07519765409947,VINE,500,500,3
1490.6466946615187,VINE,500,500,3
191.03988357452627,VINE,500,500,3
279.4405069224889,VINE,500,500,3
355.1996063697849,VINE,500,500,3
404.62183853428644,VINE,500,500,3
1156.657151808739,VINE,500,500,3
148.74790165516623,VINE,500,500,3
283.72623021561606,VINE,500,500,3
661.6033706916907,VINE,500,500,3
845.519802655289,VINE,500,500,3
1180.7083622155305,VINI81,500,500,3
51.540912152488886,VINI81,500,500,3
330.0928996122666,VINI81,500,500,3
80.406471821936,VINI81,500,500,3
139.77178223103823,VINI81,500,500,3
100.80340093559293,VINI81,500,500,3
2378.65591672809,VINI81,500,500,3
500.40607965684626,VINI81,500,500,3
124.69803589262217,VINI81,500,500,3
115.48259866367829,VINI81,500,500,3
104.58086820306492,VINI81,500,500,3
57.33110287357155,VINI81,500,500,3
114.44662785973328,VINI81,500,500,3
99.234379903936,VINI81,500,500,3
331.29486188492615,VINI81,500,500,3
567.6956490961845,VINI81,500,500,3
94.2193786388889,VINI81,500,500,3
471.32422511927297,VINI81,500,500,3
445.456829239289,VINI81,500,500,3
223.99367592673948,VINI81,500,500,3
85.95383407223288,VINO,500,500,3
8.088221333219558,VINO,500,500,3
1039.964349636933,VINO,500,500,3
49.70704924172621,VINO,500,500,3
62.958905198888885,VINO,500,500,3
2451.884810255353,VINO,500,500,3
51.62595931195556,VINO,500,500,3
151.32567556437155,VINO,500,500,3
89.28924161614933,VINO,500,500,3
31.554074664846222,VINO,500,500,3
2227.0503445341224,VINO,500,500,3
138.3783474324889,VINO,500,500,3
12.50256665500267,VINO,500,500,3
1362.7250337146857,VINO,500,500,3
17.829126915555555,VINO,500,500,3
130.17034383135285,VINO,500,500,3
861.90892914786,VINO,500,500,3
226.47480982894936,VINO,500,500,3
45.93833470343823,VINO,500,500,3
1777.9114204492728,VINO,500,500,3
596.2157391350329,VINU,500,500,3
615.8984790851982,VINU,500,500,3
330.7471666228462,VINU,500,500,3
498.91910822194495,VINU,500,500,3
1480.4946421649047,VINU,500,500,3
163.88788387014944,VINU,500,500,3
2110.678011841678,VINU,500,500,3
5719.178590762488,VINU,500,500,3
475.18148282862256,VINU,500,500,3
2630.6837224968253,VINU,500,500,3
1142.4641105520195,VINU,500,500,3
2404.410344138863,VINU,500,500,3
89.20405177666669,VINU,500,500,3
547.2378566496993,VINU,500,500,3
2283.350953844677,VINU,500,500,3
412.33206417436276,VINU,500,500,3
235.01538866494406,VINU,500,500,3
3149.7071944064005,VINU,500,500,3
611.421297875113,VINU,500,500,3
4854.445479304488,VINU,500,500,3
2352.9588464115977,VINU2,500,500,3
3727.563940472531,VINU2,500,500,3
4779.934834039238,VINU2,500,500,3
1417.954068137584,VINU2,500,500,3
2994.4732303030028,VINU2,500,500,3
1996.2812930452894,VINU2,500,500,3
1091.2108379740728,VINU2,500,500,3
483.1555339992729,VINU2,500,500,3
299.475722607785,VINU2,500,500,3
648.292941600425,VINU2,500,500,3
532.2606836623929,VINU2,500,500,3
2126.744694280305,VINU2,500,500,3
1231.11104871,VINU2,500,500,3
508.06938035693327,VINU2,500,500,3
1969.752896303358,VINU2,500,500,3
238.6678765614916,VINU2,500,500,3
1069.048731504766,VINU2,500,500,3
678.2226539110118,VINU2,500,500,3
396.3398048730862,VINU2,500,500,3
1359.9369070420694,VINU2,500,500,3
276.62084887888886,VIOD,500,500,3
1574.3756000028152,VIOD,500,500,3
1539.5051493295712,VIOD,500,500,3
1663.7735547940956,VIOD,500,500,3
153.36998798186485,VIOD,500,500,3
1224.686916415557,VIOD,500,500,3
126.38413961198935,VIOD,500,500,3
887.1447604392888,VIOD,500,500,3
647.5420565212994,VIOD,500,500,3
1078.7848264473528,VIOD,500,500,3
105.40787041062218,VIOD,500,500,3
505.8979619112105,VIOD,500,500,3
2496.111139981438,VIOD,500,500,3
2342.440291224576,VIOD,500,500,3
868.6033953714326,VIOD,500,500,3
378.86967128106664,VIOD,500,500,3
87.85095339515553,VIOD,500,500,3
3284.1971724756686,VIOD,500,500,3
2641.4726909641795,VIOD,500,500,3
479.06101982751284,VIOD,500,500,3
331.46816450884256,VIOP,500,500,3
5853.072925711599,VIOP,500,500,3
49.182574357530676,VIOP,500,500,3
193.53344360183294,VIOP,500,500,3
117.28347666619736,VIOP,500,500,3
1857.3166432511978,VIOP,500,500,3
227.90320739555548,VIOP,500,500,3
851.3715026423312,VIOP,500,500,3
2745.0460542694327,VIOP,500,500,3
199.74259142240004,VIOP,500,500,3
3794.0303636666845,VIOP,500,500,3
3315.733287436371,VIOP,500,500,3
5435.421429962307,VIOP,500,500,3
179.91612167730486,VIOP,500,500,3
100.95616927807826,VIOP,500,500,3
96.47163993981157,VIOP,500,500,3
3817.6875211569327,VIOP,500,500,3
582.355750593406,VIOP,500,500,3
435.7304165424195,VIOP,500,500,3
161.92000024379735,VIOP,500,500,3
2283.342379032718,VIPA18,500,500,3
645.1738206674773,VIPA18,500,500,3
1269.1273456846218,VIPA18,500,500,3
79.40875475681958,VIPA18,500,500,3
190.67292988407286,VIPA18,500,500,3
252.2960299624374,VIPA18,500,500,3
66.22054650666666,VIPA18,500,500,3
113.78531173572266,VIPA18,500,500,3
1695.3209918665323,VIPA18,500,500,3
274.1779253016463,VIPA18,500,500,3
86.70426558660267,VIPA18,500,500,3
199.00750595492266,VIPA18,500,500,3
363.03497008706665,VIPA18,500,500,3
177.0708802378222,VIPA18,500,500,3
1903.3578191773847,VIPA18,500,500,3
304.0968067326222,VIPA18,500,500,3
710.2618846935449,VIPA18,500,500,3
32.27688219698488,VIPA18,500,500,3
659.7261847676426,VIPA18,500,500,3
112.62831325034487,VIPA18,500,500,3
247.41945685275732,VIPA2,500,500,3
116.30190029826664,VIPA2,500,500,3
94.5918218655555,VIPA2,500,500,3
3930.1414277080466,VIPA2,500,500,3
336.32227381111306,VIPA2,500,500,3
302.67969248201956,VIPA2,500,500,3
4661.279243877033,VIPA2,500,500,3
101.78501140401602,VIPA2,500,500,3
3927.3833260073784,VIPA2,500,500,3
132.32531724413155,VIPA2,500,500,3
93.62223857052267,VIPA2,500,500,3
142.4310088746595,VIPA2,500,500,3
193.1421901832515,VIPA2,500,500,3
166.90472799769594,VIPA2,500,500,3
45.82443392277156,VIPA2,500,500,3
165.65021459182228,VIPA2,500,500,3
145.93774739989144,VIPA2,500,500,3
419.1344475350597,VIPA2,500,500,3
674.5378515498222,VIPA2,500,500,3
266.0634058366222,VIPA2,500,500,3
1583.734279297904,VIPA4,500,500,3
65.83994719555557,VIPA4,500,500,3
872.7888969089262,VIPA4,500,500,3
1822.7036037379976,VIPA4,500,500,3
67.82729718151823,VIPA4,500,500,3
295.14184556423817,VIPA4,500,500,3
1079.7769100295893,VIPA4,500,500,3
2515.1133099408194,VIPA4,500,500,3
116.25341400298488,VIPA4,500,500,3
148.10062144253152,VIPA4,500,500,3
107.05024892443727,VIPA4,500,500,3
1315.4966905791557,VIPA4,500,500,3
201.83269244498499,VIPA4,500,500,3
542.4815125796906,VIPA4,500,500,3
1525.2486523619552,VIPA4,500,500,3
1244.2822781120788,VIPA4,500,500,3
167.68067212333335,VIPA4,500,500,3
3965.88978089954,VIPA4,500,500,3
1423.296407965424,VIPA4,500,500,3
195.22474716094402,VIPA4,500,500,3
74.40704776865954,VIPE,500,500,3
3219.113784248817,VIPE,500,500,3
3815.9289561040905,VIPE,500,500,3
398.14649562353605,VIPE,500,500,3
3697.8375159419716,VIPE,500,500,3
1727.2028451978222,VIPE,500,500,3
2331.7734675455554,VIPE,500,500,3
4017.131782028791,VIPE,500,500,3
465.50572397041606,VIPE,500,500,3
1244.5723153678223,VIPE,500,500,3
2391.834542887379,VIPE,500,500,3
310.52030262395556,VIPE,500,500,3
3112.0516094719933,VIPE,500,500,3
545.649526805033,VIPE,500,500,3
2857.4767731100737,VIPE,500,500,3
3895.5258092794597,VIPE,500,500,3
452.9002390742595,VIPE,500,500,3
65.513275928176,VIPE,500,500,3
229.30414932251736,VIPE,500,500,3
370.9320719084373,VIPE,500,500,3
166.68408240567285,VIPE2,500,500,3
783.141056163824,VIPE2,500,500,3
695.4550650392727,VIPE2,500,500,3
29.986871948622213,VIPE2,500,500,3
2143.82981586577,VIPE2,500,500,3
358.0339759412889,VIPE2,500,500,3
1583.2398971546857,VIPE2,500,500,3
1736.6708827967707,VIPE2,500,500,3
2733.5302322208427,VIPE2,500,500,3
920.3490682379303,VIPE2,500,500,3
168.03204002662227,VIPE2,500,500,3
958.9248049277847,VIPE2,500,500,3
4210.19292901649,VIPE2,500,500,3
1025.1438636296512,VIPE2,500,500,3
3111.155424767822,VIPE2,500,500,3
827.5963256715095,VIPE2,500,500,3
1571.0872253831892,VIPE2,500,500,3
3743.059209261732,VIPE2,500,500,3
4537.325520325092,VIPE2,500,500,3
3005.414447025488,VIPE2,500,500,3
814.9737204658916,VIPE80,500,500,3
235.89901319593946,VIPE80,500,500,3
149.23714074759826,VIPE80,500,500,3
42.68996982928887,VIPE80,500,500,3
24.776952528126234,VIPE80,500,500,3
74.93042370695822,VIPE80,500,500,3
89.25852793716622,VIPE80,500,500,3
60.57402301887822,VIPE80,500,500,3
274.6557587443182,VIPE80,500,500,3
610.0176239145533,VIPE80,500,500,3
160.34297883831294,VIPE80,500,500,3
443.98044171728895,VIPE80,500,500,3
62.26245246222225,VIPE80,500,500,3
86.9951067894329,VIPE80,500,500,3
186.53730608906667,VIPE80,500,500,3
112.71756976767823,VIPE80,500,500,3
29.056438236415996,VIPE80,500,500,3
637.4586087193582,VIPE80,500,500,3
35.15185553777066,VIPE80,500,500,3
102.47929147582398,VIPE80,500,500,3
123.18459666538493,VIPL,500,500,3
240.11266797222234,VIPL,500,500,3
1046.223552798889,VIPL,500,500,3
294.5571590993049,VIPL,500,500,3
1797.9870117226212,VIPL,500,500,3
560.2263269622596,VIPL,500,500,3
1150.1801872101262,VIPL,500,500,3
609.1814595282775,VIPL,500,500,3
917.6975319566221,VIPL,500,500,3
1082.4942788848634,VIPL,500,500,3
1276.1197035458567,VIPL,500,500,3
971.5227858202667,VIPL,500,500,3
1225.1367716287127,VIPL,500,500,3
3440.6117364670536,VIPL,500,500,3
1162.4701560720785,VIPL,500,500,3
1365.447194857066,VIPL,500,500,3
4186.539083632919,VIPL,500,500,3
409.52503295137944,VIPL,500,500,3
367.220525294393,VIPL,500,500,3
433.6372240643129,VIPL,500,500,3
4704.852109045649,VIPR,500,500,3
647.6590170643184,VIPR,500,500,3
182.5274550711306,VIPR,500,500,3
861.0989036825531,VIPR,500,500,3
166.96870854775304,VIPR,500,500,3
198.85491733298485,VIPR,500,500,3
176.3916679571183,VIPR,500,500,3
655.2862297560107,VIPR,500,500,3
303.42801507740273,VIPR,500,500,3
1451.5637463284884,VIPR,500,500,3
98.9387490466062,VIPR,500,500,3
338.80465163295275,VIPR,500,500,3
1894.7852185215718,VIPR,500,500,3
318.36340202802484,VIPR,500,500,3
340.07634385804636,VIPR,500,500,3
431.32927478180284,VIPR,500,500,3
110.55137308731734,VIPR,500,500,3
336.41007275878405,VIPR,500,500,3
2725.7254320580214,VIPR,500,500,3
566.0144292607931,VIPR,500,500,3
25.77276392234489,VIPU3,500,500,3
796.1227694478503,VIPU3,500,500,3
125.82414930773335,VIPU3,500,500,3
154.37687599537597,VIPU3,500,500,3
568.5156048172372,VIPU3,500,500,3
229.15739327487293,VIPU3,500,500,3
242.18674645596275,VIPU3,500,500,3
442.59441864191285,VIPU3,500,500,3
83.20757115773159,VIPU3,500,500,3
203.64016977048885,VIPU3,500,500,3
113.67792221693162,VIPU3,500,500,3
142.4318001738507,VIPU3,500,500,3
100.67763785185961,VIPU3,500,500,3
766.0418274178775,VIPU3,500,500,3
2753.2726164667088,VIPU3,500,500,3
123.7866778367129,VIPU3,500,500,3
42.975953528064,VIPU3,500,500,3
90.78801337109155,VIPU3,500,500,3
1111.8320656366866,VIPU3,500,500,3
174.00340641399285,VIPU3,500,500,3
1667.832871659006,VIPU4,500,500,3
3211.4487545651145,VIPU4,500,500,3
71.830465705984,VIPU4,500,500,3
3079.4533741424902,VIPU4,500,500,3
242.31736133333357,VIPU4,500,500,3
1957.0176163732885,VIPU4,500,500,3
2602.677004701353,VIPU4,500,500,3
514.1088131461047,VIPU4,500,500,3
441.0590162771554,VIPU4,500,500,3
2954.432944884178,VIPU4,500,500,3
1189.2881032626913,VIPU4,500,500,3
255.66098387639283,VIPU4,500,500,3
453.19370245048873,VIPU4,500,500,3
290.93615204946497,VIPU4,500,500,3
1001.900963822073,VIPU4,500,500,3
1857.0373083950647,VIPU4,500,500,3
1229.7046468527715,VIPU4,500,500,3
521.7180816702866,VIPU4,500,500,3
1039.9584355679128,VIPU4,500,500,3
4952.8871068177,VIPU4,500,500,3
937.1327623256107,VIRA,500,500,3
406.6606239040781,VIRA,500,500,3
528.4474384098913,VIRA,500,500,3
270.6273826405261,VIRA,500,500,3
110.0130145651182,VIRA,500,500,3
2301.91078692249,VIRA,500,500,3
222.1759624041529,VIRA,500,500,3
933.9237982684997,VIRA,500,500,3
142.9892280422667,VIRA,500,500,3
159.5680150718507,VIRA,500,500,3
1583.0779324371558,VIRA,500,500,3
24.7970503765049,VIRA,500,500,3
149.42533644457947,VIRA,500,500,3
305.0028714798915,VIRA,500,500,3
153.49228642721954,VIRA,500,500,3
2798.2410492077793,VIRA,500,500,3
250.95236123199817,VIRA,500,500,3
57.50169987890489,VIRA,500,500,3
190.24371460129962,VIRA,500,500,3
565.6126594346222,VIRA,500,500,3
42.96251494939734,VIRA4,500,500,3
181.24821041313953,VIRA4,500,500,3
246.02621158526392,VIRA4,500,500,3
55.928254745599986,VIRA4,500,500,3
2825.3257820096,VIRA4,500,500,3
176.86575383665593,VIRA4,500,500,3
1671.4210059113525,VIRA4,500,500,3
24.00236246115555,VIRA4,500,500,3
53.700442589752896,VIRA4,500,500,3
208.2578240998383,VIRA4,500,500,3
191.36412565734398,VIRA4,500,500,3
720.6755017459985,VIRA4,500,500,3
101.88473995838392,VIRA4,500,500,3
1712.6854504372886,VIRA4,500,500,3
206.89056274062224,VIRA4,500,500,3
152.03700532306488,VIRA4,500,500,3
112.63311158595556,VIRA4,500,500,3
116.6648946678827,VIRA4,500,500,3
33.07225838540622,VIRA4,500,500,3
118.44807517068625,VIRA4,500,500,3
247.246191,VIRE2,500,500,3
110.19695488173333,VIRE2,500,500,3
1153.7109854603098,VIRE2,500,500,3
215.67391157973324,VIRE2,500,500,3
441.1252235822649,VIRE2,500,500,3
1283.1349530324892,VIRE2,500,500,3
2781.424636648704,VIRE2,500,500,3
62.583034580416005,VIRE2,500,500,3
142.9980105150862,VIRE2,500,500,3
863.6359444610556,VIRE2,500,500,3
1416.1972112759393,VIRE2,500,500,3
431.42583231594506,VIRE2,500,500,3
56.32936867906667,VIRE2,500,500,3
31.045056282730673,VIRE2,500,500,3
685.9457008682026,VIRE2,500,500,3
390.65627530929595,VIRE2,500,500,3
782.1044130122223,VIRE2,500,500,3
794.9836728389331,VIRE2,500,500,3
1455.2442527066298,VIRE2,500,500,3
80.57086092074488,VIRE2,500,500,3
472.3067558576906,VIRE7,500,500,3
91.77947312417956,VIRE7,500,500,3
269.57848785470384,VIRE7,500,500,3
402.1133851224461,VIRE7,500,500,3
404.17406238647277,VIRE7,500,500,3
211.70001477262224,VIRE7,500,500,3
85.95606676641953,VIRE7,500,500,3
362.3337743773707,VIRE7,500,500,3
134.42570122128888,VIRE7,500,500,3
332.5379785252906,VIRE7,500,500,3
716.556251189545,VIRE7,500,500,3
170.03172775,VIRE7,500,500,3
988.2478372785049,VIRE7,500,500,3
63.77656630653158,VIRE7,500,500,3
600.3928020850061,VIRE7,500,500,3
89.55242034932623,VIRE7,500,500,3
127.22634158783828,VIRE7,500,500,3
614.310415985998,VIRE7,500,500,3
1524.7075794343095,VIRE7,500,500,3
297.1776799419663,VIRE7,500,500,3
168.37020877618482,VIRH,500,500,3
116.53111412206935,VIRH,500,500,3
1905.790642611839,VIRH,500,500,3
1424.3296972904373,VIRH,500,500,3
1472.291776293198,VIRH,500,500,3
905.6384496078065,VIRH,500,500,3
1173.7285510819559,VIRH,500,500,3
2118.130429709823,VIRH,500,500,3
1239.1129690859925,VIRH,500,500,3
1873.449733829859,VIRH,500,500,3
5387.67577737437,VIRH,500,500,3
1111.2096986636634,VIRH,500,500,3
709.2643809220198,VIRH,500,500,3
1029.3560054441791,VIRH,500,500,3
2633.2510505735395,VIRH,500,500,3
1563.9557316884197,VIRH,500,500,3
548.1771082930916,VIRH,500,500,3
3561.9622531310642,VIRH,500,500,3
324.49529344000007,VIRH,500,500,3
2313.5395896321247,VIRH,500,500,3
2024.3729900347716,VIRI,500,500,3
537.2419937283981,VIRI,500,500,3
173.958512216176,VIRI,500,500,3
229.56467765929062,VIRI,500,500,3
265.48418200076634,VIRI,500,500,3
187.19895455715562,VIRI,500,500,3
98.86061018225072,VIRI,500,500,3
270.5488839324,VIRI,500,500,3
4773.478962528826,VIRI,500,500,3
4775.4369448655925,VIRI,500,500,3
1771.2897007529523,VIRI,500,500,3
1631.1109821151983,VIRI,500,500,3
493.363527997696,VIRI,500,500,3
893.9359940351718,VIRI,500,500,3
103.1588988830649,VIRI,500,500,3
1375.8409401724516,VIRI,500,500,3
331.2799111298115,VIRI,500,500,3
2027.4900951883933,VIRI,500,500,3
5785.044684293093,VIRI,500,500,3
96.27823866273951,VIRI,500,500,3
252.01984124266497,VIRO,500,500,3
450.62490389315536,VIRO,500,500,3
954.3445549117848,VIRO,500,500,3
1250.502396155162,VIRO,500,500,3
80.64750983303821,VIRO,500,500,3
983.4482002309052,VIRO,500,500,3
4052.656303719824,VIRO,500,500,3
137.7036926818916,VIRO,500,500,3
388.58980905292617,VIRO,500,500,3
498.246385287616,VIRO,500,500,3
1403.3448727674595,VIRO,500,500,3
52.354643592488884,VIRO,500,500,3
204.78053825727815,VIRO,500,500,3
125.28266086473958,VIRO,500,500,3
637.6927207454559,VIRO,500,500,3
77.84760970811733,VIRO,500,500,3
1005.6610724586221,VIRO,500,500,3
68.66801557742936,VIRO,500,500,3
87.48665076479293,VIRO,500,500,3
1855.2687524795565,VIRO,500,500,3
1912.1481823297256,VIRO2,500,500,3
188.81003730662218,VIRO2,500,500,3
2039.1228815622378,VIRO2,500,500,3
381.4334963504907,VIRO2,500,500,3
2738.5745126458605,VIRO2,500,500,3
43.203181791002656,VIRO2,500,500,3
1259.1669920639358,VIRO2,500,500,3
43.10163171873957,VIRO2,500,500,3
2396.9699537017445,VIRO2,500,500,3
2735.3774688888893,VIRO2,500,500,3
1935.2987984576785,VIRO2,500,500,3
43.90475700926402,VIRO2,500,500,3
309.48830993169054,VIRO2,500,500,3
4887.094350266301,VIRO2,500,500,3
242.50845434555546,VIRO2,500,500,3
1098.239776658345,VIRO2,500,500,3
1632.6885807280903,VIRO2,500,500,3
645.2827263700696,VIRO2,500,500,3
1605.9139618984368,VIRO2,500,500,3
2016.3805087418289,VIRO2,500,500,3
151.9596985192107,VIRO3,500,500,3
161.7020347462667,VIRO3,500,500,3
15.705167984291554,VIRO3,500,500,3
4163.933561000943,VIRO3,500,500,3
7048.32603159424,VIRO3,500,500,3
1163.76912298338,VIRO3,500,500,3
420.66737570128896,VIRO3,500,500,3
3187.308431850489,VIRO3,500,500,3
670.7903173317331,VIRO3,500,500,3
205.49839214037152,VIRO3,500,500,3
948.1478319424001,VIRO3,500,500,3
5064.060853241811,VIRO3,500,500,3
1649.6904105705173,VIRO3,500,500,3
427.03413587893317,VIRO3,500,500,3
1639.4595973675932,VIRO3,500,500,3
365.58681708333324,VIRO3,500,500,3
124.35705178097598,VIRO3,500,500,3
2041.8861593292156,VIRO3,500,500,3
452.7223065802648,VIRO3,500,500,3
432.6302609099661,VIRO3,500,500,3
2141.872870011646,VIRU,500,500,3
197.85822960116622,VIRU,500,500,3
755.0234030822328,VIRU,500,500,3
3717.5799450290942,VIRU,500,500,3
263.91257697877154,VIRU,500,500,3
309.172111639465,VIRU,500,500,3
502.89515095142406,VIRU,500,500,3
345.72724788888877,VIRU,500,500,3
1849.2755809330072,VIRU,500,500,3
1855.5157882851554,VIRU,500,500,3
1539.3105124850917,VIRU,500,500,3
217.3813744676907,VIRU,500,500,3
1409.2563313518062,VIRU,500,500,3
271.95443459498483,VIRU,500,500,3
352.56455093826673,VIRU,500,500,3
201.58938000439298,VIRU,500,500,3
237.37955164727293,VIRU,500,500,3
304.3153952424889,VIRU,500,500,3
101.4356963798596,VIRU,500,500,3
4470.1839504514755,VIRU,500,500,3
6478.167222134262,VISA,500,500,3
578.2686378675893,VISA,500,500,3
755.0073908097976,VISA,500,500,3
1403.956411946622,VISA,500,500,3
2020.9785218525808,VISA,500,500,3
225.56913609975285,VISA,500,500,3
158.81116500138486,VISA,500,500,3
176.72691103039827,VISA,500,500,3
1064.515637930126,VISA,500,500,3
3544.447429242872,VISA,500,500,3
163.68696174660275,VISA,500,500,3
130.43821118037158,VISA,500,500,3
516.5826861838912,VISA,500,500,3
1341.8773360217583,VISA,500,500,3
3979.0780742869333,VISA,500,500,3
90.21105972888883,VISA,500,500,3
223.2047962655554,VISA,500,500,3
2933.900054254633,VISA,500,500,3
3348.698288596933,VISA,500,500,3
129.12711141833955,VISA,500,500,3
1669.4122116595986,VISA2,500,500,3
475.07191672388274,VISA2,500,500,3
214.87162842128888,VISA2,500,500,3
2094.9229407252883,VISA2,500,500,3
60.82845694561957,VISA2,500,500,3
2481.2326357704515,VISA2,500,500,3
489.3615969066666,VISA2,500,500,3
1193.2997921718336,VISA2,500,500,3
1279.6384854066562,VISA2,500,500,3
338.030551273216,VISA2,500,500,3
1616.7764815687042,VISA2,500,500,3
80.31838858153067,VISA2,500,500,3
816.9977879323999,VISA2,500,500,3
46.42182852906667,VISA2,500,500,3
2780.6657202669494,VISA2,500,500,3
2884.4069163442327,VISA2,500,500,3
1116.466285552952,VISA2,500,500,3
419.757505793984,VISA2,500,500,3
331.4074794248462,VISA2,500,500,3
3308.8198540560998,VISA2,500,500,3
434.012851703289,VISE,500,500,3
231.93101554482487,VISE,500,500,3
524.3552803582862,VISE,500,500,3
385.20321444231826,VISE,500,500,3
71.40298980960003,VISE,500,500,3
4550.893030625958,VISE,500,500,3
83.1423417219129,VISE,500,500,3
1142.8029083118868,VISE,500,500,3
303.4724750859307,VISE,500,500,3
1096.3922812753046,VISE,500,500,3
413.3934467967843,VISE,500,500,3
1108.7934384851553,VISE,500,500,3
433.50020417548626,VISE,500,500,3
2165.961388407067,VISE,500,500,3
873.278583159289,VISE,500,500,3
891.5642506980103,VISE,500,500,3
345.3390053759928,VISE,500,500,3
1549.6359987146222,VISE,500,500,3
590.3841984491448,VISE,500,500,3
2373.8638417153256,VISE,500,500,3
480.8397810042861,VISE2,500,500,3
386.66602066623824,VISE2,500,500,3
1521.4135784746225,VISE2,500,500,3
148.38145864938488,VISE2,500,500,3
541.6071455711128,VISE2,500,500,3
386.4524217969335,VISE2,500,500,3
1175.097643857691,VISE2,500,500,3
367.7670691469582,VISE2,500,500,3
550.1233289174027,VISE2,500,500,3
578.1819808159556,VISE2,500,500,3
909.8760415016103,VISE2,500,500,3
316.16932924,VISE2,500,500,3
86.51120618356619,VISE2,500,500,3
1424.5100334088463,VISE2,500,500,3
1342.2104842522667,VISE2,500,500,3
1701.1636801115567,VISE2,500,500,3
212.17666771555548,VISE2,500,500,3
122.70828542941159,VISE2,500,500,3
76.25459418964623,VISE2,500,500,3
716.1548303663626,VISE2,500,500,3
44.96215367742399,VISE4,500,500,3
4498.996135130239,VISE4,500,500,3
1909.0830155937967,VISE4,500,500,3
110.87447459975824,VISE4,500,500,3
249.5689791538329,VISE4,500,500,3
54.58098098286935,VISE4,500,500,3
182.40019747420263,VISE4,500,500,3
4732.720231801678,VISE4,500,500,3
757.8699712637849,VISE4,500,500,3
97.65914784874487,VISE4,500,500,3
4301.671616118255,VISE4,500,500,3
4228.02244300669,VISE4,500,500,3
230.20225238553607,VISE4,500,500,3
22.852878986309335,VISE4,500,500,3
47.14656863889067,VISE4,500,500,3
134.00471466665962,VISE4,500,500,3
1395.7274980237578,VISE4,500,500,3
164.80376599244622,VISE4,500,500,3
333.9830720114329,VISE4,500,500,3
517.5546396706114,VISE4,500,500,3
18.401351406072887,VISE5,500,500,3
424.67778712853163,VISE5,500,500,3
99.79215965648888,VISE5,500,500,3
199.23454480639816,VISE5,500,500,3
48.525163843184004,VISE5,500,500,3
23.482459998291557,VISE5,500,500,3
2482.280471662585,VISE5,500,500,3
89.8943754504249,VISE5,500,500,3
59.91282141848887,VISE5,500,500,3
266.91557972862404,VISE5,500,500,3
126.94576082316622,VISE5,500,500,3
96.1308267205529,VISE5,500,500,3
807.6659698189584,VISE5,500,500,3
2648.8202765453566,VISE5,500,500,3
26.490431414184894,VISE5,500,500,3
131.5287891890062,VISE5,500,500,3
512.0971333198914,VISE5,500,500,3
49.22441813161955,VISE5,500,500,3
101.89693698128889,VISE5,500,500,3
62.20384991092622,VISE5,500,500,3
3911.120492345556,VISI,500,500,3
4758.35943319522,VISI,500,500,3
3515.39822935872,VISI,500,500,3
1223.1872916415984,VISI,500,500,3
1359.2885411180373,VISI,500,500,3
2592.9047195298062,VISI,500,500,3
1460.6477085849317,VISI,500,500,3
330.9417742510651,VISI,500,500,3
1340.909461016718,VISI,500,500,3
557.7150808190863,VISI,500,500,3
3174.3872371851303,VISI,500,500,3
237.23254893983292,VISI,500,500,3
2404.5829875811546,VISI,500,500,3
4300.441269139735,VISI,500,500,3
1296.0543273942028,VISI,500,500,3
2344.404087223289,VISI,500,500,3
3209.392967551999,VISI,500,500,3
469.7931679955552,VISI,500,500,3
3183.5031001135635,VISI,500,500,3
316.87403602505964,VISI,500,500,3
126.08417635718938,VISO,500,500,3
632.5707064920159,VISO,500,500,3
297.6481382826222,VISO,500,500,3
418.500875639865,VISO,500,500,3
65.19175378889958,VISO,500,500,3
144.89855478595558,VISO,500,500,3
1985.7278601753592,VISO,500,500,3
63.307119804046195,VISO,500,500,3
69.34437092373153,VISO,500,500,3
25.276069254933322,VISO,500,500,3
1855.2406713244995,VISO,500,500,3
76.42148900309158,VISO,500,500,3
1892.3674648515403,VISO,500,500,3
670.6603330136464,VISO,500,500,3
1541.2995710864996,VISO,500,500,3
405.73630528134925,VISO,500,500,3
1958.9229868622226,VISO,500,500,3
31.790794181432897,VISO,500,500,3
469.3638592802064,VISO,500,500,3
103.13562266367825,VISO,500,500,3
482.4996611192888,VIST3,500,500,3
310.3276046032783,VIST3,500,500,3
891.2166649355927,VIST3,500,500,3
324.9736382689262,VIST3,500,500,3
386.85537678222227,VIST3,500,500,3
412.2792836253582,VIST3,500,500,3
52.28811227654929,VIST3,500,500,3
146.68838603940267,VIST3,500,500,3
677.3803101750594,VIST3,500,500,3
2778.151476112639,VIST3,500,500,3
151.08104429030405,VIST3,500,500,3
105.6817278122649,VIST3,500,500,3
947.1153489315395,VIST3,500,500,3
63.59215169529601,VIST3,500,500,3
82.93816392528889,VIST3,500,500,3
139.022861199104,VIST3,500,500,3
213.63715634926936,VIST3,500,500,3
167.74820360225957,VIST3,500,500,3
58.83303801240001,VIST3,500,500,3
1135.0242327309495,VIST3,500,500,3
4223.55555200674,VITE,500,500,3
207.49626495878928,VITE,500,500,3
110.21581056596621,VITE,500,500,3
112.89383689595559,VITE,500,500,3
1701.1479481861047,VITE,500,500,3
1757.937200976851,VITE,500,500,3
488.22088225407816,VITE,500,500,3
1040.2705187693796,VITE,500,500,3
166.1106516944907,VITE,500,500,3
182.1959307219556,VITE,500,500,3
504.27236128725156,VITE,500,500,3
2750.040654779304,VITE,500,500,3
61.465533329571564,VITE,500,500,3
23.454327809983997,VITE,500,500,3
2919.5327486218225,VITE,500,500,3
1604.1403823479188,VITE,500,500,3
36.55362847652268,VITE,500,500,3
165.1246379916782,VITE,500,500,3
30.389845298488893,VITE,500,500,3
23.408592673989336,VITE,500,500,3
2315.8660045585043,VITI2,500,500,3
589.2318231971558,VITI2,500,500,3
150.50261198684268,VITI2,500,500,3
1237.2928505983716,VITI2,500,500,3
541.8752228324693,VITI2,500,500,3
1727.5454777684888,VITI2,500,500,3
255.75995441666666,VITI2,500,500,3
961.7296378622227,VITI2,500,500,3
154.41704131122486,VITI2,500,500,3
690.6439996072891,VITI2,500,500,3
484.5396697980426,VITI2,500,500,3
614.9288122671713,VITI2,500,500,3
727.8452929627716,VITI2,500,500,3
2780.161638877156,VITI2,500,500,3
1969.5647368737261,VITI2,500,500,3
6050.39933390922,VITI2,500,500,3
1534.5970594803177,VITI2,500,500,3
483.58137606089974,VITI2,500,500,3
372.4827263634329,VITI2,500,500,3
632.8068199342061,VITI2,500,500,3
565.9617263521973,VIVE,500,500,3
661.8683417157331,VIVE,500,500,3
55.486095972664884,VIVE,500,500,3
191.03498938365152,VIVE,500,500,3
33.71230041684623,VIVE,500,500,3
342.67947348479294,VIVE,500,500,3
287.653766978553,VIVE,500,500,3
3977.136656713171,VIVE,500,500,3
125.56264532888892,VIVE,500,500,3
965.1823585164512,VIVE,500,500,3
199.51007849417948,VIVE,500,500,3
61.8080391764889,VIVE,500,500,3
1321.4073356070667,VIVE,500,500,3
71.60906228564626,VIVE,500,500,3
274.4731328104516,VIVE,500,500,3
76.54552388977599,VIVE,500,500,3
44.19026522310932,VIVE,500,500,3
63.18993059411732,VIVE,500,500,3
3247.5834504182817,VIVE,500,500,3
92.7151591731129,VIVE,500,500,3
929.4424551312778,VIVI,500,500,3
477.1512025019664,VIVI,500,500,3
2740.009560704638,VIVI,500,500,3
1067.4238985212514,VIVI,500,500,3
1584.1477572426224,VIVI,500,500,3
985.7135031780106,VIVI,500,500,3
4447.950201930238,VIVI,500,500,3
4530.87773795492,VIVI,500,500,3
1392.0529444287718,VIVI,500,500,3
1648.0478754039304,VIVI,500,500,3
1119.4751594486331,VIVI,500,500,3
2188.450282651305,VIVI,500,500,3
3447.1210895008994,VIVI,500,500,3
2253.090761717289,VIVI,500,500,3
314.56016087278937,VIVI,500,500,3
550.7698709524194,VIVI,500,500,3
3830.623074608099,VIVI,500,500,3
931.6191418115126,VIVI,500,500,3
543.3414113629225,VIVI,500,500,3
2102.7488481020987,VIVI,500,500,3
1280.5212963406505,VIVU,500,500,3
401.4583610061493,VIVU,500,500,3
766.9310744657049,VIVU,500,500,3
2032.7464925846125,VIVU,500,500,3
273.0551690689708,VIVU,500,500,3
456.66483944716606,VIVU,500,500,3
2039.5973714184465,VIVU,500,500,3
323.494452137465,VIVU,500,500,3
1313.693468120398,VIVU,500,500,3
572.6282121809331,VIVU,500,500,3
453.57249972596605,VIVU,500,500,3
1570.6713753610645,VIVU,500,500,3
891.4173786238224,VIVU,500,500,3
2136.591481489192,VIVU,500,500,3
51.704043318824894,VIVU,500,500,3
242.52255326573328,VIVU,500,500,3
288.4296367769581,VIVU,500,500,3
493.2220999343715,VIVU,500,500,3
778.3677039962384,VIVU,500,500,3
1785.4894183707727,VIVU,500,500,3
1316.186772991886,VIWA,500,500,3
62.135466666659575,VIWA,500,500,3
2131.6714840157706,VIWA,500,500,3
273.77219203852627,VIWA,500,500,3
131.88942432340616,VIWA,500,500,3
57.147814191486226,VIWA,500,500,3
1174.4138489369527,VIWA,500,500,3
1503.159301660153,VIWA,500,500,3
35.999942310184906,VIWA,500,500,3
1256.241622800718,VIWA,500,500,3
129.0979521904,VIWA,500,500,3
581.6874266366223,VIWA,500,500,3
1698.6190644381713,VIWA,500,500,3
39.13914353140624,VIWA,500,500,3
1325.048493162579,VIWA,500,500,3
805.8251548530061,VIWA,500,500,3
324.3775987660729,VIWA,500,500,3
32.890321733971554,VIWA,500,500,3
238.29727722749166,VIWA,500,500,3
382.7063358763929,VIWA,500,500,3
740.0131754873587,VUMY,500,500,3
295.8192278510861,VUMY,500,500,3
3543.749492492623,VUMY,500,500,3
180.21951631601604,VUMY,500,500,3
268.82770115846927,VUMY,500,500,3
47.09217915605158,VUMY,500,500,3
337.4011298892161,VUMY,500,500,3
631.668546443883,VUMY,500,500,3
744.6844755502062,VUMY,500,500,3
2854.457719990265,VUMY,500,500,3
187.50586142590396,VUMY,500,500,3
138.06751280140625,VUMY,500,500,3
4969.605853833956,VUMY,500,500,3
1076.3480339374912,VUMY,500,500,3
4555.638388591955,VUMY,500,500,3
1197.0567419263998,VUMY,500,500,3
223.3460486446648,VUMY,500,500,3
4053.3175248268517,VUMY,500,500,3
1013.4532437971557,VUMY,500,500,3
5815.6376413243715,VUMY,500,500,3
1680.2754104659557,WAFI,500,500,3
3749.063577203483,WAFI,500,500,3
3432.9821818822656,WAFI,500,500,3
2726.5760052376736,WAFI,500,500,3
858.2764384424961,WAFI,500,500,3
2508.2128705352247,WAFI,500,500,3
1427.86501763242,WAFI,500,500,3
1002.1855381614648,WAFI,500,500,3
2216.7377699681,WAFI,500,500,3
1749.6237715026336,WAFI,500,500,3
2424.5912379669335,WAFI,500,500,3
2127.0021260159556,WAFI,500,500,3
1364.8129066234026,WAFI,500,500,3
3750.085246831359,WAFI,500,500,3
3614.29509446289,WAFI,500,500,3
1467.7925987892895,WAFI,500,500,3
1960.7515836791458,WAFI,500,500,3
2805.9218314939667,WAFI,500,500,3
2969.9524931235833,WAFI,500,500,3
1457.5166942484886,WAFI,500,500,3
194.83964577382224,WAFR,500,500,3
4789.061319646712,WAFR,500,500,3
180.4272789904995,WAFR,500,500,3
295.99746882258484,WAFR,500,500,3
308.5233959510027,WAFR,500,500,3
718.4239809883309,WAFR,500,500,3
237.2156771260996,WAFR,500,500,3
2435.030057336516,WAFR,500,500,3
88.17705504145064,WAFR,500,500,3
141.82734205129952,WAFR,500,500,3
1452.2926826905307,WAFR,500,500,3
1704.5160004051893,WAFR,500,500,3
298.9013570723395,WAFR,500,500,3
724.761061150656,WAFR,500,500,3
1804.7894258706324,WAFR,500,500,3
2065.2918051389706,WAFR,500,500,3
2080.747227905136,WAFR,500,500,3
555.0859909432249,WAFR,500,500,3
249.3855482517333,WAFR,500,500,3
1280.0465885873052,WAFR,500,500,3
762.1601278931557,WAIN,500,500,3
50.67421074555558,WAIN,500,500,3
190.41632598988625,WAIN,500,500,3
230.4443320488889,WAIN,500,500,3
52.487828937272894,WAIN,500,500,3
400.98109493759296,WAIN,500,500,3
187.256483690864,WAIN,500,500,3
186.22441277582223,WAIN,500,500,3
232.12831901063825,WAIN,500,500,3
2818.7243458057224,WAIN,500,500,3
463.0885004343448,WAIN,500,500,3
57.43123756782221,WAIN,500,500,3
368.03260509518947,WAIN,500,500,3
714.0455538916959,WAIN,500,500,3
259.3421399970116,WAIN,500,500,3
104.52787544132262,WAIN,500,500,3
218.13974789262227,WAIN,500,500,3
185.23117683159995,WAIN,500,500,3
101.74899388859731,WAIN,500,500,3
62.786714466899575,WAIN,500,500,3
3348.1927852458025,WARO,500,500,3
1990.0829925720104,WARO,500,500,3
1477.7855697244727,WARO,500,500,3
4312.584492276677,WARO,500,500,3
4285.370690974036,WARO,500,500,3
261.4814094260907,WARO,500,500,3
1118.995482813822,WARO,500,500,3
682.0796612213176,WARO,500,500,3
832.2802693909331,WARO,500,500,3
3267.270244478398,WARO,500,500,3
3218.420525544318,WARO,500,500,3
1919.3158168113762,WARO,500,500,3
1727.6531002621,WARO,500,500,3
3485.951873191068,WARO,500,500,3
1012.5443023616004,WARO,500,500,3
679.2999569799891,WARO,500,500,3
3899.6893166798227,WARO,500,500,3
525.2334666076,WARO,500,500,3
2483.822997247288,WARO,500,500,3
3443.407979200789,WARO,500,500,3
2616.4050724605445,WASC,500,500,3
677.4699070684,WASC,500,500,3
3910.255965045291,WASC,500,500,3
184.4649336426506,WASC,500,500,3
87.1145842853529,WASC,500,500,3
360.96137648469164,WASC,500,500,3
651.2131710605584,WASC,500,500,3
45.06045715693332,WASC,500,500,3
806.8184237684889,WASC,500,500,3
267.5509843697049,WASC,500,500,3
153.88228481671825,WASC,500,500,3
1392.6589357563716,WASC,500,500,3
25.77409464396622,WASC,500,500,3
98.26822588407288,WASC,500,500,3
296.25521344524617,WASC,500,500,3
3476.0452129680207,WASC,500,500,3
1064.3080784084889,WASC,500,500,3
130.77506104567297,WASC,500,500,3
113.13152822604623,WASC,500,500,3
4024.3046946612453,WASC,500,500,3
1184.6467140853758,WEFL2,500,500,3
474.4469124046505,WEFL2,500,500,3
1125.058498768638,WEFL2,500,500,3
422.14393186013143,WEFL2,500,500,3
273.8718704157582,WEFL2,500,500,3
438.50645558121056,WEFL2,500,500,3
2906.173775608825,WEFL2,500,500,3
1041.775156644051,WEFL2,500,500,3
2532.332259055216,WEFL2,500,500,3
195.66381426555557,WEFL2,500,500,3
388.1640255961318,WEFL2,500,500,3
671.6840229850382,WEFL2,500,500,3
111.58419569086401,WEFL2,500,500,3
60.75729279888891,WEFL2,500,500,3
209.11615494150936,WEFL2,500,500,3
1919.7311305386213,WEFL2,500,500,3
281.1778205190667,WEFL2,500,500,3
92.8135450751556,WEFL2,500,500,3
181.86175351977946,WEFL2,500,500,3
947.9154874886245,WEFL2,500,500,3
90.24089429961955,WIFL,500,500,3
4573.403670976425,WIFL,500,500,3
63.72770971148622,WIFL,500,500,3
262.03226341222233,WIFL,500,500,3
1136.6107202197045,WIFL,500,500,3
69.74665431000003,WIFL,500,500,3
4444.255781397644,WIFL,500,500,3
2904.065855823012,WIFL,500,500,3
126.84396632597155,WIFL,500,500,3
846.0858212376464,WIFL,500,500,3
305.7296891399662,WIFL,500,500,3
3167.659857640951,WIFL,500,500,3
1940.8498726160428,WIFL,500,500,3
1802.3483556590297,WIFL,500,500,3
865.4223868451558,WIFL,500,500,3
1001.8274838202291,WIFL,500,500,3
3723.638414191346,WIFL,500,500,3
56.16201931399824,WIFL,500,500,3
5255.202232127651,WIFL,500,500,3
702.3018118294023,WIFL,500,500,3
618.5425446894294,WIFR,500,500,3
2396.934274838015,WIFR,500,500,3
118.17008331882492,WIFR,500,500,3
236.21864345240004,WIFR,500,500,3
206.0386192070667,WIFR,500,500,3
1999.9063273055137,WIFR,500,500,3
128.31670897663292,WIFR,500,500,3
2234.3235395549705,WIFR,500,500,3
3477.3154687530587,WIFR,500,500,3
836.345685524622,WIFR,500,500,3
81.88534005315557,WIFR,500,500,3
218.6868344060994,WIFR,500,500,3
252.6894720126221,WIFR,500,500,3
379.6400396216731,WIFR,500,500,3
2198.6410398888897,WIFR,500,500,3
118.90941915081955,WIFR,500,500,3
1666.279533462526,WIFR,500,500,3
3681.0997762377315,WIFR,500,500,3
23.829294625050668,WIFR,500,500,3
766.5943801307715,WIFR,500,500,3
1216.7332429584787,WIGY,500,500,3
1910.9666185642666,WIGY,500,500,3
2996.121742477646,WIGY,500,500,3
240.22993839253164,WIGY,500,500,3
312.8196623302667,WIGY,500,500,3
1351.7086930153175,WIGY,500,500,3
1366.9892920135662,WIGY,500,500,3
1394.1362777952995,WIGY,500,500,3
2312.4215228725966,WIGY,500,500,3
1134.8061150767714,WIGY,500,500,3
383.74917010516646,WIGY,500,500,3
1434.4392412999662,WIGY,500,500,3
1037.1022140526916,WIGY,500,500,3
1038.554638494179,WIGY,500,500,3
1590.9070301358645,WIGY,500,500,3
1490.1940541397264,WIGY,500,500,3
2594.254120701822,WIGY,500,500,3
3796.504375121193,WIGY,500,500,3
465.21708073734953,WIGY,500,500,3
6062.213255160533,WIGY,500,500,3
1122.8633102855663,WOAL,500,500,3
2413.3950438745583,WOAL,500,500,3
1791.368849640952,WOAL,500,500,3
58.92945418802487,WOAL,500,500,3
4180.442393130924,WOAL,500,500,3
886.9106097466293,WOAL,500,500,3
793.2121288300373,WOAL,500,500,3
808.0743111903575,WOAL,500,500,3
274.5895365288889,WOAL,500,500,3
372.11623187084626,WOAL,500,500,3
128.64823098209953,WOAL,500,500,3
2516.447944540153,WOAL,500,500,3
450.39178225953947,WOAL,500,500,3
1645.9597796541436,WOAL,500,500,3
1461.5565721664,WOAL,500,500,3
439.36762948048903,WOAL,500,500,3
655.7507478095574,WOAL,500,500,3
808.646951289811,WOAL,500,500,3
199.94942357333335,WOAL,500,500,3
103.72813358711288,WOAL,500,500,3
844.7240959559095,WOAR,500,500,3
1853.5228159699557,WOAR,500,500,3
1910.7162420677344,WOAR,500,500,3
755.9446065907986,WOAR,500,500,3
263.5245054360462,WOAR,500,500,3
3391.3016975539035,WOAR,500,500,3
828.0661039261587,WOAR,500,500,3
3621.2440939462676,WOAR,500,500,3
1510.4212876429576,WOAR,500,500,3
660.9830189370597,WOAR,500,500,3
1504.6368126096993,WOAR,500,500,3
875.9496405467305,WOAR,500,500,3
3345.830067629779,WOAR,500,500,3
1570.158022925305,WOAR,500,500,3
81.4371625087929,WOAR,500,500,3
1403.7052952899128,WOAR,500,500,3
528.6892771531661,WOAR,500,500,3
690.8585057083718,WOAR,500,500,3
395.16188814915563,WOAR,500,500,3
1953.8170823581845,WOAR,500,500,3
2617.850371824099,WOBR,500,500,3
2666.330377223823,WOBR,500,500,3
115.29710799671297,WOBR,500,500,3
86.53868301481957,WOBR,500,500,3
3110.114824362878,WOBR,500,500,3
615.1203372433332,WOBR,500,500,3
46.285137328339545,WOBR,500,500,3
300.9401425734382,WOBR,500,500,3
615.5288416226916,WOBR,500,500,3
820.0269417830663,WOBR,500,500,3
65.06557971697598,WOBR,500,500,3
97.80300888888881,WOBR,500,500,3
2015.7657290076163,WOBR,500,500,3
75.50005159559821,WOBR,500,500,3
298.9634572620782,WOBR,500,500,3
204.6213798286222,WOBR,500,500,3
188.34609733328895,WOBR,500,500,3
2332.613597413287,WOBR,500,500,3
1848.5717021420771,WOBR,500,500,3
2966.2504643670586,WOBR,500,500,3
166.01304181895824,WOCO,500,500,3
173.64678154097075,WOCO,500,500,3
1800.776919878811,WOCO,500,500,3
117.997175997696,WOCO,500,500,3
30.508802569322665,WOCO,500,500,3
472.15341518759806,WOCO,500,500,3
4474.415401736183,WOCO,500,500,3
1388.5719946699094,WOCO,500,500,3
127.64185570857065,WOCO,500,500,3
1390.7950448110298,WOCO,500,500,3
57.29443809915554,WOCO,500,500,3
1194.7951002675181,WOCO,500,500,3
2013.4387709034643,WOCO,500,500,3
61.08479079634488,WOCO,500,500,3
1502.2614181017586,WOCO,500,500,3
229.27681936396624,WOCO,500,500,3
253.5751775551556,WOCO,500,500,3
69.23237371669157,WOCO,500,500,3
964.7396000750862,WOCO,500,500,3
34.929050140558225,WOCO,500,500,3
824.805593445289,WOFI,500,500,3
3767.0070744159557,WOFI,500,500,3
1039.896155810544,WOFI,500,500,3
530.577015095744,WOFI,500,500,3
3879.4598157927653,WOFI,500,500,3
2650.0297706636634,WOFI,500,500,3
3767.8665675911084,WOFI,500,500,3
433.55849747711284,WOFI,500,500,3
2705.0011508933344,WOFI,500,500,3
1472.7980132191553,WOFI,500,500,3
2293.9378130015566,WOFI,500,500,3
3130.005805646905,WOFI,500,500,3
5258.720405609384,WOFI,500,500,3
3677.4323284014768,WOFI,500,500,3
133.87360518847817,WOFI,500,500,3
692.2475577379836,WOFI,500,500,3
282.3722761059556,WOFI,500,500,3
297.39793896308623,WOFI,500,500,3
4768.284220957651,WOFI,500,500,3
759.3966186328106,WOFI,500,500,3
3134.256727243085,WOIL,500,500,3
636.5343526907449,WOIL,500,500,3
5319.217503465958,WOIL,500,500,3
3574.2009903479175,WOIL,500,500,3
455.49862203029124,WOIL,500,500,3
1579.3547554244255,WOIL,500,500,3
2311.743890938153,WOIL,500,500,3
3343.712237823822,WOIL,500,500,3
2082.9748288624,WOIL,500,500,3
3218.8798532788887,WOIL,500,500,3
1349.4331324074587,WOIL,500,500,3
843.4201755316461,WOIL,500,500,3
412.091747444478,WOIL,500,500,3
2846.5472952816913,WOIL,500,500,3
4654.179232393725,WOIL,500,500,3
4269.000563928888,WOIL,500,500,3
675.4059892343181,WOIL,500,500,3
261.81871441239997,WOIL,500,500,3
3946.59244575129,WOIL,500,500,3
1040.5920608938598,WOIL,500,500,3
1771.9591721784248,WONE,500,500,3
413.1591317592729,WONE,500,500,3
970.8781678320198,WONE,500,500,3
401.72671999623816,WONE,500,500,3
1191.8061478749796,WONE,500,500,3
422.6951353845173,WONE,500,500,3
2506.6134995647844,WONE,500,500,3
264.78461353676624,WONE,500,500,3
190.65514785785604,WONE,500,500,3
993.852042146772,WONE,500,500,3
252.20562041129068,WONE,500,500,3
2568.880956590073,WONE,500,500,3
392.85329849382197,WONE,500,500,3
284.38751427395556,WONE,500,500,3
2207.0102275083927,WONE,500,500,3
2470.824675617733,WONE,500,500,3
1574.5807722767638,WONE,500,500,3
618.6721628135663,WONE,500,500,3
889.8782996124163,WONE,500,500,3
341.45533703009954,WONE,500,500,3
344.78966531666487,WOOB2,500,500,3
1232.0751800609494,WOOB2,500,500,3
122.58728094532273,WOOB2,500,500,3
501.39671315182215,WOOB2,500,500,3
595.4441971905975,WOOB2,500,500,3
1256.5822626205854,WOOB2,500,500,3
590.8838612757332,WOOB2,500,500,3
1478.0873485055934,WOOB2,500,500,3
2019.6500747039127,WOOB2,500,500,3
6742.5297004392505,WOOB2,500,500,3
1748.9971269446835,WOOB2,500,500,3
1036.976013443918,WOOB2,500,500,3
426.5670069700196,WOOB2,500,500,3
1206.3431587074115,WOOB2,500,500,3
1510.0035447159444,WOOB2,500,500,3
3393.4611023177795,WOOB2,500,500,3
259.5606044028516,WOOB2,500,500,3
835.4360777204903,WOOB2,500,500,3
446.9599230448197,WOOB2,500,500,3
1266.8655446702646,WOOB2,500,500,3
2603.3245545565705,WOOR,500,500,3
3368.676165255992,WOOR,500,500,3
350.95174854013163,WOOR,500,500,3
689.4578187647929,WOOR,500,500,3
2465.156779867584,WOOR,500,500,3
2245.070136238585,WOOR,500,500,3
2821.6257451193164,WOOR,500,500,3
113.88637866436265,WOOR,500,500,3
7422.0095967998195,WOOR,500,500,3
2924.7416372664898,WOOR,500,500,3
356.7468021371449,WOOR,500,500,3
235.10786560585944,WOOR,500,500,3
913.3846900181048,WOOR,500,500,3
229.22103193170489,WOOR,500,500,3
230.4001415664,WOOR,500,500,3
231.20774472375282,WOOR,500,500,3
727.3079909270115,WOOR,500,500,3
131.83191921265595,WOOR,500,500,3
3241.915425023955,WOOR,500,500,3
457.246776485289,WOOR,500,500,3
315.5429059591396,WOSC,500,500,3
3588.98772460736,WOSC,500,500,3
1357.5044971159311,WOSC,500,500,3
2038.3299899132437,WOSC,500,500,3
3393.980464516772,WOSC,500,500,3
2514.747546119749,WOSC,500,500,3
1207.0407453770242,WOSC,500,500,3
3457.7317561364466,WOSC,500,500,3
361.0118908290115,WOSC,500,500,3
318.66654279551824,WOSC,500,500,3
3491.630572770924,WOSC,500,500,3
2673.9288086477486,WOSC,500,500,3
662.3125465042325,WOSC,500,500,3
2423.258511705486,WOSC,500,500,3
2212.5725911790646,WOSC,500,500,3
280.3351221266773,WOSC,500,500,3
257.97570718222215,WOSC,500,500,3
394.4911033766666,WOSC,500,500,3
262.5654621269316,WOSC,500,500,3
374.98548107570474,WOSC,500,500,3
1918.170080429567,WOVI,500,500,3
4463.709645862223,WOVI,500,500,3
599.2087490197332,WOVI,500,500,3
1096.3055015016373,WOVI,500,500,3
2734.4605332131396,WOVI,500,500,3
308.1756355720249,WOVI,500,500,3
1473.6518104120728,WOVI,500,500,3
1429.4010253882593,WOVI,500,500,3
2430.4411375972254,WOVI,500,500,3
580.3111352598597,WOVI,500,500,3
121.83946197222221,WOVI,500,500,3
355.98571462996637,WOVI,500,500,3
354.796209869353,WOVI,500,500,3
2663.308073938489,WOVI,500,500,3
1823.8845686193047,WOVI,500,500,3
226.43836697471812,WOVI,500,500,3
1846.404807705157,WOVI,500,500,3
1662.9539216042028,WOVI,500,500,3
191.65140453617602,WOVI,500,500,3
165.86110358142395,WOVI,500,500,3
1431.4390573701057,WYAM,500,500,3
3414.836061651155,WYAM,500,500,3
715.8720780031929,WYAM,500,500,3
2816.934608416667,WYAM,500,500,3
3233.98281494474,WYAM,500,500,3
1848.7101622754924,WYAM,500,500,3
330.8661620608694,WYAM,500,500,3
1218.749287583225,WYAM,500,500,3
869.6036549886222,WYAM,500,500,3
240.81885988074487,WYAM,500,500,3
270.0543080755128,WYAM,500,500,3
1197.340545320489,WYAM,500,500,3
1742.8013331765976,WYAM,500,500,3
2610.2439716210056,WYAM,500,500,3
903.9103126920372,WYAM,500,500,3
3343.3960071133793,WYAM,500,500,3
156.90075875839997,WYAM,500,500,3
1343.64697656234,WYAM,500,500,3
1545.8463623816467,WYAM,500,500,3
1254.9312375082595,WYAM,500,500,3
1539.6389201759555,WYMO,500,500,3
451.3815905341707,WYMO,500,500,3
1831.300014370345,WYMO,500,500,3
2942.8154383637334,WYMO,500,500,3
3916.1750822544777,WYMO,500,500,3
3120.3377143513426,WYMO,500,500,3
218.12979295102414,WYMO,500,500,3
2898.55326311202,WYMO,500,500,3
238.97338480329958,WYMO,500,500,3
1605.346549626622,WYMO,500,500,3
940.4739867944515,WYMO,500,500,3
713.6028319798594,WYMO,500,500,3
1448.7338516180464,WYMO,500,500,3
3058.672603812222,WYMO,500,500,3
553.6932213118223,WYMO,500,500,3
3289.427752548904,WYMO,500,500,3
5033.110865244556,WYMO,500,500,3
2374.1322996970666,WYMO,500,500,3
2106.9393197126387,WYMO,500,500,3
1557.9811250889231,WYMO,500,500,3
921.2819225133795,XASA2,500,500,3
3090.8842391939406,XASA2,500,500,3
1061.9062154939445,XASA2,500,500,3
2561.8990792390387,XASA2,500,500,3
408.2567493829334,XASA2,500,500,3
870.5608711159182,XASA2,500,500,3
648.1853176728463,XASA2,500,500,3
1614.573196129678,XASA2,500,500,3
98.28512809382224,XASA2,500,500,3
1710.6382778776472,XASA2,500,500,3
851.4775159051358,XASA2,500,500,3
156.34446759796626,XASA2,500,500,3
228.56274131555546,XASA2,500,500,3
2805.7450810000196,XASA2,500,500,3
1516.0664582399982,XASA2,500,500,3
3376.771393924252,XASA2,500,500,3
392.87311797639813,XASA2,500,500,3
74.36987476681958,XASA2,500,500,3
1256.9154460578825,XASA2,500,500,3
1168.9958953602115,XASA2,500,500,3
791.1149148176991,XASI,500,500,3
373.4244577581227,XASI,500,500,3
2338.082218621326,XASI,500,500,3
280.423685060096,XASI,500,500,3
40.894422017535994,XASI,500,500,3
291.8126225327626,XASI,500,500,3
162.38281701610487,XASI,500,500,3
408.4671171521265,XASI,500,500,3
874.4289482209849,XASI,500,500,3
30.73949999308622,XASI,500,500,3
246.24966393170496,XASI,500,500,3
1554.622835464446,XASI,500,500,3
124.8798950188782,XASI,500,500,3
1334.7071129543394,XASI,500,500,3
1784.7420370046225,XASI,500,500,3
536.1622137844888,XASI,500,500,3
446.3696142566668,XASI,500,500,3
575.2249523084784,XASI,500,500,3
137.984833322944,XASI,500,500,3
267.6971518291556,XASI,500,500,3
1099.7400624593852,XASP2,500,500,3
4099.575633305555,XASP2,500,500,3
840.9334534978822,XASP2,500,500,3
2129.823378772335,XASP2,500,500,3
523.7528897972892,XASP2,500,500,3
1644.7488840519397,XASP2,500,500,3
4179.47522758382,XASP2,500,500,3
737.6269346434117,XASP2,500,500,3
1174.8913526753856,XASP2,500,500,3
1668.9262295985498,XASP2,500,500,3
315.6401047483663,XASP2,500,500,3
267.3888131348462,XASP2,500,500,3
3947.8206213329854,XASP2,500,500,3
2732.2283109451664,XASP2,500,500,3
505.33261971113944,XASP2,500,500,3
5174.1457376005055,XASP2,500,500,3
530.3720446619717,XASP2,500,500,3
492.7040271350327,XASP2,500,500,3
1537.421271895886,XASP2,500,500,3
1626.9527838122222,XASP2,500,500,3
608.7487910269848,XAST,500,500,3
779.0835980046221,XAST,500,500,3
638.2412844351982,XAST,500,500,3
1365.1216163903985,XAST,500,500,3
1444.5300095095174,XAST,500,500,3
729.1429472268782,XAST,500,500,3
3059.813889056738,XAST,500,500,3
670.2600163871572,XAST,500,500,3
4516.822594499726,XAST,500,500,3
1294.627217169733,XAST,500,500,3
3235.692586752847,XAST,500,500,3
176.877559789296,XAST,500,500,3
402.0259984086025,XAST,500,500,3
1227.0849050581176,XAST,500,500,3
3740.909967914554,XAST,500,500,3
3041.129254850816,XAST,500,500,3
522.7806470993052,XAST,500,500,3
3532.2257681445262,XAST,500,500,3
468.1855601023841,XAST,500,500,3
1882.5249577941058,XAST,500,500,3
335.8584490698222,XEAS,500,500,3
3808.5165220025597,XEAS,500,500,3
412.06364592873064,XEAS,500,500,3
442.0064115408195,XEAS,500,500,3
667.8346580976906,XEAS,500,500,3
236.5486757838221,XEAS,500,500,3
1493.3401607804517,XEAS,500,500,3
3621.89526570649,XEAS,500,500,3
669.1384632917316,XEAS,500,500,3
2350.9769376207933,XEAS,500,500,3
440.09369168490497,XEAS,500,500,3
298.70346717553593,XEAS,500,500,3
5433.630225523624,XEAS,500,500,3
456.7232889456194,XEAS,500,500,3
1162.4352549287667,XEAS,500,500,3
6212.123315377602,XEAS,500,500,3
635.1664471070557,XEAS,500,500,3
3346.9065482341284,XEAS,500,500,3
4102.4520241471555,XEAS,500,500,3
478.8104325592159,XEAS,500,500,3
2939.0245344576783,XETE,500,500,3
3713.438135093461,XETE,500,500,3
3642.5632786271553,XETE,500,500,3
699.2024418418063,XETE,500,500,3
6072.108480611157,XETE,500,500,3
1563.6626390109232,XETE,500,500,3
410.3765690965317,XETE,500,500,3
2312.2998007789224,XETE,500,500,3
5042.447491077519,XETE,500,500,3
5984.9192465837505,XETE,500,500,3
3866.1620796834045,XETE,500,500,3
1157.413284306233,XETE,500,500,3
4987.107280601728,XETE,500,500,3
6822.8480703658215,XETE,500,500,3
1318.864307161486,XETE,500,500,3
3087.980548549673,XETE,500,500,3
4340.658645809429,XETE,500,500,3
2880.7759715748907,XETE,500,500,3
3064.453299251199,XETE,500,500,3
968.9323950271128,XETE,500,500,3
4914.2340637055995,XIAM,500,500,3
583.9342206142292,XIAM,500,500,3
423.36756234734935,XIAM,500,500,3
95.41861588166404,XIAM,500,500,3
2411.762684857244,XIAM,500,500,3
1544.6725916303365,XIAM,500,500,3
3415.5962981217003,XIAM,500,500,3
259.8387333155556,XIAM,500,500,3
112.02567599248884,XIAM,500,500,3
97.54723317439823,XIAM,500,500,3
610.4511124266666,XIAM,500,500,3
144.7958928567449,XIAM,500,500,3
3480.2043806153324,XIAM,500,500,3
2541.9387024433336,XIAM,500,500,3
368.98233579093323,XIAM,500,500,3
271.29204996248893,XIAM,500,500,3
7498.382284870314,XIAM,500,500,3
454.794360586025,XIAM,500,500,3
2772.7353435711716,XIAM,500,500,3
1316.6070747838291,XIAM,500,500,3
87.65844058708626,XYCA,500,500,3
112.11773509876625,XYCA,500,500,3
804.8664412152887,XYCA,500,500,3
105.50861885769956,XYCA,500,500,3
4430.517370434534,XYCA,500,500,3
2507.4308399082665,XYCA,500,500,3
3018.5086714582603,XYCA,500,500,3
85.7567980927716,XYCA,500,500,3
15.916033452784006,XYCA,500,500,3
2670.2121580117337,XYCA,500,500,3
77.39543676961955,XYCA,500,500,3
115.30438357332623,XYCA,500,500,3
2379.4859823065317,XYCA,500,500,3
92.34236548582221,XYCA,500,500,3
1106.841320604784,XYCA,500,500,3
149.49095904742404,XYCA,500,500,3
40.586138601130656,XYCA,500,500,3
18.873694648206218,XYCA,500,500,3
1511.0122269813312,XYCA,500,500,3
244.10643952298497,XYCA,500,500,3
283.9137988960996,XYDI,500,500,3
3822.4194446210768,XYDI,500,500,3
43.92763429700268,XYDI,500,500,3
1190.1923205700962,XYDI,500,500,3
48.49717428435734,XYDI,500,500,3
162.8964011361973,XYDI,500,500,3
1246.673832928256,XYDI,500,500,3
2125.8306109801174,XYDI,500,500,3
200.51607458026493,XYDI,500,500,3
129.73562142121054,XYDI,500,500,3
77.56114263708264,XYDI,500,500,3
138.84444614877154,XYDI,500,500,3
191.0727993471128,XYDI,500,500,3
90.70102554551295,XYDI,500,500,3
35.566760804949325,XYDI,500,500,3
371.8257432138223,XYDI,500,500,3
49.36535593147732,XYDI,500,500,3
152.58609698448893,XYDI,500,500,3
82.90681519217067,XYDI,500,500,3
241.6527667142665,XYDI,500,500,3
1205.741909155611,XYFI,500,500,3
2233.759088746638,XYFI,500,500,3
1948.2847064096422,XYFI,500,500,3
4862.611861693946,XYFI,500,500,3
165.83545597565154,XYFI,500,500,3
253.1683466222862,XYFI,500,500,3
147.32811799494397,XYFI,500,500,3
148.93069733139728,XYFI,500,500,3
224.1184872581049,XYFI,500,500,3
201.18128199530491,XYFI,500,500,3
3588.2843579890327,XYFI,500,500,3
124.53026994943285,XYFI,500,500,3
1010.6045687414598,XYFI,500,500,3
1433.905832469886,XYFI,500,500,3
2783.640945863673,XYFI,500,500,3
30.605871868472885,XYFI,500,500,3
151.45906474558404,XYFI,500,500,3
122.31086650196617,XYFI,500,500,3
536.1104352882061,XYFI,500,500,3
194.04623880979742,XYFI,500,500,3
803.1053766126862,XYJU,500,500,3
56.73310813746489,XYJU,500,500,3
119.60022560164269,XYJU,500,500,3
51.23064139428265,XYJU,500,500,3
2545.8898649768516,XYJU,500,500,3
587.4385798660962,XYJU,500,500,3
106.41434933321959,XYJU,500,500,3
196.73150008528884,XYJU,500,500,3
115.65072830685162,XYJU,500,500,3
4512.320967187598,XYJU,500,500,3
433.80853123014396,XYJU,500,500,3
314.61028650569966,XYJU,500,500,3
148.84989733254938,XYJU,500,500,3
208.04213072187738,XYJU,500,500,3
20.697102625050665,XYJU,500,500,3
14.678184925822222,XYJU,500,500,3
145.39449084222397,XYJU,500,500,3
152.79218558156614,XYJU,500,500,3
20.847597658650663,XYJU,500,500,3
724.2482999996994,XYJU,500,500,3
107.2033878650027,XYMO,500,500,3
5737.099850865733,XYMO,500,500,3
48.18363539566934,XYMO,500,500,3
1205.8297530254777,XYMO,500,500,3
62.7109527424,XYMO,500,500,3
121.94353749449954,XYMO,500,500,3
439.079044683945,XYMO,500,500,3
75.99047398328892,XYMO,500,500,3
103.00288565461155,XYMO,500,500,3
3950.268235137701,XYMO,500,500,3
135.31447387812275,XYMO,500,500,3
12.260020534312885,XYMO,500,500,3
48.50820785490491,XYMO,500,500,3
37.820946691584,XYMO,500,500,3
111.95840537053158,XYMO,500,500,3
51.29859082005155,XYMO,500,500,3
71.13511222084267,XYMO,500,500,3
301.25569006421154,XYMO,500,500,3
173.88192905531724,XYMO,500,500,3
3268.4046663010904,XYMO,500,500,3
383.5316359889049,XYSM,500,500,3
50.888514910064,XYSM,500,500,3
53.62882842128886,XYSM,500,500,3
138.95375396180617,XYSM,500,500,3
3210.762939945807,XYSM,500,500,3
871.1542909649847,XYSM,500,500,3
6087.512827708557,XYSM,500,500,3
1105.2280210744893,XYSM,500,500,3
639.0024213463041,XYSM,500,500,3
5982.7484129237355,XYSM,500,500,3
229.14332404940612,XYSM,500,500,3
647.8699330768196,XYSM,500,500,3
3624.8610933712775,XYSM,500,500,3
225.0585293489333,XYSM,500,500,3
176.10840132437153,XYSM,500,500,3
504.62164412885147,XYSM,500,500,3
457.31172888404626,XYSM,500,500,3
3861.073633146154,XYSM,500,500,3
9463.406937700935,XYSM,500,500,3
110.19134075204265,XYSM,500,500,3
18.606479748664892,XYTO,500,500,3
68.97686936370486,XYTO,500,500,3
38.64382645873067,XYTO,500,500,3
24.46003623722489,XYTO,500,500,3
58.91968225706667,XYTO,500,500,3
40.18510149738488,XYTO,500,500,3
63.43935891839998,XYTO,500,500,3
75.42175259831288,XYTO,500,500,3
123.66258662015824,XYTO,500,500,3
727.5827699842774,XYTO,500,500,3
57.984482290488906,XYTO,500,500,3
49.28646143402488,XYTO,500,500,3
82.13390712473597,XYTO,500,500,3
24.437039999139557,XYTO,500,500,3
85.44705061767823,XYTO,500,500,3
15.794210658922662,XYTO,500,500,3
28.301133271829336,XYTO,500,500,3
355.884069100585,XYTO,500,500,3
112.16248562128894,XYTO,500,500,3
148.03575853417064,XYTO,500,500,3
1516.8465390904735,YUAL,500,500,3
7868.0716529491565,YUAL,500,500,3
3448.399471421935,YUAL,500,500,3
117.77933593716621,YUAL,500,500,3
4343.623359364178,YUAL,500,500,3
1900.562989345273,YUAL,500,500,3
1798.0017799150867,YUAL,500,500,3
843.0246859270667,YUAL,500,500,3
4311.335897805864,YUAL,500,500,3
1027.9410839676,YUAL,500,500,3
4985.174364507009,YUAL,500,500,3
5641.843379440064,YUAL,500,500,3
5284.853037048732,YUAL,500,500,3
64.79680902715558,YUAL,500,500,3
4799.969856017059,YUAL,500,500,3
4776.908792116037,YUAL,500,500,3
4253.412165754452,YUAL,500,500,3
1152.5681876542558,YUAL,500,500,3
4459.980343821306,YUAL,500,500,3
1056.0340756541439,YUAL,500,500,3
3763.520437632981,YUBA,500,500,3
2549.8838352462913,YUBA,500,500,3
5336.024866007867,YUBA,500,500,3
5360.700616730338,YUBA,500,500,3
3896.3674522488886,YUBA,500,500,3
3868.934459541289,YUBA,500,500,3
4389.029556952745,YUBA,500,500,3
5220.61142288586,YUBA,500,500,3
9816.490798310002,YUBA,500,500,3
3451.0232950819563,YUBA,500,500,3
3910.2490331042122,YUBA,500,500,3
4231.231172791353,YUBA,500,500,3
3352.0621922918103,YUBA,500,500,3
3508.507693749829,YUBA,500,500,3
2391.8784858000427,YUBA,500,500,3
5256.127613066517,YUBA,500,500,3
3405.3444749104633,YUBA,500,500,3
2703.1441070833325,YUBA,500,500,3
10012.95858945762,YUBA,500,500,3
4752.43986268905,YUBA,500,500,3
6934.9414772449,YUBA2,500,500,3
1248.8554962579626,YUBA2,500,500,3
3761.336102969939,YUBA2,500,500,3
5836.680285468371,YUBA2,500,500,3
3565.671724762267,YUBA2,500,500,3
4527.659942185067,YUBA2,500,500,3
2637.1772287322383,YUBA2,500,500,3
544.4046270655556,YUBA2,500,500,3
4104.519600495701,YUBA2,500,500,3
3525.404036786899,YUBA2,500,500,3
691.2565888149333,YUBA2,500,500,3
5176.700853311083,YUBA2,500,500,3
494.64859729006935,YUBA2,500,500,3
2734.9077222150827,YUBA2,500,500,3
3834.873945081451,YUBA2,500,500,3
1529.7506349630867,YUBA2,500,500,3
865.7530853148374,YUBA2,500,500,3
2655.8644083737436,YUBA2,500,500,3
244.54014933033065,YUBA2,500,500,3
4756.025712638888,YUBA2,500,500,3
3350.513714822312,YUCO,500,500,3
3484.1232199125257,YUCO,500,500,3
150.87309856932274,YUCO,500,500,3
4370.586394350072,YUCO,500,500,3
1090.0660022751554,YUCO,500,500,3
320.6558336411715,YUCO,500,500,3
7020.090656814845,YUCO,500,500,3
1068.7932917107037,YUCO,500,500,3
2106.6211486261764,YUCO,500,500,3
1849.557585848889,YUCO,500,500,3
4059.0285814126905,YUCO,500,500,3
6077.985448774654,YUCO,500,500,3
5249.4771216496,YUCO,500,500,3
4761.169625266131,YUCO,500,500,3
5078.714275728888,YUCO,500,500,3
2657.539877642651,YUCO,500,500,3
10778.947546228546,YUCO,500,500,3
3993.6978675413056,YUCO,500,500,3
5187.309670333651,YUCO,500,500,3
3569.4116022036455,YUCO,500,500,3
2831.369434469718,YUEL,500,500,3
1839.471880658416,YUEL,500,500,3
1483.811022202793,YUEL,500,500,3
2511.9101321841486,YUEL,500,500,3
1043.0273316604996,YUEL,500,500,3
2276.400473902633,YUEL,500,500,3
1730.0029762195893,YUEL,500,500,3
1274.085481852144,YUEL,500,500,3
2089.2013271100004,YUEL,500,500,3
3343.0846647520675,YUEL,500,500,3
3640.8728184955444,YUEL,500,500,3
2469.0358506802067,YUEL,500,500,3
4133.683910299811,YUEL,500,500,3
4075.9673985962677,YUEL,500,500,3
914.3008506443668,YUEL,500,500,3
2643.9047812819563,YUEL,500,500,3
2391.4924256099393,YUEL,500,500,3
1090.4662027899997,YUEL,500,500,3
1258.8033133226593,YUEL,500,500,3
3242.587498258766,YUEL,500,500,3
7215.774478666523,YUFI,500,500,3
6504.7255656418,YUFI,500,500,3
736.6492373193319,YUFI,500,500,3
6336.349406260046,YUFI,500,500,3
5491.500704031344,YUFI,500,500,3
6835.4564004245185,YUFI,500,500,3
1157.1757898131186,YUFI,500,500,3
1957.9879554575634,YUFI,500,500,3
2968.1869514098057,YUFI,500,500,3
6681.735007277397,YUFI,500,500,3
5730.62554015146,YUFI,500,500,3
7234.726622281034,YUFI,500,500,3
3416.797811372073,YUFI,500,500,3
862.0317397614775,YUFI,500,500,3
5301.68076607249,YUFI,500,500,3
3837.2616362763947,YUFI,500,500,3
2021.6610442853264,YUFI,500,500,3
2117.9853323795624,YUFI,500,500,3
6031.612870911059,YUFI,500,500,3
3149.058630837289,YUFI,500,500,3
1050.2008898830509,YUGL,500,500,3
2408.089120883456,YUGL,500,500,3
3889.146213729959,YUGL,500,500,3
467.2402754184463,YUGL,500,500,3
2991.85540525258,YUGL,500,500,3
3166.8421967537347,YUGL,500,500,3
1686.667223573333,YUGL,500,500,3
2775.668388031937,YUGL,500,500,3
90.0675897057849,YUGL,500,500,3
4390.9023055547095,YUGL,500,500,3
3747.5283729755997,YUGL,500,500,3
5208.71247195975,YUGL,500,500,3
4822.345128882318,YUGL,500,500,3
4162.85211560903,YUGL,500,500,3
1902.835185114309,YUGL,500,500,3
2549.6163427746123,YUGL,500,500,3
3137.6921673059546,YUGL,500,500,3
2435.030488230401,YUGL,500,500,3
6503.691931583823,YUGL,500,500,3
4932.944046937593,YUGL,500,500,3
4382.8717773172875,YUMA4,500,500,3
3991.3864164193956,YUMA4,500,500,3
2873.9214729759574,YUMA4,500,500,3
2655.8207145326865,YUMA4,500,500,3
2934.6749836571726,YUMA4,500,500,3
3341.6372466431553,YUMA4,500,500,3
5979.991308237931,YUMA4,500,500,3
2713.9201306211394,YUMA4,500,500,3
3411.1012693886228,YUMA4,500,500,3
7864.558301461077,YUMA4,500,500,3
4267.856817604934,YUMA4,500,500,3
3716.7608582883395,YUMA4,500,500,3
3967.203042425811,YUMA4,500,500,3
4619.926344914969,YUMA4,500,500,3
3821.091369319877,YUMA4,500,500,3
5351.44959993529,YUMA4,500,500,3
2826.562765431167,YUMA4,500,500,3
5514.042962033382,YUMA4,500,500,3
1623.7968012337765,YUMA4,500,500,3
3033.6758440247436,YUMA4,500,500,3
8461.899472548479,YUPA,500,500,3
3590.2197540764014,YUPA,500,500,3
2184.9751685011897,YUPA,500,500,3
2082.994982327289,YUPA,500,500,3
1512.293484555264,YUPA,500,500,3
8418.83000933333,YUPA,500,500,3
298.7872658172426,YUPA,500,500,3
4203.310697142265,YUPA,500,500,3
982.1709553904192,YUPA,500,500,3
4671.026076799272,YUPA,500,500,3
3706.3607485070065,YUPA,500,500,3
4199.774793065242,YUPA,500,500,3
1794.4455595334248,YUPA,500,500,3
3840.1815820741526,YUPA,500,500,3
6141.571621109646,YUPA,500,500,3
4790.667136962046,YUPA,500,500,3
8767.731620877423,YUPA,500,500,3
472.3988047457263,YUPA,500,500,3
4922.604460202488,YUPA,500,500,3
2450.6895603140956,YUPA,500,500,3
976.8633481841495,YUSC2,500,500,3
1243.4537173712783,YUSC2,500,500,3
1669.2303945573253,YUSC2,500,500,3
5084.747560604133,YUSC2,500,500,3
4633.4595691502855,YUSC2,500,500,3
3441.0928709644636,YUSC2,500,500,3
615.1914239303663,YUSC2,500,500,3
3545.4564726611557,YUSC2,500,500,3
1529.410576277673,YUSC2,500,500,3
2226.0230233557268,YUSC2,500,500,3
5228.363309073195,YUSC2,500,500,3
1244.1287174558652,YUSC2,500,500,3
1522.9462199626225,YUSC2,500,500,3
1678.9771911721227,YUSC2,500,500,3
2322.409557265038,YUSC2,500,500,3
4181.722901474131,YUSC2,500,500,3
4786.687143299154,YUSC2,500,500,3
1313.1817721053792,YUSC2,500,500,3
2440.4437909951985,YUSC2,500,500,3
1049.5050983473493,YUSC2,500,500,3
253.93331145540265,ZAPA,500,500,3
71.03262202503824,ZAPA,500,500,3
103.65398666663823,ZAPA,500,500,3
70.10503532287285,ZAPA,500,500,3
70.83505323598932,ZAPA,500,500,3
112.10202531142936,ZAPA,500,500,3
515.8545093195662,ZAPA,500,500,3
50.358942518184904,ZAPA,500,500,3
154.7245648647396,ZAPA,500,500,3
393.75311673906486,ZAPA,500,500,3
127.04156644764267,ZAPA,500,500,3
696.7123555280195,ZAPA,500,500,3
69.54603432383821,ZAPA,500,500,3
1313.3974830966595,ZAPA,500,500,3
44.81433430852268,ZAPA,500,500,3
192.8032325744,ZAPA,500,500,3
782.3603135752514,ZAPA,500,500,3
1194.8153310429802,ZAPA,500,500,3
334.75254645629144,ZAPA,500,500,3
200.62312816076624,ZAPA,500,500,3
1882.8769016078923,ZEMA,500,500,3
1382.320555262606,ZEMA,500,500,3
2481.874886931155,ZEMA,500,500,3
314.68400909582215,ZEMA,500,500,3
4178.797477311082,ZEMA,500,500,3
1669.2329125471554,ZEMA,500,500,3
330.39480776305084,ZEMA,500,500,3
5242.9447510523705,ZEMA,500,500,3
125.27208910790932,ZEMA,500,500,3
3575.2308331869003,ZEMA,500,500,3
856.3541362605222,ZEMA,500,500,3
1106.0597732737704,ZEMA,500,500,3
681.517498823225,ZEMA,500,500,3
3195.8712813494594,ZEMA,500,500,3
2819.7988599619985,ZEMA,500,500,3
5489.82693142351,ZEMA,500,500,3
1519.2678654796514,ZEMA,500,500,3
3618.2126025593593,ZEMA,500,500,3
1677.0988347562384,ZEMA,500,500,3
3290.9843813719317,ZEMA,500,500,3
3793.6050945266074,ZEPU3,500,500,3
2374.5398209955556,ZEPU3,500,500,3
2883.4828694430553,ZEPU3,500,500,3
232.4307540853759,ZEPU3,500,500,3
106.33413736695292,ZEPU3,500,500,3
789.3083845888692,ZEPU3,500,500,3
2940.0637455110386,ZEPU3,500,500,3
626.4776527912891,ZEPU3,500,500,3
986.8228626953797,ZEPU3,500,500,3
855.3381937977442,ZEPU3,500,500,3
2336.0680983734596,ZEPU3,500,500,3
909.4200721350383,ZEPU3,500,500,3
222.7096156014773,ZEPU3,500,500,3
604.9532454296462,ZEPU3,500,500,3
705.1422707404781,ZEPU3,500,500,3
156.67563325418493,ZEPU3,500,500,3
305.7141990677174,ZEPU3,500,500,3
3914.6560319891823,ZEPU3,500,500,3
38.25752088454932,ZEPU3,500,500,3
326.0656413147714,ZEPU3,500,500,3
809.1863059227719,ZESE80,500,500,3
570.6319255891556,ZESE80,500,500,3
173.16920787195554,ZESE80,500,500,3
696.282847002736,ZESE80,500,500,3
141.05226330777595,ZESE80,500,500,3
205.53814317169073,ZESE80,500,500,3
672.1274190570649,ZESE80,500,500,3
592.395285838393,ZESE80,500,500,3
5245.136307743957,ZESE80,500,500,3
293.17976430130494,ZESE80,500,500,3
189.01433235831288,ZESE80,500,500,3
953.754621701033,ZESE80,500,500,3
2143.971126297172,ZESE80,500,500,3
2142.6867829149,ZESE80,500,500,3
812.7344444316375,ZESE80,500,500,3
1489.1300978872891,ZESE80,500,500,3
345.1693552883184,ZESE80,500,500,3
306.1337365602115,ZESE80,500,500,3
3225.495909793876,ZESE80,500,500,3
210.50251609079285,ZESE80,500,500,3
123.09466266273955,ZEST,500,500,3
285.0561990188782,ZEST,500,500,3
173.5563316880996,ZEST,500,500,3
2256.6659332363924,ZEST,500,500,3
69.39247412497065,ZEST,500,500,3
1825.6292778067623,ZEST,500,500,3
1893.9368338986221,ZEST,500,500,3
147.88965917068617,ZEST,500,500,3
303.968122443406,ZEST,500,500,3
853.1307155643716,ZEST,500,500,3
922.3726243495184,ZEST,500,500,3
231.39342834555563,ZEST,500,500,3
5046.243902651945,ZEST,500,500,3
1107.6823950067183,ZEST,500,500,3
854.6740912934384,ZEST,500,500,3
394.39982508714485,ZEST,500,500,3
828.4539032057172,ZEST,500,500,3
140.41300890651738,ZEST,500,500,3
125.6443514183395,ZEST,500,500,3
107.01360426271296,ZEST,500,500,3
450.8336275799451,ZIAP,500,500,3
211.69349343174923,ZIAP,500,500,3
540.3881272763663,ZIAP,500,500,3
4886.675693226664,ZIAP,500,500,3
279.55353450231286,ZIAP,500,500,3
145.11770582385063,ZIAP,500,500,3
1017.7696499411041,ZIAP,500,500,3
2554.908890476118,ZIAP,500,500,3
638.6954292222223,ZIAP,500,500,3
2884.3077623446025,ZIAP,500,500,3
2311.4669075794327,ZIAP,500,500,3
260.48337386555556,ZIAP,500,500,3
3248.562242313955,ZIAP,500,500,3
609.0486526850776,ZIAP,500,500,3
1273.2599962738059,ZIAP,500,500,3
381.55777594555553,ZIAP,500,500,3
2419.489580871066,ZIAP,500,500,3
1029.1679541391625,ZIAP,500,500,3
446.5240382364159,ZIAP,500,500,3
3736.108675391601,ZIAP,500,500,3
2050.2007439092895,ZIAQ,500,500,3
2027.037226965033,ZIAQ,500,500,3
353.7940886268995,ZIAQ,500,500,3
134.80074917375296,ZIAQ,500,500,3
4533.637088690488,ZIAQ,500,500,3
1181.7507655935997,ZIAQ,500,500,3
645.3980059873847,ZIAQ,500,500,3
495.47002357328876,ZIAQ,500,500,3
3947.310728931156,ZIAQ,500,500,3
428.72618502250504,ZIAQ,500,500,3
251.4900050138383,ZIAQ,500,500,3
149.23467924735286,ZIAQ,500,500,3
99.63713730281064,ZIAQ,500,500,3
1013.8083190111843,ZIAQ,500,500,3
219.45194484393056,ZIAQ,500,500,3
1954.470087353678,ZIAQ,500,500,3
1856.4387709267041,ZIAQ,500,500,3
645.3980059873847,ZIAQ,500,500,3
911.282094233598,ZIAQ,500,500,3
1409.0959060777789,ZIAQ,500,500,3
240.71913646967292,ZIAU,500,500,3
4031.0713433240458,ZIAU,500,500,3
233.79360778222218,ZIAU,500,500,3
151.62434553343292,ZIAU,500,500,3
941.6363162858221,ZIAU,500,500,3
44.52048388692622,ZIAU,500,500,3
410.5383146650667,ZIAU,500,500,3
925.3013099003447,ZIAU,500,500,3
2947.47410163157,ZIAU,500,500,3
2252.8732182549165,ZIAU,500,500,3
572.1102319822221,ZIAU,500,500,3
1823.3576667349055,ZIAU,500,500,3
361.4121746612461,ZIAU,500,500,3
408.53406637737965,ZIAU,500,500,3
2318.873869481726,ZIAU,500,500,3
5000.117926820118,ZIAU,500,500,3
286.4080827668195,ZIAU,500,500,3
284.57549181405153,ZIAU,500,500,3
310.6754787261849,ZIAU,500,500,3
280.5136997107039,ZIAU,500,500,3
428.67635325439977,ZIGL,500,500,3
381.59450239826475,ZIGL,500,500,3
90.0932293519627,ZIGL,500,500,3
948.5436488052887,ZIGL,500,500,3
132.25018389588627,ZIGL,500,500,3
1919.1883153011179,ZIGL,500,500,3
4399.196197552612,ZIGL,500,500,3
1369.4836045738223,ZIGL,500,500,3
278.49257297107727,ZIGL,500,500,3
2836.600935443199,ZIGL,500,500,3
484.0709756999394,ZIGL,500,500,3
1279.5506362939093,ZIGL,500,500,3
1504.2197185827395,ZIGL,500,500,3
1960.2063219838226,ZIGL,500,500,3
1273.1420371512252,ZIGL,500,500,3
265.3130745821794,ZIGL,500,500,3
326.4179596879573,ZIGL,500,500,3
4048.4632657729258,ZIGL,500,500,3
2423.0533421139553,ZIGL,500,500,3
119.17013240660624,ZIGL,500,500,3
2885.377488847013,ZIGR,500,500,3
1987.0291542406242,ZIGR,500,500,3
602.1856758980196,ZIGR,500,500,3
5533.365530416916,ZIGR,500,500,3
3222.366745199428,ZIGR,500,500,3
1519.7089543261227,ZIGR,500,500,3
2463.132466581304,ZIGR,500,500,3
430.8540618523712,ZIGR,500,500,3
89.11564643953065,ZIGR,500,500,3
3273.835366419155,ZIGR,500,500,3
3357.3101797695126,ZIGR,500,500,3
871.244353264553,ZIGR,500,500,3
1128.1392809510385,ZIGR,500,500,3
2947.6507056830574,ZIGR,500,500,3
159.86176486365156,ZIGR,500,500,3
415.0718260795447,ZIGR,500,500,3
1594.060990382222,ZIGR,500,500,3
384.3336410698223,ZIGR,500,500,3
474.1765431420513,ZIGR,500,500,3
3993.956653004498,ZIGR,500,500,3
296.0003438888959,ZIMI,500,500,3
1016.8248185002025,ZIMI,500,500,3
2797.7830219570064,ZIMI,500,500,3
2396.931979828622,ZIMI,500,500,3
135.10211413506667,ZIMI,500,500,3
3853.2428094412726,ZIMI,500,500,3
2819.3232892866563,ZIMI,500,500,3
3289.37055765929,ZIMI,500,500,3
820.6028297784885,ZIMI,500,500,3
4094.6623673055547,ZIMI,500,500,3
3651.5121081004777,ZIMI,500,500,3
476.12905061862403,ZIMI,500,500,3
5344.469743482529,ZIMI,500,500,3
171.18762575666494,ZIMI,500,500,3
5707.7300839160725,ZIMI,500,500,3
1022.949055281563,ZIMI,500,500,3
1279.3758106376376,ZIMI,500,500,3
424.25474707070396,ZIMI,500,500,3
2418.67953585322,ZIMI,500,500,3
1654.3351186571929,ZIMI,500,500,3
5735.565669548879,ZIPE,500,500,3
169.21348864381156,ZIPE,500,500,3
122.8958270185796,ZIPE,500,500,3
307.9473900543983,ZIPE,500,500,3
229.447051055216,ZIPE,500,500,3
3245.1765458153536,ZIPE,500,500,3
77.83494253222221,ZIPE,500,500,3
169.1024390264889,ZIPE,500,500,3
322.25026394111285,ZIPE,500,500,3
915.945831661967,ZIPE,500,500,3
361.19896266948257,ZIPE,500,500,3
386.55185996287275,ZIPE,500,500,3
301.35561712339734,ZIPE,500,500,3
35.975207868472886,ZIPE,500,500,3
485.20392737973333,ZIPE,500,500,3
1165.4697470566662,ZIPE,500,500,3
3837.6705913318324,ZIPE,500,500,3
239.6856885376694,ZIPE,500,500,3
259.7349253207893,ZIPE,500,500,3
198.19927554353606,ZIPE,500,500,3
114.33899194517153,ZITE,500,500,3
516.7817817637529,ZITE,500,500,3
3135.6869593096258,ZITE,500,500,3
37.42847955128887,ZITE,500,500,3
10.359706243539554,ZITE,500,500,3
82.72113316686934,ZITE,500,500,3
1364.9334538767932,ZITE,500,500,3
2025.3666625484507,ZITE,500,500,3
2438.647814072019,ZITE,500,500,3
247.10898831726936,ZITE,500,500,3
222.1569516194116,ZITE,500,500,3
146.32839466990933,ZITE,500,500,3
4089.608019372074,ZITE,500,500,3
2877.3708968928636,ZITE,500,500,3
79.10461731447288,ZITE,500,500,3
1102.1965022574864,ZITE,500,500,3
1746.2073824565325,ZITE,500,500,3
55.2140906719982,ZITE,500,500,3
1336.8952553514505,ZITE,500,500,3
3717.6525833478368,ZITE,500,500,3
70.94602663662224,ZIZE,500,500,3
209.96631417853158,ZIZE,500,500,3
1268.7879424425798,ZIZE,500,500,3
303.9767612248729,ZIZE,500,500,3
1044.0836984233797,ZIZE,500,500,3
666.3149122883128,ZIZE,500,500,3
126.48282651715559,ZIZE,500,500,3
585.8195898512427,ZIZE,500,500,3
144.14848922662222,ZIZE,500,500,3
417.29011578572624,ZIZE,500,500,3
315.42721755460286,ZIZE,500,500,3
774.1289674628107,ZIZE,500,500,3
676.8990299929529,ZIZE,500,500,3
147.69897312221153,ZIZE,500,500,3
627.2331290009438,ZIZE,500,500,3
3999.144854777167,ZIZE,500,500,3
1391.4374732449971,ZIZE,500,500,3
252.41417136201946,ZIZE,500,500,3
234.87943460516252,ZIZE,500,500,3
38.01802110025957,ZIZE,500,500,3
561.609161096489,ZOBR,500,500,3
217.2290092283573,ZOBR,500,500,3
3879.2376677406646,ZOBR,500,500,3
149.4789665361049,ZOBR,500,500,3
119.40093365865067,ZOBR,500,500,3
204.85499067754486,ZOBR,500,500,3
491.5347762762507,ZOBR,500,500,3
3616.2530820390125,ZOBR,500,500,3
554.5027156036198,ZOBR,500,500,3
2904.2223113559876,ZOBR,500,500,3
102.6952402970667,ZOBR,500,500,3
771.9254023068422,ZOBR,500,500,3
338.8040650875574,ZOBR,500,500,3
617.9628316709532,ZOBR,500,500,3
28.769455902655995,ZOBR,500,500,3
244.4537990515983,ZOBR,500,500,3
93.77404228248892,ZOBR,500,500,3
107.9713749233333,ZOBR,500,500,3
1506.509772950692,ZOBR,500,500,3
199.8066695830115,ZOBR,500,500,3
640.4175736788889,ZOMA,500,500,3
267.42419992601594,ZOMA,500,500,3
1035.3593816511554,ZOMA,500,500,3
2895.76601756,ZOMA,500,500,3
37.910659363966225,ZOMA,500,500,3
711.6592822179557,ZOMA,500,500,3
1439.4700973009337,ZOMA,500,500,3
8.221013034488891,ZOMA,500,500,3
510.2498911324,ZOMA,500,500,3
274.0940054129333,ZOMA,500,500,3
3525.193018496824,ZOMA,500,500,3
524.951603906105,ZOMA,500,500,3
1729.5876857932726,ZOMA,500,500,3
3298.7804295139554,ZOMA,500,500,3
667.8208593639664,ZOMA,500,500,3
1336.0379074727182,ZOMA,500,500,3
3089.194837701804,ZOMA,500,500,3
1067.8083566540731,ZOMA,500,500,3
889.5892915843984,ZOMA,500,500,3
319.94978541340265,ZOMA,500,500,3
1905.9778598356456,ZOMA2,500,500,3
68.05389356385955,ZOMA2,500,500,3
1414.682657438713,ZOMA2,500,500,3
2906.6507549906773,ZOMA2,500,500,3
2191.5551957036773,ZOMA2,500,500,3
299.13431266801604,ZOMA2,500,500,3
5474.757938837404,ZOMA2,500,500,3
649.2223359343996,ZOMA2,500,500,3
139.52388902762493,ZOMA2,500,500,3
3445.651361911117,ZOMA2,500,500,3
3180.500378843717,ZOMA2,500,500,3
3022.6794026152884,ZOMA2,500,500,3
3010.5201646097,ZOMA2,500,500,3
1883.9958501405576,ZOMA2,500,500,3
1555.670173737984,ZOMA2,500,500,3
339.83531994111826,ZOMA2,500,500,3
685.8225082265579,ZOMA2,500,500,3
1795.597135841955,ZOMA2,500,500,3
24.22926928667733,ZOMA2,500,500,3
978.4842309747181,ZOMA2,500,500,3
