Laplacian_Variance,Class,Height,Width,Shape
2842.5239757162567,test-00000-of-00006_0.png,256,256,3
1178.9440884441137,test-00000-of-00006_0.png,256,256,3
564.6697893933291,test-00000-of-00006_0.png,256,256,3
1466.2959185694115,test-00000-of-00006_0.png,1024,768,3
822.9240570685074,test-00000-of-00006_0.png,1024,768,3
110.24357644675506,test-00000-of-00006_0.png,128,128,3
67.71430989430746,test-00000-of-00006_0.png,320,240,3
236.4666341929393,test-00000-of-00006_0.png,1724,2296,3
8807.317557085616,test-00000-of-00006_0.png,256,256,3
6620.450792557225,test-00000-of-00006_0.png,256,256,3
158.33656947856718,test-00000-of-00006_0.png,1724,2296,3
1368.057318449396,test-00000-of-00006_0.png,1024,768,3
470.5296095926693,test-00000-of-00006_0.png,400,400,3
120.15527283950617,test-00000-of-00006_0.png,1200,900,3
401.0731113903312,test-00000-of-00006_0.png,768,1024,3
1341.9203093369752,test-00000-of-00006_0.png,1024,768,3
235.23155962206593,test-00000-of-00006_0.png,400,400,3
44.49190352857113,test-00000-of-00006_0.png,256,256,3
121.2533105195787,test-00000-of-00006_0.png,240,320,3
3000.718815614547,test-00000-of-00006_0.png,256,256,3
63.57555507682251,test-00000-of-00006_0.png,1024,768,3
114.11500086461798,test-00000-of-00006_0.png,99,256,3
175.6631606232639,test-00000-of-00006_0.png,400,400,3
262.78694401226005,test-00000-of-00006_0.png,1024,768,3
6935.648445814434,test-00000-of-00006_0.png,256,256,3
7850.3364012960665,test-00000-of-00006_0.png,576,768,3
3722.4920904702353,test-00000-of-00006_0.png,256,256,3
5575.164176572941,test-00000-of-00006_0.png,256,256,3
6.486102186738229,test-00000-of-00006_0.png,1024,768,3
469.51848957272836,test-00000-of-00006_0.png,734,500,3
201.3210282571769,test-00000-of-00006_0.png,256,256,3
33.80912260866413,test-00000-of-00006_0.png,256,256,3
43.601643876483045,test-00000-of-00006_0.png,256,256,3
240.95360375968312,test-00000-of-00006_0.png,400,400,3
1144.9530433813738,test-00000-of-00006_0.png,1024,768,3
353.6517042363296,test-00000-of-00006_0.png,1024,768,3
235.23155962206593,test-00000-of-00006_0.png,400,400,3
22.313517803433157,test-00000-of-00006_0.png,400,400,3
6363.066719102338,test-00000-of-00006_0.png,256,256,3
85.54838024026043,test-00000-of-00006_0.png,400,400,3
38.353681768928126,test-00000-of-00006_0.png,1024,768,3
83.97683072629552,test-00000-of-00006_0.png,576,768,3
18.55681550130248,test-00000-of-00006_0.png,128,128,3
164.00278116686664,test-00000-of-00006_0.png,640,480,3
29.088901234348537,test-00000-of-00006_0.png,1200,900,3
7623.90395824073,test-00000-of-00006_0.png,256,256,3
252.0713750328082,test-00000-of-00006_0.png,400,400,3
319.3448751200275,test-00000-of-00006_0.png,240,240,3
370.05962109806285,test-00000-of-00006_0.png,1200,1107,3
49.31397498637023,test-00000-of-00006_0.png,256,256,3
145.70665704953078,test-00000-of-00006_0.png,256,256,3
6347.652475966347,test-00000-of-00006_0.png,256,256,3
748.9169780014913,test-00000-of-00006_0.png,256,256,3
4817.985583070019,test-00000-of-00006_0.png,256,256,3
8.497034677193975,test-00000-of-00006_0.png,1024,1024,3
81.88489356268045,test-00000-of-00006_0.png,3264,2448,3
3650.90100775897,test-00000-of-00006_0.png,256,256,3
6863.262369631066,test-00000-of-00006_0.png,256,256,3
208.2756592072831,test-00000-of-00006_0.png,240,240,3
5930.331929828972,test-00000-of-00006_0.png,256,256,3
1418.1706362689436,test-00000-of-00006_0.png,640,480,3
7413.768618043512,test-00000-of-00006_0.png,256,256,3
364.1384096788194,test-00000-of-00006_0.png,240,320,3
129.48506249984376,test-00000-of-00006_0.png,400,400,3
94.45398069712309,test-00000-of-00006_0.png,1024,768,3
726.9351138501693,test-00000-of-00006_0.png,400,400,3
3961.001798537766,test-00000-of-00006_0.png,256,256,3
188.558133778316,test-00000-of-00006_0.png,400,400,3
3744.833219493325,test-00000-of-00006_0.png,256,256,3
3023.7994173808383,test-00000-of-00006_0.png,256,256,3
5066.07728323462,test-00000-of-00006_0.png,256,256,3
1300.803013197682,test-00000-of-00006_0.png,300,300,3
7523.641033492497,test-00000-of-00006_0.png,400,400,3
36.73445083983933,test-00000-of-00006_0.png,1024,1024,3
417.9286142863581,test-00000-of-00006_0.png,1024,768,3
786.392680917344,test-00000-of-00006_0.png,400,400,3
1074.252230327013,test-00000-of-00006_0.png,640,480,3
87.93073434159722,test-00000-of-00006_0.png,400,400,3
4623.656984248095,test-00000-of-00006_0.png,256,256,3
15.887841193224824,test-00000-of-00006_0.png,400,400,3
3828.300032682613,test-00000-of-00006_0.png,256,256,3
5332.680120656473,test-00000-of-00006_0.png,256,256,3
8807.317557085616,test-00000-of-00006_0.png,256,256,3
283.15297186213945,test-00000-of-00006_0.png,1724,2296,3
42.42745787184101,test-00000-of-00006_0.png,1724,2296,3
5066.07728323462,test-00000-of-00006_0.png,256,256,3
105.93595487917675,test-00000-of-00006_0.png,320,240,3
60.76277113496326,test-00000-of-00006_0.png,256,256,3
1236.787266309037,test-00000-of-00006_0.png,256,256,3
175.6631606232639,test-00000-of-00006_0.png,400,400,3
213.6129206742665,test-00000-of-00006_0.png,400,400,3
82.91847349762814,test-00000-of-00006_0.png,256,256,3
361.6713664590234,test-00000-of-00006_0.png,400,400,3
6347.652475966347,test-00000-of-00006_0.png,256,256,3
299.06224122873266,test-00000-of-00006_0.png,400,400,3
50.34768888618594,test-00000-of-00006_0.png,1024,768,3
2089.437153882758,test-00000-of-00006_0.png,640,480,3
341.6615090108332,test-00000-of-00006_0.png,400,400,3
2580.3623089491284,test-00000-of-00006_0.png,256,256,3
132.75885091747813,test-00000-of-00006_0.png,1024,768,3
22.313517803433157,test-00000-of-00006_0.png,400,400,3
127.78159928153465,test-00000-of-00006_0.png,325,765,3
47.465561111111114,test-00000-of-00006_0.png,1200,900,3
7576.835068716954,test-00000-of-00006_0.png,256,256,3
21.52096851851852,test-00000-of-00006_0.png,1200,900,3
230.52323121562068,test-00000-of-00006_0.png,400,400,3
404.2062210724968,test-00000-of-00006_0.png,256,82,3
18.202037371683545,test-00000-of-00006_0.png,1024,768,3
173.34383622564624,test-00000-of-00006_0.png,240,240,3
15.676410280367541,test-00000-of-00006_0.png,1724,2296,3
1127.3433785735524,test-00000-of-00006_0.png,256,256,3
2422.492633371614,test-00000-of-00006_0.png,256,256,3
398.1254333831198,test-00000-of-00006_0.png,1724,2296,3
45.44500813522543,test-00000-of-00006_0.png,1024,768,3
5.811661274684938,test-00000-of-00006_0.png,576,768,3
70.02923924390537,test-00000-of-00006_0.png,256,256,3
104.94216543209876,test-00000-of-00006_0.png,1200,900,3
262.78694401226005,test-00000-of-00006_0.png,1024,768,3
13970.347068081688,test-00000-of-00006_0.png,256,256,3
948.4390385715973,test-00000-of-00006_0.png,400,400,3
47.38083751416619,test-00000-of-00006_0.png,240,240,3
63.0487056202239,test-00000-of-00006_0.png,1024,768,3
345.3841779823933,test-00000-of-00006_0.png,128,128,3
86.92567929416232,test-00000-of-00006_0.png,400,400,3
1717.9862893455381,test-00000-of-00006_0.png,1024,768,3
3978.0134866342496,test-00000-of-00006_0.png,1024,768,3
349.112945407215,test-00000-of-00006_0.png,256,256,3
6953.4951498648925,test-00000-of-00006_0.png,256,256,3
38.21090536717544,test-00000-of-00006_0.png,240,240,3
2806.7018987840397,test-00000-of-00006_0.png,256,256,3
861.850819792909,test-00000-of-00006_0.png,256,256,3
79.43062296168257,test-00000-of-00006_0.png,256,256,3
2019.5616062505997,test-00000-of-00006_0.png,256,256,3
7954.295193803704,test-00000-of-00006_0.png,256,256,3
4431.6398309654005,test-00000-of-00006_0.png,1024,768,3
8.74200053018744,test-00000-of-00006_0.png,1724,2296,3
9957.64176362753,test-00000-of-00006_0.png,256,256,3
308.5037599148032,test-00000-of-00006_0.png,320,240,3
954.8804282877178,test-00000-of-00006_0.png,256,256,3
186.91936266666667,test-00000-of-00006_0.png,500,500,3
182.6231966096832,test-00000-of-00006_0.png,400,400,3
201.69116533333334,test-00000-of-00006_0.png,500,500,3
821.2722673757363,test-00000-of-00006_0.png,256,256,3
6080.209794389601,test-00000-of-00006_0.png,256,256,3
550.7328546835722,test-00000-of-00006_0.png,1024,768,3
701.9607443988887,test-00000-of-00006_0.png,400,400,3
191.5954419755165,test-00000-of-00006_0.png,400,400,3
121.75789883606029,test-00000-of-00006_0.png,256,256,3
240.0308546865769,test-00000-of-00006_0.png,320,240,3
226.36108742809543,test-00000-of-00006_0.png,256,256,3
18.39989770800411,test-00000-of-00006_0.png,1024,1024,3
61.663096931245455,test-00000-of-00006_0.png,1024,768,3
868.3991177023078,test-00000-of-00006_0.png,256,256,3
834.6641655654336,test-00000-of-00006_0.png,256,256,3
12.496598864046872,test-00000-of-00006_0.png,1024,1024,3
312.09866378801644,test-00000-of-00006_0.png,400,400,3
2277.1672425259685,test-00000-of-00006_0.png,1024,768,3
145.70665704953078,test-00000-of-00006_0.png,256,256,3
7783.62304864234,test-00000-of-00006_0.png,256,256,3
2866.308730944888,test-00000-of-00006_0.png,256,256,3
438.2025636930227,test-00000-of-00006_0.png,256,256,3
317.850026833177,test-00000-of-00006_0.png,400,400,3
82.91847349762814,test-00000-of-00006_0.png,256,256,3
20.664193827062913,test-00000-of-00006_0.png,900,1200,3
663.5168742500246,test-00000-of-00006_0.png,256,256,3
308.5037599148032,test-00000-of-00006_0.png,320,240,3
1214.5232933358184,test-00000-of-00006_0.png,256,256,3
17.203558441558442,test-00000-of-00006_0.png,1200,1155,3
130.2569504833211,test-00000-of-00006_0.png,256,256,3
663.5168742500246,test-00000-of-00006_0.png,256,256,3
5483.4029286671175,test-00000-of-00006_0.png,256,256,3
4.9347966418653195,test-00000-of-00006_0.png,1024,1024,3
5656.053908100946,test-00000-of-00006_0.png,256,256,3
157.24921151310102,test-00000-of-00006_0.png,256,256,3
6476.57523468292,test-00000-of-00006_0.png,256,256,3
722.6427731067753,test-00000-of-00006_0.png,640,480,3
4428.077554320912,test-00000-of-00006_0.png,1024,768,3
5785.2904563210905,test-00000-of-00006_0.png,256,256,3
185.08405471555554,test-00000-of-00006_0.png,400,400,3
15.625661763263892,test-00000-of-00006_0.png,400,400,3
144.02385660556686,test-00000-of-00006_0.png,1024,768,3
82.64462262019515,test-00000-of-00006_0.png,256,256,3
6337.0206016225275,test-00000-of-00006_0.png,256,256,3
37.33605154860677,test-00000-of-00006_0.png,400,400,3
103.76039970514958,test-00000-of-00006_0.png,1724,2296,3
264.5506783838694,test-00000-of-00006_0.png,256,256,3
72.75791940358047,test-00000-of-00006_0.png,1024,768,3
822.9240570685074,test-00000-of-00006_0.png,1024,768,3
43.48642939543548,test-00000-of-00006_0.png,240,240,3
181.61341707805536,test-00000-of-00006_0.png,240,240,3
48.75952487400904,test-00000-of-00006_0.png,1024,768,3
4270.208750300936,test-00000-of-00006_0.png,256,256,3
3568.293241361363,test-00000-of-00006_0.png,256,256,3
13.552972628010643,test-00000-of-00006_0.png,128,128,3
10.351367030795613,test-00000-of-00006_0.png,1024,1024,3
110.08830261207186,test-00000-of-00006_0.png,256,256,3
2917.776614954873,test-00000-of-00006_0.png,1024,768,3
587.2669490153335,test-00000-of-00006_0.png,1024,768,3
135.52928657507454,test-00000-of-00006_0.png,222,320,3
23408.423615101074,test-00000-of-00006_0.png,256,256,3
4399.730918596782,test-00000-of-00006_0.png,256,256,3
294.2641465934527,test-00000-of-00006_0.png,256,109,3
366.3206147803788,test-00000-of-00006_0.png,240,320,3
5510.213807392837,test-00000-of-00006_0.png,256,256,3
57.50867639567381,test-00000-of-00006_0.png,1724,2296,3
56.930776580876255,test-00000-of-00006_0.png,1724,2296,3
5261.928675181232,test-00000-of-00006_0.png,256,256,3
272.80467928317705,test-00000-of-00006_0.png,400,400,3
7027.626561889399,test-00000-of-00006_0.png,256,256,3
974.2510316824897,test-00000-of-00006_0.png,256,256,3
364.1384096788194,test-00000-of-00006_0.png,240,320,3
148.33973644748264,test-00000-of-00006_0.png,240,320,3
270.86958757230445,test-00000-of-00006_0.png,240,240,3
2277.1672425259685,test-00000-of-00006_0.png,1024,768,3
2107.6214705674342,test-00000-of-00006_0.png,256,256,3
220.23068387270393,test-00000-of-00006_0.png,400,400,3
95.96438998835058,test-00000-of-00006_0.png,240,320,3
352.91846709408696,test-00000-of-00006_0.png,128,128,3
10.584679487943186,test-00000-of-00006_0.png,1024,768,3
661.2605766486117,test-00000-of-00006_0.png,256,256,3
276.67009776247755,test-00000-of-00006_0.png,240,320,3
1108.4498123530557,test-00000-of-00006_0.png,400,400,3
233.3070990889229,test-00000-of-00006_0.png,256,256,3
289.8508998677041,test-00000-of-00006_0.png,400,400,3
7210.602959710691,test-00000-of-00006_0.png,256,256,3
4454.944690172871,test-00000-of-00006_0.png,256,256,3
7246.9250173115215,test-00000-of-00006_0.png,256,256,3
5066.07728323462,test-00000-of-00006_0.png,256,256,3
330.52340313193235,test-00000-of-00006_0.png,240,240,3
157.7099428746918,test-00000-of-00006_0.png,240,320,3
102.0442904290104,test-00000-of-00006_0.png,400,400,3
223.85472082592443,test-00000-of-00006_0.png,256,256,3
5184.798057721307,test-00000-of-00006_0.png,256,256,3
183.35065738957897,test-00000-of-00006_0.png,400,400,3
183.8145167788025,test-00000-of-00006_0.png,256,256,3
295.7421380399305,test-00000-of-00006_0.png,400,400,3
23.59550925925926,test-00000-of-00006_0.png,1200,900,3
7403.071683455569,test-00000-of-00006_0.png,256,256,3
306.10507195349794,test-00000-of-00006_0.png,240,320,3
239.68801649964342,test-00000-of-00006_0.png,1724,2296,3
1247.7413630476221,test-00000-of-00006_0.png,256,256,3
18.216781149747497,test-00000-of-00006_0.png,1024,768,3
134.38483168927226,test-00000-of-00006_0.png,256,256,3
4793.975795795105,test-00000-of-00006_0.png,256,256,3
798.6265876870659,test-00000-of-00006_0.png,400,400,3
1164.021071393431,test-00000-of-00006_0.png,256,256,3
5763.687486504412,test-00000-of-00006_0.png,256,256,3
4005.315902783819,test-00000-of-00006_0.png,256,256,3
63.31359157256512,test-00000-of-00006_0.png,400,400,3
131.59079553457096,test-00000-of-00006_0.png,1724,2296,3
49.574293745829,test-00000-of-00006_0.png,400,400,3
436.5014270089602,test-00000-of-00006_0.png,1390,1236,3
3879.552592749292,test-00000-of-00006_0.png,256,256,3
236.2156017220659,test-00000-of-00006_0.png,400,400,3
5230.5454778671265,test-00000-of-00006_0.png,256,256,3
5.389436124099626,test-00000-of-00006_0.png,128,128,3
4938.638390772017,test-00000-of-00006_0.png,256,256,3
213.11986729183593,test-00000-of-00006_0.png,400,400,3
1375.2817962047898,test-00000-of-00006_0.png,640,480,3
54.68636362927224,test-00000-of-00006_0.png,1024,768,3
4651.833434273385,test-00000-of-00006_0.png,256,256,3
1212.627734034419,test-00000-of-00006_0.png,1024,768,3
4206.019600430271,test-00000-of-00006_0.png,256,256,3
19.204647047527057,test-00000-of-00006_0.png,1724,2296,3
5391.330608445737,test-00000-of-00006_0.png,256,256,3
218.3320725323524,test-00000-of-00006_0.png,320,240,3
2866.308730944888,test-00000-of-00006_0.png,256,256,3
4397.496011913417,test-00000-of-00006_0.png,256,256,3
6817.797001016404,test-00000-of-00006_0.png,256,256,3
7300.390177519682,test-00000-of-00006_0.png,256,256,3
1327.263984017902,test-00000-of-00006_0.png,256,256,3
174.55034971071612,test-00000-of-00006_0.png,128,128,3
31.452283950617282,test-00000-of-00006_0.png,1200,900,3
7.943301795257462,test-00000-of-00006_0.png,128,128,3
619.9644236413296,test-00000-of-00006_0.png,256,256,3
20.669695679012346,test-00000-of-00006_0.png,1200,900,3
2643.112445839159,test-00000-of-00006_0.png,1024,768,3
7735.221735126416,test-00000-of-00006_0.png,256,256,3
2086.2760822756427,test-00000-of-00006_0.png,256,256,3
214.6019550537109,test-00000-of-00006_0.png,400,400,3
6680.306796413303,test-00000-of-00006_0.png,256,256,3
10.334764732473863,test-00000-of-00006_0.png,1024,1024,3
6451.507832428208,test-00000-of-00006_0.png,256,256,3
8970.85012035442,test-00000-of-00006_0.png,256,256,3
26.52609230315977,test-00000-of-00006_0.png,1724,2296,3
297.2550743483007,test-00000-of-00006_0.png,256,256,3
63.0487056202239,test-00000-of-00006_0.png,1024,768,3
272.80467928317705,test-00000-of-00006_0.png,400,400,3
142.76993971065946,test-00000-of-00006_0.png,240,320,3
25.301354163954,test-00000-of-00006_0.png,400,400,3
406.6140212983257,test-00000-of-00006_0.png,1024,768,3
148.77909446191865,test-00000-of-00006_0.png,1040,1536,3
7623.90395824073,test-00000-of-00006_0.png,256,256,3
47.26415925925926,test-00000-of-00006_0.png,1200,900,3
69.12933209876543,test-00000-of-00006_0.png,1200,900,3
43.465378174931914,test-00000-of-00006_0.png,1024,768,3
42.06319938271605,test-00000-of-00006_0.png,1200,900,3
194.56907976625692,test-00000-of-00006_0.png,256,256,3
1053.4224991727997,test-00000-of-00006_0.png,1024,768,3
375.00065190447464,test-00000-of-00006_0.png,400,400,3
1543.6119675311104,test-00000-of-00006_0.png,256,256,3
37.78282239285506,test-00000-of-00006_0.png,1024,768,3
689.2905674215234,test-00000-of-00006_0.png,400,400,3
8455.265607566651,test-00000-of-00006_0.png,256,256,3
469.51848957272836,test-00000-of-00006_0.png,734,500,3
697.4651289382639,test-00000-of-00006_0.png,400,400,3
8.648793735437922,test-00000-of-00006_0.png,128,128,3
4973.311274178922,test-00000-of-00006_0.png,256,256,3
1945.4369303334709,test-00000-of-00006_0.png,256,256,3
177.3632011249637,test-00000-of-00006_0.png,640,480,3
273.1312136712174,test-00000-of-00006_0.png,256,256,3
43.30741586757673,test-00000-of-00006_0.png,1724,2296,3
10534.676010214802,test-00000-of-00006_0.png,256,256,3
8260.829390755855,test-00000-of-00006_0.png,256,256,3
1108.4498123530557,test-00000-of-00006_0.png,400,400,3
20.697978523591495,test-00000-of-00006_0.png,1024,768,3
174.55034971071612,test-00000-of-00006_0.png,128,128,3
3370.4411620553324,test-00000-of-00006_0.png,256,256,3
43.91708176045235,test-00000-of-00006_0.png,1724,2296,3
104.94216543209876,test-00000-of-00006_0.png,1200,900,3
28.611081410748437,test-00000-of-00006_0.png,1024,768,3
127.01209808883469,test-00000-of-00006_0.png,256,256,3
121.44871447839886,test-00000-of-00006_0.png,1724,2296,3
79.19960520761146,test-00000-of-00006_0.png,1024,768,3
51.07891708645399,test-00000-of-00006_0.png,400,400,3
420.03337834197475,test-00000-of-00006_0.png,400,400,3
73.56187876146785,test-00000-of-00006_0.png,1015,1200,3
376.14044760802483,test-00000-of-00006_0.png,320,240,3
5289.66809544958,test-00000-of-00006_0.png,256,256,3
6767.844739095929,test-00000-of-00006_0.png,256,256,3
158.0023141823864,test-00000-of-00006_0.png,256,256,3
742.5390042531709,test-00000-of-00006_0.png,240,320,3
6309.612785623719,test-00000-of-00006_0.png,256,256,3
161.13595919684894,test-00000-of-00006_0.png,320,240,3
3135.981190276539,test-00000-of-00006_0.png,256,256,3
4518.940199833673,test-00000-of-00006_0.png,256,256,3
111.15488344858358,test-00000-of-00006_0.png,1024,768,3
6080.209794389601,test-00000-of-00006_0.png,256,256,3
183.9747470803328,test-00000-of-00006_0.png,1724,2296,3
48.40474691358025,test-00000-of-00006_0.png,1200,900,3
344.0210172265018,test-00000-of-00006_0.png,433,527,3
138.60655621646183,test-00000-of-00006_0.png,256,256,3
3961.910459453757,test-00000-of-00006_0.png,256,256,3
242.3344789016112,test-00000-of-00006_0.png,480,640,3
6670.116473350259,test-00000-of-00006_0.png,256,256,3
4099.511273276371,test-00000-of-00006_0.png,256,256,3
10150.603185881759,test-00000-of-00006_0.png,256,256,3
496.81151326497394,test-00000-of-00006_0.png,256,256,3
18.88249462322953,test-00000-of-00006_0.png,256,256,3
420.03337834197475,test-00000-of-00006_0.png,400,400,3
504.3533182392518,test-00000-of-00006_0.png,1024,1024,3
209.0117408315971,test-00000-of-00006_0.png,400,400,3
236.4666341929393,test-00000-of-00006_0.png,1724,2296,3
505.8892248803993,test-00000-of-00006_0.png,400,400,3
837.0547253925656,test-00000-of-00006_0.png,1024,768,3
2574.7212105693466,test-00000-of-00006_0.png,1024,768,3
167.36278492414687,test-00000-of-00006_0.png,240,320,3
677.6782163888414,test-00000-of-00006_0.png,1500,844,3
6.319031970959015,test-00000-of-00006_0.png,1024,768,3
104.68802071983428,test-00000-of-00006_0.png,320,240,3
13.526131591473321,test-00000-of-00006_0.png,1024,1024,3
39.962498305766246,test-00000-of-00006_0.png,1024,768,3
2078.361581573433,test-00000-of-00006_0.png,400,400,3
481.85817251924107,test-00000-of-00006_0.png,320,240,3
90.46697531543062,test-00000-of-00006_0.png,1024,768,3
4793.975795795105,test-00000-of-00006_0.png,256,256,3
290.4856262207031,test-00000-of-00006_0.png,256,256,3
130.2569504833211,test-00000-of-00006_0.png,256,256,3
77.04221251525462,test-00000-of-00006_0.png,1724,2296,3
61.85512376523919,test-00000-of-00006_0.png,1200,900,3
252.81329743806285,test-00000-of-00006_0.png,1724,2296,3
7688.442302026683,test-00000-of-00006_0.png,256,256,3
563.5768862493749,test-00000-of-00006_0.png,400,400,3
941.9326447481886,test-00000-of-00006_0.png,240,320,3
128.1436349556206,test-00000-of-00006_0.png,400,400,3
97.93042995273653,test-00000-of-00006_0.png,256,256,3
2060.578868329525,test-00000-of-00006_0.png,256,256,3
562.8241889295791,test-00000-of-00006_0.png,400,400,3
389.56602428114144,test-00000-of-00006_0.png,240,240,3
99.40247072222225,test-00000-of-00006_0.png,400,400,3
1818.856313919106,test-00000-of-00006_0.png,280,347,3
400.8306375385802,test-00000-of-00006_0.png,320,240,3
22.653017673899416,test-00000-of-00006_0.png,1024,768,3
6803.48930616139,test-00000-of-00006_0.png,256,256,3
4.827051356821256,test-00000-of-00006_0.png,1024,768,3
9375.344016174475,test-00000-of-00006_0.png,256,256,3
3616.3629875223464,test-00000-of-00006_0.png,256,256,3
43.91837037037037,test-00000-of-00006_0.png,1200,900,3
5.26419798500289,test-00000-of-00006_0.png,1024,1024,3
341.6615090108332,test-00000-of-00006_0.png,400,400,3
4.223954200739668,test-00000-of-00006_0.png,1024,1024,3
1492.4851955866643,test-00000-of-00006_0.png,256,256,3
663.5168742500246,test-00000-of-00006_0.png,256,256,3
41.93775158856528,test-00000-of-00006_0.png,1024,1024,3
1087.0920796390067,test-00000-of-00006_0.png,480,640,3
1074.252230327013,test-00000-of-00006_0.png,640,480,3
73.42140435283837,test-00000-of-00006_0.png,1015,941,3
209.0117408315971,test-00000-of-00006_0.png,400,400,3
160.16707819972223,test-00000-of-00006_0.png,400,400,3
143.70198535876474,test-00000-of-00006_0.png,1024,1024,3
106.03946203844497,test-00000-of-00006_0.png,1024,768,3
209.95399145386182,test-00000-of-00006_0.png,256,256,3
96.77670444462758,test-00000-of-00006_0.png,256,256,3
163.12056932898633,test-00000-of-00006_0.png,240,320,3
199.1036670464221,test-00000-of-00006_0.png,320,240,3
708.5505278723915,test-00000-of-00006_0.png,400,400,3
5345.1507019011715,test-00000-of-00006_0.png,1024,768,3
566.1127442088281,test-00000-of-00006_0.png,1024,768,3
10963.593201312755,test-00000-of-00006_0.png,256,256,3
242.13682088874168,test-00000-of-00006_0.png,256,256,3
226.36108742809543,test-00000-of-00006_0.png,256,256,3
110.1669985437231,test-00000-of-00006_0.png,1024,1024,3
14.814545267960057,test-00000-of-00006_0.png,256,256,3
288.2328281786415,test-00000-of-00006_0.png,400,400,3
2275.7236146001505,test-00000-of-00006_0.png,256,256,3
103.75001692221662,test-00000-of-00006_0.png,1024,768,3
128.1436349556206,test-00000-of-00006_0.png,400,400,3
648.3774832408159,test-00000-of-00006_0.png,400,400,3
56.020642248674406,test-00000-of-00006_0.png,1724,2296,3
4504.3237099349235,test-00000-of-00006_0.png,256,256,3
348.13974441972215,test-00000-of-00006_0.png,400,400,3
4422.23565802969,test-00000-of-00006_0.png,256,256,3
62.53468566970636,test-00000-of-00006_0.png,504,896,3
70.86056976946026,test-00000-of-00006_0.png,1024,768,3
226.5902611832612,test-00000-of-00006_0.png,1200,1155,3
8.497034677193975,test-00000-of-00006_0.png,1024,1024,3
3699.165145330104,test-00000-of-00006_0.png,256,256,3
280.41015615686774,test-00000-of-00006_0.png,256,256,3
109.37725221828886,test-00000-of-00006_0.png,240,320,3
49.08555917897158,test-00000-of-00006_0.png,128,128,3
288.2900791374826,test-00000-of-00006_0.png,400,400,3
109.609177717628,test-00000-of-00006_0.png,240,320,3
6315.82320364562,test-00000-of-00006_0.png,256,256,3
707.7827396791622,test-00000-of-00006_0.png,400,400,3
845.9032941614539,test-00000-of-00006_0.png,400,400,3
213.75845277560984,test-00000-of-00006_0.png,1724,2296,3
5.133076985644341,test-00000-of-00006_0.png,1024,1024,3
14.050866086630977,test-00000-of-00006_0.png,256,256,3
36.39005910992793,test-00000-of-00006_0.png,1024,768,3
421.0851406142271,test-00000-of-00006_0.png,256,256,3
1678.9803901052046,test-00000-of-00006_0.png,400,400,3
3392.540161624524,test-00000-of-00006_0.png,256,256,3
71.82156775645129,test-00000-of-00006_0.png,1200,1070,3
3.31159250377257,test-00000-of-00006_0.png,1024,768,3
6196.429500682047,test-00000-of-00006_0.png,256,256,3
450.86279197530865,test-00000-of-00006_0.png,1200,900,3
1350.013612245816,test-00000-of-00006_0.png,400,400,3
3672.1201553816322,test-00000-of-00006_0.png,256,256,3
232.7054996336195,test-00000-of-00006_0.png,240,320,3
188.2932874420543,test-00000-of-00006_0.png,240,320,3
36.73445083983933,test-00000-of-00006_0.png,1024,1024,3
496.81151326497394,test-00000-of-00006_0.png,256,256,3
5952.434356880452,test-00000-of-00006_0.png,256,256,3
90.42182653317705,test-00000-of-00006_0.png,400,400,3
8476.431132261952,test-00000-of-00006_0.png,256,256,3
46.72812848397166,test-00000-of-00006_0.png,1724,2296,3
33.0612141980142,test-00000-of-00006_0.png,1724,2296,3
170.4013384675814,test-00000-of-00006_0.png,128,128,3
34.681743157947025,test-00000-of-00006_0.png,1024,768,3
156.85844088660346,test-00000-of-00006_0.png,320,240,3
2061.6500380192106,test-00000-of-00006_0.png,256,256,3
672.4373591450998,test-00000-of-00006_0.png,480,640,3
521.0137125651041,test-00000-of-00006_0.png,256,256,3
43.30795795840417,test-00000-of-00006_0.png,256,256,3
202.17449333333334,test-00000-of-00006_0.png,500,500,3
9157.678326742413,test-00000-of-00006_0.png,256,256,3
4603.341924879674,test-00000-of-00006_0.png,256,256,3
156.85844088660346,test-00000-of-00006_0.png,320,240,3
3.811789193287647,test-00000-of-00006_0.png,1024,1024,3
1466.2959185694115,test-00000-of-00006_0.png,1024,768,3
7036.408626943415,test-00000-of-00006_0.png,256,256,3
1034.8715842295958,test-00000-of-00006_0.png,768,1024,3
175.35205728684414,test-00000-of-00006_0.png,320,240,3
3480.0302778413875,test-00000-of-00006_0.png,256,256,3
121.97780898447928,test-00000-of-00006_0.png,1024,768,3
119.15058324882904,test-00000-of-00006_0.png,1724,2296,3
2839.295068755099,test-00000-of-00006_0.png,256,256,3
1862.2700645170978,test-00000-of-00006_0.png,640,480,3
561.3580783745659,test-00000-of-00006_0.png,400,400,3
49.08555917897158,test-00000-of-00006_0.png,128,128,3
292.80381350129494,test-00000-of-00006_0.png,1024,768,3
38.009550281606,test-00000-of-00006_0.png,1024,1024,3
14.303585661782158,test-00000-of-00006_0.png,128,128,3
131.00603151749567,test-00000-of-00006_0.png,400,400,3
117.69225508130909,test-00000-of-00006_0.png,1024,1024,3
1254.2384802051045,test-00000-of-00006_0.png,256,256,3
5893.9716858069105,test-00000-of-00006_0.png,256,256,3
295.19316071384975,test-00000-of-00006_0.png,400,400,3
443.53160710756976,test-00000-of-00006_0.png,128,128,3
734.4967291672272,test-00000-of-00006_0.png,480,640,3
5231.69808423827,test-00000-of-00006_0.png,256,256,3
1332.6887848020222,test-00000-of-00006_0.png,256,256,3
44.13992307370962,test-00000-of-00006_0.png,1724,2296,3
14.444101648050982,test-00000-of-00006_0.png,1024,1024,3
177.49235986260314,test-00000-of-00006_0.png,320,240,3
111.67880750382831,test-00000-of-00006_0.png,256,256,3
413.7745523103993,test-00000-of-00006_0.png,400,400,3
127.70060533333333,test-00000-of-00006_0.png,500,500,3
4257.938538104684,test-00000-of-00006_0.png,256,256,3
5882.952895782785,test-00000-of-00006_0.png,256,256,3
35.64681399928053,test-00000-of-00006_0.png,1024,1024,3
332.171662345679,test-00000-of-00006_0.png,1200,900,3
2464.5272815755,test-00000-of-00006_0.png,256,256,3
135.52928657507454,test-00000-of-00006_0.png,222,320,3
200.84884658022912,test-00000-of-00006_0.png,1024,768,3
4306.614829684298,test-00000-of-00006_0.png,256,256,3
3303.1473489526866,test-00000-of-00006_0.png,256,256,3
1758.2908412329596,test-00000-of-00006_0.png,256,256,3
245.78509517818588,test-00000-of-00006_0.png,256,256,3
821.2722673757363,test-00000-of-00006_0.png,256,256,3
8.497034677193975,test-00000-of-00006_0.png,1024,1024,3
148.33973644748264,test-00000-of-00006_0.png,240,320,3
4652.583646242172,test-00000-of-00006_0.png,256,256,3
6376.559822870626,test-00000-of-00006_0.png,256,256,3
8.096011477541564,test-00000-of-00006_0.png,1024,1024,3
128.53666667741103,test-00000-of-00006_0.png,256,256,3
4595.4040195841535,test-00000-of-00006_0.png,256,256,3
4.827925945176365,test-00000-of-00006_0.png,576,768,3
9.24998434018675,test-00000-of-00006_0.png,1024,1024,3
9473.203203151208,test-00000-of-00006_0.png,256,256,3
3538.265367941698,test-00000-of-00006_0.png,256,256,3
1334.6794883341581,test-00000-of-00006_0.png,256,256,3
5.324049313676255,test-00000-of-00006_0.png,1024,1024,3
6.319031970959015,test-00000-of-00006_0.png,1024,768,3
3177.668976822842,test-00000-of-00006_0.png,256,256,3
813.5658326330556,test-00000-of-00006_0.png,400,400,3
1209.9489205413392,test-00000-of-00006_0.png,256,256,3
149.87810261671743,test-00000-of-00006_0.png,256,256,3
1800.800409946871,test-00000-of-00006_0.png,400,400,3
36.97377258688599,test-00000-of-00006_0.png,1024,768,3
3859.4446058567187,test-00000-of-00006_0.png,256,256,3
332.171662345679,test-00000-of-00006_0.png,1200,900,3
56.930776580876255,test-00000-of-00006_0.png,1724,2296,3
335.4766269956207,test-00000-of-00006_0.png,400,400,3
592.9376833641493,test-00000-of-00006_0.png,400,400,3
431.07358848544936,test-00000-of-00006_0.png,1024,768,3
113.50242550086502,test-00000-of-00006_0.png,320,240,3
121.97780898447928,test-00000-of-00006_0.png,1024,768,3
48.40474691358025,test-00000-of-00006_0.png,1200,900,3
10.553536278936576,test-00000-of-00006_0.png,1024,768,3
427.5717711829477,test-00000-of-00006_0.png,256,256,3
19.983492197063402,test-00000-of-00006_0.png,1024,768,3
143.63014626244293,test-00000-of-00006_0.png,256,256,3
10.553536278936576,test-00000-of-00006_0.png,1024,768,3
3729.331557045976,test-00000-of-00006_0.png,256,256,3
1424.8055218984878,test-00000-of-00006_0.png,200,300,3
136.0237375892854,test-00000-of-00006_0.png,256,256,3
588.9381215748742,test-00000-of-00006_0.png,1024,768,3
2248.3514738972813,test-00000-of-00006_0.png,256,256,3
13970.347068081688,test-00000-of-00006_0.png,256,256,3
2643.115970371499,test-00000-of-00006_0.png,256,256,3
845.9032941614539,test-00000-of-00006_0.png,400,400,3
13.558035838618203,test-00000-of-00006_0.png,1024,768,3
24.37440213867746,test-00000-of-00006_0.png,1724,2296,3
2.9259932828935167,test-00000-of-00006_0.png,1024,1024,3
479.49792010956565,test-00000-of-00006_0.png,400,400,3
19.983492197063402,test-00000-of-00006_0.png,1024,768,3
6426.926069513352,test-00000-of-00006_0.png,256,256,3
436.5014270089602,test-00000-of-00006_0.png,1390,1236,3
348.8215156749826,test-00000-of-00006_0.png,400,400,3
6685.262763490176,test-00000-of-00006_0.png,256,256,3
277.9207105124391,test-00000-of-00006_0.png,320,240,3
144.9484502803276,test-00000-of-00006_0.png,256,256,3
645.4159135681888,test-00000-of-00006_0.png,256,256,3
1075.895710784528,test-00000-of-00006_0.png,128,128,3
211.91465001839842,test-00000-of-00006_0.png,400,400,3
5483.4029286671175,test-00000-of-00006_0.png,256,256,3
9.638573219352931,test-00000-of-00006_0.png,1024,1024,3
6322.3521727562575,test-00000-of-00006_0.png,256,256,3
532.171226478954,test-00000-of-00006_0.png,400,400,3
31.480005526358823,test-00000-of-00006_0.png,1024,768,3
1209.9489205413392,test-00000-of-00006_0.png,256,256,3
2121.1734044766185,test-00000-of-00006_0.png,1024,768,3
432.0888914801693,test-00000-of-00006_0.png,400,400,3
1144.4966334060816,test-00000-of-00006_0.png,256,256,3
8.096011477541564,test-00000-of-00006_0.png,1024,1024,3
8.29081258971807,test-00000-of-00006_0.png,1024,768,3
34.472594133627794,test-00000-of-00006_0.png,1724,2296,3
27.93232098765432,test-00000-of-00006_0.png,1200,900,3
7216.034238772987,test-00000-of-00006_0.png,256,256,3
666.6520635042494,test-00000-of-00006_0.png,256,256,3
1749.2810178470304,test-00000-of-00006_0.png,300,400,3
1492.4851955866643,test-00000-of-00006_0.png,256,256,3
4917.576277485713,test-00000-of-00006_0.png,256,256,3
64.04570382638889,test-00000-of-00006_0.png,400,400,3
7738.449360216425,test-00000-of-00006_0.png,256,256,3
103.76039970514958,test-00000-of-00006_0.png,1724,2296,3
1217.6567844736242,test-00000-of-00006_0.png,1024,768,3
271.86188590434415,test-00000-of-00006_0.png,1724,2296,3
458.63497838999996,test-00000-of-00006_0.png,400,400,3
95.96438998835058,test-00000-of-00006_0.png,240,320,3
953.379987993174,test-00000-of-00006_0.png,256,256,3
5519.434820401068,test-00000-of-00006_0.png,256,256,3
4549.774577284853,test-00000-of-00006_0.png,256,256,3
10219.56615092357,test-00000-of-00006_0.png,256,256,3
61.77840803681596,test-00000-of-00006_0.png,1724,2296,3
7870.1303691599105,test-00000-of-00006_0.png,256,256,3
80.36317864888242,test-00000-of-00006_0.png,256,256,3
7206.441728902258,test-00000-of-00006_0.png,256,256,3
5.524748393857909,test-00000-of-00006_0.png,1024,1024,3
149.50488910670842,test-00000-of-00006_0.png,263,240,3
79.19960520761146,test-00000-of-00006_0.png,1024,768,3
111.67880750382831,test-00000-of-00006_0.png,256,256,3
6861.794182082017,test-00000-of-00006_0.png,256,256,3
22.80453996933969,test-00000-of-00006_0.png,1024,1024,3
1286.7573683525745,test-00000-of-00006_0.png,256,256,3
210.40556368039933,test-00000-of-00006_0.png,400,400,3
534.1208913202345,test-00000-of-00006_0.png,640,480,3
7058.993503294652,test-00000-of-00006_0.png,256,256,3
3287.065590303702,test-00000-of-00006_0.png,256,256,3
280.41015615686774,test-00000-of-00006_0.png,256,256,3
34.62313658951057,test-00000-of-00006_0.png,128,128,3
1349.4741098600678,test-00000-of-00006_0.png,1024,768,3
2917.776614954873,test-00000-of-00006_0.png,1024,768,3
135.32643635560655,test-00000-of-00006_0.png,256,256,3
418.03883122277654,test-00000-of-00006_0.png,256,256,3
1292.7644650898874,test-00000-of-00006_0.png,128,128,3
20.923282150269195,test-00000-of-00006_0.png,1724,2296,3
2019.5616062505997,test-00000-of-00006_0.png,256,256,3
84.96416006999114,test-00000-of-00006_0.png,1024,768,3
153.97373651030813,test-00000-of-00006_0.png,400,400,3
1090.1847130391332,test-00000-of-00006_0.png,128,128,3
437.58720114192715,test-00000-of-00006_0.png,400,400,3
134.1634688035753,test-00000-of-00006_0.png,320,240,3
4361.118717708702,test-00000-of-00006_0.png,256,256,3
215.45699756083553,test-00000-of-00006_0.png,320,240,3
129.8332895825998,test-00000-of-00006_0.png,400,400,3
137.11026480493203,test-00000-of-00006_0.png,1724,2296,3
53.25604315980012,test-00000-of-00006_0.png,1724,2296,3
22.653017673899416,test-00000-of-00006_0.png,1024,768,3
1236.787266309037,test-00000-of-00006_0.png,256,256,3
50.34768888618594,test-00000-of-00006_0.png,1024,768,3
187.091700985204,test-00000-of-00006_0.png,400,400,3
44.13992307370962,test-00000-of-00006_0.png,1724,2296,3
3444.3646168856776,test-00000-of-00006_0.png,256,256,3
46.55542074084094,test-00000-of-00006_0.png,1024,768,3
42.263354635487,test-00000-of-00006_0.png,128,128,3
292.5178367855391,test-00000-of-00006_0.png,1024,768,3
2505.224103208942,test-00000-of-00006_0.png,256,256,3
15.887841193224824,test-00000-of-00006_0.png,400,400,3
130.53975187231683,test-00000-of-00006_0.png,256,256,3
580.9438048208721,test-00000-of-00006_0.png,480,640,3
337.46842892493055,test-00000-of-00006_0.png,400,400,3
263.67374182248,test-00000-of-00006_0.png,1024,768,3
4.015919571552519,test-00000-of-00006_0.png,1024,768,3
93.9163432288912,test-00000-of-00006_0.png,1024,768,3
1673.4041999398166,test-00000-of-00006_0.png,256,256,3
1574.5806791054874,test-00000-of-00006_0.png,1024,768,3
10.720208200175886,test-00000-of-00006_0.png,1724,2296,3
150.3059791309966,test-00000-of-00006_0.png,256,256,3
10.351367030795613,test-00000-of-00006_0.png,1024,1024,3
88.27593817383837,test-00000-of-00006_0.png,1724,2296,3
79.17919442231246,test-00000-of-00006_0.png,1024,1024,3
66.74458558994267,test-00000-of-00006_0.png,1024,768,3
651.6954813743749,test-00000-of-00006_0.png,400,400,3
8.862017313322406,test-00000-of-00006_0.png,1024,768,3
53.22839764793949,test-00000-of-00006_0.png,1724,2296,3
268.66458326092004,test-00000-of-00006_0.png,240,320,3
109.72827733333334,test-00000-of-00006_0.png,500,500,3
6.77362578133913,test-00000-of-00006_0.png,1024,1024,3
434.23002073499885,test-00000-of-00006_0.png,128,128,3
38.70149392978195,test-00000-of-00006_0.png,1724,2296,3
6521.111531578393,test-00000-of-00006_0.png,256,256,3
279.11498817709486,test-00000-of-00006_0.png,500,667,3
7.043698944207084,test-00000-of-00006_0.png,1024,1024,3
5162.4619985147265,test-00000-of-00006_0.png,256,256,3
5.324049313676255,test-00000-of-00006_0.png,1024,1024,3
290.0914408851153,test-00000-of-00006_0.png,240,240,3
592.9376833641493,test-00000-of-00006_0.png,400,400,3
114.14900761345288,test-00000-of-00006_0.png,120,256,3
5261.928675181232,test-00000-of-00006_0.png,256,256,3
8.74200053018744,test-00000-of-00006_0.png,1724,2296,3
49.46806020331599,test-00000-of-00006_0.png,400,400,3
288.92255598263205,test-00000-of-00006_0.png,320,240,3
492.5848508700605,test-00000-of-00006_0.png,640,480,3
787.3998712440953,test-00000-of-00006_0.png,256,256,3
73.74440684104167,test-00000-of-00006_0.png,400,400,3
33.0612141980142,test-00000-of-00006_0.png,1724,2296,3
43.91708176045235,test-00000-of-00006_0.png,1724,2296,3
6341.750586618126,test-00000-of-00006_0.png,256,256,3
5.522918060227508,test-00000-of-00006_0.png,1024,1024,3
122.59624989094411,test-00000-of-00006_0.png,1024,768,3
123.59323930985676,test-00000-of-00006_0.png,400,400,3
13.765214282773364,test-00000-of-00006_0.png,1024,768,3
210.6713583977593,test-00000-of-00006_0.png,320,240,3
3498.2867759254805,test-00000-of-00006_0.png,256,256,3
326.87014502478695,test-00000-of-00006_0.png,320,240,3
1479.7402968033887,test-00000-of-00006_0.png,256,256,3
4057.5510018256755,test-00000-of-00006_0.png,1024,768,3
463.7715414004683,test-00000-of-00006_0.png,202,202,3
3079.7903152150293,test-00000-of-00006_0.png,1024,768,3
336.575673394733,test-00000-of-00006_0.png,256,256,3
310.418418770829,test-00000-of-00006_0.png,400,400,3
17.357783950617282,test-00000-of-00006_0.png,1200,900,3
8935.67679733038,test-00000-of-00006_0.png,256,256,3
6080.209794389601,test-00000-of-00006_0.png,256,256,3
43.91708176045235,test-00000-of-00006_0.png,1724,2296,3
1389.1700549059442,test-00000-of-00006_0.png,128,128,3
194.56907976625692,test-00000-of-00006_0.png,256,256,3
6424.464319554444,test-00000-of-00006_0.png,256,256,3
353.6517042363296,test-00000-of-00006_0.png,1024,768,3
896.6915325011452,test-00000-of-00006_0.png,240,320,3
4651.833434273385,test-00000-of-00006_0.png,256,256,3
5823.550746992128,test-00000-of-00006_0.png,256,256,3
190.25831580576957,test-00000-of-00006_0.png,320,240,3
3303.1473489526866,test-00000-of-00006_0.png,256,256,3
248.16620869259987,test-00000-of-00006_0.png,400,400,3
1801.1758470434543,test-00000-of-00006_0.png,1024,768,3
25.286317283950616,test-00000-of-00006_0.png,1200,900,3
3414.383418026337,test-00000-of-00006_0.png,1024,768,3
1717.9862893455381,test-00000-of-00006_0.png,1024,768,3
6560.394363128864,test-00000-of-00006_0.png,256,256,3
465.0184448423485,test-00000-of-00006_0.png,128,128,3
21.66527222222222,test-00000-of-00006_0.png,1200,900,3
115.29111728395061,test-00000-of-00006_0.png,1200,900,3
969.7882311663892,test-00000-of-00006_0.png,400,400,3
38.21090536717544,test-00000-of-00006_0.png,240,240,3
140.66845565259987,test-00000-of-00006_0.png,400,400,3
225.5235019680165,test-00000-of-00006_0.png,400,400,3
465.0184448423485,test-00000-of-00006_0.png,128,128,3
108.25991536138788,test-00000-of-00006_0.png,256,256,3
1176.9339015519267,test-00000-of-00006_0.png,400,400,3
145.5049016663889,test-00000-of-00006_0.png,400,400,3
448.3014151294662,test-00000-of-00006_0.png,480,640,3
35.67634070540468,test-00000-of-00006_0.png,256,256,3
39.864624651041666,test-00000-of-00006_0.png,400,400,3
1717.9862893455381,test-00000-of-00006_0.png,1024,768,3
1090.1847130391332,test-00000-of-00006_0.png,128,128,3
588.9381215748742,test-00000-of-00006_0.png,1024,768,3
293.1790262858073,test-00000-of-00006_0.png,256,256,3
597.2207270092952,test-00000-of-00006_0.png,640,480,3
47.89117077482512,test-00000-of-00006_0.png,1024,768,3
7.485021585653158,test-00000-of-00006_0.png,1024,1024,3
17.226696883849826,test-00000-of-00006_0.png,400,400,3
2806.7018987840397,test-00000-of-00006_0.png,256,256,3
3778.049786893546,test-00000-of-00006_0.png,1024,768,3
2121.1734044766185,test-00000-of-00006_0.png,1024,768,3
7246.328254843752,test-00000-of-00006_0.png,256,256,3
2099.883668205582,test-00000-of-00006_0.png,1024,768,3
96.77670444462758,test-00000-of-00006_0.png,256,256,3
8807.317557085616,test-00000-of-00006_0.png,256,256,3
5621.566419471651,test-00000-of-00006_0.png,256,256,3
44.317552469135805,test-00000-of-00006_0.png,1200,900,3
125.9533903463649,test-00000-of-00006_0.png,240,240,3
7.564743445685841,test-00000-of-00006_0.png,1024,768,3
6670.116473350259,test-00000-of-00006_0.png,256,256,3
341.49226122706364,test-00000-of-00006_0.png,1212,1600,3
8.011303782708659,test-00000-of-00006_0.png,1024,768,3
427.54636127374965,test-00000-of-00006_0.png,256,256,3
133.384648384584,test-00000-of-00006_0.png,240,320,3
49.825213203413625,test-00000-of-00006_0.png,128,128,3
85.54838024026043,test-00000-of-00006_0.png,400,400,3
5.26419798500289,test-00000-of-00006_0.png,1024,1024,3
1476.819397872909,test-00000-of-00006_0.png,256,256,3
26.72855713111636,test-00000-of-00006_0.png,1200,1127,3
231.2441719541008,test-00000-of-00006_0.png,240,320,3
535.0775266186231,test-00000-of-00006_0.png,128,128,3
82.01263318497998,test-00000-of-00006_0.png,256,256,3
2550.085572554394,test-00000-of-00006_0.png,256,256,3
71.82156775645129,test-00000-of-00006_0.png,1200,1070,3
135.32643635560655,test-00000-of-00006_0.png,256,256,3
465.0184448423485,test-00000-of-00006_0.png,128,128,3
4740.127558382823,test-00000-of-00006_0.png,256,256,3
48.75952487400904,test-00000-of-00006_0.png,1024,768,3
191.7520048068552,test-00000-of-00006_0.png,1724,2296,3
36.73445083983933,test-00000-of-00006_0.png,1024,1024,3
142.24006912846943,test-00000-of-00006_0.png,256,256,3
8656.639662040374,test-00000-of-00006_0.png,256,256,3
497.83782355096133,test-00000-of-00006_0.png,240,320,3
46.55542074084094,test-00000-of-00006_0.png,1024,768,3
122.59624989094411,test-00000-of-00006_0.png,1024,768,3
28.179552608066135,test-00000-of-00006_0.png,256,256,3
37.78282239285506,test-00000-of-00006_0.png,1024,768,3
323.0832005980564,test-00000-of-00006_0.png,166,221,3
1755.7459141390448,test-00000-of-00006_0.png,1024,768,3
5823.550746992128,test-00000-of-00006_0.png,256,256,3
35.61960864197531,test-00000-of-00006_0.png,1200,900,3
3037.4166337368474,test-00000-of-00006_0.png,1024,768,3
3762.0831079506825,test-00000-of-00006_0.png,256,256,3
214.6019550537109,test-00000-of-00006_0.png,400,400,3
123.34269731867288,test-00000-of-00006_0.png,240,320,3
190.14867366437065,test-00000-of-00006_0.png,400,400,3
118.95143001978366,test-00000-of-00006_0.png,240,320,3
108.2596108388629,test-00000-of-00006_0.png,1024,768,3
23.047346945555564,test-00000-of-00006_0.png,400,400,3
2686.5933669341935,test-00000-of-00006_0.png,256,256,3
2505.224103208942,test-00000-of-00006_0.png,256,256,3
230.08632209159722,test-00000-of-00006_0.png,400,400,3
535.2950232849366,test-00000-of-00006_0.png,525,700,3
19.27342296598686,test-00000-of-00006_0.png,128,128,3
640.9110233125331,test-00000-of-00006_0.png,256,256,3
7208.694877874081,test-00000-of-00006_0.png,256,256,3
3240.6624781948826,test-00000-of-00006_0.png,256,256,3
563.5768862493749,test-00000-of-00006_0.png,400,400,3
3079.7903152150293,test-00000-of-00006_0.png,1024,768,3
3413.9433142387347,test-00000-of-00006_0.png,256,256,3
170.4013384675814,test-00000-of-00006_0.png,128,128,3
6148.37288890779,test-00000-of-00006_0.png,256,256,3
565.2854931845443,test-00000-of-00006_0.png,400,400,3
90.19750611274503,test-00000-of-00006_0.png,256,256,3
1617.7941076134387,test-00000-of-00006_0.png,256,256,3
60.76277113496326,test-00000-of-00006_0.png,256,256,3
3344.1390847560115,test-00000-of-00006_0.png,1024,768,3
38.009550281606,test-00000-of-00006_0.png,1024,1024,3
4377.792418025408,test-00000-of-00006_0.png,256,256,3
58.48931349018875,test-00000-of-00006_0.png,1724,2296,3
1315.3544979880874,test-00000-of-00006_0.png,256,256,3
2590.3907531851437,test-00000-of-00006_0.png,256,256,3
349.112945407215,test-00000-of-00006_0.png,256,256,3
61.2657047047047,test-00000-of-00006_0.png,1200,1110,3
95.83694575877003,test-00000-of-00006_0.png,1024,768,3
1717.9862893455381,test-00000-of-00006_0.png,1024,768,3
8894.353833563524,test-00000-of-00006_0.png,256,256,3
9068.342564662065,test-00000-of-00006_0.png,256,256,3
22.908088239823737,test-00000-of-00006_0.png,1024,768,3
4999.697379645969,test-00000-of-00006_0.png,256,256,3
317.850026833177,test-00000-of-00006_0.png,400,400,3
826.0695561287861,test-00000-of-00006_0.png,1024,768,3
1217.6567844736242,test-00000-of-00006_0.png,1024,768,3
567.1965864387324,test-00000-of-00006_0.png,400,400,3
326.53268895916233,test-00000-of-00006_0.png,400,400,3
5184.798057721307,test-00000-of-00006_0.png,256,256,3
450.5159768126905,test-00000-of-00006_0.png,128,128,3
2710.7943133606004,test-00000-of-00006_0.png,256,256,3
7580.106264980485,test-00000-of-00006_0.png,256,256,3
11.742045140256778,test-00000-of-00006_0.png,1024,1024,3
726.1380816743707,test-00000-of-00006_0.png,400,400,3
356.18061400111117,test-00000-of-00006_0.png,1024,768,3
57.963230449080605,test-00000-of-00006_0.png,576,768,3
85.09538404252793,test-00000-of-00006_0.png,240,320,3
439.84159172905817,test-00000-of-00006_0.png,128,128,3
101.36268298337964,test-00000-of-00006_0.png,240,320,3
3389.9673655926144,test-00000-of-00006_0.png,256,256,3
1144.4966334060816,test-00000-of-00006_0.png,256,256,3
4415.142512072706,test-00000-of-00006_0.png,256,256,3
3041.7765707651356,test-00000-of-00006_0.png,640,480,3
672.1352280393863,test-00000-of-00006_0.png,256,256,3
4.827925945176365,test-00000-of-00006_0.png,576,768,3
103.68829846238293,test-00000-of-00006_0.png,240,240,3
301.385248798071,test-00000-of-00006_0.png,1724,2296,3
171.72463942371886,test-00000-of-00006_0.png,320,240,3
6424.464319554444,test-00000-of-00006_0.png,256,256,3
216.62873575759974,test-00000-of-00006_0.png,400,400,3
19.608420580704372,test-00000-of-00006_0.png,3264,2448,3
29.95557037037037,test-00000-of-00006_0.png,900,1200,3
820.3635021110629,test-00000-of-00006_0.png,480,640,3
401.7444575543238,test-00000-of-00006_0.png,1024,768,3
6139.375378142395,test-00000-of-00006_0.png,256,256,3
600.4017672004799,test-00000-of-00006_0.png,256,256,3
496.56101452965856,test-00000-of-00006_0.png,209,351,3
786.392680917344,test-00000-of-00006_0.png,400,400,3
1231.850920693302,test-00000-of-00006_0.png,256,256,3
2858.655061344202,test-00000-of-00006_0.png,256,256,3
4057.5510018256755,test-00000-of-00006_0.png,1024,768,3
24.25940913746949,test-00000-of-00006_0.png,1024,768,3
7.56637100768862,test-00000-of-00006_0.png,1024,768,3
23.945077160493828,test-00000-of-00006_0.png,1200,900,3
4980.955370792809,test-00000-of-00006_0.png,256,256,3
7015.075181635692,test-00000-of-00006_0.png,256,256,3
26.52609230315977,test-00000-of-00006_0.png,1724,2296,3
3955.1032265902554,test-00000-of-00006_0.png,256,256,3
59.4860300154321,test-00000-of-00006_0.png,240,240,3
78.38705348913244,test-00000-of-00006_0.png,1024,768,3
6139.375378142395,test-00000-of-00006_0.png,256,256,3
220.95167876692713,test-00000-of-00006_0.png,400,400,3
203.7793374719719,test-00000-of-00006_0.png,256,256,3
1090.1847130391332,test-00000-of-00006_0.png,128,128,3
348.13974441972215,test-00000-of-00006_0.png,400,400,3
97.3827484689686,test-00000-of-00006_0.png,1024,768,3
135.58863277083333,test-00000-of-00006_0.png,400,400,3
231.69158904822484,test-00000-of-00006_0.png,400,400,3
174.687576821711,test-00000-of-00006_0.png,240,320,3
98.91209181280816,test-00000-of-00006_0.png,400,400,3
39.44546315195557,test-00000-of-00006_0.png,256,256,3
3154.4310046372048,test-00000-of-00006_0.png,256,256,3
5965.974307057656,test-00000-of-00006_0.png,256,256,3
8.011303782708659,test-00000-of-00006_0.png,1024,768,3
696.0103039603993,test-00000-of-00006_0.png,400,400,3
128.21715733719307,test-00000-of-00006_0.png,1024,1024,3
213.63941227586355,test-00000-of-00006_0.png,1724,2296,3
339.63312590329423,test-00000-of-00006_0.png,400,400,3
12.35453186383974,test-00000-of-00006_0.png,1024,1024,3
86.92567929416232,test-00000-of-00006_0.png,400,400,3
666.6520635042494,test-00000-of-00006_0.png,256,256,3
214.35457339375796,test-00000-of-00006_0.png,256,256,3
273.1312136712174,test-00000-of-00006_0.png,256,256,3
3413.89408798327,test-00000-of-00006_0.png,256,256,3
84.96792005503731,test-00000-of-00006_0.png,1024,768,3
2223.0695385928548,test-00000-of-00006_0.png,1024,768,3
401.7444575543238,test-00000-of-00006_0.png,1024,768,3
417.6629994428561,test-00000-of-00006_0.png,256,256,3
638.0768972932246,test-00000-of-00006_0.png,400,400,3
222.52991986608262,test-00000-of-00006_0.png,1024,1024,3
2281.5797426684035,test-00000-of-00006_0.png,256,256,3
121.36103777245928,test-00000-of-00006_0.png,256,256,3
83.94126666666666,test-00000-of-00006_0.png,500,500,3
302.65881782912766,test-00000-of-00006_0.png,400,400,3
66.7866412292545,test-00000-of-00006_0.png,256,256,3
328.1030603096832,test-00000-of-00006_0.png,400,400,3
5942.658756146415,test-00000-of-00006_0.png,256,256,3
6991.766204034056,test-00000-of-00006_0.png,256,256,3
197.35338611110615,test-00000-of-00006_0.png,320,187,3
128.09425478511386,test-00000-of-00006_0.png,256,256,3
138.52451044794483,test-00000-of-00006_0.png,256,256,3
5621.566419471651,test-00000-of-00006_0.png,256,256,3
149.72960834410867,test-00000-of-00006_0.png,240,320,3
4502.582123206307,test-00000-of-00006_0.png,256,256,3
2294.2487241451686,test-00000-of-00006_0.png,256,256,3
118.63911553811907,test-00000-of-00006_0.png,240,320,3
283.23527637615445,test-00000-of-00006_0.png,240,320,3
3733.686800144509,test-00000-of-00006_0.png,256,256,3
17.894787654314936,test-00000-of-00006_0.png,1200,900,3
451.67217631408244,test-00000-of-00006_0.png,297,300,3
5703.713164190839,test-00000-of-00006_0.png,256,256,3
556.0068552542685,test-00000-of-00006_0.png,256,256,3
225.5235019680165,test-00000-of-00006_0.png,400,400,3
4756.655695358912,test-00000-of-00006_0.png,256,256,3
143.63014626244293,test-00000-of-00006_0.png,256,256,3
287.68023662213807,test-00000-of-00006_0.png,480,640,3
119.15058324882904,test-00000-of-00006_0.png,1724,2296,3
7572.896977129057,test-00000-of-00006_0.png,256,256,3
530.3756472733289,test-00000-of-00006_0.png,400,400,3
3616.3629875223464,test-00000-of-00006_0.png,256,256,3
143.70198535876474,test-00000-of-00006_0.png,1024,1024,3
144.9484502803276,test-00000-of-00006_0.png,256,256,3
82.16735409861313,test-00000-of-00006_0.png,1024,768,3
4101.1346211395885,test-00000-of-00006_0.png,256,256,3
2993.9320204621786,test-00000-of-00006_0.png,1024,768,3
7027.745597756752,test-00000-of-00006_0.png,256,256,3
467.235103716039,test-00000-of-00006_0.png,128,128,3
3914.6682688177607,test-00000-of-00006_0.png,256,256,3
85.54341466794016,test-00000-of-00006_0.png,1724,2296,3
79.19960520761146,test-00000-of-00006_0.png,1024,768,3
417.13015209892626,test-00000-of-00006_0.png,1024,768,3
231.69158904822484,test-00000-of-00006_0.png,400,400,3
1340.9091596537166,test-00000-of-00006_0.png,256,256,3
73.56187876146785,test-00000-of-00006_0.png,1015,1200,3
1162.7429865489844,test-00000-of-00006_0.png,1024,768,3
32.63431755624509,test-00000-of-00006_0.png,1024,768,3
301.85082989374575,test-00000-of-00006_0.png,400,400,3
2121.1734044766185,test-00000-of-00006_0.png,1024,768,3
3909.879301657175,test-00000-of-00006_0.png,256,256,3
117.42392445663506,test-00000-of-00006_0.png,256,256,3
877.051490288202,test-00000-of-00006_0.png,256,256,3
58.59892356957893,test-00000-of-00006_0.png,1024,768,3
195.00664614527201,test-00000-of-00006_0.png,240,320,3
813.5658326330556,test-00000-of-00006_0.png,400,400,3
205.08888358289065,test-00000-of-00006_0.png,256,256,3
420.09331915734543,test-00000-of-00006_0.png,128,128,3
6204.708739208575,test-00000-of-00006_0.png,256,256,3
193.14421015315588,test-00000-of-00006_0.png,128,128,3
95.69920801663072,test-00000-of-00006_0.png,1724,2296,3
169.67667630552836,test-00000-of-00006_0.png,256,256,3
344.13709317203103,test-00000-of-00006_0.png,240,320,3
6968.9004463748,test-00000-of-00006_0.png,256,256,3
3444.3646168856776,test-00000-of-00006_0.png,256,256,3
5.547109234617181,test-00000-of-00006_0.png,1024,1024,3
52.285648164416976,test-00000-of-00006_0.png,256,256,3
21.513629832201534,test-00000-of-00006_0.png,128,128,3
129.1886259628296,test-00000-of-00006_0.png,320,240,3
2281.9478291402597,test-00000-of-00006_0.png,400,400,3
185.19057781000933,test-00000-of-00006_0.png,128,128,3
176.7321522748874,test-00000-of-00006_0.png,256,256,3
8970.85012035442,test-00000-of-00006_0.png,256,256,3
20.33115089618094,test-00000-of-00006_0.png,1724,2296,3
48.83283867666404,test-00000-of-00006_0.png,240,240,3
3177.668976822842,test-00000-of-00006_0.png,256,256,3
1249.123767566126,test-00000-of-00006_0.png,1024,768,3
176.7841593424479,test-00000-of-00006_0.png,256,256,3
209.83873908326387,test-00000-of-00006_0.png,400,400,3
40.073525308641976,test-00000-of-00006_0.png,1200,900,3
11518.25739348615,test-00000-of-00006_0.png,256,256,3
1074.252230327013,test-00000-of-00006_0.png,640,480,3
8.096011477541564,test-00000-of-00006_0.png,1024,1024,3
14.444101648050982,test-00000-of-00006_0.png,1024,1024,3
4206.019600430271,test-00000-of-00006_0.png,256,256,3
11524.648370529214,test-00000-of-00006_0.png,256,256,3
75.02158314835967,test-00000-of-00006_0.png,1724,2296,3
2106.23939986752,test-00000-of-00006_0.png,256,256,3
5942.658756146415,test-00000-of-00006_0.png,256,256,3
82.46864852853733,test-00000-of-00006_0.png,400,400,3
236.5337236621934,test-00000-of-00006_0.png,256,256,3
892.5920150774376,test-00000-of-00006_0.png,256,256,3
12.90795555550952,test-00000-of-00006_0.png,1200,900,3
102.35762534081599,test-00000-of-00006_0.png,400,400,3
4756.655695358912,test-00000-of-00006_0.png,256,256,3
134.38483168927226,test-00000-of-00006_0.png,256,256,3
160.53206428826385,test-00000-of-00006_0.png,400,400,3
48.23983263888889,test-00000-of-00006_0.png,400,400,3
9157.678326742413,test-00000-of-00006_0.png,256,256,3
16.257293276212124,test-00000-of-00006_0.png,1024,768,3
314.31583138009984,test-00000-of-00006_0.png,400,400,3
241.48672213895819,test-00000-of-00006_0.png,240,320,3
62.676023936330544,test-00000-of-00006_0.png,240,240,3
5417.519623662035,test-00000-of-00006_0.png,256,256,3
265.94778933333333,test-00000-of-00006_0.png,500,500,3
1838.9300640572874,test-00000-of-00006_0.png,400,400,3
326.16198967464845,test-00000-of-00006_0.png,400,400,3
977.1524932479692,test-00000-of-00006_0.png,256,256,3
49.31397498637023,test-00000-of-00006_0.png,256,256,3
106.23459498087566,test-00000-of-00006_0.png,256,256,3
3039.9939376003786,test-00000-of-00006_0.png,256,256,3
112.79908073403475,test-00000-of-00006_0.png,1024,768,3
6347.652475966347,test-00000-of-00006_0.png,256,256,3
215.45699756083553,test-00000-of-00006_0.png,320,240,3
6204.708739208575,test-00000-of-00006_0.png,256,256,3
7.485021585653158,test-00000-of-00006_0.png,1024,1024,3
38.944090092916156,test-00000-of-00006_0.png,1024,768,3
17.235448901090237,test-00000-of-00006_0.png,1024,768,3
74.83023839154174,test-00000-of-00006_0.png,256,256,3
241.71287610646942,test-00000-of-00006_0.png,240,240,3
8299.118730688986,test-00000-of-00006_0.png,256,256,3
3797.2035615884747,test-00000-of-00006_0.png,256,256,3
7194.226107376293,test-00000-of-00006_0.png,256,256,3
5795.468580953672,test-00000-of-00006_0.png,256,256,3
27.298095337766423,test-00000-of-00006_0.png,1724,2296,3
142.69093544151045,test-00000-of-00006_0.png,400,400,3
48.83283867666404,test-00000-of-00006_0.png,240,240,3
128.1436349556206,test-00000-of-00006_0.png,400,400,3
343.85758859102816,test-00000-of-00006_0.png,256,256,3
3382.357054862344,test-00000-of-00006_0.png,400,400,3
38.04464074074074,test-00000-of-00006_0.png,900,1200,3
22.629252601232636,test-00000-of-00006_0.png,400,400,3
111.46741052478733,test-00000-of-00006_0.png,400,400,3
49.46806020331599,test-00000-of-00006_0.png,400,400,3
122.51187085939777,test-00000-of-00006_0.png,128,128,3
83.19255987654321,test-00000-of-00006_0.png,1200,900,3
8.693415885975119,test-00000-of-00006_0.png,1024,1024,3
2420.479750406385,test-00000-of-00006_0.png,256,256,3
8.179470006618638,test-00000-of-00006_0.png,1024,1024,3
979.4529446900511,test-00000-of-00006_0.png,256,256,3
143.63014626244293,test-00000-of-00006_0.png,256,256,3
223.3576619143707,test-00000-of-00006_0.png,400,400,3
214.01792689639035,test-00000-of-00006_0.png,1024,768,3
1212.627734034419,test-00000-of-00006_0.png,1024,768,3
585.0535244266667,test-00000-of-00006_0.png,400,400,3
6453.309277938032,test-00000-of-00006_0.png,256,256,3
1513.9854201904118,test-00000-of-00006_0.png,400,400,3
1513.9854201904118,test-00000-of-00006_0.png,400,400,3
401.2870267785373,test-00000-of-00006_0.png,400,400,3
907.1078176498413,test-00000-of-00006_0.png,256,256,3
1179.5754003334096,test-00000-of-00006_0.png,540,960,3
16.257293276212124,test-00000-of-00006_0.png,1024,768,3
2616.0701154262447,test-00000-of-00006_0.png,256,256,3
32.80580786547896,test-00000-of-00006_0.png,1024,768,3
74.83023839154174,test-00000-of-00006_0.png,256,256,3
6840.369232100641,test-00000-of-00006_0.png,256,256,3
40.94235482646289,test-00000-of-00006_0.png,1024,768,3
2689.9683537437427,test-00000-of-00006_0.png,256,256,3
1130.1894537709513,test-00000-of-00006_0.png,640,480,3
102.00561577419707,test-00000-of-00006_0.png,240,320,3
661.2605766486117,test-00000-of-00006_0.png,256,256,3
3.395256404432775,test-00000-of-00006_0.png,1024,768,3
948.3868357338166,test-00000-of-00006_0.png,256,256,3
543.6668834760526,test-00000-of-00006_0.png,256,256,3
593.0787554729877,test-00000-of-00006_0.png,1024,768,3
70.14943721109373,test-00000-of-00006_0.png,400,400,3
8.862017313322406,test-00000-of-00006_0.png,1024,768,3
19743.336137710736,test-00000-of-00006_0.png,256,256,3
97.18617099159722,test-00000-of-00006_0.png,400,400,3
4712.370619346284,test-00000-of-00006_0.png,256,256,3
853.9781294025742,test-00000-of-00006_0.png,640,480,3
354.3300058777603,test-00000-of-00006_0.png,400,400,3
264.4367656791493,test-00000-of-00006_0.png,400,400,3
1729.941549683316,test-00000-of-00006_0.png,1024,768,3
490.17165032857,test-00000-of-00006_0.png,256,256,3
7950.329369862462,test-00000-of-00006_0.png,256,256,3
664.7106488452474,test-00000-of-00006_0.png,480,640,3
229.7310743265234,test-00000-of-00006_0.png,400,400,3
4938.638390772017,test-00000-of-00006_0.png,256,256,3
138.99203913200958,test-00000-of-00006_0.png,256,256,3
904.235411145677,test-00000-of-00006_0.png,400,400,3
6053.4134379941715,test-00000-of-00006_0.png,256,256,3
2249.2580336520787,test-00000-of-00006_0.png,400,400,3
10.27939859944187,test-00000-of-00006_0.png,1024,1024,3
572.2464957249824,test-00000-of-00006_0.png,400,400,3
271.7336886608151,test-00000-of-00006_0.png,1724,2296,3
13.30503941552224,test-00000-of-00006_0.png,1032,985,3
299.3608328499958,test-00000-of-00006_0.png,400,400,3
1001.624461972222,test-00000-of-00006_0.png,400,400,3
177.49235986260314,test-00000-of-00006_0.png,320,240,3
10.840322839506173,test-00000-of-00006_0.png,1200,900,3
100.56704609677189,test-00000-of-00006_0.png,1024,768,3
4.499461491882851,test-00000-of-00006_0.png,1024,1024,3
1008.0918209608291,test-00000-of-00006_0.png,400,400,3
288.9683035588151,test-00000-of-00006_0.png,400,400,3
1749.2810178470304,test-00000-of-00006_0.png,300,400,3
36.992103703703705,test-00000-of-00006_0.png,900,1200,3
4397.496011913417,test-00000-of-00006_0.png,256,256,3
4756.655695358912,test-00000-of-00006_0.png,256,256,3
162.38014031965463,test-00000-of-00006_0.png,240,320,3
175.6631606232639,test-00000-of-00006_0.png,400,400,3
339.63312590329423,test-00000-of-00006_0.png,400,400,3
193.8025854726532,test-00000-of-00006_0.png,240,320,3
74.27428717339342,test-00000-of-00006_0.png,1024,768,3
8935.67679733038,test-00000-of-00006_0.png,256,256,3
7570.42839780781,test-00000-of-00006_0.png,256,256,3
3344.1390847560115,test-00000-of-00006_0.png,1024,768,3
139.38728073506047,test-00000-of-00006_0.png,1024,1024,3
61.86677282987315,test-00000-of-00006_0.png,1200,900,3
42.14438024691358,test-00000-of-00006_0.png,900,1200,3
1755.7459141390448,test-00000-of-00006_0.png,1024,768,3
97.93042995273653,test-00000-of-00006_0.png,256,256,3
4296.629508945677,test-00000-of-00006_0.png,256,256,3
43.30795795840417,test-00000-of-00006_0.png,256,256,3
159.6746655178993,test-00000-of-00006_0.png,400,400,3
3867.8483416334625,test-00000-of-00006_0.png,256,256,3
3672.1201553816322,test-00000-of-00006_0.png,256,256,3
550.7328546835722,test-00000-of-00006_0.png,1024,768,3
292.6994031096952,test-00000-of-00006_0.png,240,240,3
13193.457278827826,test-00000-of-00006_0.png,256,256,3
5.542551347735146,test-00000-of-00006_0.png,1024,1024,3
270.86958757230445,test-00000-of-00006_0.png,240,240,3
11.19641049382716,test-00000-of-00006_0.png,1200,900,3
15.238469950677084,test-00000-of-00006_0.png,400,400,3
190.6438001872092,test-00000-of-00006_0.png,256,256,3
33.03968530429291,test-00000-of-00006_0.png,1724,2296,3
132.4589370488862,test-00000-of-00006_0.png,256,256,3
150.3059791309966,test-00000-of-00006_0.png,256,256,3
232.90077482079397,test-00000-of-00006_0.png,240,320,3
117.12930297810173,test-00000-of-00006_0.png,256,256,3
97.38203501819012,test-00000-of-00006_0.png,400,400,3
7918.457561106087,test-00000-of-00006_0.png,256,256,3
1544.7147822077904,test-00000-of-00006_0.png,256,256,3
3023.7994173808383,test-00000-of-00006_0.png,256,256,3
3762.0831079506825,test-00000-of-00006_0.png,256,256,3
71.07520925925925,test-00000-of-00006_0.png,1200,900,3
465.0184448423485,test-00000-of-00006_0.png,128,128,3
122.51187085939777,test-00000-of-00006_0.png,128,128,3
2635.1942114681005,test-00000-of-00006_0.png,256,256,3
100.55064189972224,test-00000-of-00006_0.png,400,400,3
128.53666667741103,test-00000-of-00006_0.png,256,256,3
359.8008790409399,test-00000-of-00006_0.png,256,256,3
8.497034677193975,test-00000-of-00006_0.png,1024,1024,3
170.63478945937064,test-00000-of-00006_0.png,400,400,3
151.29258542957896,test-00000-of-00006_0.png,400,400,3
44.317552469135805,test-00000-of-00006_0.png,1200,900,3
100.53038534884982,test-00000-of-00006_0.png,400,400,3
13.552972628010643,test-00000-of-00006_0.png,128,128,3
449.51394411862225,test-00000-of-00006_0.png,320,240,3
12.90795555550952,test-00000-of-00006_0.png,1200,900,3
757.4516767089267,test-00000-of-00006_0.png,640,480,3
82.85879523657084,test-00000-of-00006_0.png,1724,2296,3
150.2345937018334,test-00000-of-00006_0.png,256,256,3
63.71392962962963,test-00000-of-00006_0.png,1200,900,3
2651.083463800347,test-00000-of-00006_0.png,256,256,3
558.8369381841427,test-00000-of-00006_0.png,256,256,3
5.811661274684938,test-00000-of-00006_0.png,576,768,3
14.444101648050982,test-00000-of-00006_0.png,1024,1024,3
3069.919429314314,test-00000-of-00006_0.png,1024,768,3
118.95143001978366,test-00000-of-00006_0.png,240,320,3
5.389436124099626,test-00000-of-00006_0.png,128,128,3
280.41015615686774,test-00000-of-00006_0.png,256,256,3
163.12056932898633,test-00000-of-00006_0.png,240,320,3
285.0992211555165,test-00000-of-00006_0.png,400,400,3
8536.583988711134,test-00000-of-00006_0.png,256,256,3
362.1745418019125,test-00000-of-00006_0.png,1024,768,3
5468.655416999606,test-00000-of-00006_0.png,256,256,3
283.15297186213945,test-00000-of-00006_0.png,1724,2296,3
42.263354635487,test-00000-of-00006_0.png,128,128,3
4748.163191226596,test-00000-of-00006_0.png,256,256,3
18.216781149747497,test-00000-of-00006_0.png,1024,768,3
7194.226107376293,test-00000-of-00006_0.png,256,256,3
252.70262283950618,test-00000-of-00006_0.png,1200,900,3
6347.652475966347,test-00000-of-00006_0.png,256,256,3
7.564743445685841,test-00000-of-00006_0.png,1024,768,3
267.6938133333333,test-00000-of-00006_0.png,500,500,3
1362.1258217486334,test-00000-of-00006_0.png,480,640,3
6371.957335052389,test-00000-of-00006_0.png,1024,768,3
12.155716739628721,test-00000-of-00006_0.png,1024,768,3
9473.203203151208,test-00000-of-00006_0.png,256,256,3
708.5505278723915,test-00000-of-00006_0.png,400,400,3
51.87551011328793,test-00000-of-00006_0.png,256,256,3
5332.680120656473,test-00000-of-00006_0.png,256,256,3
53.25604315980012,test-00000-of-00006_0.png,1724,2296,3
3023.315219717618,test-00000-of-00006_0.png,256,256,3
169.4313011880757,test-00000-of-00006_0.png,240,320,3
7.392757347157598,test-00000-of-00006_0.png,1024,1024,3
892.2352382626943,test-00000-of-00006_0.png,480,640,3
938.3467440735193,test-00000-of-00006_0.png,1024,768,3
1945.4369303334709,test-00000-of-00006_0.png,256,256,3
7870.1303691599105,test-00000-of-00006_0.png,256,256,3
1510.5902539199578,test-00000-of-00006_0.png,256,256,3
8647.955545683702,test-00000-of-00006_0.png,256,256,3
5942.658756146415,test-00000-of-00006_0.png,256,256,3
2651.083463800347,test-00000-of-00006_0.png,256,256,3
3000.718815614547,test-00000-of-00006_0.png,256,256,3
105.45484707853757,test-00000-of-00006_0.png,256,256,3
928.162576234589,test-00000-of-00006_0.png,256,256,3
8.497034677193975,test-00000-of-00006_0.png,1024,1024,3
675.804106000169,test-00000-of-00006_0.png,720,540,3
4504.3237099349235,test-00000-of-00006_0.png,256,256,3
3978.6860908996055,test-00000-of-00006_0.png,256,256,3
79.04514445619935,test-00000-of-00006_0.png,240,240,3
8647.955545683702,test-00000-of-00006_0.png,256,256,3
9473.203203151208,test-00000-of-00006_0.png,256,256,3
83.39300301378039,test-00000-of-00006_0.png,320,240,3
10.27939859944187,test-00000-of-00006_0.png,1024,1024,3
67.71430989430746,test-00000-of-00006_0.png,320,240,3
6417.772089498506,test-00000-of-00006_0.png,256,256,3
4376.400496862801,test-00000-of-00006_0.png,256,256,3
48.331803086419754,test-00000-of-00006_0.png,1200,900,3
11.653215569432502,test-00000-of-00006_0.png,576,768,3
427.5133590251033,test-00000-of-00006_0.png,1024,768,3
153.83241866666665,test-00000-of-00006_0.png,500,500,3
741.1680683647191,test-00000-of-00006_0.png,1024,1024,3
487.1033430468964,test-00000-of-00006_0.png,400,600,3
133.384648384584,test-00000-of-00006_0.png,240,320,3
7201.532703958349,test-00000-of-00006_0.png,256,256,3
218.50308502604162,test-00000-of-00006_0.png,240,320,3
775.0296812395791,test-00000-of-00006_0.png,400,400,3
155.8309037037037,test-00000-of-00006_0.png,900,1200,3
82.01263318497998,test-00000-of-00006_0.png,256,256,3
209.75227112693435,test-00000-of-00006_0.png,1724,2296,3
434.23002073499885,test-00000-of-00006_0.png,128,128,3
246.52872639093312,test-00000-of-00006_0.png,400,400,3
8299.118730688986,test-00000-of-00006_0.png,256,256,3
3039.9939376003786,test-00000-of-00006_0.png,256,256,3
250.22816666666668,test-00000-of-00006_0.png,1200,900,3
7059.962979651343,test-00000-of-00006_0.png,256,256,3
3.811789193287647,test-00000-of-00006_0.png,1024,1024,3
139.38728073506047,test-00000-of-00006_0.png,1024,1024,3
5733.923232681195,test-00000-of-00006_0.png,256,256,3
356.18061400111117,test-00000-of-00006_0.png,1024,768,3
144.56466354365048,test-00000-of-00006_0.png,256,256,3
21.2023815528179,test-00000-of-00006_0.png,1024,768,3
451.1624287462069,test-00000-of-00006_0.png,128,128,3
47.93283615693346,test-00000-of-00006_0.png,256,256,3
288.2328281786415,test-00000-of-00006_0.png,400,400,3
84.46857035317124,test-00000-of-00006_0.png,320,240,3
44.44672427506653,test-00000-of-00006_0.png,1024,768,3
1209.383462988284,test-00000-of-00006_0.png,337,508,3
73.65133187328294,test-00000-of-00006_0.png,1119,1019,3
28.345717400079593,test-00000-of-00006_0.png,256,256,3
1060.8271017832942,test-00000-of-00006_0.png,400,400,3
4939.121796285086,test-00000-of-00006_0.png,256,256,3
9.71084636250456,test-00000-of-00006_0.png,1024,768,3
4397.496011913417,test-00000-of-00006_0.png,256,256,3
43.30795795840417,test-00000-of-00006_0.png,256,256,3
5621.566419471651,test-00000-of-00006_0.png,256,256,3
456.7772954069726,test-00000-of-00006_0.png,320,240,3
660.0272405759121,test-00000-of-00006_0.png,256,256,3
122.43313294660784,test-00000-of-00006_0.png,320,240,3
3548.821924599404,test-00000-of-00006_0.png,256,256,3
1246.0041283583985,test-00000-of-00006_0.png,400,400,3
143.02084480539924,test-00000-of-00006_0.png,400,400,3
121.2533105195787,test-00000-of-00006_0.png,240,320,3
2422.492633371614,test-00000-of-00006_0.png,256,256,3
3039.9939376003786,test-00000-of-00006_0.png,256,256,3
5707.225071009559,test-00000-of-00006_0.png,256,256,3
129.34370830692706,test-00000-of-00006_0.png,400,400,3
8.648793735437922,test-00000-of-00006_0.png,128,128,3
708.4775271113548,test-00000-of-00006_0.png,256,256,3
567.1965864387324,test-00000-of-00006_0.png,400,400,3
290.4856262207031,test-00000-of-00006_0.png,256,256,3
207.1070613016494,test-00000-of-00006_0.png,400,400,3
1585.746858954016,test-00000-of-00006_0.png,256,256,3
2909.144465702391,test-00000-of-00006_0.png,1024,768,3
2251.87026905866,test-00000-of-00006_0.png,256,256,3
8.011303782708659,test-00000-of-00006_0.png,1024,768,3
2616.0701154262447,test-00000-of-00006_0.png,256,256,3
61.78837831936676,test-00000-of-00006_0.png,1024,768,3
4890.435648338841,test-00000-of-00006_0.png,256,256,3
331.63293635946076,test-00000-of-00006_0.png,256,256,3
40.94235482646289,test-00000-of-00006_0.png,1024,768,3
11.938998296472947,test-00000-of-00006_0.png,1024,768,3
117.98958693412288,test-00000-of-00006_0.png,240,240,3
5230.5454778671265,test-00000-of-00006_0.png,256,256,3
470.24302436000005,test-00000-of-00006_0.png,400,400,3
138.80830106850368,test-00000-of-00006_0.png,1200,1102,3
10.334764732473863,test-00000-of-00006_0.png,1024,1024,3
1300.502528324475,test-00000-of-00006_0.png,400,400,3
186.14237541258794,test-00000-of-00006_0.png,256,111,3
6376.559822870626,test-00000-of-00006_0.png,256,256,3
2309.7187910595035,test-00000-of-00006_0.png,256,256,3
111.15488344858358,test-00000-of-00006_0.png,1024,768,3
663.5168742500246,test-00000-of-00006_0.png,256,256,3
757.4516767089267,test-00000-of-00006_0.png,640,480,3
125.7131570248486,test-00000-of-00006_0.png,1724,2296,3
92.58601841568532,test-00000-of-00006_0.png,256,256,3
52.65715250487802,test-00000-of-00006_0.png,1724,2296,3
1060.8271017832942,test-00000-of-00006_0.png,400,400,3
15.238469950677084,test-00000-of-00006_0.png,400,400,3
20.923282150269195,test-00000-of-00006_0.png,1724,2296,3
1829.120957618017,test-00000-of-00006_0.png,400,400,3
6153.250939660603,test-00000-of-00006_0.png,256,256,3
1398.271982750933,test-00000-of-00006_0.png,256,256,3
12.36641428205702,test-00000-of-00006_0.png,128,128,3
49.825213203413625,test-00000-of-00006_0.png,128,128,3
1765.7501541835566,test-00000-of-00006_0.png,256,256,3
2422.714853780861,test-00000-of-00006_0.png,256,256,3
47.38083751416619,test-00000-of-00006_0.png,240,240,3
170.08403498917406,test-00000-of-00006_0.png,256,256,3
3413.9433142387347,test-00000-of-00006_0.png,256,256,3
41.765125237287315,test-00000-of-00006_0.png,400,400,3
252.70262283950618,test-00000-of-00006_0.png,1200,900,3
39.962498305766246,test-00000-of-00006_0.png,1024,768,3
22.80453996933969,test-00000-of-00006_0.png,1024,1024,3
6861.794182082017,test-00000-of-00006_0.png,256,256,3
1352.198491098182,test-00000-of-00006_0.png,640,480,3
6196.429500682047,test-00000-of-00006_0.png,256,256,3
71.7727222086108,test-00000-of-00006_0.png,1200,900,3
106.03946203844497,test-00000-of-00006_0.png,1024,768,3
64.73897457290461,test-00000-of-00006_0.png,240,240,3
21.2023815528179,test-00000-of-00006_0.png,1024,768,3
69.2140394403905,test-00000-of-00006_0.png,320,240,3
5163.5301989786485,test-00000-of-00006_0.png,256,256,3
4199.579921228578,test-00000-of-00006_0.png,256,256,3
18.88249462322953,test-00000-of-00006_0.png,256,256,3
997.0591353791278,test-00000-of-00006_0.png,400,400,3
288.92255598263205,test-00000-of-00006_0.png,320,240,3
5.26419798500289,test-00000-of-00006_0.png,1024,1024,3
155.50798373207897,test-00000-of-00006_0.png,400,400,3
8472.786933794592,test-00000-of-00006_0.png,256,256,3
6221.745572108543,test-00000-of-00006_0.png,256,256,3
3224.5737354953053,test-00000-of-00006_0.png,256,256,3
58.88236181390823,test-00000-of-00006_0.png,865,723,3
10693.611269401075,test-00000-of-00006_0.png,256,256,3
229.7310743265234,test-00000-of-00006_0.png,400,400,3
188.2932874420543,test-00000-of-00006_0.png,240,320,3
1801.1758470434543,test-00000-of-00006_0.png,1024,768,3
5878.3948776907955,test-00000-of-00006_0.png,256,256,3
27.298095337766423,test-00000-of-00006_0.png,1724,2296,3
87.00218341623265,test-00000-of-00006_0.png,400,400,3
105.45484707853757,test-00000-of-00006_0.png,256,256,3
153.3202035481771,test-00000-of-00006_0.png,240,240,3
169.4313011880757,test-00000-of-00006_0.png,240,320,3
884.9900756616596,test-00000-of-00006_0.png,800,600,3
250.27556639249565,test-00000-of-00006_0.png,400,400,3
214.01792689639035,test-00000-of-00006_0.png,1024,768,3
383.28478399700464,test-00000-of-00006_0.png,480,640,3
190.14867366437065,test-00000-of-00006_0.png,400,400,3
250.22816666666668,test-00000-of-00006_0.png,1200,900,3
6521.111531578393,test-00000-of-00006_0.png,256,256,3
8822.989116643223,test-00000-of-00006_0.png,256,256,3
40.45797303680516,test-00000-of-00006_0.png,1024,768,3
6893.042349000127,test-00000-of-00006_0.png,256,256,3
40.716186837055055,test-00000-of-00006_0.png,1724,2296,3
7580.106264980485,test-00000-of-00006_0.png,256,256,3
87.59124120446438,test-00000-of-00006_0.png,256,256,3
13.667096913580247,test-00000-of-00006_0.png,1200,900,3
18504.655373857666,test-00000-of-00006_0.png,256,256,3
10434.23907547131,test-00000-of-00006_0.png,256,256,3
769.3195906583161,test-00000-of-00006_0.png,400,400,3
72.57503734277344,test-00000-of-00006_0.png,400,400,3
1536.3240270218705,test-00000-of-00006_0.png,400,400,3
9671.304962647357,test-00000-of-00006_0.png,256,256,3
863.1000437960964,test-00000-of-00006_0.png,640,480,3
566.1155915040678,test-00000-of-00006_0.png,256,256,3
2293.760776531767,test-00000-of-00006_0.png,400,400,3
292.6994031096952,test-00000-of-00006_0.png,240,240,3
4999.697379645969,test-00000-of-00006_0.png,256,256,3
5707.225071009559,test-00000-of-00006_0.png,256,256,3
7036.408626943415,test-00000-of-00006_0.png,256,256,3
5.098465239825491,test-00000-of-00006_0.png,1024,1024,3
5.26419798500289,test-00000-of-00006_0.png,1024,1024,3
1649.328575285669,test-00000-of-00006_0.png,256,256,3
154.4679180974324,test-00000-of-00006_0.png,320,240,3
13.942453086419754,test-00000-of-00006_0.png,900,1200,3
118.97210767350258,test-00000-of-00006_0.png,400,400,3
43.98684012345679,test-00000-of-00006_0.png,900,1200,3
88.8960547849867,test-00000-of-00006_0.png,240,320,3
630.5072323877573,test-00000-of-00006_0.png,256,256,3
197.16750935719813,test-00000-of-00006_0.png,240,320,3
150.30318198109268,test-00000-of-00006_0.png,200,320,3
556.1710590202425,test-00000-of-00006_0.png,320,240,3
2734.4295855329838,test-00000-of-00006_0.png,256,256,3
6830.965010231749,test-00000-of-00006_0.png,256,256,3
183.8145167788025,test-00000-of-00006_0.png,256,256,3
4140.372687294975,test-00000-of-00006_0.png,256,256,3
2962.242650689013,test-00000-of-00006_0.png,640,480,3
6.643512386648278,test-00000-of-00006_0.png,1024,1024,3
3243.947142382463,test-00000-of-00006_0.png,256,256,3
191.5954419755165,test-00000-of-00006_0.png,400,400,3
156.66448917943572,test-00000-of-00006_0.png,256,256,3
353.56576372243626,test-00000-of-00006_0.png,320,240,3
32.188087162752396,test-00000-of-00006_0.png,1724,2296,3
5.324049313676255,test-00000-of-00006_0.png,1024,1024,3
254.66017312885805,test-00000-of-00006_0.png,240,240,3
6.486102186738229,test-00000-of-00006_0.png,1024,768,3
316.27491643316006,test-00000-of-00006_0.png,1024,1024,3
135.52928657507454,test-00000-of-00006_0.png,222,320,3
317.94354233104326,test-00000-of-00006_0.png,128,128,3
243.9886148317213,test-00000-of-00006_0.png,800,1200,3
222.2094243631245,test-00000-of-00006_0.png,240,240,3
112.48106868541231,test-00000-of-00006_0.png,400,400,3
761.9473520624396,test-00000-of-00006_0.png,1024,768,3
185.19057781000933,test-00000-of-00006_0.png,128,128,3
65.08310555555556,test-00000-of-00006_0.png,1200,900,3
954.8835518354123,test-00000-of-00006_0.png,400,400,3
341.6615090108332,test-00000-of-00006_0.png,400,400,3
1655.120506961846,test-00000-of-00006_0.png,640,480,3
3778.049786893546,test-00000-of-00006_0.png,1024,768,3
66.59005176160397,test-00000-of-00006_0.png,1024,768,3
810.4147548998135,test-00000-of-00006_0.png,256,256,3
417.9286142863581,test-00000-of-00006_0.png,1024,768,3
1372.2124621978487,test-00000-of-00006_0.png,1024,768,3
5703.713164190839,test-00000-of-00006_0.png,256,256,3
7376.00465307592,test-00000-of-00006_0.png,256,256,3
280.41015615686774,test-00000-of-00006_0.png,256,256,3
112.48106868541231,test-00000-of-00006_0.png,400,400,3
10150.603185881759,test-00000-of-00006_0.png,256,256,3
238.673008235677,test-00000-of-00006_0.png,240,320,3
853.9781294025742,test-00000-of-00006_0.png,640,480,3
1001.624461972222,test-00000-of-00006_0.png,400,400,3
71.82156775645129,test-00000-of-00006_0.png,1200,1070,3
451.1624287462069,test-00000-of-00006_0.png,128,128,3
7432.644466199813,test-00000-of-00006_0.png,256,256,3
5.124690968474588,test-00000-of-00006_0.png,576,768,3
8.169097893905139,test-00000-of-00006_0.png,1024,768,3
616.7152504420114,test-00000-of-00006_0.png,128,128,3
186.0728133653429,test-00000-of-00006_0.png,320,240,3
299.06224122873266,test-00000-of-00006_0.png,400,400,3
72.9515894359259,test-00000-of-00006_0.png,240,320,3
190.50893004888903,test-00000-of-00006_0.png,400,400,3
7550.937772267396,test-00000-of-00006_0.png,256,256,3
2938.998691303009,test-00000-of-00006_0.png,1024,768,3
109.72827733333334,test-00000-of-00006_0.png,500,500,3
213.63941227586355,test-00000-of-00006_0.png,1724,2296,3
3391.515265661809,test-00000-of-00006_0.png,256,256,3
3739.6225654876057,test-00000-of-00006_0.png,256,256,3
328.99701259615006,test-00000-of-00006_0.png,1724,2296,3
3292.726175796836,test-00000-of-00006_0.png,256,256,3
63.57555507682251,test-00000-of-00006_0.png,1024,768,3
46.6180419726233,test-00000-of-00006_0.png,1024,768,3
6.643512386648278,test-00000-of-00006_0.png,1024,1024,3
215.45699756083553,test-00000-of-00006_0.png,320,240,3
487.1033430468964,test-00000-of-00006_0.png,400,600,3
7021.350096980627,test-00000-of-00006_0.png,256,256,3
6451.507832428208,test-00000-of-00006_0.png,256,256,3
61.85512376523919,test-00000-of-00006_0.png,1200,900,3
2246.1564213927427,test-00000-of-00006_0.png,256,256,3
310.418418770829,test-00000-of-00006_0.png,400,400,3
463.59016822733815,test-00000-of-00006_0.png,128,128,3
580.9438048208721,test-00000-of-00006_0.png,480,640,3
324.24598485717775,test-00000-of-00006_0.png,240,320,3
2880.2952853776255,test-00000-of-00006_0.png,256,256,3
81.88489356268045,test-00000-of-00006_0.png,3264,2448,3
657.7862846492665,test-00000-of-00006_0.png,400,400,3
201.3753762462306,test-00000-of-00006_0.png,1024,768,3
42.319256790123454,test-00000-of-00006_0.png,1200,900,3
6968.9004463748,test-00000-of-00006_0.png,256,256,3
5391.330608445737,test-00000-of-00006_0.png,256,256,3
42.58002591753999,test-00000-of-00006_0.png,256,256,3
553.9749918249305,test-00000-of-00006_0.png,400,400,3
24.25940913746949,test-00000-of-00006_0.png,1024,768,3
467.78938224320467,test-00000-of-00006_0.png,480,640,3
6590.911722320418,test-00000-of-00006_0.png,256,256,3
262.8882209562744,test-00000-of-00006_0.png,240,240,3
235.01476491555218,test-00000-of-00006_0.png,240,240,3
305.0384428602605,test-00000-of-00006_0.png,400,400,3
5575.164176572941,test-00000-of-00006_0.png,256,256,3
114.93781589457977,test-00000-of-00006_0.png,256,256,3
490.17165032857,test-00000-of-00006_0.png,256,256,3
8.096011477541564,test-00000-of-00006_0.png,1024,1024,3
700.6992657697875,test-00000-of-00006_0.png,400,400,3
213.75845277560984,test-00000-of-00006_0.png,1724,2296,3
100.51315943382794,test-00000-of-00006_0.png,1024,768,3
2842.5239757162567,test-00000-of-00006_0.png,256,256,3
7570.42839780781,test-00000-of-00006_0.png,256,256,3
1576.6987585123272,test-00000-of-00006_0.png,640,480,3
3292.726175796836,test-00000-of-00006_0.png,256,256,3
252.70262283950618,test-00000-of-00006_0.png,1200,900,3
162.65831216593315,test-00000-of-00006_0.png,400,400,3
148.77909446191865,test-00000-of-00006_0.png,1040,1536,3
954.8804282877178,test-00000-of-00006_0.png,256,256,3
114.11500086461798,test-00000-of-00006_0.png,99,256,3
5.324049313676255,test-00000-of-00006_0.png,1024,1024,3
1123.2893162681494,test-00000-of-00006_0.png,1024,768,3
4.06317717126674,test-00000-of-00006_0.png,1024,768,3
2917.776614954873,test-00000-of-00006_0.png,1024,768,3
36.992103703703705,test-00000-of-00006_0.png,900,1200,3
252.70262283950618,test-00000-of-00006_0.png,1200,900,3
868.3991177023078,test-00000-of-00006_0.png,256,256,3
8421.09190279864,test-00000-of-00006_0.png,256,256,3
83.0580824079613,test-00000-of-00006_0.png,256,256,3
261.8155398364696,test-00000-of-00006_0.png,256,256,3
1865.7214103706756,test-00000-of-00006_0.png,1024,768,3
170.63478945937064,test-00000-of-00006_0.png,400,400,3
317.6314924995658,test-00000-of-00006_0.png,400,400,3
266.33916954562073,test-00000-of-00006_0.png,400,400,3
85.54341466794016,test-00000-of-00006_0.png,1724,2296,3
68.26576975739863,test-00000-of-00006_0.png,1024,768,3
421.4975481253193,test-00000-of-00006_0.png,683,1024,3
132.93547369895398,test-00000-of-00006_0.png,400,400,3
2258.5238509646556,test-00000-of-00006_0.png,1024,768,3
119.90039570916754,test-00000-of-00006_0.png,256,256,3
133.5175347969379,test-00000-of-00006_0.png,240,240,3
154.59880641972228,test-00000-of-00006_0.png,400,400,3
8562.035525524678,test-00000-of-00006_0.png,256,256,3
186.14237541258794,test-00000-of-00006_0.png,256,111,3
7.523279782887493,test-00000-of-00006_0.png,1024,1024,3
700.1748825239882,test-00000-of-00006_0.png,111,256,3
2089.437153882758,test-00000-of-00006_0.png,640,480,3
111.27366637974046,test-00000-of-00006_0.png,256,256,3
54.55669138818564,test-00000-of-00006_0.png,256,256,3
326.52470968826395,test-00000-of-00006_0.png,400,400,3
2524.284500595493,test-00000-of-00006_0.png,256,256,3
8187.948654163396,test-00000-of-00006_0.png,256,256,3
3978.0134866342496,test-00000-of-00006_0.png,1024,768,3
969.7882311663892,test-00000-of-00006_0.png,400,400,3
1293.9434347791496,test-00000-of-00006_0.png,1024,768,3
6590.911722320418,test-00000-of-00006_0.png,256,256,3
177.9640249418282,test-00000-of-00006_0.png,320,240,3
1190.2008939736256,test-00000-of-00006_0.png,640,480,3
361.6713664590234,test-00000-of-00006_0.png,400,400,3
56.75041146784443,test-00000-of-00006_0.png,240,240,3
657.7862846492665,test-00000-of-00006_0.png,400,400,3
2878.693961613268,test-00000-of-00006_0.png,256,256,3
208.2756592072831,test-00000-of-00006_0.png,240,240,3
6441.030524362705,test-00000-of-00006_0.png,256,256,3
239.68801649964342,test-00000-of-00006_0.png,1724,2296,3
7950.329369862462,test-00000-of-00006_0.png,256,256,3
5540.925142498377,test-00000-of-00006_0.png,256,256,3
271.39494666666667,test-00000-of-00006_0.png,500,500,3
3980.0814556243517,test-00000-of-00006_0.png,256,256,3
1178.9440884441137,test-00000-of-00006_0.png,256,256,3
896.6915325011452,test-00000-of-00006_0.png,240,320,3
837.0547253925656,test-00000-of-00006_0.png,1024,768,3
5893.9716858069105,test-00000-of-00006_0.png,256,256,3
190.6438001872092,test-00000-of-00006_0.png,256,256,3
463.3868372017105,test-00000-of-00006_0.png,256,256,3
267.6938133333333,test-00000-of-00006_0.png,500,500,3
1915.2671803603996,test-00000-of-00006_0.png,400,400,3
138.80830106850368,test-00000-of-00006_0.png,1200,1102,3
61.36997786658401,test-00000-of-00006_0.png,256,256,3
61.78837831936676,test-00000-of-00006_0.png,1024,768,3
81.72513005737883,test-00000-of-00006_0.png,576,768,3
677.6782163888414,test-00000-of-00006_0.png,1500,844,3
331.89625642789775,test-00000-of-00006_0.png,240,240,3
183.9747470803328,test-00000-of-00006_0.png,1724,2296,3
671.1254070706208,test-00000-of-00006_0.png,400,400,3
310.418418770829,test-00000-of-00006_0.png,400,400,3
78.13254371983284,test-00000-of-00006_0.png,1024,768,3
1406.0684116478596,test-00000-of-00006_0.png,128,128,3
78.36936520443608,test-00000-of-00006_0.png,256,256,3
7530.205408251534,test-00000-of-00006_0.png,256,256,3
10023.830400440429,test-00000-of-00006_0.png,256,256,3
6509.109277090989,test-00000-of-00006_0.png,256,256,3
460.53634966433015,test-00000-of-00006_0.png,217,287,3
5548.320694999148,test-00000-of-00006_0.png,256,256,3
5.720054991334705,test-00000-of-00006_0.png,1024,768,3
138.80830106850368,test-00000-of-00006_0.png,1200,1102,3
259.34766240655955,test-00000-of-00006_0.png,256,256,3
10.067501053214073,test-00000-of-00006_0.png,128,128,3
814.1819628035179,test-00000-of-00006_0.png,240,320,3
219.13217378039928,test-00000-of-00006_0.png,400,400,3
3480.0302778413875,test-00000-of-00006_0.png,256,256,3
74.74698205199093,test-00000-of-00006_0.png,256,256,3
171.8071423333062,test-00000-of-00006_0.png,240,320,3
1300.803013197682,test-00000-of-00006_0.png,300,300,3
17.203558441558442,test-00000-of-00006_0.png,1200,1155,3
83.03473027435082,test-00000-of-00006_0.png,1024,768,3
7763.823806654972,test-00000-of-00006_0.png,256,256,3
303.45600355782216,test-00000-of-00006_0.png,240,240,3
1897.7776461458259,test-00000-of-00006_0.png,1024,768,3
6509.109277090989,test-00000-of-00006_0.png,256,256,3
690.1577144973576,test-00000-of-00006_0.png,1024,768,3
203.7793374719719,test-00000-of-00006_0.png,256,256,3
263.67374182248,test-00000-of-00006_0.png,1024,768,3
1214.5232933358184,test-00000-of-00006_0.png,256,256,3
7523.641033492497,test-00000-of-00006_0.png,400,400,3
351.20558579762775,test-00000-of-00006_0.png,256,256,3
660.0272405759121,test-00000-of-00006_0.png,256,256,3
411.02039288709864,test-00000-of-00006_0.png,1024,768,3
43.91837037037037,test-00000-of-00006_0.png,1200,900,3
10.840322839506173,test-00000-of-00006_0.png,1200,900,3
1176.9339015519267,test-00000-of-00006_0.png,400,400,3
115.576626886137,test-00000-of-00006_0.png,240,320,3
1341.9203093369752,test-00000-of-00006_0.png,1024,768,3
3023.315219717618,test-00000-of-00006_0.png,256,256,3
671.951335489336,test-00000-of-00006_0.png,256,256,3
10.720208200175886,test-00000-of-00006_0.png,1724,2296,3
240.0308546865769,test-00000-of-00006_0.png,320,240,3
231.69158904822484,test-00000-of-00006_0.png,400,400,3
2984.577792818483,test-00000-of-00006_0.png,1024,768,3
375.2107126902168,test-00000-of-00006_0.png,256,256,3
380.3665036949992,test-00000-of-00006_0.png,640,480,3
230.52753216873262,test-00000-of-00006_0.png,400,400,3
55.448167649257336,test-00000-of-00006_0.png,240,240,3
6.47953605643933,test-00000-of-00006_0.png,1024,1024,3
252.1871377776692,test-00000-of-00006_0.png,400,400,3
34.62313658951057,test-00000-of-00006_0.png,128,128,3
874.4439961312323,test-00000-of-00006_0.png,400,400,3
626.7733046319078,test-00000-of-00006_0.png,256,256,3
72.89815848729157,test-00000-of-00006_0.png,1724,2296,3
6459.645083401326,test-00000-of-00006_0.png,256,256,3
1130.1894537709513,test-00000-of-00006_0.png,640,480,3
3836.8582587630954,test-00000-of-00006_0.png,256,256,3
170.08403498917406,test-00000-of-00006_0.png,256,256,3
80.80508829029795,test-00000-of-00006_0.png,256,256,3
433.86593540155803,test-00000-of-00006_0.png,400,400,3
5965.974307057656,test-00000-of-00006_0.png,256,256,3
811.0885887444273,test-00000-of-00006_0.png,400,400,3
6315.82320364562,test-00000-of-00006_0.png,256,256,3
133.16341031893504,test-00000-of-00006_0.png,320,240,3
103.39786188205453,test-00000-of-00006_0.png,1024,768,3
200.84884658022912,test-00000-of-00006_0.png,1024,768,3
142.76993971065946,test-00000-of-00006_0.png,240,320,3
5690.909694780491,test-00000-of-00006_0.png,256,256,3
3580.7446581024883,test-00000-of-00006_0.png,256,256,3
110.24357644675506,test-00000-of-00006_0.png,128,128,3
110.1669985437231,test-00000-of-00006_0.png,1024,1024,3
40.45797303680516,test-00000-of-00006_0.png,1024,768,3
244.96353550935677,test-00000-of-00006_0.png,256,256,3
1770.8003054777728,test-00000-of-00006_0.png,640,480,3
4748.065137565031,test-00000-of-00006_0.png,256,256,3
150.84649521609148,test-00000-of-00006_0.png,128,128,3
938.3467440735193,test-00000-of-00006_0.png,1024,768,3
1176.9339015519267,test-00000-of-00006_0.png,400,400,3
437.58720114192715,test-00000-of-00006_0.png,400,400,3
299.3608328499958,test-00000-of-00006_0.png,400,400,3
153.3202035481771,test-00000-of-00006_0.png,240,240,3
5132.074056358982,test-00000-of-00006_0.png,256,256,3
566.1155915040678,test-00000-of-00006_0.png,256,256,3
2077.9342762424785,test-00000-of-00006_0.png,640,480,3
5190.62111882718,test-00000-of-00006_0.png,256,256,3
805.4564560016098,test-00000-of-00006_0.png,640,480,3
1362.1258217486334,test-00000-of-00006_0.png,480,640,3
134.06331886658964,test-00000-of-00006_0.png,256,256,3
1510.5902539199578,test-00000-of-00006_0.png,256,256,3
183.8145167788025,test-00000-of-00006_0.png,256,256,3
123.59323930985676,test-00000-of-00006_0.png,400,400,3
158.0023141823864,test-00000-of-00006_0.png,256,256,3
190.6438001872092,test-00000-of-00006_0.png,256,256,3
162.8932075736152,test-00000-of-00006_0.png,320,240,3
104.56333408246026,test-00000-of-00006_0.png,256,256,3
5795.468580953672,test-00000-of-00006_0.png,256,256,3
146.4555622882639,test-00000-of-00006_0.png,400,400,3
5554.829015572633,test-00000-of-00006_0.png,256,256,3
6459.645083401326,test-00000-of-00006_0.png,256,256,3
2000.0111634209504,test-00000-of-00006_0.png,256,256,3
5289.66809544958,test-00000-of-00006_0.png,256,256,3
650.8148017916817,test-00000-of-00006_0.png,1024,768,3
642.7243203936962,test-00000-of-00006_0.png,1724,2296,3
4729.333318715268,test-00000-of-00006_0.png,256,256,3
9.79231365521749,test-00000-of-00006_0.png,128,128,3
3413.9433142387347,test-00000-of-00006_0.png,256,256,3
1334.6794883341581,test-00000-of-00006_0.png,256,256,3
896.6915325011452,test-00000-of-00006_0.png,240,320,3
708.5505278723915,test-00000-of-00006_0.png,400,400,3
196.3269606090104,test-00000-of-00006_0.png,400,400,3
961.4096139411753,test-00000-of-00006_0.png,256,256,3
213.80926887696566,test-00000-of-00006_0.png,3024,4032,3
6451.507832428208,test-00000-of-00006_0.png,256,256,3
5066.07728323462,test-00000-of-00006_0.png,256,256,3
343.54990873659864,test-00000-of-00006_0.png,240,320,3
517.2845682091753,test-00000-of-00006_0.png,256,256,3
181.92567273761134,test-00000-of-00006_0.png,320,240,3
5484.040787120247,test-00000-of-00006_0.png,256,256,3
38.944090092916156,test-00000-of-00006_0.png,1024,768,3
1463.3804610838417,test-00000-of-00006_0.png,640,480,3
176.4757760759029,test-00000-of-00006_0.png,128,128,3
29.088901234348537,test-00000-of-00006_0.png,1200,900,3
179.43492331477395,test-00000-of-00006_0.png,256,256,3
1340.9091596537166,test-00000-of-00006_0.png,256,256,3
162.01656084590488,test-00000-of-00006_0.png,256,256,3
17.226696883849826,test-00000-of-00006_0.png,400,400,3
54.55669138818564,test-00000-of-00006_0.png,256,256,3
909.0681050464203,test-00000-of-00006_0.png,375,500,3
60.95110640664482,test-00000-of-00006_0.png,256,256,3
129.1886259628296,test-00000-of-00006_0.png,320,240,3
292.80381350129494,test-00000-of-00006_0.png,1024,768,3
112.33390813031131,test-00000-of-00006_0.png,128,128,3
317.94354233104326,test-00000-of-00006_0.png,128,128,3
1451.3594721182146,test-00000-of-00006_0.png,256,256,3
7903.279280841328,test-00000-of-00006_0.png,256,256,3
11818.942214551664,test-00000-of-00006_0.png,256,256,3
7688.442302026683,test-00000-of-00006_0.png,256,256,3
169.4313011880757,test-00000-of-00006_0.png,240,320,3
54.61681280791534,test-00000-of-00006_0.png,1024,768,3
233.3070990889229,test-00000-of-00006_0.png,256,256,3
18.202037371683545,test-00000-of-00006_0.png,1024,768,3
230.52753216873262,test-00000-of-00006_0.png,400,400,3
306.10507195349794,test-00000-of-00006_0.png,240,320,3
392.58358882822927,test-00000-of-00006_0.png,128,128,3
2464.5272815755,test-00000-of-00006_0.png,256,256,3
5707.225071009559,test-00000-of-00006_0.png,256,256,3
378.85894592538375,test-00000-of-00006_0.png,256,256,3
109.72827733333334,test-00000-of-00006_0.png,500,500,3
4962.739942669841,test-00000-of-00006_0.png,256,256,3
264.4367656791493,test-00000-of-00006_0.png,400,400,3
288.9683035588151,test-00000-of-00006_0.png,400,400,3
45.566683286388894,test-00000-of-00006_0.png,400,400,3
1829.120957618017,test-00000-of-00006_0.png,400,400,3
31.452283950617282,test-00000-of-00006_0.png,1200,900,3
6810.513369742759,test-00000-of-00006_0.png,256,256,3
65.04537037037036,test-00000-of-00006_0.png,1200,900,3
13.03754805483752,test-00000-of-00006_0.png,128,128,3
209.75227112693435,test-00000-of-00006_0.png,1724,2296,3
6309.612785623719,test-00000-of-00006_0.png,256,256,3
123.93982450516584,test-00000-of-00006_0.png,256,256,3
1818.5322236093748,test-00000-of-00006_0.png,400,400,3
760.0606396154942,test-00000-of-00006_0.png,1024,768,3
271.7336886608151,test-00000-of-00006_0.png,1724,2296,3
391.8534985180531,test-00000-of-00006_0.png,128,128,3
938.3467440735193,test-00000-of-00006_0.png,1024,768,3
118.74534123701228,test-00000-of-00006_0.png,1024,1024,3
58.19528292947345,test-00000-of-00006_0.png,256,256,3
33.68068136254533,test-00000-of-00006_0.png,1024,768,3
4.9420996768749275,test-00000-of-00006_0.png,1024,768,3
151.29258542957896,test-00000-of-00006_0.png,400,400,3
675.804106000169,test-00000-of-00006_0.png,720,540,3
1008.0918209608291,test-00000-of-00006_0.png,400,400,3
8807.317557085616,test-00000-of-00006_0.png,256,256,3
3714.060427230162,test-00000-of-00006_0.png,256,256,3
9260.756154030538,test-00000-of-00006_0.png,256,256,3
4247.19773746838,test-00000-of-00006_0.png,256,256,3
103.76039970514958,test-00000-of-00006_0.png,1724,2296,3
16.13872865649488,test-00000-of-00006_0.png,1024,768,3
5015.236769755681,test-00000-of-00006_0.png,256,256,3
2685.0567995308793,test-00000-of-00006_0.png,256,256,3
1116.3415904339158,test-00000-of-00006_0.png,640,480,3
283.29283782095166,test-00000-of-00006_0.png,1724,2296,3
571.4555645782709,test-00000-of-00006_0.png,256,256,3
14.069916665815978,test-00000-of-00006_0.png,400,400,3
209.95399145386182,test-00000-of-00006_0.png,256,256,3
90.46697531543062,test-00000-of-00006_0.png,1024,768,3
120.15527283950617,test-00000-of-00006_0.png,1200,900,3
3413.89408798327,test-00000-of-00006_0.png,256,256,3
242.27435023914853,test-00000-of-00006_0.png,320,240,3
1986.3339477165111,test-00000-of-00006_0.png,640,480,3
222.39500935779265,test-00000-of-00006_0.png,256,256,3
322.1778116125204,test-00000-of-00006_0.png,240,240,3
769.3195906583161,test-00000-of-00006_0.png,400,400,3
282.9170633652764,test-00000-of-00006_0.png,256,256,3
369.01964730884976,test-00000-of-00006_0.png,400,400,3
404.2062210724968,test-00000-of-00006_0.png,256,82,3
6736.096519932833,test-00000-of-00006_0.png,1024,768,3
12.90795555550952,test-00000-of-00006_0.png,1200,900,3
202.1260468751813,test-00000-of-00006_0.png,256,256,3
176.7841593424479,test-00000-of-00006_0.png,256,256,3
2708.0471752775297,test-00000-of-00006_0.png,1024,768,3
143.02084480539924,test-00000-of-00006_0.png,400,400,3
626.5752218755168,test-00000-of-00006_0.png,400,400,3
478.5970018290811,test-00000-of-00006_0.png,128,128,3
216.62873575759974,test-00000-of-00006_0.png,400,400,3
158.50188102728376,test-00000-of-00006_0.png,256,256,3
451.1624287462069,test-00000-of-00006_0.png,128,128,3
4372.528122285071,test-00000-of-00006_0.png,256,256,3
6155.205544396304,test-00000-of-00006_0.png,256,256,3
462.1503953122431,test-00000-of-00006_0.png,256,256,3
3993.959000784489,test-00000-of-00006_0.png,256,256,3
66.50919287729634,test-00000-of-00006_0.png,1724,2296,3
4542.661390108263,test-00000-of-00006_0.png,256,256,3
420.09331915734543,test-00000-of-00006_0.png,128,128,3
61.650309244791664,test-00000-of-00006_0.png,256,256,3
27.41488145199607,test-00000-of-00006_0.png,1724,2296,3
9375.344016174475,test-00000-of-00006_0.png,256,256,3
328.5291111624824,test-00000-of-00006_0.png,400,400,3
150.0567306275997,test-00000-of-00006_0.png,128,128,3
110.08830261207186,test-00000-of-00006_0.png,256,256,3
331.63293635946076,test-00000-of-00006_0.png,256,256,3
13.558035838618203,test-00000-of-00006_0.png,1024,768,3
130.2569504833211,test-00000-of-00006_0.png,256,256,3
619.9644236413296,test-00000-of-00006_0.png,256,256,3
6182.463488234414,test-00000-of-00006_0.png,256,256,3
1862.2700645170978,test-00000-of-00006_0.png,640,480,3
22.80453996933969,test-00000-of-00006_0.png,1024,1024,3
40.45797303680516,test-00000-of-00006_0.png,1024,768,3
4485.451303806466,test-00000-of-00006_0.png,256,256,3
1673.4041999398166,test-00000-of-00006_0.png,256,256,3
760.1409742484198,test-00000-of-00006_0.png,640,480,3
7870.1303691599105,test-00000-of-00006_0.png,256,256,3
6660.556933705902,test-00000-of-00006_0.png,256,256,3
149.50488910670842,test-00000-of-00006_0.png,263,240,3
5867.608507221542,test-00000-of-00006_0.png,256,256,3
6489.108584602029,test-00000-of-00006_0.png,256,256,3
438.2025636930227,test-00000-of-00006_0.png,256,256,3
328.99701259615006,test-00000-of-00006_0.png,1724,2296,3
9.658204704173768,test-00000-of-00006_0.png,1024,1024,3
42.263354635487,test-00000-of-00006_0.png,128,128,3
1381.6802548643964,test-00000-of-00006_0.png,1024,768,3
19.026196296296295,test-00000-of-00006_0.png,900,1200,3
121.36103777245928,test-00000-of-00006_0.png,256,256,3
103.27969114822481,test-00000-of-00006_0.png,400,400,3
283.15297186213945,test-00000-of-00006_0.png,1724,2296,3
4099.35184893964,test-00000-of-00006_0.png,256,256,3
5266.295461239887,test-00000-of-00006_0.png,256,256,3
31.452283950617282,test-00000-of-00006_0.png,1200,900,3
485.2730313177082,test-00000-of-00006_0.png,400,400,3
538.121547236392,test-00000-of-00006_0.png,256,256,3
805.4422437034168,test-00000-of-00006_0.png,1024,768,3
3399.6464235036524,test-00000-of-00006_0.png,256,256,3
6595.463203104732,test-00000-of-00006_0.png,256,256,3
266.33916954562073,test-00000-of-00006_0.png,400,400,3
133.16341031893504,test-00000-of-00006_0.png,320,240,3
76.40693647993935,test-00000-of-00006_0.png,256,256,3
188.558133778316,test-00000-of-00006_0.png,400,400,3
337.20516820849497,test-00000-of-00006_0.png,1024,768,3
7.5810588185097325,test-00000-of-00006_0.png,1024,1024,3
681.2546851963184,test-00000-of-00006_0.png,1724,2296,3
63.613216219233436,test-00000-of-00006_0.png,1024,1024,3
5.524748393857909,test-00000-of-00006_0.png,1024,1024,3
154.4679180974324,test-00000-of-00006_0.png,320,240,3
346.748753687341,test-00000-of-00006_0.png,256,256,3
63.78002802525729,test-00000-of-00006_0.png,1024,768,3
5.811661274684938,test-00000-of-00006_0.png,576,768,3
319.3448751200275,test-00000-of-00006_0.png,240,240,3
38.8513825951847,test-00000-of-00006_0.png,240,240,3
285.0992211555165,test-00000-of-00006_0.png,400,400,3
83.19255987654321,test-00000-of-00006_0.png,1200,900,3
5261.928675181232,test-00000-of-00006_0.png,256,256,3
111.46741052478733,test-00000-of-00006_0.png,400,400,3
11268.034546353932,test-00000-of-00006_0.png,256,256,3
154.4679180974324,test-00000-of-00006_0.png,320,240,3
3769.8122530189057,test-00000-of-00006_0.png,640,480,3
7.5810588185097325,test-00000-of-00006_0.png,1024,1024,3
111.15488344858358,test-00000-of-00006_0.png,1024,768,3
313.99926281593645,test-00000-of-00006_0.png,256,256,3
8421.09190279864,test-00000-of-00006_0.png,256,256,3
69.51940318232583,test-00000-of-00006_0.png,1024,768,3
2249.2580336520787,test-00000-of-00006_0.png,400,400,3
3739.6225654876057,test-00000-of-00006_0.png,256,256,3
6803.48930616139,test-00000-of-00006_0.png,256,256,3
121.36103777245928,test-00000-of-00006_0.png,256,256,3
197.422944,test-00000-of-00006_0.png,500,500,3
5797.2067714964505,test-00000-of-00006_0.png,256,256,3
1167.6106759494132,test-00000-of-00006_0.png,1024,768,3
1662.327873086792,test-00000-of-00006_0.png,1024,768,3
96.63943905318672,test-00000-of-00006_0.png,256,256,3
29.266539184856764,test-00000-of-00006_0.png,400,400,3
10163.16330503662,test-00000-of-00006_0.png,256,256,3
1263.7113040139018,test-00000-of-00006_0.png,256,256,3
133.5175347969379,test-00000-of-00006_0.png,240,240,3
13.667096913580247,test-00000-of-00006_0.png,1200,900,3
6559.540445933636,test-00000-of-00006_0.png,256,256,3
233.190416,test-00000-of-00006_0.png,500,500,3
156.66448917943572,test-00000-of-00006_0.png,256,256,3
110.15372716049383,test-00000-of-00006_0.png,1200,900,3
786.392680917344,test-00000-of-00006_0.png,400,400,3
3859.4446058567187,test-00000-of-00006_0.png,256,256,3
411.9794119788696,test-00000-of-00006_0.png,256,256,3
44.317552469135805,test-00000-of-00006_0.png,1200,900,3
375.4913420528747,test-00000-of-00006_0.png,1724,2296,3
87.85806922024737,test-00000-of-00006_0.png,256,256,3
665.948993838677,test-00000-of-00006_0.png,256,256,3
1673.4041999398166,test-00000-of-00006_0.png,256,256,3
25.286317283950616,test-00000-of-00006_0.png,1200,900,3
517.2845682091753,test-00000-of-00006_0.png,256,256,3
43.48642939543548,test-00000-of-00006_0.png,240,240,3
37.796065281886214,test-00000-of-00006_0.png,1724,2296,3
726.1380816743707,test-00000-of-00006_0.png,400,400,3
18.39989770800411,test-00000-of-00006_0.png,1024,1024,3
252.1871377776692,test-00000-of-00006_0.png,400,400,3
671.1254070706208,test-00000-of-00006_0.png,400,400,3
9.658204704173768,test-00000-of-00006_0.png,1024,1024,3
113.04691251083183,test-00000-of-00006_0.png,320,240,3
128.21715733719307,test-00000-of-00006_0.png,1024,1024,3
2806.7018987840397,test-00000-of-00006_0.png,256,256,3
167.36278492414687,test-00000-of-00006_0.png,240,320,3
787.3998712440953,test-00000-of-00006_0.png,256,256,3
232.40683381210138,test-00000-of-00006_0.png,320,240,3
1422.302218534162,test-00000-of-00006_0.png,400,400,3
1770.8003054777728,test-00000-of-00006_0.png,640,480,3
10378.93018483453,test-00000-of-00006_0.png,256,256,3
84.96416006999114,test-00000-of-00006_0.png,1024,768,3
3837.682565988662,test-00000-of-00006_0.png,256,256,3
6590.911722320418,test-00000-of-00006_0.png,256,256,3
320.2249997055365,test-00000-of-00006_0.png,128,128,3
93.9163432288912,test-00000-of-00006_0.png,1024,768,3
18812.65448481,test-00000-of-00006_0.png,256,256,3
198.4524825059679,test-00000-of-00006_0.png,240,320,3
6689.606128242177,test-00000-of-00006_0.png,256,256,3
491.8390393531895,test-00000-of-00006_0.png,480,640,3
48.590004938271605,test-00000-of-00006_0.png,1200,900,3
18.39989770800411,test-00000-of-00006_0.png,1024,1024,3
20.664193827062913,test-00000-of-00006_0.png,900,1200,3
287.68023662213807,test-00000-of-00006_0.png,480,640,3
69.2140394403905,test-00000-of-00006_0.png,320,240,3
8.280526476434318,test-00000-of-00006_0.png,1024,1024,3
292.80381350129494,test-00000-of-00006_0.png,1024,768,3
58.19528292947345,test-00000-of-00006_0.png,256,256,3
437.58720114192715,test-00000-of-00006_0.png,400,400,3
4684.385310903087,test-00000-of-00006_0.png,256,256,3
183.9747470803328,test-00000-of-00006_0.png,1724,2296,3
2281.5797426684035,test-00000-of-00006_0.png,256,256,3
1729.941549683316,test-00000-of-00006_0.png,1024,768,3
5862.653305663003,test-00000-of-00006_0.png,256,256,3
3527.381948120245,test-00000-of-00006_0.png,256,256,3
4549.774577284853,test-00000-of-00006_0.png,256,256,3
3588.3245994205577,test-00000-of-00006_0.png,333,500,3
6363.066719102338,test-00000-of-00006_0.png,256,256,3
1089.160140809359,test-00000-of-00006_0.png,1024,768,3
3672.1201553816322,test-00000-of-00006_0.png,256,256,3
155.8309037037037,test-00000-of-00006_0.png,900,1200,3
85.60624547888888,test-00000-of-00006_0.png,400,400,3
150.43537094116212,test-00000-of-00006_0.png,320,240,3
4337.508479816114,test-00000-of-00006_0.png,256,256,3
432.45851560493224,test-00000-of-00006_0.png,256,256,3
339.6909655530556,test-00000-of-00006_0.png,400,400,3
65.97315451244098,test-00000-of-00006_0.png,256,256,3
280.056149113389,test-00000-of-00006_0.png,240,320,3
333.1233350256981,test-00000-of-00006_0.png,480,640,3
13.942453086419754,test-00000-of-00006_0.png,900,1200,3
5878.3948776907955,test-00000-of-00006_0.png,256,256,3
283.15297186213945,test-00000-of-00006_0.png,1724,2296,3
172.17812311264896,test-00000-of-00006_0.png,240,240,3
518.488665399083,test-00000-of-00006_0.png,1024,768,3
38.30286777699867,test-00000-of-00006_0.png,1024,768,3
1451.3594721182146,test-00000-of-00006_0.png,256,256,3
158.33656947856718,test-00000-of-00006_0.png,1724,2296,3
5173.801211167437,test-00000-of-00006_0.png,256,256,3
853.6472867567317,test-00000-of-00006_0.png,400,400,3
7.436178092566991,test-00000-of-00006_0.png,576,768,3
814.1819628035179,test-00000-of-00006_0.png,240,320,3
1800.800409946871,test-00000-of-00006_0.png,400,400,3
863.1000437960964,test-00000-of-00006_0.png,640,480,3
5800.373419200769,test-00000-of-00006_0.png,256,256,3
259.61027111447487,test-00000-of-00006_0.png,400,400,3
2223.0695385928548,test-00000-of-00006_0.png,1024,768,3
3957.2910281046184,test-00000-of-00006_0.png,256,256,3
83.19255987654321,test-00000-of-00006_0.png,1200,900,3
167.83654271746568,test-00000-of-00006_0.png,256,256,3
177.3632011249637,test-00000-of-00006_0.png,640,480,3
450.5159768126905,test-00000-of-00006_0.png,128,128,3
401.7444575543238,test-00000-of-00006_0.png,1024,768,3
232.90077482079397,test-00000-of-00006_0.png,240,320,3
3287.065590303702,test-00000-of-00006_0.png,256,256,3
3622.9790763751494,test-00000-of-00006_0.png,256,256,3
233.190416,test-00000-of-00006_0.png,500,500,3
572.6657336415974,test-00000-of-00006_0.png,400,400,3
3069.919429314314,test-00000-of-00006_0.png,1024,768,3
271.39494666666667,test-00000-of-00006_0.png,500,500,3
8455.265607566651,test-00000-of-00006_0.png,256,256,3
798.6265876870659,test-00000-of-00006_0.png,400,400,3
406.6140212983257,test-00000-of-00006_0.png,1024,768,3
5135.521184736837,test-00000-of-00006_0.png,256,256,3
7152.00157039403,test-00000-of-00006_0.png,256,256,3
90.48349750436319,test-00000-of-00006_0.png,1024,1024,3
27.93232098765432,test-00000-of-00006_0.png,1200,900,3
3672.1201553816322,test-00000-of-00006_0.png,256,256,3
211.37320719851272,test-00000-of-00006_0.png,240,320,3
8.096011477541564,test-00000-of-00006_0.png,1024,1024,3
2422.492633371614,test-00000-of-00006_0.png,256,256,3
157.57935045160255,test-00000-of-00006_0.png,256,256,3
270.86958757230445,test-00000-of-00006_0.png,240,240,3
175.35205728684414,test-00000-of-00006_0.png,320,240,3
633.3655230322732,test-00000-of-00006_0.png,1024,768,3
63.0487056202239,test-00000-of-00006_0.png,1024,768,3
153.8282018451848,test-00000-of-00006_0.png,256,256,3
7.108950763490546,test-00000-of-00006_0.png,576,768,3
1695.996523253055,test-00000-of-00006_0.png,400,400,3
312.3645908418629,test-00000-of-00006_0.png,128,128,3
18.55681550130248,test-00000-of-00006_0.png,128,128,3
10.553536278936576,test-00000-of-00006_0.png,1024,768,3
757.4516767089267,test-00000-of-00006_0.png,640,480,3
568.5831791141493,test-00000-of-00006_0.png,125,256,3
714.5693827519273,test-00000-of-00006_0.png,400,400,3
103.76039970514958,test-00000-of-00006_0.png,1724,2296,3
2420.479750406385,test-00000-of-00006_0.png,256,256,3
3434.293161070595,test-00000-of-00006_0.png,256,256,3
347.8661561728395,test-00000-of-00006_0.png,1200,900,3
219.10688876834078,test-00000-of-00006_0.png,256,256,3
4281.350047467251,test-00000-of-00006_0.png,256,256,3
33.049006172839505,test-00000-of-00006_0.png,900,1200,3
28.345717400079593,test-00000-of-00006_0.png,256,256,3
42.92447422839506,test-00000-of-00006_0.png,240,240,3
122.59624989094411,test-00000-of-00006_0.png,1024,768,3
83.03473027435082,test-00000-of-00006_0.png,1024,768,3
853.6472867567317,test-00000-of-00006_0.png,400,400,3
48.23983263888889,test-00000-of-00006_0.png,400,400,3
742.5390042531709,test-00000-of-00006_0.png,240,320,3
350.1852038506771,test-00000-of-00006_0.png,400,400,3
57.61645632979667,test-00000-of-00006_0.png,256,256,3
2880.2952853776255,test-00000-of-00006_0.png,256,256,3
961.4096139411753,test-00000-of-00006_0.png,256,256,3
194.81044831422406,test-00000-of-00006_0.png,240,320,3
173.34383622564624,test-00000-of-00006_0.png,240,240,3
6371.957335052389,test-00000-of-00006_0.png,1024,768,3
10963.593201312755,test-00000-of-00006_0.png,256,256,3
416.891105486287,test-00000-of-00006_0.png,128,128,3
1422.302218534162,test-00000-of-00006_0.png,400,400,3
3287.065590303702,test-00000-of-00006_0.png,256,256,3
8421.09190279864,test-00000-of-00006_0.png,256,256,3
478.5970018290811,test-00000-of-00006_0.png,128,128,3
60.76277113496326,test-00000-of-00006_0.png,256,256,3
1060.4080840311415,test-00000-of-00006_0.png,400,400,3
10.772053930494522,test-00000-of-00006_0.png,128,128,3
160.74881595637945,test-00000-of-00006_0.png,320,240,3
153.8282018451848,test-00000-of-00006_0.png,256,256,3
6736.096519932833,test-00000-of-00006_0.png,1024,768,3
3993.959000784489,test-00000-of-00006_0.png,256,256,3
245.67539479526476,test-00000-of-00006_0.png,240,320,3
5311.378914372685,test-00000-of-00006_0.png,256,256,3
201.69116533333334,test-00000-of-00006_0.png,500,500,3
114.14900761345288,test-00000-of-00006_0.png,120,256,3
116.72794087704581,test-00000-of-00006_0.png,256,256,3
282.9170633652764,test-00000-of-00006_0.png,256,256,3
4101.1346211395885,test-00000-of-00006_0.png,256,256,3
6759.97230515999,test-00000-of-00006_0.png,256,256,3
3797.2035615884747,test-00000-of-00006_0.png,256,256,3
180.67986110348048,test-00000-of-00006_0.png,640,480,3
191.99406148606286,test-00000-of-00006_0.png,240,240,3
5942.658756146415,test-00000-of-00006_0.png,256,256,3
235.23155962206593,test-00000-of-00006_0.png,400,400,3
62.02729685888701,test-00000-of-00006_0.png,1724,2296,3
83.19255987654321,test-00000-of-00006_0.png,1200,900,3
292.4678773803171,test-00000-of-00006_0.png,256,256,3
1544.7147822077904,test-00000-of-00006_0.png,256,256,3
127.01209808883469,test-00000-of-00006_0.png,256,256,3
5220.959155258101,test-00000-of-00006_0.png,256,256,3
12.496598864046872,test-00000-of-00006_0.png,1024,1024,3
7135.385324719439,test-00000-of-00006_0.png,256,256,3
78.38705348913244,test-00000-of-00006_0.png,1024,768,3
145.06963614494498,test-00000-of-00006_0.png,1149,1200,3
4247.19773746838,test-00000-of-00006_0.png,256,256,3
288.9683035588151,test-00000-of-00006_0.png,400,400,3
14.303585661782158,test-00000-of-00006_0.png,128,128,3
375.00065190447464,test-00000-of-00006_0.png,400,400,3
7.943301795257462,test-00000-of-00006_0.png,128,128,3
572.2464957249824,test-00000-of-00006_0.png,400,400,3
4.223954200739668,test-00000-of-00006_0.png,1024,1024,3
376.14044760802483,test-00000-of-00006_0.png,320,240,3
176.7841593424479,test-00000-of-00006_0.png,256,256,3
70.31090132793963,test-00000-of-00006_0.png,1724,2296,3
56.75041146784443,test-00000-of-00006_0.png,240,240,3
15178.025281049204,test-00000-of-00006_0.png,256,256,3
6.47953605643933,test-00000-of-00006_0.png,1024,1024,3
54.68636362927224,test-00000-of-00006_0.png,1024,768,3
17.203558441558442,test-00000-of-00006_0.png,1200,1155,3
1717.9862893455381,test-00000-of-00006_0.png,1024,768,3
7090.161403335398,test-00000-of-00006_0.png,256,256,3
133.06345416666667,test-00000-of-00006_0.png,400,400,3
211.37320719851272,test-00000-of-00006_0.png,240,320,3
4890.435648338841,test-00000-of-00006_0.png,256,256,3
550.3536298861578,test-00000-of-00006_0.png,1024,768,3
2806.7018987840397,test-00000-of-00006_0.png,256,256,3
5363.891234855451,test-00000-of-00006_0.png,256,256,3
3797.2035615884747,test-00000-of-00006_0.png,256,256,3
32.63431755624509,test-00000-of-00006_0.png,1024,768,3
1286.7573683525745,test-00000-of-00006_0.png,256,256,3
3778.049786893546,test-00000-of-00006_0.png,1024,768,3
6122.01750485061,test-00000-of-00006_0.png,256,256,3
13.667096913580247,test-00000-of-00006_0.png,1200,900,3
1162.7429865489844,test-00000-of-00006_0.png,1024,768,3
1117.3184300756288,test-00000-of-00006_0.png,256,256,3
193.03490506668786,test-00000-of-00006_0.png,256,256,3
1286.7573683525745,test-00000-of-00006_0.png,256,256,3
2957.4091906795898,test-00000-of-00006_0.png,256,256,3
2.9259932828935167,test-00000-of-00006_0.png,1024,1024,3
141.84215206822478,test-00000-of-00006_0.png,400,400,3
39.975055454087915,test-00000-of-00006_0.png,576,768,3
464.6250409199573,test-00000-of-00006_0.png,1024,768,3
39.962498305766246,test-00000-of-00006_0.png,1024,768,3
6204.708739208575,test-00000-of-00006_0.png,256,256,3
60.511282558052955,test-00000-of-00006_0.png,1200,755,3
378.85894592538375,test-00000-of-00006_0.png,256,256,3
5345.1507019011715,test-00000-of-00006_0.png,1024,768,3
144.9484502803276,test-00000-of-00006_0.png,256,256,3
129.48506249984376,test-00000-of-00006_0.png,400,400,3
4031.46435284449,test-00000-of-00006_0.png,256,256,3
447.4013043814013,test-00000-of-00006_0.png,320,240,3
35.14336728395062,test-00000-of-00006_0.png,900,1200,3
1106.0783245057667,test-00000-of-00006_0.png,1024,1024,3
3739.6225654876057,test-00000-of-00006_0.png,256,256,3
159.96351473279194,test-00000-of-00006_0.png,256,256,3
322.1778116125204,test-00000-of-00006_0.png,240,240,3
226.5902611832612,test-00000-of-00006_0.png,1200,1155,3
534.1208913202345,test-00000-of-00006_0.png,640,480,3
299.84275392316175,test-00000-of-00006_0.png,256,256,3
19.272404320987654,test-00000-of-00006_0.png,1200,900,3
11.938998296472947,test-00000-of-00006_0.png,1024,768,3
51.46098751323814,test-00000-of-00006_0.png,256,256,3
8614.433594368993,test-00000-of-00006_0.png,256,256,3
2689.9683537437427,test-00000-of-00006_0.png,256,256,3
326.52470968826395,test-00000-of-00006_0.png,400,400,3
5190.62111882718,test-00000-of-00006_0.png,256,256,3
208.06792218957898,test-00000-of-00006_0.png,400,400,3
3650.90100775897,test-00000-of-00006_0.png,256,256,3
47.140088440203606,test-00000-of-00006_0.png,256,256,3
38.04464074074074,test-00000-of-00006_0.png,900,1200,3
5882.952895782785,test-00000-of-00006_0.png,256,256,3
547.4151956488689,test-00000-of-00006_0.png,128,128,3
1771.6365792464635,test-00000-of-00006_0.png,1024,768,3
10963.593201312755,test-00000-of-00006_0.png,256,256,3
1335.230542537808,test-00000-of-00006_0.png,400,400,3
12.141265812398224,test-00000-of-00006_0.png,1024,768,3
222.3935525146484,test-00000-of-00006_0.png,240,320,3
20.28643888888889,test-00000-of-00006_0.png,1200,900,3
896.6915325011452,test-00000-of-00006_0.png,240,320,3
21.66527222222222,test-00000-of-00006_0.png,1200,900,3
150.84649521609148,test-00000-of-00006_0.png,128,128,3
102.34654065621599,test-00000-of-00006_0.png,1024,768,3
45.4375462962963,test-00000-of-00006_0.png,1200,900,3
640.9110233125331,test-00000-of-00006_0.png,256,256,3
2580.3623089491284,test-00000-of-00006_0.png,256,256,3
1424.8055218984878,test-00000-of-00006_0.png,200,300,3
7032.042599670487,test-00000-of-00006_0.png,256,256,3
14.444101648050982,test-00000-of-00006_0.png,1024,1024,3
907.8018620152602,test-00000-of-00006_0.png,240,320,3
195.00664614527201,test-00000-of-00006_0.png,240,320,3
1758.2908412329596,test-00000-of-00006_0.png,256,256,3
5184.798057721307,test-00000-of-00006_0.png,256,256,3
43.30741586757673,test-00000-of-00006_0.png,1724,2296,3
43.30795795840417,test-00000-of-00006_0.png,256,256,3
233.34498666666667,test-00000-of-00006_0.png,500,500,3
352.91846709408696,test-00000-of-00006_0.png,128,128,3
106.23459498087566,test-00000-of-00006_0.png,256,256,3
432.45851560493224,test-00000-of-00006_0.png,256,256,3
61.85512376523919,test-00000-of-00006_0.png,1200,900,3
2986.2132081782656,test-00000-of-00006_0.png,256,256,3
434.23002073499885,test-00000-of-00006_0.png,128,128,3
180.39499782025814,test-00000-of-00006_0.png,128,128,3
33.049006172839505,test-00000-of-00006_0.png,900,1200,3
121.2533105195787,test-00000-of-00006_0.png,240,320,3
58.88236181390823,test-00000-of-00006_0.png,865,723,3
232.40683381210138,test-00000-of-00006_0.png,320,240,3
1654.8493225424452,test-00000-of-00006_0.png,256,256,3
346.3937910534182,test-00000-of-00006_0.png,256,256,3
1108.4498123530557,test-00000-of-00006_0.png,400,400,3
27.466430619507733,test-00000-of-00006_0.png,1024,768,3
210.138955860949,test-00000-of-00006_0.png,240,240,3
79.52547557776172,test-00000-of-00006_0.png,128,128,3
845.9032941614539,test-00000-of-00006_0.png,400,400,3
8067.346037663418,test-00000-of-00006_0.png,256,256,3
4903.747842404759,test-00000-of-00006_0.png,256,256,3
160.74881595637945,test-00000-of-00006_0.png,320,240,3
228.38007443180808,test-00000-of-00006_0.png,1724,2296,3
155.3611073888889,test-00000-of-00006_0.png,400,400,3
556.1710590202425,test-00000-of-00006_0.png,320,240,3
79.2487662251037,test-00000-of-00006_0.png,240,320,3
45.44500813522543,test-00000-of-00006_0.png,1024,768,3
62.53468566970636,test-00000-of-00006_0.png,504,896,3
57.50867639567381,test-00000-of-00006_0.png,1724,2296,3
83.94126666666666,test-00000-of-00006_0.png,500,500,3
1217.6567844736242,test-00000-of-00006_0.png,1024,768,3
7389.1037956857035,test-00000-of-00006_0.png,256,256,3
2980.5930498262624,test-00000-of-00006_0.png,1024,768,3
1316.4947335040197,test-00000-of-00006_0.png,256,256,3
190.50893004888903,test-00000-of-00006_0.png,400,400,3
128.53666667741103,test-00000-of-00006_0.png,256,256,3
9.658204704173768,test-00000-of-00006_0.png,1024,1024,3
70.84423217084259,test-00000-of-00006_0.png,256,256,3
5.524748393857909,test-00000-of-00006_0.png,1024,1024,3
72.89211018940534,test-00000-of-00006_0.png,1724,2296,3
113.52253066666667,test-00000-of-00006_0.png,500,500,3
1164.021071393431,test-00000-of-00006_0.png,256,256,3
233.3070990889229,test-00000-of-00006_0.png,256,256,3
654.2781207074794,test-00000-of-00006_0.png,1724,2296,3
94.32394035491943,test-00000-of-00006_0.png,240,320,3
498.79766916524983,test-00000-of-00006_0.png,1024,768,3
1300.502528324475,test-00000-of-00006_0.png,400,400,3
155.50798373207897,test-00000-of-00006_0.png,400,400,3
885.9892365662297,test-00000-of-00006_0.png,1024,768,3
3149.0826462836053,test-00000-of-00006_0.png,256,256,3
12.90795555550952,test-00000-of-00006_0.png,1200,900,3
7.56637100768862,test-00000-of-00006_0.png,1024,768,3
2.9259932828935167,test-00000-of-00006_0.png,1024,1024,3
580.9438048208721,test-00000-of-00006_0.png,480,640,3
700.1748825239882,test-00000-of-00006_0.png,111,256,3
6811.3982511560125,test-00000-of-00006_0.png,256,256,3
536.8297936152604,test-00000-of-00006_0.png,400,400,3
95.69920801663072,test-00000-of-00006_0.png,1724,2296,3
261.8155398364696,test-00000-of-00006_0.png,256,256,3
79.81324821937501,test-00000-of-00006_0.png,400,400,3
6810.513369742759,test-00000-of-00006_0.png,256,256,3
7888.202718979369,test-00000-of-00006_0.png,256,256,3
125.08127755305556,test-00000-of-00006_0.png,400,400,3
672.4373591450998,test-00000-of-00006_0.png,480,640,3
565.2854931845443,test-00000-of-00006_0.png,400,400,3
27.8893653150234,test-00000-of-00006_0.png,256,256,3
2360.622909432761,test-00000-of-00006_0.png,1024,768,3
239.71267350608707,test-00000-of-00006_0.png,240,240,3
572.6657336415974,test-00000-of-00006_0.png,400,400,3
13.526131591473321,test-00000-of-00006_0.png,1024,1024,3
10.840322839506173,test-00000-of-00006_0.png,1200,900,3
950.880199461244,test-00000-of-00006_0.png,256,256,3
3901.049407482044,test-00000-of-00006_0.png,256,256,3
75.40171814674098,test-00000-of-00006_0.png,1024,768,3
156.48703518258927,test-00000-of-00006_0.png,256,256,3
8.648793735437922,test-00000-of-00006_0.png,128,128,3
229.7310743265234,test-00000-of-00006_0.png,400,400,3
4522.42455922106,test-00000-of-00006_0.png,256,256,3
182.6231966096832,test-00000-of-00006_0.png,400,400,3
19.272404320987654,test-00000-of-00006_0.png,1200,900,3
1315.5574338595227,test-00000-of-00006_0.png,256,256,3
2651.083463800347,test-00000-of-00006_0.png,256,256,3
2851.712706165983,test-00000-of-00006_0.png,256,256,3
12864.68192535015,test-00000-of-00006_0.png,256,256,3
125.08127755305556,test-00000-of-00006_0.png,400,400,3
451.60859710058577,test-00000-of-00006_0.png,400,400,3
9.79231365521749,test-00000-of-00006_0.png,128,128,3
188.558133778316,test-00000-of-00006_0.png,400,400,3
82.01263318497998,test-00000-of-00006_0.png,256,256,3
303.8003258158763,test-00000-of-00006_0.png,128,128,3
2121.1734044766185,test-00000-of-00006_0.png,1024,768,3
1166.3016661630843,test-00000-of-00006_0.png,480,640,3
509.19827372758687,test-00000-of-00006_0.png,640,480,3
49.825213203413625,test-00000-of-00006_0.png,128,128,3
820.3635021110629,test-00000-of-00006_0.png,480,640,3
5795.468580953672,test-00000-of-00006_0.png,256,256,3
34.62313658951057,test-00000-of-00006_0.png,128,128,3
8669.266696456176,test-00000-of-00006_0.png,256,256,3
65.08310555555556,test-00000-of-00006_0.png,1200,900,3
27.41488145199607,test-00000-of-00006_0.png,1724,2296,3
251.99108090812777,test-00000-of-00006_0.png,240,320,3
5311.378914372685,test-00000-of-00006_0.png,256,256,3
226.36108742809543,test-00000-of-00006_0.png,256,256,3
11.788349151585459,test-00000-of-00006_0.png,1024,1024,3
171.8071423333062,test-00000-of-00006_0.png,240,320,3
726.9351138501693,test-00000-of-00006_0.png,400,400,3
24.9068904428776,test-00000-of-00006_0.png,400,400,3
5593.928429002331,test-00000-of-00006_0.png,256,256,3
5231.69808423827,test-00000-of-00006_0.png,256,256,3
114.93781589457977,test-00000-of-00006_0.png,256,256,3
637.0758611741993,test-00000-of-00006_0.png,256,256,3
129.16878252880028,test-00000-of-00006_0.png,256,256,3
2197.8279489222655,test-00000-of-00006_0.png,256,256,3
201.76313628235187,test-00000-of-00006_0.png,1024,768,3
110.35811183496091,test-00000-of-00006_0.png,400,400,3
114.93781589457977,test-00000-of-00006_0.png,256,256,3
7.485021585653158,test-00000-of-00006_0.png,1024,1024,3
6.47953605643933,test-00000-of-00006_0.png,1024,1024,3
11.061920092888839,test-00000-of-00006_0.png,1024,768,3
179.43492331477395,test-00000-of-00006_0.png,256,256,3
94.08555592341203,test-00000-of-00006_0.png,659,700,3
117.98958693412288,test-00000-of-00006_0.png,240,240,3
8067.346037663418,test-00000-of-00006_0.png,256,256,3
84.19907631135236,test-00000-of-00006_0.png,256,256,3
259.34766240655955,test-00000-of-00006_0.png,256,256,3
56.29385070550164,test-00000-of-00006_0.png,1024,768,3
230.58503363754912,test-00000-of-00006_0.png,256,256,3
102.34654065621599,test-00000-of-00006_0.png,1024,768,3
5930.331929828972,test-00000-of-00006_0.png,256,256,3
302.3603013075999,test-00000-of-00006_0.png,400,400,3
5333.874675207849,test-00000-of-00006_0.png,256,256,3
5157.925711401401,test-00000-of-00006_0.png,256,256,3
210.6713583977593,test-00000-of-00006_0.png,320,240,3
353.56576372243626,test-00000-of-00006_0.png,320,240,3
336.575673394733,test-00000-of-00006_0.png,256,256,3
868.3991177023078,test-00000-of-00006_0.png,256,256,3
2533.9087534244686,test-00000-of-00006_0.png,256,256,3
61.290385975243,test-00000-of-00006_0.png,240,240,3
10.584679487943186,test-00000-of-00006_0.png,1024,768,3
269.20764323113985,test-00000-of-00006_0.png,1024,768,3
3691.995987361892,test-00000-of-00006_0.png,256,256,3
130.2569504833211,test-00000-of-00006_0.png,256,256,3
454.37238803473105,test-00000-of-00006_0.png,480,640,3
1200.3530551950996,test-00000-of-00006_0.png,400,400,3
25.286317283950616,test-00000-of-00006_0.png,1200,900,3
1338.245071426311,test-00000-of-00006_0.png,360,480,3
4822.4855388526075,test-00000-of-00006_0.png,256,256,3
162.25577417611748,test-00000-of-00006_0.png,240,240,3
5104.092848320697,test-00000-of-00006_0.png,256,256,3
58.48931349018875,test-00000-of-00006_0.png,1724,2296,3
592.8484620940993,test-00000-of-00006_0.png,1024,768,3
363.7722358076803,test-00000-of-00006_0.png,1024,1024,3
873.0556770393159,test-00000-of-00006_0.png,256,256,3
5015.236769755681,test-00000-of-00006_0.png,256,256,3
470.5296095926693,test-00000-of-00006_0.png,400,400,3
306.10507195349794,test-00000-of-00006_0.png,240,320,3
291.51250432248264,test-00000-of-00006_0.png,400,400,3
2295.258819467388,test-00000-of-00006_0.png,256,256,3
87.00218341623265,test-00000-of-00006_0.png,400,400,3
302.31624046371627,test-00000-of-00006_0.png,256,256,3
272.80467928317705,test-00000-of-00006_0.png,400,400,3
1332.6887848020222,test-00000-of-00006_0.png,256,256,3
160.53206428826385,test-00000-of-00006_0.png,400,400,3
129.8332895825998,test-00000-of-00006_0.png,400,400,3
39.30999667286866,test-00000-of-00006_0.png,1024,768,3
226.36108742809543,test-00000-of-00006_0.png,256,256,3
54.61681280791534,test-00000-of-00006_0.png,1024,768,3
38.353681768928126,test-00000-of-00006_0.png,1024,768,3
9157.678326742413,test-00000-of-00006_0.png,256,256,3
2.9259932828935167,test-00000-of-00006_0.png,1024,1024,3
8.280526476434318,test-00000-of-00006_0.png,1024,1024,3
105.0584869372089,test-00000-of-00006_0.png,256,256,3
102.61065076616076,test-00000-of-00006_0.png,240,320,3
239.71267350608707,test-00000-of-00006_0.png,240,240,3
241.69626040609367,test-00000-of-00006_0.png,400,400,3
2986.2132081782656,test-00000-of-00006_0.png,256,256,3
436.5014270089602,test-00000-of-00006_0.png,1390,1236,3
11518.25739348615,test-00000-of-00006_0.png,256,256,3
163.12056932898633,test-00000-of-00006_0.png,240,320,3
4507.675647427534,test-00000-of-00006_0.png,256,256,3
7216.034238772987,test-00000-of-00006_0.png,256,256,3
183.8145167788025,test-00000-of-00006_0.png,256,256,3
5.949441604978282,test-00000-of-00006_0.png,576,768,3
45.3959859823859,test-00000-of-00006_0.png,1724,2296,3
154.4679180974324,test-00000-of-00006_0.png,320,240,3
38.19615245734584,test-00000-of-00006_0.png,1024,768,3
29.088901234348537,test-00000-of-00006_0.png,1200,900,3
3.811789193287647,test-00000-of-00006_0.png,1024,1024,3
64.32459452931975,test-00000-of-00006_0.png,256,256,3
12.141265812398224,test-00000-of-00006_0.png,1024,768,3
13.302304975635131,test-00000-of-00006_0.png,1024,768,3
731.3458349439834,test-00000-of-00006_0.png,128,128,3
5.730339485168467,test-00000-of-00006_0.png,1024,1024,3
9157.678326742413,test-00000-of-00006_0.png,256,256,3
550.7328546835722,test-00000-of-00006_0.png,1024,768,3
259.34766240655955,test-00000-of-00006_0.png,256,256,3
1212.627734034419,test-00000-of-00006_0.png,1024,768,3
85.54838024026043,test-00000-of-00006_0.png,400,400,3
3616.3629875223464,test-00000-of-00006_0.png,256,256,3
3230.5465891956246,test-00000-of-00006_0.png,256,256,3
346.748753687341,test-00000-of-00006_0.png,256,256,3
1959.3883382147178,test-00000-of-00006_0.png,256,256,3
156.66448917943572,test-00000-of-00006_0.png,256,256,3
36.554768089185686,test-00000-of-00006_0.png,576,768,3
222.2094243631245,test-00000-of-00006_0.png,240,240,3
7.301175752118581,test-00000-of-00006_0.png,1024,1024,3
5856.401687234225,test-00000-of-00006_0.png,256,256,3
1300.502528324475,test-00000-of-00006_0.png,400,400,3
342.5799148148148,test-00000-of-00006_0.png,1200,900,3
2094.8832713137854,test-00000-of-00006_0.png,640,480,3
5.547109234617181,test-00000-of-00006_0.png,1024,1024,3
27.41488145199607,test-00000-of-00006_0.png,1724,2296,3
7114.926095310909,test-00000-of-00006_0.png,256,256,3
1090.1847130391332,test-00000-of-00006_0.png,128,128,3
208.06792218957898,test-00000-of-00006_0.png,400,400,3
237.75364340187065,test-00000-of-00006_0.png,400,400,3
100.56704609677189,test-00000-of-00006_0.png,1024,768,3
228.38007443180808,test-00000-of-00006_0.png,1724,2296,3
169.16195895155818,test-00000-of-00006_0.png,400,400,3
1350.1567894790578,test-00000-of-00006_0.png,400,400,3
166.76515221752697,test-00000-of-00006_0.png,240,240,3
201.3210282571769,test-00000-of-00006_0.png,256,256,3
185.19057781000933,test-00000-of-00006_0.png,128,128,3
10.553536278936576,test-00000-of-00006_0.png,1024,768,3
325.86002338133983,test-00000-of-00006_0.png,1724,2296,3
4350.426046230493,test-00000-of-00006_0.png,256,256,3
1069.0744124457012,test-00000-of-00006_0.png,1024,768,3
4005.315902783819,test-00000-of-00006_0.png,256,256,3
263.4903306666667,test-00000-of-00006_0.png,500,500,3
593.0787554729877,test-00000-of-00006_0.png,1024,768,3
5097.702911093184,test-00000-of-00006_0.png,256,256,3
2275.7236146001505,test-00000-of-00006_0.png,256,256,3
5483.4029286671175,test-00000-of-00006_0.png,256,256,3
389.12008269462314,test-00000-of-00006_0.png,256,256,3
208.06792218957898,test-00000-of-00006_0.png,400,400,3
7.765178992730611,test-00000-of-00006_0.png,1024,1024,3
255.57644527090574,test-00000-of-00006_0.png,1724,2296,3
19211.615807362497,test-00000-of-00006_0.png,256,256,3
2294.2487241451686,test-00000-of-00006_0.png,256,256,3
33.03968530429291,test-00000-of-00006_0.png,1724,2296,3
2281.9478291402597,test-00000-of-00006_0.png,400,400,3
2019.5616062505997,test-00000-of-00006_0.png,256,256,3
54.54495179071091,test-00000-of-00006_0.png,256,256,3
3744.833219493325,test-00000-of-00006_0.png,256,256,3
6680.306796413303,test-00000-of-00006_0.png,256,256,3
1692.0370683566562,test-00000-of-00006_0.png,256,256,3
3.811789193287647,test-00000-of-00006_0.png,1024,1024,3
1410.1623478647477,test-00000-of-00006_0.png,256,256,3
20.28643888888889,test-00000-of-00006_0.png,1200,900,3
54.55669138818564,test-00000-of-00006_0.png,256,256,3
97.3827484689686,test-00000-of-00006_0.png,1024,768,3
5201.548619329827,test-00000-of-00006_0.png,256,256,3
716.6582845271,test-00000-of-00006_0.png,1024,768,3
1418.1706362689436,test-00000-of-00006_0.png,640,480,3
580.1799730748438,test-00000-of-00006_0.png,400,400,3
187.43175413852117,test-00000-of-00006_0.png,1024,768,3
61.86677282987315,test-00000-of-00006_0.png,1200,900,3
5930.331929828972,test-00000-of-00006_0.png,256,256,3
1521.6765186484488,test-00000-of-00006_0.png,128,128,3
273.13172369225686,test-00000-of-00006_0.png,240,240,3
5763.687486504412,test-00000-of-00006_0.png,256,256,3
303.45600355782216,test-00000-of-00006_0.png,240,240,3
383.28478399700464,test-00000-of-00006_0.png,480,640,3
536.8297936152604,test-00000-of-00006_0.png,400,400,3
10.334764732473863,test-00000-of-00006_0.png,1024,1024,3
1178.9440884441137,test-00000-of-00006_0.png,256,256,3
241.48672213895819,test-00000-of-00006_0.png,240,320,3
90.46697531543062,test-00000-of-00006_0.png,1024,768,3
302.65881782912766,test-00000-of-00006_0.png,400,400,3
3444.3646168856776,test-00000-of-00006_0.png,256,256,3
1380.942679498323,test-00000-of-00006_0.png,1024,768,3
149.87810261671743,test-00000-of-00006_0.png,256,256,3
1755.7459141390448,test-00000-of-00006_0.png,1024,768,3
2420.479750406385,test-00000-of-00006_0.png,256,256,3
142.76993971065946,test-00000-of-00006_0.png,240,320,3
21221.918206023565,test-00000-of-00006_0.png,256,256,3
103.39786188205453,test-00000-of-00006_0.png,1024,768,3
5707.225071009559,test-00000-of-00006_0.png,256,256,3
1838.9558204399784,test-00000-of-00006_0.png,256,256,3
491.8390393531895,test-00000-of-00006_0.png,480,640,3
2710.7943133606004,test-00000-of-00006_0.png,256,256,3
6759.065628588179,test-00000-of-00006_0.png,1024,768,3
375.00065190447464,test-00000-of-00006_0.png,400,400,3
198.38796241930686,test-00000-of-00006_0.png,256,256,3
73.40557822145063,test-00000-of-00006_0.png,240,240,3
5417.519623662035,test-00000-of-00006_0.png,256,256,3
7398.335419638679,test-00000-of-00006_0.png,256,256,3
775.0296812395791,test-00000-of-00006_0.png,400,400,3
328.5291111624824,test-00000-of-00006_0.png,400,400,3
3382.357054862344,test-00000-of-00006_0.png,400,400,3
24.9068904428776,test-00000-of-00006_0.png,400,400,3
40.94235482646289,test-00000-of-00006_0.png,1024,768,3
232.7054996336195,test-00000-of-00006_0.png,240,320,3
135.32643635560655,test-00000-of-00006_0.png,256,256,3
49.825213203413625,test-00000-of-00006_0.png,128,128,3
756.0947574074074,test-00000-of-00006_0.png,1200,900,3
672.4373591450998,test-00000-of-00006_0.png,480,640,3
3406.24134257371,test-00000-of-00006_0.png,256,256,3
47.93283615693346,test-00000-of-00006_0.png,256,256,3
4553.895693083189,test-00000-of-00006_0.png,256,256,3
181.61341707805536,test-00000-of-00006_0.png,240,240,3
236.5337236621934,test-00000-of-00006_0.png,256,256,3
256.24721729980473,test-00000-of-00006_0.png,256,256,3
117.98958693412288,test-00000-of-00006_0.png,240,240,3
170.08403498917406,test-00000-of-00006_0.png,256,256,3
334.7425382739295,test-00000-of-00006_0.png,256,256,3
2962.242650689013,test-00000-of-00006_0.png,640,480,3
4588.70890447681,test-00000-of-00006_0.png,256,256,3
56.75603435061769,test-00000-of-00006_0.png,256,256,3
4803.663824088767,test-00000-of-00006_0.png,256,256,3
62.53468566970636,test-00000-of-00006_0.png,504,896,3
6840.369232100641,test-00000-of-00006_0.png,256,256,3
1917.2355579252664,test-00000-of-00006_0.png,256,256,3
162.64005602114148,test-00000-of-00006_0.png,400,400,3
79.43062296168257,test-00000-of-00006_0.png,256,256,3
34.472594133627794,test-00000-of-00006_0.png,1724,2296,3
6389.978640218474,test-00000-of-00006_0.png,256,256,3
181.92567273761134,test-00000-of-00006_0.png,320,240,3
597.2207270092952,test-00000-of-00006_0.png,640,480,3
1716.4840665258728,test-00000-of-00006_0.png,280,347,3
4281.350047467251,test-00000-of-00006_0.png,256,256,3
462.1503953122431,test-00000-of-00006_0.png,256,256,3
130.53975187231683,test-00000-of-00006_0.png,256,256,3
205.08888358289065,test-00000-of-00006_0.png,256,256,3
1538.27366512568,test-00000-of-00006_0.png,1024,768,3
48.75952487400904,test-00000-of-00006_0.png,1024,768,3
5417.519623662035,test-00000-of-00006_0.png,256,256,3
1075.895710784528,test-00000-of-00006_0.png,128,128,3
101.36268298337964,test-00000-of-00006_0.png,240,320,3
2533.9087534244686,test-00000-of-00006_0.png,256,256,3
4247.19773746838,test-00000-of-00006_0.png,256,256,3
4973.311274178922,test-00000-of-00006_0.png,256,256,3
6981.798296835248,test-00000-of-00006_0.png,256,256,3
78.13254371983284,test-00000-of-00006_0.png,1024,768,3
68.26576975739863,test-00000-of-00006_0.png,1024,768,3
125.03248615630349,test-00000-of-00006_0.png,240,320,3
6991.766204034056,test-00000-of-00006_0.png,256,256,3
490.17165032857,test-00000-of-00006_0.png,256,256,3
230.52753216873262,test-00000-of-00006_0.png,400,400,3
15244.740617586509,test-00000-of-00006_0.png,256,256,3
17.226696883849826,test-00000-of-00006_0.png,400,400,3
346.748753687341,test-00000-of-00006_0.png,256,256,3
56.2060644982639,test-00000-of-00006_0.png,400,400,3
40.94235482646289,test-00000-of-00006_0.png,1024,768,3
150.87871733333333,test-00000-of-00006_0.png,500,500,3
761.9473520624396,test-00000-of-00006_0.png,1024,768,3
45.61177267843842,test-00000-of-00006_0.png,1724,2296,3
243.68406088626944,test-00000-of-00006_0.png,256,256,3
1617.7941076134387,test-00000-of-00006_0.png,256,256,3
110.1669985437231,test-00000-of-00006_0.png,1024,1024,3
4397.496011913417,test-00000-of-00006_0.png,256,256,3
7763.823806654972,test-00000-of-00006_0.png,256,256,3
148.33973644748264,test-00000-of-00006_0.png,240,320,3
328.5291111624824,test-00000-of-00006_0.png,400,400,3
118.95143001978366,test-00000-of-00006_0.png,240,320,3
242.3344789016112,test-00000-of-00006_0.png,480,640,3
2422.714853780861,test-00000-of-00006_0.png,256,256,3
38.70149392978195,test-00000-of-00006_0.png,1724,2296,3
451.60859710058577,test-00000-of-00006_0.png,400,400,3
5918.160911194878,test-00000-of-00006_0.png,256,256,3
4780.051005218774,test-00000-of-00006_0.png,256,256,3
863.1000437960964,test-00000-of-00006_0.png,640,480,3
364.7899219552831,test-00000-of-00006_0.png,256,256,3
151.29258542957896,test-00000-of-00006_0.png,400,400,3
7850.3364012960665,test-00000-of-00006_0.png,576,768,3
8.29081258971807,test-00000-of-00006_0.png,1024,768,3
26.72855713111636,test-00000-of-00006_0.png,1200,1127,3
707.7827396791622,test-00000-of-00006_0.png,400,400,3
305.0384428602605,test-00000-of-00006_0.png,400,400,3
283.29283782095166,test-00000-of-00006_0.png,1724,2296,3
4791.829217890251,test-00000-of-00006_0.png,256,256,3
65.53460267451688,test-00000-of-00006_0.png,1024,768,3
121.97780898447928,test-00000-of-00006_0.png,1024,768,3
75.40171814674098,test-00000-of-00006_0.png,1024,768,3
2452.4669526153143,test-00000-of-00006_0.png,256,256,3
345.1218062316624,test-00000-of-00006_0.png,400,400,3
267.6938133333333,test-00000-of-00006_0.png,500,500,3
1479.7402968033887,test-00000-of-00006_0.png,256,256,3
364.7899219552831,test-00000-of-00006_0.png,256,256,3
1087.0920796390067,test-00000-of-00006_0.png,480,640,3
117.4748095972697,test-00000-of-00006_0.png,240,320,3
4101.1346211395885,test-00000-of-00006_0.png,256,256,3
24.9068904428776,test-00000-of-00006_0.png,400,400,3
47.465561111111114,test-00000-of-00006_0.png,1200,900,3
8614.433594368993,test-00000-of-00006_0.png,256,256,3
126.59612405717638,test-00000-of-00006_0.png,240,320,3
5230.5454778671265,test-00000-of-00006_0.png,256,256,3
10.865658321328224,test-00000-of-00006_0.png,1200,900,3
16.03084690041294,test-00000-of-00006_0.png,1024,1024,3
1908.6646208746567,test-00000-of-00006_0.png,256,256,3
3058.5942415781064,test-00000-of-00006_0.png,256,256,3
25.10295909118851,test-00000-of-00006_0.png,1024,768,3
79.19960520761146,test-00000-of-00006_0.png,1024,768,3
2.9259932828935167,test-00000-of-00006_0.png,1024,1024,3
11375.691287572081,test-00000-of-00006_0.png,256,256,3
188.2932874420543,test-00000-of-00006_0.png,240,320,3
86.57566700534274,test-00000-of-00006_0.png,256,256,3
708.4775271113548,test-00000-of-00006_0.png,256,256,3
31.769279777037834,test-00000-of-00006_0.png,1724,2296,3
7246.9250173115215,test-00000-of-00006_0.png,256,256,3
33.80912260866413,test-00000-of-00006_0.png,256,256,3
414.02671324937506,test-00000-of-00006_0.png,400,400,3
572.400843380226,test-00000-of-00006_0.png,256,256,3
85.54341466794016,test-00000-of-00006_0.png,1724,2296,3
382.0260545096503,test-00000-of-00006_0.png,320,240,3
760.1409742484198,test-00000-of-00006_0.png,640,480,3
572.6657336415974,test-00000-of-00006_0.png,400,400,3
1069.0744124457012,test-00000-of-00006_0.png,1024,768,3
361.6713664590234,test-00000-of-00006_0.png,400,400,3
2000.0111634209504,test-00000-of-00006_0.png,256,256,3
14.444101648050982,test-00000-of-00006_0.png,1024,1024,3
5163.5301989786485,test-00000-of-00006_0.png,256,256,3
478.5970018290811,test-00000-of-00006_0.png,128,128,3
213.75845277560984,test-00000-of-00006_0.png,1724,2296,3
450.86279197530865,test-00000-of-00006_0.png,1200,900,3
517.2845682091753,test-00000-of-00006_0.png,256,256,3
4720.17365121179,test-00000-of-00006_0.png,256,256,3
176.17604825089484,test-00000-of-00006_0.png,240,240,3
138.98081655812067,test-00000-of-00006_0.png,400,400,3
492.5848508700605,test-00000-of-00006_0.png,640,480,3
72.71048274555554,test-00000-of-00006_0.png,400,400,3
337.20516820849497,test-00000-of-00006_0.png,1024,768,3
44.59016912916881,test-00000-of-00006_0.png,256,256,3
567.1965864387324,test-00000-of-00006_0.png,400,400,3
235.10627327697452,test-00000-of-00006_0.png,1724,2296,3
69.12933209876543,test-00000-of-00006_0.png,1200,900,3
6.486102186738229,test-00000-of-00006_0.png,1024,768,3
255.5472815768707,test-00000-of-00006_0.png,400,400,3
5856.401687234225,test-00000-of-00006_0.png,256,256,3
307.4554849536283,test-00000-of-00006_0.png,240,320,3
36.73445083983933,test-00000-of-00006_0.png,1024,1024,3
402.6193788150998,test-00000-of-00006_0.png,400,400,3
139.32201985817707,test-00000-of-00006_0.png,400,400,3
6281.390164694826,test-00000-of-00006_0.png,256,256,3
4.93526156577799,test-00000-of-00006_0.png,128,128,3
79.19960520761146,test-00000-of-00006_0.png,1024,768,3
6527.838286089297,test-00000-of-00006_0.png,256,256,3
156.85844088660346,test-00000-of-00006_0.png,320,240,3
9.24998434018675,test-00000-of-00006_0.png,1024,1024,3
252.81329743806285,test-00000-of-00006_0.png,1724,2296,3
262.59139826435904,test-00000-of-00006_0.png,256,256,3
3775.3166439926445,test-00000-of-00006_0.png,256,256,3
4467.205348294823,test-00000-of-00006_0.png,256,256,3
117.12930297810173,test-00000-of-00006_0.png,256,256,3
1755.7459141390448,test-00000-of-00006_0.png,1024,768,3
11.061920092888839,test-00000-of-00006_0.png,1024,768,3
221.15982875304027,test-00000-of-00006_0.png,1724,2296,3
5930.331929828972,test-00000-of-00006_0.png,256,256,3
451.67217631408244,test-00000-of-00006_0.png,297,300,3
177.45697766532086,test-00000-of-00006_0.png,256,256,3
667.7726808785358,test-00000-of-00006_0.png,256,256,3
135.32643635560655,test-00000-of-00006_0.png,256,256,3
48.23983263888889,test-00000-of-00006_0.png,400,400,3
383.28478399700464,test-00000-of-00006_0.png,480,640,3
90.48864088952541,test-00000-of-00006_0.png,128,128,3
42.49794351474611,test-00000-of-00006_0.png,900,1200,3
19.983492197063402,test-00000-of-00006_0.png,1024,768,3
690.1577144973576,test-00000-of-00006_0.png,1024,768,3
1368.057318449396,test-00000-of-00006_0.png,1024,768,3
45.3959859823859,test-00000-of-00006_0.png,1724,2296,3
121.96751763423283,test-00000-of-00006_0.png,256,256,3
311.031915502066,test-00000-of-00006_0.png,400,400,3
742.5390042531709,test-00000-of-00006_0.png,240,320,3
734.8849251248437,test-00000-of-00006_0.png,400,400,3
461.75967113011416,test-00000-of-00006_0.png,256,256,3
2094.8832713137854,test-00000-of-00006_0.png,640,480,3
84.78777352853733,test-00000-of-00006_0.png,400,400,3
10378.93018483453,test-00000-of-00006_0.png,256,256,3
219.13217378039928,test-00000-of-00006_0.png,400,400,3
8455.265607566651,test-00000-of-00006_0.png,256,256,3
190.6438001872092,test-00000-of-00006_0.png,256,256,3
4257.938538104684,test-00000-of-00006_0.png,256,256,3
651.6331623970659,test-00000-of-00006_0.png,400,400,3
317.850026833177,test-00000-of-00006_0.png,400,400,3
5618.52358263969,test-00000-of-00006_0.png,256,256,3
675.1598103692135,test-00000-of-00006_0.png,256,256,3
210.138955860949,test-00000-of-00006_0.png,240,240,3
5468.655416999606,test-00000-of-00006_0.png,256,256,3
299.06224122873266,test-00000-of-00006_0.png,400,400,3
959.9673237715916,test-00000-of-00006_0.png,473,700,3
326.87014502478695,test-00000-of-00006_0.png,320,240,3
842.0187660277735,test-00000-of-00006_0.png,400,400,3
53.2216894931788,test-00000-of-00006_0.png,240,240,3
63.613216219233436,test-00000-of-00006_0.png,1024,1024,3
5627.38143010973,test-00000-of-00006_0.png,256,256,3
79.43062296168257,test-00000-of-00006_0.png,256,256,3
3230.5465891956246,test-00000-of-00006_0.png,256,256,3
110.24357644675506,test-00000-of-00006_0.png,128,128,3
229.7310743265234,test-00000-of-00006_0.png,400,400,3
2832.1897832556474,test-00000-of-00006_0.png,256,256,3
7370.916554902965,test-00000-of-00006_0.png,256,256,3
892.2352382626943,test-00000-of-00006_0.png,480,640,3
5261.928675181232,test-00000-of-00006_0.png,256,256,3
3734.711426992797,test-00000-of-00006_0.png,256,256,3
6863.262369631066,test-00000-of-00006_0.png,256,256,3
400.8306375385802,test-00000-of-00006_0.png,320,240,3
82.46939635453131,test-00000-of-00006_0.png,1024,768,3
116.72794087704581,test-00000-of-00006_0.png,256,256,3
98.31845939572479,test-00000-of-00006_0.png,400,400,3
827.8216273152411,test-00000-of-00006_0.png,600,627,3
162.01656084590488,test-00000-of-00006_0.png,256,256,3
12.35453186383974,test-00000-of-00006_0.png,1024,1024,3
95.96438998835058,test-00000-of-00006_0.png,240,320,3
74.27428717339342,test-00000-of-00006_0.png,1024,768,3
31.769279777037834,test-00000-of-00006_0.png,1724,2296,3
4199.579921228578,test-00000-of-00006_0.png,256,256,3
223.85472082592443,test-00000-of-00006_0.png,256,256,3
1655.120506961846,test-00000-of-00006_0.png,640,480,3
364.35398295149207,test-00000-of-00006_0.png,256,256,3
27.8893653150234,test-00000-of-00006_0.png,256,256,3
27.41488145199607,test-00000-of-00006_0.png,1724,2296,3
207.10454911433172,test-00000-of-00006_0.png,1200,1104,3
312.0508696306237,test-00000-of-00006_0.png,256,256,3
672.1352280393863,test-00000-of-00006_0.png,256,256,3
88.27593817383837,test-00000-of-00006_0.png,1724,2296,3
292.6903498923568,test-00000-of-00006_0.png,400,400,3
232.40683381210138,test-00000-of-00006_0.png,320,240,3
25.080367158545776,test-00000-of-00006_0.png,1024,768,3
2579.550160377804,test-00000-of-00006_0.png,256,256,3
223.85472082592443,test-00000-of-00006_0.png,256,256,3
35.40380247093505,test-00000-of-00006_0.png,1724,2296,3
8.280526476434318,test-00000-of-00006_0.png,1024,1024,3
56.29385070550164,test-00000-of-00006_0.png,1024,768,3
936.0648272210318,test-00000-of-00006_0.png,256,256,3
5953.760653155933,test-00000-of-00006_0.png,256,256,3
78.45335101116359,test-00000-of-00006_0.png,1024,1024,3
243.9886148317213,test-00000-of-00006_0.png,800,1200,3
303.8003258158763,test-00000-of-00006_0.png,128,128,3
4756.655695358912,test-00000-of-00006_0.png,256,256,3
6453.309277938032,test-00000-of-00006_0.png,256,256,3
1917.2355579252664,test-00000-of-00006_0.png,256,256,3
670.9475298622211,test-00000-of-00006_0.png,256,256,3
353.56576372243626,test-00000-of-00006_0.png,320,240,3
564.6697893933291,test-00000-of-00006_0.png,256,256,3
238.39402242436896,test-00000-of-00006_0.png,256,256,3
36.26717216361593,test-00000-of-00006_0.png,1724,2296,3
5353.831033114317,test-00000-of-00006_0.png,256,256,3
639.123249715815,test-00000-of-00006_0.png,128,128,3
11.061920092888839,test-00000-of-00006_0.png,1024,768,3
8.011303782708659,test-00000-of-00006_0.png,1024,768,3
665.6371458090233,test-00000-of-00006_0.png,400,400,3
254.39755872882722,test-00000-of-00006_0.png,683,1024,3
339.6909655530556,test-00000-of-00006_0.png,400,400,3
1463.3804610838417,test-00000-of-00006_0.png,640,480,3
3285.1937705334026,test-00000-of-00006_0.png,256,256,3
134.38483168927226,test-00000-of-00006_0.png,256,256,3
78.13254371983284,test-00000-of-00006_0.png,1024,768,3
220.95167876692713,test-00000-of-00006_0.png,400,400,3
1236.787266309037,test-00000-of-00006_0.png,256,256,3
126.74709795870717,test-00000-of-00006_0.png,128,128,3
5483.4029286671175,test-00000-of-00006_0.png,256,256,3
142.65679582579813,test-00000-of-00006_0.png,240,320,3
42.219689578205966,test-00000-of-00006_0.png,256,256,3
136.33067430284288,test-00000-of-00006_0.png,240,320,3
122.43313294660784,test-00000-of-00006_0.png,320,240,3
485.2730313177082,test-00000-of-00006_0.png,400,400,3
687.011049966389,test-00000-of-00006_0.png,400,400,3
11.534375524930557,test-00000-of-00006_0.png,400,400,3
271.7160752010672,test-00000-of-00006_0.png,1724,2296,3
281.0581689964193,test-00000-of-00006_0.png,400,400,3
198.2953222828776,test-00000-of-00006_0.png,400,400,3
2643.115970371499,test-00000-of-00006_0.png,256,256,3
61.290385975243,test-00000-of-00006_0.png,240,240,3
41.00399638889542,test-00000-of-00006_0.png,2112,2816,3
10434.23907547131,test-00000-of-00006_0.png,256,256,3
3538.265367941698,test-00000-of-00006_0.png,256,256,3
2464.5272815755,test-00000-of-00006_0.png,256,256,3
12.153217901234568,test-00000-of-00006_0.png,900,1200,3
860.2077451717751,test-00000-of-00006_0.png,640,480,3
1680.9631582318234,test-00000-of-00006_0.png,256,256,3
4980.955370792809,test-00000-of-00006_0.png,256,256,3
45.566683286388894,test-00000-of-00006_0.png,400,400,3
62.53468566970636,test-00000-of-00006_0.png,504,896,3
3000.718815614547,test-00000-of-00006_0.png,256,256,3
37.796065281886214,test-00000-of-00006_0.png,1724,2296,3
7763.823806654972,test-00000-of-00006_0.png,256,256,3
225.5235019680165,test-00000-of-00006_0.png,400,400,3
1017.1150598062457,test-00000-of-00006_0.png,400,400,3
204.01177960730655,test-00000-of-00006_0.png,240,320,3
73.40557822145063,test-00000-of-00006_0.png,240,240,3
5.062949778906538,test-00000-of-00006_0.png,1024,1024,3
7092.497131253179,test-00000-of-00006_0.png,256,256,3
2683.0252822144735,test-00000-of-00006_0.png,256,256,3
25.10295909118851,test-00000-of-00006_0.png,1024,768,3
213.11986729183593,test-00000-of-00006_0.png,400,400,3
580.1799730748438,test-00000-of-00006_0.png,400,400,3
690.1577144973576,test-00000-of-00006_0.png,1024,768,3
255.57644527090574,test-00000-of-00006_0.png,1724,2296,3
917.8728411784396,test-00000-of-00006_0.png,256,256,3
213.11986729183593,test-00000-of-00006_0.png,400,400,3
45.77740227981184,test-00000-of-00006_0.png,1724,2296,3
5157.925711401401,test-00000-of-00006_0.png,256,256,3
470.6788103841245,test-00000-of-00006_0.png,128,128,3
18.340475308641974,test-00000-of-00006_0.png,1200,900,3
593.0787554729877,test-00000-of-00006_0.png,1024,768,3
155.8309037037037,test-00000-of-00006_0.png,900,1200,3
287.68023662213807,test-00000-of-00006_0.png,480,640,3
1084.2028542561422,test-00000-of-00006_0.png,640,480,3
23.59550925925926,test-00000-of-00006_0.png,1200,900,3
3037.4166337368474,test-00000-of-00006_0.png,1024,768,3
666.6520635042494,test-00000-of-00006_0.png,256,256,3
3588.3245994205577,test-00000-of-00006_0.png,333,500,3
1162.7429865489844,test-00000-of-00006_0.png,1024,768,3
61.663096931245455,test-00000-of-00006_0.png,1024,768,3
24.25940913746949,test-00000-of-00006_0.png,1024,768,3
436.5014270089602,test-00000-of-00006_0.png,1390,1236,3
116.72794087704581,test-00000-of-00006_0.png,256,256,3
5.062949778906538,test-00000-of-00006_0.png,1024,1024,3
5289.66809544958,test-00000-of-00006_0.png,256,256,3
5333.874675207849,test-00000-of-00006_0.png,256,256,3
128.53666667741103,test-00000-of-00006_0.png,256,256,3
186.5167890755822,test-00000-of-00006_0.png,256,256,3
48.590004938271605,test-00000-of-00006_0.png,1200,900,3
305.92992872178826,test-00000-of-00006_0.png,240,320,3
5097.702911093184,test-00000-of-00006_0.png,256,256,3
1251.7308903742132,test-00000-of-00006_0.png,1024,768,3
2280.917373358306,test-00000-of-00006_0.png,1024,768,3
241.71287610646942,test-00000-of-00006_0.png,240,240,3
535.2950232849366,test-00000-of-00006_0.png,525,700,3
65.04537037037036,test-00000-of-00006_0.png,1200,900,3
81.76569438536845,test-00000-of-00006_0.png,320,240,3
132.21028094819337,test-00000-of-00006_0.png,1024,768,3
124.77482909698865,test-00000-of-00006_0.png,256,256,3
45.4375462962963,test-00000-of-00006_0.png,1200,900,3
19.608420580704372,test-00000-of-00006_0.png,3264,2448,3
4553.795581248666,test-00000-of-00006_0.png,256,256,3
50.662642281778595,test-00000-of-00006_0.png,900,1200,3
497.83782355096133,test-00000-of-00006_0.png,240,320,3
42.42745787184101,test-00000-of-00006_0.png,1724,2296,3
172.86304375989155,test-00000-of-00006_0.png,400,400,3
342.5799148148148,test-00000-of-00006_0.png,1200,900,3
7888.202718979369,test-00000-of-00006_0.png,256,256,3
7623.90395824073,test-00000-of-00006_0.png,256,256,3
4890.161574393406,test-00000-of-00006_0.png,256,256,3
1074.252230327013,test-00000-of-00006_0.png,640,480,3
252.0713750328082,test-00000-of-00006_0.png,400,400,3
61.36997786658401,test-00000-of-00006_0.png,256,256,3
102.35762534081599,test-00000-of-00006_0.png,400,400,3
179.43492331477395,test-00000-of-00006_0.png,256,256,3
94.08555592341203,test-00000-of-00006_0.png,659,700,3
1765.7501541835566,test-00000-of-00006_0.png,256,256,3
124.95360812709478,test-00000-of-00006_0.png,240,320,3
133.16341031893504,test-00000-of-00006_0.png,320,240,3
1398.271982750933,test-00000-of-00006_0.png,256,256,3
1673.4041999398166,test-00000-of-00006_0.png,256,256,3
13.949273456790124,test-00000-of-00006_0.png,900,1200,3
1214.5232933358184,test-00000-of-00006_0.png,256,256,3
638.0768972932246,test-00000-of-00006_0.png,400,400,3
263.40578449614725,test-00000-of-00006_0.png,320,240,3
118.74534123701228,test-00000-of-00006_0.png,1024,1024,3
263.4903306666667,test-00000-of-00006_0.png,500,500,3
3069.919429314314,test-00000-of-00006_0.png,1024,768,3
157.81828573942713,test-00000-of-00006_0.png,400,400,3
5618.52358263969,test-00000-of-00006_0.png,256,256,3
27.136667918135053,test-00000-of-00006_0.png,1024,768,3
288.9683035588151,test-00000-of-00006_0.png,400,400,3
7398.335419638679,test-00000-of-00006_0.png,256,256,3
107.4413803885474,test-00000-of-00006_0.png,1024,768,3
400.8306375385802,test-00000-of-00006_0.png,320,240,3
5468.655416999606,test-00000-of-00006_0.png,256,256,3
6861.794182082017,test-00000-of-00006_0.png,256,256,3
348.13974441972215,test-00000-of-00006_0.png,400,400,3
3497.863115355345,test-00000-of-00006_0.png,256,256,3
1075.895710784528,test-00000-of-00006_0.png,128,128,3
1162.7429865489844,test-00000-of-00006_0.png,1024,768,3
33.0612141980142,test-00000-of-00006_0.png,1724,2296,3
61.2657047047047,test-00000-of-00006_0.png,1200,1110,3
166.76515221752697,test-00000-of-00006_0.png,240,240,3
302.31624046371627,test-00000-of-00006_0.png,256,256,3
1130.0569655529944,test-00000-of-00006_0.png,1024,768,3
22.65030185185185,test-00000-of-00006_0.png,1200,900,3
5608.087402563852,test-00000-of-00006_0.png,256,256,3
6660.556933705902,test-00000-of-00006_0.png,256,256,3
1838.9300640572874,test-00000-of-00006_0.png,400,400,3
100.55064189972224,test-00000-of-00006_0.png,400,400,3
276.38812665566206,test-00000-of-00006_0.png,640,480,3
5114.132262935136,test-00000-of-00006_0.png,256,256,3
121.75789883606029,test-00000-of-00006_0.png,256,256,3
42.55196507088684,test-00000-of-00006_0.png,1024,768,3
205.08888358289065,test-00000-of-00006_0.png,256,256,3
120.15527283950617,test-00000-of-00006_0.png,1200,900,3
204.01177960730655,test-00000-of-00006_0.png,240,320,3
56.020642248674406,test-00000-of-00006_0.png,1724,2296,3
342.04153888888885,test-00000-of-00006_0.png,400,400,3
418.03883122277654,test-00000-of-00006_0.png,256,256,3
18059.381022894107,test-00000-of-00006_0.png,256,256,3
6620.450792557225,test-00000-of-00006_0.png,256,256,3
205.57458333265515,test-00000-of-00006_0.png,240,320,3
5484.538464811293,test-00000-of-00006_0.png,256,256,3
1315.5574338595227,test-00000-of-00006_0.png,256,256,3
296.0094682128152,test-00000-of-00006_0.png,320,240,3
531.509879941454,test-00000-of-00006_0.png,400,400,3
2710.7943133606004,test-00000-of-00006_0.png,256,256,3
7576.835068716954,test-00000-of-00006_0.png,256,256,3
3135.981190276539,test-00000-of-00006_0.png,256,256,3
127.70060533333333,test-00000-of-00006_0.png,500,500,3
26.15117788593316,test-00000-of-00006_0.png,400,400,3
186.3265435680253,test-00000-of-00006_0.png,1024,768,3
174.6105415985609,test-00000-of-00006_0.png,256,256,3
376.14044760802483,test-00000-of-00006_0.png,320,240,3
1536.3240270218705,test-00000-of-00006_0.png,400,400,3
42.92447422839506,test-00000-of-00006_0.png,240,240,3
769.3195906583161,test-00000-of-00006_0.png,400,400,3
176.71365885264078,test-00000-of-00006_0.png,320,240,3
13855.912130417819,test-00000-of-00006_0.png,256,256,3
2737.1606554630885,test-00000-of-00006_0.png,256,256,3
121.75789883606029,test-00000-of-00006_0.png,256,256,3
1200.7388647917867,test-00000-of-00006_0.png,256,256,3
948.4390385715973,test-00000-of-00006_0.png,400,400,3
5618.52358263969,test-00000-of-00006_0.png,256,256,3
450.7417293512781,test-00000-of-00006_0.png,256,256,3
282.9170633652764,test-00000-of-00006_0.png,256,256,3
90.42182653317705,test-00000-of-00006_0.png,400,400,3
1350.013612245816,test-00000-of-00006_0.png,400,400,3
183.9747470803328,test-00000-of-00006_0.png,1724,2296,3
260.07739990802173,test-00000-of-00006_0.png,256,256,3
5.26419798500289,test-00000-of-00006_0.png,1024,1024,3
37.78282239285506,test-00000-of-00006_0.png,1024,768,3
8.497034677193975,test-00000-of-00006_0.png,1024,1024,3
1565.943020747328,test-00000-of-00006_0.png,256,256,3
249.89335034197816,test-00000-of-00006_0.png,256,256,3
49.825213203413625,test-00000-of-00006_0.png,128,128,3
42.113479676941004,test-00000-of-00006_0.png,256,256,3
38.009550281606,test-00000-of-00006_0.png,1024,1024,3
6118.8714326700565,test-00000-of-00006_0.png,256,256,3
5477.963239937918,test-00000-of-00006_0.png,256,256,3
1862.2700645170978,test-00000-of-00006_0.png,640,480,3
143.63014626244293,test-00000-of-00006_0.png,256,256,3
45.77740227981184,test-00000-of-00006_0.png,1724,2296,3
1499.7715733581117,test-00000-of-00006_0.png,256,256,3
79.17919442231246,test-00000-of-00006_0.png,1024,1024,3
8131.050253443395,test-00000-of-00006_0.png,256,256,3
948.3868357338166,test-00000-of-00006_0.png,256,256,3
449.51394411862225,test-00000-of-00006_0.png,320,240,3
113.93328756713395,test-00000-of-00006_0.png,1024,1024,3
568.5831791141493,test-00000-of-00006_0.png,125,256,3
174.55034971071612,test-00000-of-00006_0.png,128,128,3
6117.833890015777,test-00000-of-00006_0.png,256,256,3
71.11235046363436,test-00000-of-00006_0.png,256,256,3
4832.398801393161,test-00000-of-00006_0.png,256,256,3
32.09187945749242,test-00000-of-00006_0.png,1024,768,3
1933.618784046396,test-00000-of-00006_0.png,256,256,3
116.72794087704581,test-00000-of-00006_0.png,256,256,3
321.34358723699626,test-00000-of-00006_0.png,256,256,3
36.19429259259259,test-00000-of-00006_0.png,1200,900,3
2107.6214705674342,test-00000-of-00006_0.png,256,256,3
312.16579990138985,test-00000-of-00006_0.png,1024,768,3
626.5752218755168,test-00000-of-00006_0.png,400,400,3
7576.835068716954,test-00000-of-00006_0.png,256,256,3
2734.4295855329838,test-00000-of-00006_0.png,256,256,3
5838.04127866185,test-00000-of-00006_0.png,256,256,3
3135.981190276539,test-00000-of-00006_0.png,256,256,3
58.48931349018875,test-00000-of-00006_0.png,1724,2296,3
175.0370643244667,test-00000-of-00006_0.png,320,210,3
63.14899506172839,test-00000-of-00006_0.png,1200,900,3
7491.23774019215,test-00000-of-00006_0.png,256,256,3
700.1748825239882,test-00000-of-00006_0.png,111,256,3
141.28845715064867,test-00000-of-00006_0.png,256,256,3
153.3202035481771,test-00000-of-00006_0.png,240,240,3
233.34498666666667,test-00000-of-00006_0.png,500,500,3
3706.056931346549,test-00000-of-00006_0.png,256,256,3
210.6713583977593,test-00000-of-00006_0.png,320,240,3
353.6517042363296,test-00000-of-00006_0.png,1024,768,3
438.2025636930227,test-00000-of-00006_0.png,256,256,3
478.06143062326385,test-00000-of-00006_0.png,400,400,3
134.4250230227424,test-00000-of-00006_0.png,1724,2296,3
3762.0831079506825,test-00000-of-00006_0.png,256,256,3
2342.633366669192,test-00000-of-00006_0.png,256,256,3
2.9259932828935167,test-00000-of-00006_0.png,1024,1024,3
198.8472069512885,test-00000-of-00006_0.png,1024,768,3
24.25940913746949,test-00000-of-00006_0.png,1024,768,3
43.43640882728828,test-00000-of-00006_0.png,128,128,3
85.09538404252793,test-00000-of-00006_0.png,240,320,3
7688.442302026683,test-00000-of-00006_0.png,256,256,3
156.833998673492,test-00000-of-00006_0.png,128,128,3
190.14867366437065,test-00000-of-00006_0.png,400,400,3
708.5505278723915,test-00000-of-00006_0.png,400,400,3
4209.021292570856,test-00000-of-00006_0.png,1024,768,3
7738.449360216425,test-00000-of-00006_0.png,256,256,3
1897.7776461458259,test-00000-of-00006_0.png,1024,768,3
131.59079553457096,test-00000-of-00006_0.png,1724,2296,3
40.453713417460186,test-00000-of-00006_0.png,1724,2296,3
43.601643876483045,test-00000-of-00006_0.png,256,256,3
2524.284500595493,test-00000-of-00006_0.png,256,256,3
312.3645908418629,test-00000-of-00006_0.png,128,128,3
293.1790262858073,test-00000-of-00006_0.png,256,256,3
4.827051356821256,test-00000-of-00006_0.png,1024,768,3
34.472594133627794,test-00000-of-00006_0.png,1724,2296,3
35.40380247093505,test-00000-of-00006_0.png,1724,2296,3
265.94778933333333,test-00000-of-00006_0.png,500,500,3
197.74916905374408,test-00000-of-00006_0.png,240,320,3
2692.3310492419537,test-00000-of-00006_0.png,256,256,3
392.77665718359367,test-00000-of-00006_0.png,400,400,3
223.3576619143707,test-00000-of-00006_0.png,400,400,3
68.84504076250657,test-00000-of-00006_0.png,1724,2296,3
149.6107685549392,test-00000-of-00006_0.png,256,256,3
71.07520925925925,test-00000-of-00006_0.png,1200,900,3
427.9321784012327,test-00000-of-00006_0.png,400,400,3
201.06014252746957,test-00000-of-00006_0.png,320,240,3
182.6231966096832,test-00000-of-00006_0.png,400,400,3
62.676023936330544,test-00000-of-00006_0.png,240,240,3
49.634560684363045,test-00000-of-00006_0.png,128,128,3
1200.7388647917867,test-00000-of-00006_0.png,256,256,3
2061.6500380192106,test-00000-of-00006_0.png,256,256,3
3828.300032682613,test-00000-of-00006_0.png,256,256,3
8455.265607566651,test-00000-of-00006_0.png,256,256,3
134.4964228401163,test-00000-of-00006_0.png,576,768,3
132.20770349601904,test-00000-of-00006_0.png,256,256,3
69.2140394403905,test-00000-of-00006_0.png,320,240,3
9157.678326742413,test-00000-of-00006_0.png,256,256,3
127.78159928153465,test-00000-of-00006_0.png,325,765,3
5510.213807392837,test-00000-of-00006_0.png,256,256,3
4140.372687294975,test-00000-of-00006_0.png,256,256,3
97.93042995273653,test-00000-of-00006_0.png,256,256,3
134.2528507249386,test-00000-of-00006_0.png,1724,2296,3
66.74458558994267,test-00000-of-00006_0.png,1024,768,3
13.302304975635131,test-00000-of-00006_0.png,1024,768,3
885.9892365662297,test-00000-of-00006_0.png,1024,768,3
4890.435648338841,test-00000-of-00006_0.png,256,256,3
44.44672427506653,test-00000-of-00006_0.png,1024,768,3
182.2755236434936,test-00000-of-00006_0.png,240,320,3
18812.65448481,test-00000-of-00006_0.png,256,256,3
538.121547236392,test-00000-of-00006_0.png,256,256,3
28.179552608066135,test-00000-of-00006_0.png,256,256,3
12.153217901234568,test-00000-of-00006_0.png,900,1200,3
121.97780898447928,test-00000-of-00006_0.png,1024,768,3
7210.602959710691,test-00000-of-00006_0.png,256,256,3
47.08058271428749,test-00000-of-00006_0.png,900,1200,3
2420.479750406385,test-00000-of-00006_0.png,256,256,3
17.357783950617282,test-00000-of-00006_0.png,1200,900,3
928.162576234589,test-00000-of-00006_0.png,256,256,3
4522.42455922106,test-00000-of-00006_0.png,256,256,3
1862.2700645170978,test-00000-of-00006_0.png,640,480,3
430.8276552893706,test-00000-of-00006_0.png,400,400,3
2851.712706165983,test-00000-of-00006_0.png,256,256,3
634.9668578107119,test-00000-of-00006_0.png,256,256,3
23.047346945555564,test-00000-of-00006_0.png,400,400,3
975.3887803848417,test-00000-of-00006_0.png,256,256,3
6489.108584602029,test-00000-of-00006_0.png,256,256,3
7370.916554902965,test-00000-of-00006_0.png,256,256,3
64.04570382638889,test-00000-of-00006_0.png,400,400,3
2277.1672425259685,test-00000-of-00006_0.png,1024,768,3
280.056149113389,test-00000-of-00006_0.png,240,320,3
6453.309277938032,test-00000-of-00006_0.png,256,256,3
1418.1706362689436,test-00000-of-00006_0.png,640,480,3
6118.8714326700565,test-00000-of-00006_0.png,256,256,3
25.080367158545776,test-00000-of-00006_0.png,1024,768,3
72.23928382838284,test-00000-of-00006_0.png,1200,1010,3
62.02729685888701,test-00000-of-00006_0.png,1724,2296,3
230.58503363754912,test-00000-of-00006_0.png,256,256,3
3971.3407709026287,test-00000-of-00006_0.png,256,256,3
32.188087162752396,test-00000-of-00006_0.png,1724,2296,3
160.74881595637945,test-00000-of-00006_0.png,320,240,3
3733.686800144509,test-00000-of-00006_0.png,256,256,3
406.62265626604176,test-00000-of-00006_0.png,400,400,3
211.77456027535018,test-00000-of-00006_0.png,1024,1024,3
2898.780361093477,test-00000-of-00006_0.png,256,256,3
81.74817018580829,test-00000-of-00006_0.png,256,256,3
3698.9261029147433,test-00000-of-00006_0.png,256,256,3
826.0695561287861,test-00000-of-00006_0.png,1024,768,3
158.33656947856718,test-00000-of-00006_0.png,1724,2296,3
13715.9706773441,test-00000-of-00006_0.png,256,256,3
190.25831580576957,test-00000-of-00006_0.png,320,240,3
1212.627734034419,test-00000-of-00006_0.png,1024,768,3
3375.9136767052114,test-00000-of-00006_0.png,256,256,3
100.51315943382794,test-00000-of-00006_0.png,1024,768,3
72.89211018940534,test-00000-of-00006_0.png,1724,2296,3
305.92992872178826,test-00000-of-00006_0.png,240,320,3
7.450061465688646,test-00000-of-00006_0.png,1024,1024,3
3797.2035615884747,test-00000-of-00006_0.png,256,256,3
7216.034238772987,test-00000-of-00006_0.png,256,256,3
3391.515265661809,test-00000-of-00006_0.png,256,256,3
638.0768972932246,test-00000-of-00006_0.png,400,400,3
11.742045140256778,test-00000-of-00006_0.png,1024,1024,3
259.4159743832639,test-00000-of-00006_0.png,400,400,3
52.65715250487802,test-00000-of-00006_0.png,1724,2296,3
129.1886259628296,test-00000-of-00006_0.png,320,240,3
285.0992211555165,test-00000-of-00006_0.png,400,400,3
359.8008790409399,test-00000-of-00006_0.png,256,256,3
14.444101648050982,test-00000-of-00006_0.png,1024,1024,3
21.2023815528179,test-00000-of-00006_0.png,1024,768,3
68.12947477058817,test-00000-of-00006_0.png,256,256,3
2616.0701154262447,test-00000-of-00006_0.png,256,256,3
672.4373591450998,test-00000-of-00006_0.png,480,640,3
401.0731113903312,test-00000-of-00006_0.png,768,1024,3
43.601643876483045,test-00000-of-00006_0.png,256,256,3
109.37725221828886,test-00000-of-00006_0.png,240,320,3
7870.1303691599105,test-00000-of-00006_0.png,256,256,3
2064.864032413776,test-00000-of-00006_0.png,1024,768,3
1350.013612245816,test-00000-of-00006_0.png,400,400,3
997.0591353791278,test-00000-of-00006_0.png,400,400,3
478.06143062326385,test-00000-of-00006_0.png,400,400,3
150.0567306275997,test-00000-of-00006_0.png,128,128,3
202.70790713945553,test-00000-of-00006_0.png,240,320,3
191.99406148606286,test-00000-of-00006_0.png,240,240,3
78.13254371983284,test-00000-of-00006_0.png,1024,768,3
1164.021071393431,test-00000-of-00006_0.png,256,256,3
288.2328281786415,test-00000-of-00006_0.png,400,400,3
487.1033430468964,test-00000-of-00006_0.png,400,600,3
556.1710590202425,test-00000-of-00006_0.png,320,240,3
4.499461491882851,test-00000-of-00006_0.png,1024,1024,3
651.6954813743749,test-00000-of-00006_0.png,400,400,3
8187.948654163396,test-00000-of-00006_0.png,256,256,3
1197.5822745224941,test-00000-of-00006_0.png,640,480,3
5618.52358263969,test-00000-of-00006_0.png,256,256,3
954.8804282877178,test-00000-of-00006_0.png,256,256,3
3859.4446058567187,test-00000-of-00006_0.png,256,256,3
82.22179376621109,test-00000-of-00006_0.png,256,256,3
7735.221735126416,test-00000-of-00006_0.png,256,256,3
241.71287610646942,test-00000-of-00006_0.png,240,240,3
1181.1846411855015,test-00000-of-00006_0.png,256,256,3
49.235679875420495,test-00000-of-00006_0.png,1724,2296,3
5231.69808423827,test-00000-of-00006_0.png,256,256,3
3406.24134257371,test-00000-of-00006_0.png,256,256,3
5015.236769755681,test-00000-of-00006_0.png,256,256,3
20.669695679012346,test-00000-of-00006_0.png,1200,900,3
81.88489356268045,test-00000-of-00006_0.png,3264,2448,3
52.73965925925775,test-00000-of-00006_0.png,900,1200,3
308.5037599148032,test-00000-of-00006_0.png,320,240,3
245.67539479526476,test-00000-of-00006_0.png,240,320,3
21.52096851851852,test-00000-of-00006_0.png,1200,900,3
138.60655621646183,test-00000-of-00006_0.png,256,256,3
14.368674055203991,test-00000-of-00006_0.png,400,400,3
7201.532703958349,test-00000-of-00006_0.png,256,256,3
11524.648370529214,test-00000-of-00006_0.png,256,256,3
820.3635021110629,test-00000-of-00006_0.png,480,640,3
176.17604825089484,test-00000-of-00006_0.png,240,240,3
176.7321522748874,test-00000-of-00006_0.png,256,256,3
383.47834302206604,test-00000-of-00006_0.png,400,400,3
4209.021292570856,test-00000-of-00006_0.png,1024,768,3
29.172260759335927,test-00000-of-00006_0.png,400,400,3
5656.053908100946,test-00000-of-00006_0.png,256,256,3
2710.7943133606004,test-00000-of-00006_0.png,256,256,3
81.04452502772953,test-00000-of-00006_0.png,240,240,3
42.70454065004992,test-00000-of-00006_0.png,1024,768,3
38.19615245734584,test-00000-of-00006_0.png,1024,768,3
11.788349151585459,test-00000-of-00006_0.png,1024,1024,3
29.266539184856764,test-00000-of-00006_0.png,400,400,3
1293.9434347791496,test-00000-of-00006_0.png,1024,768,3
157.57935045160255,test-00000-of-00006_0.png,256,256,3
11748.930288579291,test-00000-of-00006_0.png,256,256,3
213.619706344091,test-00000-of-00006_0.png,1024,768,3
54.54495179071091,test-00000-of-00006_0.png,256,256,3
741.1680683647191,test-00000-of-00006_0.png,1024,1024,3
233.34498666666667,test-00000-of-00006_0.png,500,500,3
6418.975984655088,test-00000-of-00006_0.png,256,256,3
233.34498666666667,test-00000-of-00006_0.png,500,500,3
238.7781219482422,test-00000-of-00006_0.png,256,256,3
46.9491820897851,test-00000-of-00006_0.png,1724,2296,3
43.72326262913526,test-00000-of-00006_0.png,1024,768,3
326.87014502478695,test-00000-of-00006_0.png,320,240,3
150.84649521609148,test-00000-of-00006_0.png,128,128,3
4350.426046230493,test-00000-of-00006_0.png,256,256,3
3538.265367941698,test-00000-of-00006_0.png,256,256,3
20.628259440263108,test-00000-of-00006_0.png,1024,768,3
265.94778933333333,test-00000-of-00006_0.png,500,500,3
242.13682088874168,test-00000-of-00006_0.png,256,256,3
4553.895693083189,test-00000-of-00006_0.png,256,256,3
728.9654812066711,test-00000-of-00006_0.png,256,256,3
7059.962979651343,test-00000-of-00006_0.png,256,256,3
36.490035800325764,test-00000-of-00006_0.png,1200,900,3
330.52340313193235,test-00000-of-00006_0.png,240,240,3
191.46271272127828,test-00000-of-00006_0.png,128,128,3
227.0224452373739,test-00000-of-00006_0.png,1724,2296,3
498.79766916524983,test-00000-of-00006_0.png,1024,768,3
159.96351473279194,test-00000-of-00006_0.png,256,256,3
6560.394363128864,test-00000-of-00006_0.png,256,256,3
834.9756551839192,test-00000-of-00006_0.png,400,400,3
94.32394035491943,test-00000-of-00006_0.png,240,320,3
79.93630472071365,test-00000-of-00006_0.png,256,256,3
1678.9803901052046,test-00000-of-00006_0.png,400,400,3
216.1364690314399,test-00000-of-00006_0.png,240,320,3
5015.236769755681,test-00000-of-00006_0.png,256,256,3
6.5288454672324105,test-00000-of-00006_0.png,1024,1024,3
23.703139609247764,test-00000-of-00006_0.png,1200,900,3
4939.121796285086,test-00000-of-00006_0.png,256,256,3
62.13344154706597,test-00000-of-00006_0.png,400,400,3
43.72326262913526,test-00000-of-00006_0.png,1024,768,3
54.85246543209877,test-00000-of-00006_0.png,1200,900,3
5902.612596418682,test-00000-of-00006_0.png,256,256,3
5.324049313676255,test-00000-of-00006_0.png,1024,1024,3
6810.513369742759,test-00000-of-00006_0.png,256,256,3
907.8018620152602,test-00000-of-00006_0.png,240,320,3
49.825213203413625,test-00000-of-00006_0.png,128,128,3
907.8018620152602,test-00000-of-00006_0.png,240,320,3
6474.154447460314,test-00000-of-00006_0.png,256,256,3
2651.083463800347,test-00000-of-00006_0.png,256,256,3
645.4159135681888,test-00000-of-00006_0.png,256,256,3
70.31090132793963,test-00000-of-00006_0.png,1724,2296,3
170.4013384675814,test-00000-of-00006_0.png,128,128,3
311.031915502066,test-00000-of-00006_0.png,400,400,3
5795.468580953672,test-00000-of-00006_0.png,256,256,3
373.00703763835025,test-00000-of-00006_0.png,256,256,3
276.38812665566206,test-00000-of-00006_0.png,640,480,3
239.71267350608707,test-00000-of-00006_0.png,240,240,3
25.545268595320245,test-00000-of-00006_0.png,1724,2296,3
5856.401687234225,test-00000-of-00006_0.png,256,256,3
159.6746655178993,test-00000-of-00006_0.png,400,400,3
262.8882209562744,test-00000-of-00006_0.png,240,240,3
96.77670444462758,test-00000-of-00006_0.png,256,256,3
556.0068552542685,test-00000-of-00006_0.png,256,256,3
235.23155962206593,test-00000-of-00006_0.png,400,400,3
308.5037599148032,test-00000-of-00006_0.png,320,240,3
4544.632138258467,test-00000-of-00006_0.png,256,256,3
283.23527637615445,test-00000-of-00006_0.png,240,320,3
22.908088239823737,test-00000-of-00006_0.png,1024,768,3
3722.4920904702353,test-00000-of-00006_0.png,256,256,3
653.1448292967915,test-00000-of-00006_0.png,256,256,3
4914.798574141079,test-00000-of-00006_0.png,150,179,3
77.35607339190226,test-00000-of-00006_0.png,1724,2296,3
976.3081530928612,test-00000-of-00006_0.png,256,256,3
1293.9434347791496,test-00000-of-00006_0.png,1024,768,3
127.64579771948625,test-00000-of-00006_0.png,1024,768,3
3513.6137529992393,test-00000-of-00006_0.png,256,256,3
1295.1482991172363,test-00000-of-00006_0.png,256,256,3
194.81044831422406,test-00000-of-00006_0.png,240,320,3
16.13872865649488,test-00000-of-00006_0.png,1024,768,3
241.48672213895819,test-00000-of-00006_0.png,240,320,3
2203.118547240404,test-00000-of-00006_0.png,335,450,3
414.02671324937506,test-00000-of-00006_0.png,400,400,3
47.50182965564966,test-00000-of-00006_0.png,1724,2296,3
467.78938224320467,test-00000-of-00006_0.png,480,640,3
9.658204704173768,test-00000-of-00006_0.png,1024,1024,3
4281.350047467251,test-00000-of-00006_0.png,256,256,3
230.08632209159722,test-00000-of-00006_0.png,400,400,3
66.7866412292545,test-00000-of-00006_0.png,256,256,3
4183.872500098671,test-00000-of-00006_0.png,1024,768,3
345.3841779823933,test-00000-of-00006_0.png,128,128,3
4399.730918596782,test-00000-of-00006_0.png,256,256,3
3650.90100775897,test-00000-of-00006_0.png,256,256,3
87.93073434159722,test-00000-of-00006_0.png,400,400,3
6803.48930616139,test-00000-of-00006_0.png,256,256,3
805.4422437034168,test-00000-of-00006_0.png,1024,768,3
303.4036595547158,test-00000-of-00006_0.png,256,256,3
5878.3948776907955,test-00000-of-00006_0.png,256,256,3
241.71287610646942,test-00000-of-00006_0.png,240,240,3
5311.378914372685,test-00000-of-00006_0.png,256,256,3
273.13172369225686,test-00000-of-00006_0.png,240,240,3
579.1341567746427,test-00000-of-00006_0.png,1024,768,3
3691.995987361892,test-00000-of-00006_0.png,256,256,3
330.52340313193235,test-00000-of-00006_0.png,240,240,3
39.30999667286866,test-00000-of-00006_0.png,1024,768,3
174.687576821711,test-00000-of-00006_0.png,240,320,3
339.63312590329423,test-00000-of-00006_0.png,400,400,3
113.98641285036818,test-00000-of-00006_0.png,640,480,3
312.3645908418629,test-00000-of-00006_0.png,128,128,3
38.70149392978195,test-00000-of-00006_0.png,1724,2296,3
928.162576234589,test-00000-of-00006_0.png,256,256,3
724.7427756000085,test-00000-of-00006_0.png,480,640,3
680.0598332149215,test-00000-of-00006_0.png,1724,2296,3
2957.4091906795898,test-00000-of-00006_0.png,256,256,3
204.73236102021775,test-00000-of-00006_0.png,320,240,3
310.418418770829,test-00000-of-00006_0.png,400,400,3
36.73445083983933,test-00000-of-00006_0.png,1024,1024,3
4791.829217890251,test-00000-of-00006_0.png,256,256,3
52.285648164416976,test-00000-of-00006_0.png,256,256,3
556.0068552542685,test-00000-of-00006_0.png,256,256,3
81.04452502772953,test-00000-of-00006_0.png,240,240,3
3391.515265661809,test-00000-of-00006_0.png,256,256,3
237.29129169881344,test-00000-of-00006_0.png,128,128,3
73.19462834555559,test-00000-of-00006_0.png,400,400,3
3389.9673655926144,test-00000-of-00006_0.png,256,256,3
107.91053626684719,test-00000-of-00006_0.png,1124,1124,3
35.14336728395062,test-00000-of-00006_0.png,900,1200,3
8187.948654163396,test-00000-of-00006_0.png,256,256,3
49.08555917897158,test-00000-of-00006_0.png,128,128,3
1060.8271017832942,test-00000-of-00006_0.png,400,400,3
14.734781612971567,test-00000-of-00006_0.png,1724,2296,3
6.47953605643933,test-00000-of-00006_0.png,1024,1024,3
7916.871800310056,test-00000-of-00006_0.png,256,256,3
113.52253066666667,test-00000-of-00006_0.png,500,500,3
82.46864852853733,test-00000-of-00006_0.png,400,400,3
4748.163191226596,test-00000-of-00006_0.png,256,256,3
8493.712646493455,test-00000-of-00006_0.png,256,256,3
6426.926069513352,test-00000-of-00006_0.png,256,256,3
8421.09190279864,test-00000-of-00006_0.png,256,256,3
81.99856066301223,test-00000-of-00006_0.png,1724,2296,3
10.351367030795613,test-00000-of-00006_0.png,1024,1024,3
5114.132262935136,test-00000-of-00006_0.png,256,256,3
4.93526156577799,test-00000-of-00006_0.png,128,128,3
137.11026480493203,test-00000-of-00006_0.png,1724,2296,3
7435.123584228645,test-00000-of-00006_0.png,256,256,3
3568.293241361363,test-00000-of-00006_0.png,256,256,3
7522.283770281408,test-00000-of-00006_0.png,256,256,3
1933.618784046396,test-00000-of-00006_0.png,256,256,3
133.5175347969379,test-00000-of-00006_0.png,240,240,3
158.0023141823864,test-00000-of-00006_0.png,256,256,3
150.2345937018334,test-00000-of-00006_0.png,256,256,3
7114.926095310909,test-00000-of-00006_0.png,256,256,3
917.8728411784396,test-00000-of-00006_0.png,256,256,3
186.5167890755822,test-00000-of-00006_0.png,256,256,3
1116.3415904339158,test-00000-of-00006_0.png,640,480,3
2959.4041361566374,test-00000-of-00006_0.png,256,256,3
135.52627733333333,test-00000-of-00006_0.png,500,500,3
3.31159250377257,test-00000-of-00006_0.png,1024,768,3
451.67217631408244,test-00000-of-00006_0.png,297,300,3
198.98230666666666,test-00000-of-00006_0.png,500,500,3
186.5167890755822,test-00000-of-00006_0.png,256,256,3
331.63293635946076,test-00000-of-00006_0.png,256,256,3
23.59550925925926,test-00000-of-00006_0.png,1200,900,3
300.9286279574864,test-00000-of-00006_0.png,128,128,3
262.59139826435904,test-00000-of-00006_0.png,256,256,3
1933.618784046396,test-00000-of-00006_0.png,256,256,3
113.04691251083183,test-00000-of-00006_0.png,320,240,3
7042.605813770012,test-00000-of-00006_0.png,256,256,3
7903.279280841328,test-00000-of-00006_0.png,256,256,3
328.5291111624824,test-00000-of-00006_0.png,400,400,3
49.574293745829,test-00000-of-00006_0.png,400,400,3
169.16195895155818,test-00000-of-00006_0.png,400,400,3
558.8369381841427,test-00000-of-00006_0.png,256,256,3
266.33916954562073,test-00000-of-00006_0.png,400,400,3
273.13172369225686,test-00000-of-00006_0.png,240,240,3
470.6788103841245,test-00000-of-00006_0.png,128,128,3
56.75603435061769,test-00000-of-00006_0.png,256,256,3
4917.272370806895,test-00000-of-00006_0.png,256,256,3
1196.875185592074,test-00000-of-00006_0.png,256,256,3
1315.3544979880874,test-00000-of-00006_0.png,256,256,3
7210.602959710691,test-00000-of-00006_0.png,256,256,3
111.67880750382831,test-00000-of-00006_0.png,256,256,3
4485.451303806466,test-00000-of-00006_0.png,256,256,3
12864.68192535015,test-00000-of-00006_0.png,256,256,3
5687.467959581536,test-00000-of-00006_0.png,256,256,3
207.1070613016494,test-00000-of-00006_0.png,400,400,3
223.85472082592443,test-00000-of-00006_0.png,256,256,3
542.9898742280086,test-00000-of-00006_0.png,236,350,3
538.121547236392,test-00000-of-00006_0.png,256,256,3
6.44809744382898,test-00000-of-00006_0.png,128,128,3
254.39755872882722,test-00000-of-00006_0.png,683,1024,3
78.36936520443608,test-00000-of-00006_0.png,256,256,3
4206.019600430271,test-00000-of-00006_0.png,256,256,3
16330.388926976257,test-00000-of-00006_0.png,256,256,3
375.8667275134682,test-00000-of-00006_0.png,256,256,3
148.77909446191865,test-00000-of-00006_0.png,1040,1536,3
4467.205348294823,test-00000-of-00006_0.png,256,256,3
24.2128235989302,test-00000-of-00006_0.png,256,256,3
498.79766916524983,test-00000-of-00006_0.png,1024,768,3
82.85879523657084,test-00000-of-00006_0.png,1724,2296,3
5575.164176572941,test-00000-of-00006_0.png,256,256,3
7.294258435538022,test-00000-of-00006_0.png,1024,1024,3
3511.5184401736283,test-00000-of-00006_0.png,256,256,3
224.6402808051215,test-00000-of-00006_0.png,320,240,3
2077.9342762424785,test-00000-of-00006_0.png,640,480,3
116.72794087704581,test-00000-of-00006_0.png,256,256,3
7874.9566785245115,test-00000-of-00006_0.png,256,256,3
4.06317717126674,test-00000-of-00006_0.png,1024,768,3
6953.4951498648925,test-00000-of-00006_0.png,256,256,3
987.5049743029433,test-00000-of-00006_0.png,1024,768,3
636.961991426742,test-00000-of-00006_0.png,256,256,3
221.15982875304027,test-00000-of-00006_0.png,1724,2296,3
2985.095835095892,test-00000-of-00006_0.png,256,256,3
8669.266696456176,test-00000-of-00006_0.png,256,256,3
4528.251541134358,test-00000-of-00006_0.png,256,256,3
938.7222495855359,test-00000-of-00006_0.png,1024,768,3
3762.0831079506825,test-00000-of-00006_0.png,256,256,3
56.2060644982639,test-00000-of-00006_0.png,400,400,3
102.35762534081599,test-00000-of-00006_0.png,400,400,3
138.52451044794483,test-00000-of-00006_0.png,256,256,3
1680.9631582318234,test-00000-of-00006_0.png,256,256,3
251.2291004160004,test-00000-of-00006_0.png,256,256,3
2.9259932828935167,test-00000-of-00006_0.png,1024,1024,3
11748.930288579291,test-00000-of-00006_0.png,256,256,3
485.2730313177082,test-00000-of-00006_0.png,400,400,3
295.19316071384975,test-00000-of-00006_0.png,400,400,3
317.6314924995658,test-00000-of-00006_0.png,400,400,3
6196.429500682047,test-00000-of-00006_0.png,256,256,3
49.46806020331599,test-00000-of-00006_0.png,400,400,3
109.72827733333334,test-00000-of-00006_0.png,500,500,3
717.2413671858764,test-00000-of-00006_0.png,256,256,3
248.4026026769748,test-00000-of-00006_0.png,400,400,3
654.2781207074794,test-00000-of-00006_0.png,1724,2296,3
692.582142226454,test-00000-of-00006_0.png,400,400,3
4397.496011913417,test-00000-of-00006_0.png,256,256,3
18.88249462322953,test-00000-of-00006_0.png,256,256,3
2993.9320204621786,test-00000-of-00006_0.png,1024,768,3
2097.230549517737,test-00000-of-00006_0.png,640,480,3
6509.032159566879,test-00000-of-00006_0.png,256,256,3
66.74458558994267,test-00000-of-00006_0.png,1024,768,3
7586.9427651470905,test-00000-of-00006_0.png,256,256,3
176.71365885264078,test-00000-of-00006_0.png,320,240,3
235.01476491555218,test-00000-of-00006_0.png,240,240,3
480.5635011971527,test-00000-of-00006_0.png,400,300,3
476.67401573675534,test-00000-of-00006_0.png,640,480,3
5.547109234617181,test-00000-of-00006_0.png,1024,1024,3
177.9640249418282,test-00000-of-00006_0.png,320,240,3
42.113479676941004,test-00000-of-00006_0.png,256,256,3
1466.2959185694115,test-00000-of-00006_0.png,1024,768,3
8935.67679733038,test-00000-of-00006_0.png,256,256,3
32.270835802469136,test-00000-of-00006_0.png,1200,900,3
1680.9631582318234,test-00000-of-00006_0.png,256,256,3
88.40650347590433,test-00000-of-00006_0.png,943,1200,3
26.591166049327793,test-00000-of-00006_0.png,900,1200,3
366.3206147803788,test-00000-of-00006_0.png,240,320,3
121.36103777245928,test-00000-of-00006_0.png,256,256,3
264.6205749705939,test-00000-of-00006_0.png,240,320,3
3472.5416506166416,test-00000-of-00006_0.png,256,256,3
335.4766269956207,test-00000-of-00006_0.png,400,400,3
367.77115491104155,test-00000-of-00006_0.png,400,400,3
7042.605813770012,test-00000-of-00006_0.png,256,256,3
455.7050853960027,test-00000-of-00006_0.png,400,400,3
87.93073434159722,test-00000-of-00006_0.png,400,400,3
531.509879941454,test-00000-of-00006_0.png,400,400,3
48.40474691358025,test-00000-of-00006_0.png,1200,900,3
20.669695679012346,test-00000-of-00006_0.png,1200,900,3
1017.1150598062457,test-00000-of-00006_0.png,400,400,3
1295.1482991172363,test-00000-of-00006_0.png,256,256,3
6.47953605643933,test-00000-of-00006_0.png,1024,1024,3
127.70060533333333,test-00000-of-00006_0.png,500,500,3
888.5590674463245,test-00000-of-00006_0.png,256,256,3
57.963230449080605,test-00000-of-00006_0.png,576,768,3
1617.7941076134387,test-00000-of-00006_0.png,256,256,3
4903.428539391582,test-00000-of-00006_0.png,256,256,3
636.9567311290812,test-00000-of-00006_0.png,1724,2296,3
3706.056931346549,test-00000-of-00006_0.png,256,256,3
671.1254070706208,test-00000-of-00006_0.png,400,400,3
37.796065281886214,test-00000-of-00006_0.png,1724,2296,3
126.95732219659722,test-00000-of-00006_0.png,400,400,3
1380.942679498323,test-00000-of-00006_0.png,1024,768,3
273.13172369225686,test-00000-of-00006_0.png,240,240,3
1011.6297239425022,test-00000-of-00006_0.png,256,256,3
4206.019600430271,test-00000-of-00006_0.png,256,256,3
354.3300058777603,test-00000-of-00006_0.png,400,400,3
200.84884658022912,test-00000-of-00006_0.png,1024,768,3
169.67667630552836,test-00000-of-00006_0.png,256,256,3
122.51187085939777,test-00000-of-00006_0.png,128,128,3
68.12947477058817,test-00000-of-00006_0.png,256,256,3
481.85817251924107,test-00000-of-00006_0.png,320,240,3
4270.208750300936,test-00000-of-00006_0.png,256,256,3
117.4748095972697,test-00000-of-00006_0.png,240,320,3
35.61960864197531,test-00000-of-00006_0.png,1200,900,3
109.72827733333334,test-00000-of-00006_0.png,500,500,3
2131.2757205615185,test-00000-of-00006_0.png,256,256,3
113.93328756713395,test-00000-of-00006_0.png,1024,1024,3
214.35457339375796,test-00000-of-00006_0.png,256,256,3
95.89350210616573,test-00000-of-00006_0.png,1024,768,3
375.8667275134682,test-00000-of-00006_0.png,256,256,3
214.35457339375796,test-00000-of-00006_0.png,256,256,3
7389.1037956857035,test-00000-of-00006_0.png,256,256,3
343.85758859102816,test-00000-of-00006_0.png,256,256,3
5867.608507221542,test-00000-of-00006_0.png,256,256,3
209.75227112693435,test-00000-of-00006_0.png,1724,2296,3
1404.5094826233992,test-00000-of-00006_0.png,480,640,3
21.488568151986073,test-00000-of-00006_0.png,1024,768,3
7623.90395824073,test-00000-of-00006_0.png,256,256,3
47.64490437603985,test-00000-of-00006_0.png,1724,2296,3
6221.745572108543,test-00000-of-00006_0.png,256,256,3
389.56602428114144,test-00000-of-00006_0.png,240,240,3
8472.786933794592,test-00000-of-00006_0.png,256,256,3
19.27342296598686,test-00000-of-00006_0.png,128,128,3
230.713746309566,test-00000-of-00006_0.png,400,400,3
402.6193788150998,test-00000-of-00006_0.png,400,400,3
2858.655061344202,test-00000-of-00006_0.png,256,256,3
1908.6646208746567,test-00000-of-00006_0.png,256,256,3
5.098465239825491,test-00000-of-00006_0.png,1024,1024,3
478.06143062326385,test-00000-of-00006_0.png,400,400,3
54.34106901900702,test-00000-of-00006_0.png,1024,768,3
505.8892248803993,test-00000-of-00006_0.png,400,400,3
125.08127755305556,test-00000-of-00006_0.png,400,400,3
201.85384538845486,test-00000-of-00006_0.png,240,240,3
571.4555645782709,test-00000-of-00006_0.png,256,256,3
6459.645083401326,test-00000-of-00006_0.png,256,256,3
204.73236102021775,test-00000-of-00006_0.png,320,240,3
214.35457339375796,test-00000-of-00006_0.png,256,256,3
9.658204704173768,test-00000-of-00006_0.png,1024,1024,3
382.4588656427041,test-00000-of-00006_0.png,400,400,3
182.2201822868442,test-00000-of-00006_0.png,240,320,3
268.66458326092004,test-00000-of-00006_0.png,240,320,3
150.87871733333333,test-00000-of-00006_0.png,500,500,3
139.32201985817707,test-00000-of-00006_0.png,400,400,3
2246.1564213927427,test-00000-of-00006_0.png,256,256,3
290.0943456101582,test-00000-of-00006_0.png,640,480,3
1499.7715733581117,test-00000-of-00006_0.png,256,256,3
347.8661561728395,test-00000-of-00006_0.png,1200,900,3
683.7626359673264,test-00000-of-00006_0.png,768,1024,3
144.56466354365048,test-00000-of-00006_0.png,256,256,3
179.76057928956584,test-00000-of-00006_0.png,240,320,3
153.97373651030813,test-00000-of-00006_0.png,400,400,3
38.79580810019312,test-00000-of-00006_0.png,1024,768,3
19.608420580704372,test-00000-of-00006_0.png,3264,2448,3
484.00701517623264,test-00000-of-00006_0.png,400,400,3
344.0210172265018,test-00000-of-00006_0.png,433,527,3
69.2140394403905,test-00000-of-00006_0.png,320,240,3
1541.541726321577,test-00000-of-00006_0.png,256,256,3
7779.369480303154,test-00000-of-00006_0.png,256,256,3
3867.8483416334625,test-00000-of-00006_0.png,256,256,3
61.86677282987315,test-00000-of-00006_0.png,1200,900,3
41.10589444169142,test-00000-of-00006_0.png,900,1200,3
146.7057077157304,test-00000-of-00006_0.png,1724,2296,3
235.07147463498262,test-00000-of-00006_0.png,400,400,3
1678.9803901052046,test-00000-of-00006_0.png,400,400,3
63.78002802525729,test-00000-of-00006_0.png,1024,768,3
7389.1037956857035,test-00000-of-00006_0.png,256,256,3
664.7106488452474,test-00000-of-00006_0.png,480,640,3
135.52928657507454,test-00000-of-00006_0.png,222,320,3
13715.9706773441,test-00000-of-00006_0.png,256,256,3
7184.103016164154,test-00000-of-00006_0.png,256,256,3
43.91708176045235,test-00000-of-00006_0.png,1724,2296,3
5.522918060227508,test-00000-of-00006_0.png,1024,1024,3
9671.304962647357,test-00000-of-00006_0.png,256,256,3
142.24006912846943,test-00000-of-00006_0.png,256,256,3
2259.985219030305,test-00000-of-00006_0.png,256,256,3
2686.5933669341935,test-00000-of-00006_0.png,256,256,3
319.3448751200275,test-00000-of-00006_0.png,240,240,3
49.93367353139315,test-00000-of-00006_0.png,1724,2296,3
356.2460979153723,test-00000-of-00006_0.png,332,432,3
651.6331623970659,test-00000-of-00006_0.png,400,400,3
41.765125237287315,test-00000-of-00006_0.png,400,400,3
2686.0293100966505,test-00000-of-00006_0.png,256,256,3
1200.7388647917867,test-00000-of-00006_0.png,256,256,3
230.713746309566,test-00000-of-00006_0.png,400,400,3
202.1260468751813,test-00000-of-00006_0.png,256,256,3
7059.962979651343,test-00000-of-00006_0.png,256,256,3
5952.434356880452,test-00000-of-00006_0.png,256,256,3
200.97281360755733,test-00000-of-00006_0.png,480,640,3
3714.060427230162,test-00000-of-00006_0.png,256,256,3
49.93367353139315,test-00000-of-00006_0.png,1724,2296,3
7.765178992730611,test-00000-of-00006_0.png,1024,1024,3
8.169097893905139,test-00000-of-00006_0.png,1024,768,3
132.93547369895398,test-00000-of-00006_0.png,400,400,3
70.14943721109373,test-00000-of-00006_0.png,400,400,3
202.1260468751813,test-00000-of-00006_0.png,256,256,3
401.2870267785373,test-00000-of-00006_0.png,400,400,3
7.523279782887493,test-00000-of-00006_0.png,1024,1024,3
328.1030603096832,test-00000-of-00006_0.png,400,400,3
5519.434820401068,test-00000-of-00006_0.png,256,256,3
290.4856262207031,test-00000-of-00006_0.png,256,256,3
568.5831791141493,test-00000-of-00006_0.png,125,256,3
293.2967398866493,test-00000-of-00006_0.png,400,400,3
461.75967113011416,test-00000-of-00006_0.png,256,256,3
221.15982875304027,test-00000-of-00006_0.png,1724,2296,3
530.3756472733289,test-00000-of-00006_0.png,400,400,3
464.6250409199573,test-00000-of-00006_0.png,1024,768,3
1404.5094826233992,test-00000-of-00006_0.png,480,640,3
257.78850176889034,test-00000-of-00006_0.png,256,256,3
231.2441719541008,test-00000-of-00006_0.png,240,320,3
335.51123132595484,test-00000-of-00006_0.png,320,240,3
198.8472069512885,test-00000-of-00006_0.png,1024,768,3
837.9676411611339,test-00000-of-00006_0.png,256,256,3
134.2528507249386,test-00000-of-00006_0.png,1724,2296,3
205.08888358289065,test-00000-of-00006_0.png,256,256,3
1628.5295123354426,test-00000-of-00006_0.png,256,256,3
12.496598864046872,test-00000-of-00006_0.png,1024,1024,3
174.6105415985609,test-00000-of-00006_0.png,256,256,3
11.938998296472947,test-00000-of-00006_0.png,1024,768,3
63.503371765983516,test-00000-of-00006_0.png,1024,768,3
954.8835518354123,test-00000-of-00006_0.png,400,400,3
180.67986110348048,test-00000-of-00006_0.png,640,480,3
811.0885887444273,test-00000-of-00006_0.png,400,400,3
206.11342379030572,test-00000-of-00006_0.png,1724,2296,3
26.52609230315977,test-00000-of-00006_0.png,1724,2296,3
44.44672427506653,test-00000-of-00006_0.png,1024,768,3
219.68255733333334,test-00000-of-00006_0.png,500,500,3
2.9259932828935167,test-00000-of-00006_0.png,1024,1024,3
15.316577858406394,test-00000-of-00006_0.png,1024,768,3
2077.9342762424785,test-00000-of-00006_0.png,640,480,3
49.235679875420495,test-00000-of-00006_0.png,1724,2296,3
2878.693961613268,test-00000-of-00006_0.png,256,256,3
262.8882209562744,test-00000-of-00006_0.png,240,240,3
142.76993971065946,test-00000-of-00006_0.png,240,320,3
65.32653634524321,test-00000-of-00006_0.png,1024,768,3
5163.5301989786485,test-00000-of-00006_0.png,256,256,3
10378.93018483453,test-00000-of-00006_0.png,256,256,3
339.6909655530556,test-00000-of-00006_0.png,400,400,3
3823.571143941333,test-00000-of-00006_0.png,256,256,3
353.56576372243626,test-00000-of-00006_0.png,320,240,3
680.0598332149215,test-00000-of-00006_0.png,1724,2296,3
762.4254196948217,test-00000-of-00006_0.png,256,256,3
365.6934840614752,test-00000-of-00006_0.png,256,256,3
10.720208200175886,test-00000-of-00006_0.png,1724,2296,3
406.6140212983257,test-00000-of-00006_0.png,1024,768,3
229.7310743265234,test-00000-of-00006_0.png,400,400,3
3444.3646168856776,test-00000-of-00006_0.png,256,256,3
323.0832005980564,test-00000-of-00006_0.png,166,221,3
1075.895710784528,test-00000-of-00006_0.png,128,128,3
331.63293635946076,test-00000-of-00006_0.png,256,256,3
1075.895710784528,test-00000-of-00006_0.png,128,128,3
46.30960035480161,test-00000-of-00006_0.png,1024,768,3
7435.123584228645,test-00000-of-00006_0.png,256,256,3
324.24598485717775,test-00000-of-00006_0.png,240,320,3
5450.634280086159,test-00000-of-00006_0.png,256,256,3
1238.9021451715123,test-00000-of-00006_0.png,256,256,3
600.4017672004799,test-00000-of-00006_0.png,256,256,3
81.72513005737883,test-00000-of-00006_0.png,576,768,3
382.0260545096503,test-00000-of-00006_0.png,320,240,3
262.78694401226005,test-00000-of-00006_0.png,1024,768,3
642.7243203936962,test-00000-of-00006_0.png,1724,2296,3
117.98958693412288,test-00000-of-00006_0.png,240,240,3
362.6911930655556,test-00000-of-00006_0.png,400,400,3
3095.057334676773,test-00000-of-00006_0.png,256,256,3
6080.209794389601,test-00000-of-00006_0.png,256,256,3
231.69158904822484,test-00000-of-00006_0.png,400,400,3
205.57458333265515,test-00000-of-00006_0.png,240,320,3
82.46864852853733,test-00000-of-00006_0.png,400,400,3
231.69158904822484,test-00000-of-00006_0.png,400,400,3
273.44774611581596,test-00000-of-00006_0.png,400,400,3
26.15117788593316,test-00000-of-00006_0.png,400,400,3
2524.284500595493,test-00000-of-00006_0.png,256,256,3
83.19255987654321,test-00000-of-00006_0.png,1200,900,3
46.4643355417969,test-00000-of-00006_0.png,1024,768,3
204.01177960730655,test-00000-of-00006_0.png,240,320,3
388.15801374407897,test-00000-of-00006_0.png,240,240,3
3095.057334676773,test-00000-of-00006_0.png,256,256,3
439.84159172905817,test-00000-of-00006_0.png,128,128,3
29.172260759335927,test-00000-of-00006_0.png,400,400,3
7.564743445685841,test-00000-of-00006_0.png,1024,768,3
157.33933804926667,test-00000-of-00006_0.png,256,256,3
1209.383462988284,test-00000-of-00006_0.png,337,508,3
3909.879301657175,test-00000-of-00006_0.png,256,256,3
326.16198967464845,test-00000-of-00006_0.png,400,400,3
190.74752898103733,test-00000-of-00006_0.png,400,400,3
657.7862846492665,test-00000-of-00006_0.png,400,400,3
672.4373591450998,test-00000-of-00006_0.png,480,640,3
7432.644466199813,test-00000-of-00006_0.png,256,256,3
179.71266377383532,test-00000-of-00006_0.png,256,256,3
1298.9283043812322,test-00000-of-00006_0.png,400,400,3
6322.3521727562575,test-00000-of-00006_0.png,256,256,3
592.9376833641493,test-00000-of-00006_0.png,400,400,3
406.6140212983257,test-00000-of-00006_0.png,1024,768,3
47.89117077482512,test-00000-of-00006_0.png,1024,768,3
1167.6106759494132,test-00000-of-00006_0.png,1024,768,3
73.65133187328294,test-00000-of-00006_0.png,1119,1019,3
84.96416006999114,test-00000-of-00006_0.png,1024,768,3
197.16617860173855,test-00000-of-00006_0.png,675,900,3
38.70149392978195,test-00000-of-00006_0.png,1724,2296,3
4652.583646242172,test-00000-of-00006_0.png,256,256,3
43.72326262913526,test-00000-of-00006_0.png,1024,768,3
2685.0567995308793,test-00000-of-00006_0.png,256,256,3
60.11830629532536,test-00000-of-00006_0.png,256,256,3
8084.82364912639,test-00000-of-00006_0.png,256,256,3
41.62022611694001,test-00000-of-00006_0.png,1024,768,3
650.8148017916817,test-00000-of-00006_0.png,1024,768,3
227.58416727067703,test-00000-of-00006_0.png,400,400,3
4.827051356821256,test-00000-of-00006_0.png,1024,768,3
815.2476281060112,test-00000-of-00006_0.png,256,256,3
7107.610844817401,test-00000-of-00006_0.png,256,256,3
65.97315451244098,test-00000-of-00006_0.png,256,256,3
2.9259932828935167,test-00000-of-00006_0.png,1024,1024,3
1149.1652757027703,test-00000-of-00006_0.png,256,256,3
2281.9478291402597,test-00000-of-00006_0.png,400,400,3
1300.803013197682,test-00000-of-00006_0.png,300,300,3
31.110734353190114,test-00000-of-00006_0.png,400,400,3
255.5472815768707,test-00000-of-00006_0.png,400,400,3
114.206952,test-00000-of-00006_0.png,500,500,3
1130.0569655529944,test-00000-of-00006_0.png,1024,768,3
5.062949778906538,test-00000-of-00006_0.png,1024,1024,3
40.716186837055055,test-00000-of-00006_0.png,1724,2296,3
3095.057334676773,test-00000-of-00006_0.png,256,256,3
1431.8672176402895,test-00000-of-00006_0.png,640,480,3
3.395256404432775,test-00000-of-00006_0.png,1024,768,3
8807.317557085616,test-00000-of-00006_0.png,256,256,3
18380.83744193106,test-00000-of-00006_0.png,256,256,3
417.9286142863581,test-00000-of-00006_0.png,1024,768,3
14.444101648050982,test-00000-of-00006_0.png,1024,1024,3
4119.93234633737,test-00000-of-00006_0.png,256,256,3
70.86056976946026,test-00000-of-00006_0.png,1024,768,3
38.19615245734584,test-00000-of-00006_0.png,1024,768,3
92.58601841568532,test-00000-of-00006_0.png,256,256,3
112.79908073403475,test-00000-of-00006_0.png,1024,768,3
561.3580783745659,test-00000-of-00006_0.png,400,400,3
197.35338611110615,test-00000-of-00006_0.png,320,187,3
6.5288454672324105,test-00000-of-00006_0.png,1024,1024,3
38.79580810019312,test-00000-of-00006_0.png,1024,768,3
117.42392445663506,test-00000-of-00006_0.png,256,256,3
38.944090092916156,test-00000-of-00006_0.png,1024,768,3
236.2156017220659,test-00000-of-00006_0.png,400,400,3
1716.4840665258728,test-00000-of-00006_0.png,280,347,3
383.793599843565,test-00000-of-00006_0.png,128,128,3
271.7160752010672,test-00000-of-00006_0.png,1724,2296,3
342.5799148148148,test-00000-of-00006_0.png,1200,900,3
224.6402808051215,test-00000-of-00006_0.png,320,240,3
10.865658321328224,test-00000-of-00006_0.png,1200,900,3
263.40578449614725,test-00000-of-00006_0.png,320,240,3
4099.511273276371,test-00000-of-00006_0.png,256,256,3
8634.59310391535,test-00000-of-00006_0.png,256,256,3
360.72464341717,test-00000-of-00006_0.png,240,320,3
383.793599843565,test-00000-of-00006_0.png,128,128,3
711.3804896665973,test-00000-of-00006_0.png,400,400,3
2683.0252822144735,test-00000-of-00006_0.png,256,256,3
917.8728411784396,test-00000-of-00006_0.png,256,256,3
86.57566700534274,test-00000-of-00006_0.png,256,256,3
16.257293276212124,test-00000-of-00006_0.png,1024,768,3
156.66448917943572,test-00000-of-00006_0.png,256,256,3
87.93073434159722,test-00000-of-00006_0.png,400,400,3
111.19698728745182,test-00000-of-00006_0.png,128,128,3
262.69134987831586,test-00000-of-00006_0.png,400,400,3
212.0168099468574,test-00000-of-00006_0.png,256,256,3
7721.19552816924,test-00000-of-00006_0.png,256,256,3
6680.306796413303,test-00000-of-00006_0.png,256,256,3
543.6668834760526,test-00000-of-00006_0.png,256,256,3
80.80508829029795,test-00000-of-00006_0.png,256,256,3
201.4942090379503,test-00000-of-00006_0.png,240,320,3
6341.750586618126,test-00000-of-00006_0.png,256,256,3
2099.883668205582,test-00000-of-00006_0.png,1024,768,3
1316.4947335040197,test-00000-of-00006_0.png,256,256,3
761.9473520624396,test-00000-of-00006_0.png,1024,768,3
657.7862846492665,test-00000-of-00006_0.png,400,400,3
229.4659279618146,test-00000-of-00006_0.png,640,480,3
81.74817018580829,test-00000-of-00006_0.png,256,256,3
111.32311608871092,test-00000-of-00006_0.png,400,400,3
322.1778116125204,test-00000-of-00006_0.png,240,240,3
579.1341567746427,test-00000-of-00006_0.png,1024,768,3
128.34726782586367,test-00000-of-00006_0.png,240,320,3
5.730339485168467,test-00000-of-00006_0.png,1024,1024,3
8634.59310391535,test-00000-of-00006_0.png,256,256,3
235.10627327697452,test-00000-of-00006_0.png,1724,2296,3
97.3827484689686,test-00000-of-00006_0.png,1024,768,3
27.136667918135053,test-00000-of-00006_0.png,1024,768,3
230.08632209159722,test-00000-of-00006_0.png,400,400,3
83.39300301378039,test-00000-of-00006_0.png,320,240,3
814.1819628035179,test-00000-of-00006_0.png,240,320,3
504.3533182392518,test-00000-of-00006_0.png,1024,1024,3
6935.648445814434,test-00000-of-00006_0.png,256,256,3
4045.6955997844284,test-00000-of-00006_0.png,256,256,3
689.2905674215234,test-00000-of-00006_0.png,400,400,3
134.4250230227424,test-00000-of-00006_0.png,1724,2296,3
210.40556368039933,test-00000-of-00006_0.png,400,400,3
458.63497838999996,test-00000-of-00006_0.png,400,400,3
126.74709795870717,test-00000-of-00006_0.png,128,128,3
72.75791940358047,test-00000-of-00006_0.png,1024,768,3
948.3868357338166,test-00000-of-00006_0.png,256,256,3
737.3761528656206,test-00000-of-00006_0.png,400,400,3
212.0168099468574,test-00000-of-00006_0.png,256,256,3
14.444101648050982,test-00000-of-00006_0.png,1024,1024,3
392.77665718359367,test-00000-of-00006_0.png,400,400,3
1231.850920693302,test-00000-of-00006_0.png,256,256,3
334.7425382739295,test-00000-of-00006_0.png,256,256,3
36.16235729345579,test-00000-of-00006_0.png,1024,1024,3
308.5037599148032,test-00000-of-00006_0.png,320,240,3
108.67316129797959,test-00000-of-00006_0.png,2062,3071,3
326.87014502478695,test-00000-of-00006_0.png,320,240,3
9.658204704173768,test-00000-of-00006_0.png,1024,1024,3
7389.1037956857035,test-00000-of-00006_0.png,256,256,3
805.4422437034168,test-00000-of-00006_0.png,1024,768,3
108.96302668007654,test-00000-of-00006_0.png,1024,768,3
6.894090427050547,test-00000-of-00006_0.png,1024,768,3
57.929255164512945,test-00000-of-00006_0.png,256,256,3
189.02611267680575,test-00000-of-00006_0.png,1724,2296,3
443.53160710756976,test-00000-of-00006_0.png,128,128,3
198.38796241930686,test-00000-of-00006_0.png,256,256,3
5687.467959581536,test-00000-of-00006_0.png,256,256,3
8634.59310391535,test-00000-of-00006_0.png,256,256,3
953.379987993174,test-00000-of-00006_0.png,256,256,3
5211.73385674566,test-00000-of-00006_0.png,256,256,3
1716.4840665258728,test-00000-of-00006_0.png,280,347,3
42.55196507088684,test-00000-of-00006_0.png,1024,768,3
2.9259932828935167,test-00000-of-00006_0.png,1024,1024,3
696.0103039603993,test-00000-of-00006_0.png,400,400,3
360.72464341717,test-00000-of-00006_0.png,240,320,3
230.52323121562068,test-00000-of-00006_0.png,400,400,3
547.4151956488689,test-00000-of-00006_0.png,128,128,3
236.2156017220659,test-00000-of-00006_0.png,400,400,3
65.08310555555556,test-00000-of-00006_0.png,1200,900,3
4060.397488320841,test-00000-of-00006_0.png,256,256,3
4549.774577284853,test-00000-of-00006_0.png,256,256,3
96.77670444462758,test-00000-of-00006_0.png,256,256,3
324.2144292855889,test-00000-of-00006_0.png,240,240,3
424.1982726969401,test-00000-of-00006_0.png,400,400,3
653.1448292967915,test-00000-of-00006_0.png,256,256,3
143.05871338151042,test-00000-of-00006_0.png,400,400,3
2094.8832713137854,test-00000-of-00006_0.png,640,480,3
57.50867639567381,test-00000-of-00006_0.png,1724,2296,3
6526.122997703548,test-00000-of-00006_0.png,256,256,3
173.34383622564624,test-00000-of-00006_0.png,240,240,3
214.0271943803993,test-00000-of-00006_0.png,400,400,3
139.32201985817707,test-00000-of-00006_0.png,400,400,3
3901.049407482044,test-00000-of-00006_0.png,256,256,3
127.64579771948625,test-00000-of-00006_0.png,1024,768,3
199.1036670464221,test-00000-of-00006_0.png,320,240,3
12.36641428205702,test-00000-of-00006_0.png,128,128,3
3568.293241361363,test-00000-of-00006_0.png,256,256,3
3472.5416506166416,test-00000-of-00006_0.png,256,256,3
266.33916954562073,test-00000-of-00006_0.png,400,400,3
219.10688876834078,test-00000-of-00006_0.png,256,256,3
950.880199461244,test-00000-of-00006_0.png,256,256,3
810.4147548998135,test-00000-of-00006_0.png,256,256,3
64.73897457290461,test-00000-of-00006_0.png,240,240,3
4729.333318715268,test-00000-of-00006_0.png,256,256,3
172.25024292682076,test-00000-of-00006_0.png,240,240,3
8562.035525524678,test-00000-of-00006_0.png,256,256,3
6155.205544396304,test-00000-of-00006_0.png,256,256,3
5540.925142498377,test-00000-of-00006_0.png,256,256,3
6960.79414806722,test-00000-of-00006_0.png,256,256,3
10693.611269401075,test-00000-of-00006_0.png,256,256,3
12.08119359123512,test-00000-of-00006_0.png,1024,1024,3
75.40171814674098,test-00000-of-00006_0.png,1024,768,3
5952.434356880452,test-00000-of-00006_0.png,256,256,3
2203.9660292554126,test-00000-of-00006_0.png,1024,768,3
46.30960035480161,test-00000-of-00006_0.png,1024,768,3
1765.7501541835566,test-00000-of-00006_0.png,256,256,3
46.30960035480161,test-00000-of-00006_0.png,1024,768,3
175.91398454234377,test-00000-of-00006_0.png,400,400,3
112.33390813031131,test-00000-of-00006_0.png,128,128,3
450.7417293512781,test-00000-of-00006_0.png,256,256,3
185.90462360026038,test-00000-of-00006_0.png,240,320,3
580.9438048208721,test-00000-of-00006_0.png,480,640,3
115.74637499437502,test-00000-of-00006_0.png,400,400,3
3769.8122530189057,test-00000-of-00006_0.png,640,480,3
7586.9427651470905,test-00000-of-00006_0.png,256,256,3
148.77909446191865,test-00000-of-00006_0.png,1040,1536,3
2077.9342762424785,test-00000-of-00006_0.png,640,480,3
11279.09057602524,test-00000-of-00006_0.png,256,256,3
62.57938891410083,test-00000-of-00006_0.png,1024,768,3
227.58416727067703,test-00000-of-00006_0.png,400,400,3
665.6371458090233,test-00000-of-00006_0.png,400,400,3
8.096011477541564,test-00000-of-00006_0.png,1024,1024,3
1649.328575285669,test-00000-of-00006_0.png,256,256,3
73.74440684104167,test-00000-of-00006_0.png,400,400,3
196.38009760915494,test-00000-of-00006_0.png,240,320,3
194.81044831422406,test-00000-of-00006_0.png,240,320,3
7779.369480303154,test-00000-of-00006_0.png,256,256,3
997.0591353791278,test-00000-of-00006_0.png,400,400,3
199.97423013192704,test-00000-of-00006_0.png,400,400,3
180.39499782025814,test-00000-of-00006_0.png,128,128,3
262.69134987831586,test-00000-of-00006_0.png,400,400,3
600.4017672004799,test-00000-of-00006_0.png,256,256,3
462.77390800270837,test-00000-of-00006_0.png,400,400,3
128.34726782586367,test-00000-of-00006_0.png,240,320,3
2984.577792818483,test-00000-of-00006_0.png,1024,768,3
4791.829217890251,test-00000-of-00006_0.png,256,256,3
157.81828573942713,test-00000-of-00006_0.png,400,400,3
13855.912130417819,test-00000-of-00006_0.png,256,256,3
5.720054991334705,test-00000-of-00006_0.png,1024,768,3
8438.880482634917,test-00000-of-00006_0.png,256,256,3
26.72855713111636,test-00000-of-00006_0.png,1200,1127,3
54.68636362927224,test-00000-of-00006_0.png,1024,768,3
432.45851560493224,test-00000-of-00006_0.png,256,256,3
263.4903306666667,test-00000-of-00006_0.png,500,500,3
35.61960864197531,test-00000-of-00006_0.png,1200,900,3
159.96351473279194,test-00000-of-00006_0.png,256,256,3
650.8148017916817,test-00000-of-00006_0.png,1024,768,3
3734.711426992797,test-00000-of-00006_0.png,256,256,3
111.32311608871092,test-00000-of-00006_0.png,400,400,3
107.4413803885474,test-00000-of-00006_0.png,1024,768,3
2692.3310492419537,test-00000-of-00006_0.png,256,256,3
924.2728996870574,test-00000-of-00006_0.png,256,256,3
5217.4968236846225,test-00000-of-00006_0.png,256,256,3
49.634560684363045,test-00000-of-00006_0.png,128,128,3
5856.45411983999,test-00000-of-00006_0.png,256,256,3
572.400843380226,test-00000-of-00006_0.png,256,256,3
6689.606128242177,test-00000-of-00006_0.png,256,256,3
4528.251541134358,test-00000-of-00006_0.png,256,256,3
249.9222024873521,test-00000-of-00006_0.png,240,320,3
595.8564768975002,test-00000-of-00006_0.png,400,400,3
4729.333318715268,test-00000-of-00006_0.png,256,256,3
50.662642281778595,test-00000-of-00006_0.png,900,1200,3
7432.644466199813,test-00000-of-00006_0.png,256,256,3
42.06319938271605,test-00000-of-00006_0.png,1200,900,3
1619.4651698763998,test-00000-of-00006_0.png,256,256,3
117.98958693412288,test-00000-of-00006_0.png,240,240,3
8.497034677193975,test-00000-of-00006_0.png,1024,1024,3
62.13344154706597,test-00000-of-00006_0.png,400,400,3
5800.373419200769,test-00000-of-00006_0.png,256,256,3
276.0558466100031,test-00000-of-00006_0.png,128,128,3
4121.708819818889,test-00000-of-00006_0.png,256,256,3
692.582142226454,test-00000-of-00006_0.png,400,400,3
111.67880750382831,test-00000-of-00006_0.png,256,256,3
119.43108939161887,test-00000-of-00006_0.png,240,320,3
118.63911553811907,test-00000-of-00006_0.png,240,320,3
1756.5109815315034,test-00000-of-00006_0.png,256,256,3
249.1897361678993,test-00000-of-00006_0.png,400,400,3
604.2460566315076,test-00000-of-00006_0.png,480,640,3
1983.2350191569167,test-00000-of-00006_0.png,256,256,3
35.40380247093505,test-00000-of-00006_0.png,1724,2296,3
71.07520925925925,test-00000-of-00006_0.png,1200,900,3
7206.441728902258,test-00000-of-00006_0.png,256,256,3
1431.8672176402895,test-00000-of-00006_0.png,640,480,3
2466.4028060749793,test-00000-of-00006_0.png,256,256,3
10434.23907547131,test-00000-of-00006_0.png,256,256,3
62.07505364805666,test-00000-of-00006_0.png,1024,768,3
136.2748542825381,test-00000-of-00006_0.png,128,128,3
69.51940318232583,test-00000-of-00006_0.png,1024,768,3
39.44546315195557,test-00000-of-00006_0.png,256,256,3
12.153217901234568,test-00000-of-00006_0.png,900,1200,3
3978.6860908996055,test-00000-of-00006_0.png,256,256,3
28.345717400079593,test-00000-of-00006_0.png,256,256,3
213.63941227586355,test-00000-of-00006_0.png,1724,2296,3
1723.38729181552,test-00000-of-00006_0.png,256,256,3
70.14943721109373,test-00000-of-00006_0.png,400,400,3
201.06014252746957,test-00000-of-00006_0.png,320,240,3
22.161314814814816,test-00000-of-00006_0.png,1200,900,3
496.56101452965856,test-00000-of-00006_0.png,209,351,3
87.93073434159722,test-00000-of-00006_0.png,400,400,3
198.38796241930686,test-00000-of-00006_0.png,256,256,3
593.0787554729877,test-00000-of-00006_0.png,1024,768,3
72.57503734277344,test-00000-of-00006_0.png,400,400,3
274.2176155894995,test-00000-of-00006_0.png,128,128,3
14.444101648050982,test-00000-of-00006_0.png,1024,1024,3
58.48931349018875,test-00000-of-00006_0.png,1724,2296,3
25.545268595320245,test-00000-of-00006_0.png,1724,2296,3
5015.236769755681,test-00000-of-00006_0.png,256,256,3
136.33067430284288,test-00000-of-00006_0.png,240,320,3
113.04691251083183,test-00000-of-00006_0.png,320,240,3
5.324049313676255,test-00000-of-00006_0.png,1024,1024,3
401.7444575543238,test-00000-of-00006_0.png,1024,768,3
146.4555622882639,test-00000-of-00006_0.png,400,400,3
2686.0293100966505,test-00000-of-00006_0.png,256,256,3
629.7539839436172,test-00000-of-00006_0.png,1024,768,3
36.26717216361593,test-00000-of-00006_0.png,1724,2296,3
239.68801649964342,test-00000-of-00006_0.png,1724,2296,3
3039.9939376003786,test-00000-of-00006_0.png,256,256,3
5104.092848320697,test-00000-of-00006_0.png,256,256,3
38.353681768928126,test-00000-of-00006_0.png,1024,768,3
3413.89408798327,test-00000-of-00006_0.png,256,256,3
254.39755872882722,test-00000-of-00006_0.png,683,1024,3
5882.952895782785,test-00000-of-00006_0.png,256,256,3
5363.891234855451,test-00000-of-00006_0.png,256,256,3
81.74817018580829,test-00000-of-00006_0.png,256,256,3
104.94216543209876,test-00000-of-00006_0.png,1200,900,3
263.4903306666667,test-00000-of-00006_0.png,500,500,3
264.5506783838694,test-00000-of-00006_0.png,256,256,3
952.9637391899957,test-00000-of-00006_0.png,400,400,3
1108.4498123530557,test-00000-of-00006_0.png,400,400,3
10884.616878502899,test-00000-of-00006_0.png,256,256,3
144.02385660556686,test-00000-of-00006_0.png,1024,768,3
211.7544520767318,test-00000-of-00006_0.png,400,400,3
12.13364334281222,test-00000-of-00006_0.png,1024,1024,3
38.92938028326652,test-00000-of-00006_0.png,1724,2296,3
339.6909655530556,test-00000-of-00006_0.png,400,400,3
84.96792005503731,test-00000-of-00006_0.png,1024,768,3
154.59880641972228,test-00000-of-00006_0.png,400,400,3
5173.801211167437,test-00000-of-00006_0.png,256,256,3
2295.258819467388,test-00000-of-00006_0.png,256,256,3
13.667096913580247,test-00000-of-00006_0.png,1200,900,3
81.95935941416424,test-00000-of-00006_0.png,240,320,3
129.16878252880028,test-00000-of-00006_0.png,256,256,3
626.5752218755168,test-00000-of-00006_0.png,400,400,3
13.03754805483752,test-00000-of-00006_0.png,128,128,3
42.58002591753999,test-00000-of-00006_0.png,256,256,3
401.2870267785373,test-00000-of-00006_0.png,400,400,3
2251.87026905866,test-00000-of-00006_0.png,256,256,3
61.650309244791664,test-00000-of-00006_0.png,256,256,3
26.52609230315977,test-00000-of-00006_0.png,1724,2296,3
592.8484620940993,test-00000-of-00006_0.png,1024,768,3
343.85758859102816,test-00000-of-00006_0.png,256,256,3
4431.6398309654005,test-00000-of-00006_0.png,1024,768,3
5707.225071009559,test-00000-of-00006_0.png,256,256,3
1362.1258217486334,test-00000-of-00006_0.png,480,640,3
74.27428717339342,test-00000-of-00006_0.png,1024,768,3
11.817228386385572,test-00000-of-00006_0.png,128,128,3
287.4373098536,test-00000-of-00006_0.png,1724,2296,3
245.53766952692402,test-00000-of-00006_0.png,1024,768,3
203.7793374719719,test-00000-of-00006_0.png,256,256,3
2360.622909432761,test-00000-of-00006_0.png,1024,768,3
331.89625642789775,test-00000-of-00006_0.png,240,240,3
153.3202035481771,test-00000-of-00006_0.png,240,240,3
310.418418770829,test-00000-of-00006_0.png,400,400,3
8.29081258971807,test-00000-of-00006_0.png,1024,768,3
681.7155573096302,test-00000-of-00006_0.png,1024,768,3
6341.750586618126,test-00000-of-00006_0.png,256,256,3
1754.9284438148031,test-00000-of-00006_0.png,640,480,3
358.73613250067706,test-00000-of-00006_0.png,400,400,3
5469.030624883767,test-00000-of-00006_0.png,256,256,3
1758.2908412329596,test-00000-of-00006_0.png,256,256,3
243.68406088626944,test-00000-of-00006_0.png,256,256,3
288.92255598263205,test-00000-of-00006_0.png,320,240,3
6441.030524362705,test-00000-of-00006_0.png,256,256,3
103.39786188205453,test-00000-of-00006_0.png,1024,768,3
38.353681768928126,test-00000-of-00006_0.png,1024,768,3
193.08902041373966,test-00000-of-00006_0.png,240,240,3
135.58863277083333,test-00000-of-00006_0.png,400,400,3
508.78510829126793,test-00000-of-00006_0.png,640,480,3
3000.718815614547,test-00000-of-00006_0.png,256,256,3
535.0775266186231,test-00000-of-00006_0.png,128,128,3
6817.797001016404,test-00000-of-00006_0.png,256,256,3
199.1036670464221,test-00000-of-00006_0.png,320,240,3
35.64681399928053,test-00000-of-00006_0.png,1024,1024,3
27.466430619507733,test-00000-of-00006_0.png,1024,768,3
5219.315128233051,test-00000-of-00006_0.png,256,256,3
592.8484620940993,test-00000-of-00006_0.png,1024,768,3
404.84601867134296,test-00000-of-00006_0.png,256,256,3
49.42475223389944,test-00000-of-00006_0.png,526,600,3
51.39300515581597,test-00000-of-00006_0.png,400,400,3
536.8297936152604,test-00000-of-00006_0.png,400,400,3
475.85431754338134,test-00000-of-00006_0.png,256,256,3
174.6105415985609,test-00000-of-00006_0.png,256,256,3
2.9259932828935167,test-00000-of-00006_0.png,1024,1024,3
4544.632138258467,test-00000-of-00006_0.png,256,256,3
7850.3364012960665,test-00000-of-00006_0.png,576,768,3
119.90039570916754,test-00000-of-00006_0.png,256,256,3
344.0210172265018,test-00000-of-00006_0.png,433,527,3
183.0610987835166,test-00000-of-00006_0.png,240,320,3
100.55064189972224,test-00000-of-00006_0.png,400,400,3
481.85817251924107,test-00000-of-00006_0.png,320,240,3
1212.627734034419,test-00000-of-00006_0.png,1024,768,3
273.1312136712174,test-00000-of-00006_0.png,256,256,3
78.13254371983284,test-00000-of-00006_0.png,1024,768,3
237.58252005025324,test-00000-of-00006_0.png,256,104,3
104.68802071983428,test-00000-of-00006_0.png,320,240,3
406.6140212983257,test-00000-of-00006_0.png,1024,768,3
1838.9558204399784,test-00000-of-00006_0.png,256,256,3
23.760124719722224,test-00000-of-00006_0.png,400,400,3
6670.116473350259,test-00000-of-00006_0.png,256,256,3
164.2061194634331,test-00000-of-00006_0.png,320,240,3
65.32653634524321,test-00000-of-00006_0.png,1024,768,3
3731.6273048683383,test-00000-of-00006_0.png,1024,768,3
479.0346828165154,test-00000-of-00006_0.png,256,256,3
2598.773909620837,test-00000-of-00006_0.png,256,256,3
132.21028094819337,test-00000-of-00006_0.png,1024,768,3
651.6331623970659,test-00000-of-00006_0.png,400,400,3
2078.361581573433,test-00000-of-00006_0.png,400,400,3
46.72812848397166,test-00000-of-00006_0.png,1724,2296,3
389.56602428114144,test-00000-of-00006_0.png,240,240,3
10.27939859944187,test-00000-of-00006_0.png,1024,1024,3
1389.1700549059442,test-00000-of-00006_0.png,128,128,3
25.151853086419752,test-00000-of-00006_0.png,1200,900,3
331.89625642789775,test-00000-of-00006_0.png,240,240,3
997.5585840621685,test-00000-of-00006_0.png,662,900,3
281.0581689964193,test-00000-of-00006_0.png,400,400,3
16.03084690041294,test-00000-of-00006_0.png,1024,1024,3
38.04464074074074,test-00000-of-00006_0.png,900,1200,3
102.34654065621599,test-00000-of-00006_0.png,1024,768,3
7246.9250173115215,test-00000-of-00006_0.png,256,256,3
5179.4658579848865,test-00000-of-00006_0.png,256,256,3
1008.0918209608291,test-00000-of-00006_0.png,400,400,3
76.59280755522335,test-00000-of-00006_0.png,4000,3000,3
2.9259932828935167,test-00000-of-00006_0.png,1024,1024,3
1368.057318449396,test-00000-of-00006_0.png,1024,768,3
6960.79414806722,test-00000-of-00006_0.png,256,256,3
42.692714826514326,test-00000-of-00006_0.png,256,256,3
201.76313628235187,test-00000-of-00006_0.png,1024,768,3
1173.3594964684453,test-00000-of-00006_0.png,256,256,3
10.865658321328224,test-00000-of-00006_0.png,1200,900,3
640.9110233125331,test-00000-of-00006_0.png,256,256,3
1857.562746677134,test-00000-of-00006_0.png,256,256,3
103.27969114822481,test-00000-of-00006_0.png,400,400,3
81.74817018580829,test-00000-of-00006_0.png,256,256,3
70.31090132793963,test-00000-of-00006_0.png,1724,2296,3
70.31090132793963,test-00000-of-00006_0.png,1724,2296,3
148.33973644748264,test-00000-of-00006_0.png,240,320,3
111.27366637974046,test-00000-of-00006_0.png,256,256,3
430.8276552893706,test-00000-of-00006_0.png,400,400,3
302.3603013075999,test-00000-of-00006_0.png,400,400,3
95.89350210616573,test-00000-of-00006_0.png,1024,768,3
3971.3407709026287,test-00000-of-00006_0.png,256,256,3
73.42140435283837,test-00000-of-00006_0.png,1015,941,3
53.2216894931788,test-00000-of-00006_0.png,240,240,3
14.734781612971567,test-00000-of-00006_0.png,1724,2296,3
117.12930297810173,test-00000-of-00006_0.png,256,256,3
81.95935941416424,test-00000-of-00006_0.png,240,320,3
115.54583778194853,test-00000-of-00006_0.png,240,320,3
3544.3459350694125,test-00000-of-00006_0.png,256,256,3
124.95360812709478,test-00000-of-00006_0.png,240,320,3
15.316577858406394,test-00000-of-00006_0.png,1024,768,3
885.9892365662297,test-00000-of-00006_0.png,1024,768,3
1315.3544979880874,test-00000-of-00006_0.png,256,256,3
47.89117077482512,test-00000-of-00006_0.png,1024,768,3
428.52118550364884,test-00000-of-00006_0.png,225,300,3
129.8332895825998,test-00000-of-00006_0.png,400,400,3
72.23928382838284,test-00000-of-00006_0.png,1200,1010,3
84.78777352853733,test-00000-of-00006_0.png,400,400,3
762.4254196948217,test-00000-of-00006_0.png,256,256,3
139.38728073506047,test-00000-of-00006_0.png,1024,1024,3
1628.5295123354426,test-00000-of-00006_0.png,256,256,3
85.89368712034388,test-00000-of-00006_0.png,1724,2296,3
171.8071423333062,test-00000-of-00006_0.png,240,320,3
132.20770349601904,test-00000-of-00006_0.png,256,256,3
36.48705185185185,test-00000-of-00006_0.png,900,1200,3
241.10539899691358,test-00000-of-00006_0.png,240,240,3
4938.638390772017,test-00000-of-00006_0.png,256,256,3
418.03883122277654,test-00000-of-00006_0.png,256,256,3
7.108950763490546,test-00000-of-00006_0.png,576,768,3
60.254387654320986,test-00000-of-00006_0.png,1200,900,3
158.0023141823864,test-00000-of-00006_0.png,256,256,3
4729.333318715268,test-00000-of-00006_0.png,256,256,3
443.53160710756976,test-00000-of-00006_0.png,128,128,3
4432.887103483675,test-00000-of-00006_0.png,256,256,3
38.79580810019312,test-00000-of-00006_0.png,1024,768,3
8961.960361351337,test-00000-of-00006_0.png,256,256,3
2371.3686064431204,test-00000-of-00006_0.png,1024,768,3
202.70790713945553,test-00000-of-00006_0.png,240,320,3
7338.374034152676,test-00000-of-00006_0.png,256,256,3
63.503371765983516,test-00000-of-00006_0.png,1024,768,3
720.9672727476185,test-00000-of-00006_0.png,256,256,3
43.30741586757673,test-00000-of-00006_0.png,1724,2296,3
45.458263164672005,test-00000-of-00006_0.png,240,240,3
129.1886259628296,test-00000-of-00006_0.png,320,240,3
3859.4446058567187,test-00000-of-00006_0.png,256,256,3
11040.043728821807,test-00000-of-00006_0.png,256,256,3
8654.795411875239,test-00000-of-00006_0.png,256,256,3
293.5307514121135,test-00000-of-00006_0.png,256,256,3
5621.566419471651,test-00000-of-00006_0.png,256,256,3
1838.9300640572874,test-00000-of-00006_0.png,400,400,3
8.280526476434318,test-00000-of-00006_0.png,1024,1024,3
249.89335034197816,test-00000-of-00006_0.png,256,256,3
56.930776580876255,test-00000-of-00006_0.png,1724,2296,3
633.3655230322732,test-00000-of-00006_0.png,1024,768,3
107.30485040388693,test-00000-of-00006_0.png,320,240,3
1910.0671671588502,test-00000-of-00006_0.png,400,400,3
592.8484620940993,test-00000-of-00006_0.png,1024,768,3
4209.021292570856,test-00000-of-00006_0.png,1024,768,3
328.1030603096832,test-00000-of-00006_0.png,400,400,3
70.84423217084259,test-00000-of-00006_0.png,256,256,3
43.72326262913526,test-00000-of-00006_0.png,1024,768,3
1080.1403351746098,test-00000-of-00006_0.png,1724,2296,3
970.0541662595084,test-00000-of-00006_0.png,286,230,3
2011.7469646457253,test-00000-of-00006_0.png,400,400,3
8.862017313322406,test-00000-of-00006_0.png,1024,768,3
111.46741052478733,test-00000-of-00006_0.png,400,400,3
10.584679487943186,test-00000-of-00006_0.png,1024,768,3
4372.528122285071,test-00000-of-00006_0.png,256,256,3
149.6107685549392,test-00000-of-00006_0.png,256,256,3
47.9486777458195,test-00000-of-00006_0.png,1024,768,3
19.983492197063402,test-00000-of-00006_0.png,1024,768,3
50.662642281778595,test-00000-of-00006_0.png,900,1200,3
356.2460979153723,test-00000-of-00006_0.png,332,432,3
7246.9250173115215,test-00000-of-00006_0.png,256,256,3
72.71048274555554,test-00000-of-00006_0.png,400,400,3
521.0137125651041,test-00000-of-00006_0.png,256,256,3
195.00664614527201,test-00000-of-00006_0.png,240,320,3
6960.79414806722,test-00000-of-00006_0.png,256,256,3
4652.583646242172,test-00000-of-00006_0.png,256,256,3
7201.532703958349,test-00000-of-00006_0.png,256,256,3
873.0556770393159,test-00000-of-00006_0.png,256,256,3
8030.164753325051,test-00000-of-00006_0.png,256,256,3
68.26576975739863,test-00000-of-00006_0.png,1024,768,3
4158.325865056366,test-00000-of-00006_0.png,256,256,3
2360.622909432761,test-00000-of-00006_0.png,1024,768,3
6053.4134379941715,test-00000-of-00006_0.png,256,256,3
7999.908278879088,test-00000-of-00006_0.png,256,256,3
108.2596108388629,test-00000-of-00006_0.png,1024,768,3
231.2441719541008,test-00000-of-00006_0.png,240,320,3
463.3868372017105,test-00000-of-00006_0.png,256,256,3
33.80912260866413,test-00000-of-00006_0.png,256,256,3
5.542551347735146,test-00000-of-00006_0.png,1024,1024,3
127.01209808883469,test-00000-of-00006_0.png,256,256,3
826.0695561287861,test-00000-of-00006_0.png,1024,768,3
604.367553392055,test-00000-of-00006_0.png,1024,1024,3
4432.887103483675,test-00000-of-00006_0.png,256,256,3
52.44977227650101,test-00000-of-00006_0.png,1024,768,3
56.75603435061769,test-00000-of-00006_0.png,256,256,3
29.172260759335927,test-00000-of-00006_0.png,400,400,3
32.188087162752396,test-00000-of-00006_0.png,1724,2296,3
131.59079553457096,test-00000-of-00006_0.png,1724,2296,3
884.9900756616596,test-00000-of-00006_0.png,800,600,3
5398.712517182033,test-00000-of-00006_0.png,256,256,3
15.625661763263892,test-00000-of-00006_0.png,400,400,3
1286.7573683525745,test-00000-of-00006_0.png,256,256,3
825.916136442084,test-00000-of-00006_0.png,640,480,3
2309.7187910595035,test-00000-of-00006_0.png,256,256,3
300.9286279574864,test-00000-of-00006_0.png,128,128,3
73.33899862286603,test-00000-of-00006_0.png,240,240,3
5461.916086650531,test-00000-of-00006_0.png,256,256,3
214.52633415374757,test-00000-of-00006_0.png,240,320,3
14.069916665815978,test-00000-of-00006_0.png,400,400,3
1723.38729181552,test-00000-of-00006_0.png,256,256,3
6.5288454672324105,test-00000-of-00006_0.png,1024,1024,3
7779.369480303154,test-00000-of-00006_0.png,256,256,3
114.93781589457977,test-00000-of-00006_0.png,256,256,3
4806.397357326311,test-00000-of-00006_0.png,256,256,3
2099.883668205582,test-00000-of-00006_0.png,1024,768,3
2246.1564213927427,test-00000-of-00006_0.png,256,256,3
61.129384453145384,test-00000-of-00006_0.png,1724,2296,3
15.316577858406394,test-00000-of-00006_0.png,1024,768,3
4397.496011913417,test-00000-of-00006_0.png,256,256,3
183.35065738957897,test-00000-of-00006_0.png,400,400,3
5353.831033114317,test-00000-of-00006_0.png,256,256,3
528.7033358665974,test-00000-of-00006_0.png,400,400,3
108.67316129797959,test-00000-of-00006_0.png,2062,3071,3
90.19750611274503,test-00000-of-00006_0.png,256,256,3
38.8513825951847,test-00000-of-00006_0.png,240,240,3
697.4651289382639,test-00000-of-00006_0.png,400,400,3
2342.633366669192,test-00000-of-00006_0.png,256,256,3
69.2140394403905,test-00000-of-00006_0.png,320,240,3
227.58416727067703,test-00000-of-00006_0.png,400,400,3
73.33899862286603,test-00000-of-00006_0.png,240,240,3
181.67565271401114,test-00000-of-00006_0.png,320,240,3
398.1254333831198,test-00000-of-00006_0.png,1724,2296,3
134.06331886658964,test-00000-of-00006_0.png,256,256,3
558.8369381841427,test-00000-of-00006_0.png,256,256,3
173.34383622564624,test-00000-of-00006_0.png,240,240,3
1127.3433785735524,test-00000-of-00006_0.png,256,256,3
63.503371765983516,test-00000-of-00006_0.png,1024,768,3
3722.4920904702353,test-00000-of-00006_0.png,256,256,3
402.6193788150998,test-00000-of-00006_0.png,400,400,3
3914.6682688177607,test-00000-of-00006_0.png,256,256,3
230.713746309566,test-00000-of-00006_0.png,400,400,3
5862.653305663003,test-00000-of-00006_0.png,256,256,3
7092.497131253179,test-00000-of-00006_0.png,256,256,3
469.51848957272836,test-00000-of-00006_0.png,734,500,3
38.21090536717544,test-00000-of-00006_0.png,240,240,3
230.58503363754912,test-00000-of-00006_0.png,256,256,3
158.69913333333332,test-00000-of-00006_0.png,500,500,3
24.37440213867746,test-00000-of-00006_0.png,1724,2296,3
37.33605154860677,test-00000-of-00006_0.png,400,400,3
708.4775271113548,test-00000-of-00006_0.png,256,256,3
3511.5618939424294,test-00000-of-00006_0.png,256,256,3
317.850026833177,test-00000-of-00006_0.png,400,400,3
501.26813526638875,test-00000-of-00006_0.png,400,400,3
3722.4920904702353,test-00000-of-00006_0.png,256,256,3
604.367553392055,test-00000-of-00006_0.png,1024,1024,3
147.31603925385187,test-00000-of-00006_0.png,640,480,3
1335.230542537808,test-00000-of-00006_0.png,400,400,3
4973.311274178922,test-00000-of-00006_0.png,256,256,3
938.7222495855359,test-00000-of-00006_0.png,1024,768,3
1910.0671671588502,test-00000-of-00006_0.png,400,400,3
61.2657047047047,test-00000-of-00006_0.png,1200,1110,3
660.0272405759121,test-00000-of-00006_0.png,256,256,3
820.3635021110629,test-00000-of-00006_0.png,480,640,3
6680.306796413303,test-00000-of-00006_0.png,256,256,3
10417.387224351964,test-00000-of-00006_0.png,256,256,3
47.08058271428749,test-00000-of-00006_0.png,900,1200,3
1212.627734034419,test-00000-of-00006_0.png,1024,768,3
21.430197362880005,test-00000-of-00006_0.png,1724,2296,3
325.86002338133983,test-00000-of-00006_0.png,1724,2296,3
126.95732219659722,test-00000-of-00006_0.png,400,400,3
3413.9433142387347,test-00000-of-00006_0.png,256,256,3
31.452283950617282,test-00000-of-00006_0.png,1200,900,3
356.2460979153723,test-00000-of-00006_0.png,332,432,3
1060.4080840311415,test-00000-of-00006_0.png,400,400,3
172.17812311264896,test-00000-of-00006_0.png,240,240,3
3219.858872331033,test-00000-of-00006_0.png,256,256,3
157.57935045160255,test-00000-of-00006_0.png,256,256,3
17.894787654314936,test-00000-of-00006_0.png,1200,900,3
1334.6794883341581,test-00000-of-00006_0.png,256,256,3
47.465561111111114,test-00000-of-00006_0.png,1200,900,3
225.6201938271605,test-00000-of-00006_0.png,900,1200,3
279.11498817709486,test-00000-of-00006_0.png,500,667,3
3511.5618939424294,test-00000-of-00006_0.png,256,256,3
121.28921333333334,test-00000-of-00006_0.png,500,500,3
73.40557822145063,test-00000-of-00006_0.png,240,240,3
4903.747842404759,test-00000-of-00006_0.png,256,256,3
974.2510316824897,test-00000-of-00006_0.png,256,256,3
75.86591591223707,test-00000-of-00006_0.png,1024,768,3
366.1240512188758,test-00000-of-00006_0.png,320,240,3
239.71267350608707,test-00000-of-00006_0.png,240,240,3
4803.663824088767,test-00000-of-00006_0.png,256,256,3
22.629252601232636,test-00000-of-00006_0.png,400,400,3
186.5167890755822,test-00000-of-00006_0.png,256,256,3
7570.42839780781,test-00000-of-00006_0.png,256,256,3
5902.612596418682,test-00000-of-00006_0.png,256,256,3
40.453713417460186,test-00000-of-00006_0.png,1724,2296,3
4822.4855388526075,test-00000-of-00006_0.png,256,256,3
3518.8454686663777,test-00000-of-00006_0.png,256,256,3
262.78694401226005,test-00000-of-00006_0.png,1024,768,3
1513.9854201904118,test-00000-of-00006_0.png,400,400,3
653.1448292967915,test-00000-of-00006_0.png,256,256,3
4507.675647427534,test-00000-of-00006_0.png,256,256,3
938.7222495855359,test-00000-of-00006_0.png,1024,768,3
263.4903306666667,test-00000-of-00006_0.png,500,500,3
303.4036595547158,test-00000-of-00006_0.png,256,256,3
317.850026833177,test-00000-of-00006_0.png,400,400,3
152.77455912589923,test-00000-of-00006_0.png,256,256,3
1130.0569655529944,test-00000-of-00006_0.png,1024,768,3
4158.325865056366,test-00000-of-00006_0.png,256,256,3
130.2569504833211,test-00000-of-00006_0.png,256,256,3
175.91398454234377,test-00000-of-00006_0.png,400,400,3
1060.4080840311415,test-00000-of-00006_0.png,400,400,3
634.9668578107119,test-00000-of-00006_0.png,256,256,3
5450.634280086159,test-00000-of-00006_0.png,256,256,3
32.80580786547896,test-00000-of-00006_0.png,1024,768,3
5795.468580953672,test-00000-of-00006_0.png,256,256,3
761.6795169180259,test-00000-of-00006_0.png,256,256,3
13.765214282773364,test-00000-of-00006_0.png,1024,768,3
72.23928382838284,test-00000-of-00006_0.png,1200,1010,3
720.9672727476185,test-00000-of-00006_0.png,256,256,3
10.334764732473863,test-00000-of-00006_0.png,1024,1024,3
2724.0354797833293,test-00000-of-00006_0.png,400,400,3
1406.0684116478596,test-00000-of-00006_0.png,128,128,3
2061.6500380192106,test-00000-of-00006_0.png,256,256,3
79.2487662251037,test-00000-of-00006_0.png,240,320,3
136.2748542825381,test-00000-of-00006_0.png,128,128,3
107.91053626684719,test-00000-of-00006_0.png,1124,1124,3
1771.6365792464635,test-00000-of-00006_0.png,1024,768,3
427.5133590251033,test-00000-of-00006_0.png,1024,768,3
45.77740227981184,test-00000-of-00006_0.png,1724,2296,3
7688.442302026683,test-00000-of-00006_0.png,256,256,3
155.8350744025651,test-00000-of-00006_0.png,400,400,3
82.46939635453131,test-00000-of-00006_0.png,1024,768,3
455.7050853960027,test-00000-of-00006_0.png,400,400,3
4352.788787631292,test-00000-of-00006_0.png,256,256,3
815.2476281060112,test-00000-of-00006_0.png,256,256,3
47.38083751416619,test-00000-of-00006_0.png,240,240,3
45.44500813522543,test-00000-of-00006_0.png,1024,768,3
235.07147463498262,test-00000-of-00006_0.png,400,400,3
4518.940199833673,test-00000-of-00006_0.png,256,256,3
13.558035838618203,test-00000-of-00006_0.png,1024,768,3
3069.919429314314,test-00000-of-00006_0.png,1024,768,3
345.1218062316624,test-00000-of-00006_0.png,400,400,3
324.24598485717775,test-00000-of-00006_0.png,240,320,3
5132.074056358982,test-00000-of-00006_0.png,256,256,3
10417.387224351964,test-00000-of-00006_0.png,256,256,3
747.2410614400367,test-00000-of-00006_0.png,1024,768,3
347.8661561728395,test-00000-of-00006_0.png,1200,900,3
2510.9553677884396,test-00000-of-00006_0.png,256,256,3
1166.3016661630843,test-00000-of-00006_0.png,480,640,3
4735.811030835922,test-00000-of-00006_0.png,256,256,3
78.38705348913244,test-00000-of-00006_0.png,1024,768,3
344.0210172265018,test-00000-of-00006_0.png,433,527,3
842.0187660277735,test-00000-of-00006_0.png,400,400,3
57.404827160493824,test-00000-of-00006_0.png,1200,900,3
186.14237541258794,test-00000-of-00006_0.png,256,111,3
2950.1570585779587,test-00000-of-00006_0.png,256,256,3
2198.2462971928758,test-00000-of-00006_0.png,1724,2296,3
550.3536298861578,test-00000-of-00006_0.png,1024,768,3
75.86591591223707,test-00000-of-00006_0.png,1024,768,3
42.319256790123454,test-00000-of-00006_0.png,1200,900,3
324.2144292855889,test-00000-of-00006_0.png,240,240,3
6053.4134379941715,test-00000-of-00006_0.png,256,256,3
27.41488145199607,test-00000-of-00006_0.png,1724,2296,3
2294.2487241451686,test-00000-of-00006_0.png,256,256,3
7208.694877874081,test-00000-of-00006_0.png,256,256,3
542.9898742280086,test-00000-of-00006_0.png,236,350,3
6660.556933705902,test-00000-of-00006_0.png,256,256,3
1986.3339477165111,test-00000-of-00006_0.png,640,480,3
672.3442696954926,test-00000-of-00006_0.png,667,500,3
873.0556770393159,test-00000-of-00006_0.png,256,256,3
5.062949778906538,test-00000-of-00006_0.png,1024,1024,3
2708.0471752775297,test-00000-of-00006_0.png,1024,768,3
720.9672727476185,test-00000-of-00006_0.png,256,256,3
7918.457561106087,test-00000-of-00006_0.png,256,256,3
325.86002338133983,test-00000-of-00006_0.png,1724,2296,3
3392.540161624524,test-00000-of-00006_0.png,256,256,3
547.2307981867666,test-00000-of-00006_0.png,400,400,3
3344.1390847560115,test-00000-of-00006_0.png,1024,768,3
196.3269606090104,test-00000-of-00006_0.png,400,400,3
7950.329369862462,test-00000-of-00006_0.png,256,256,3
186.5167890755822,test-00000-of-00006_0.png,256,256,3
1349.4741098600678,test-00000-of-00006_0.png,1024,768,3
159.95865427655815,test-00000-of-00006_0.png,400,400,3
182.6231966096832,test-00000-of-00006_0.png,400,400,3
155.8350744025651,test-00000-of-00006_0.png,400,400,3
61.70504494700122,test-00000-of-00006_0.png,1024,768,3
188.558133778316,test-00000-of-00006_0.png,400,400,3
3588.3245994205577,test-00000-of-00006_0.png,333,500,3
215.49489511593322,test-00000-of-00006_0.png,400,400,3
1217.6567844736242,test-00000-of-00006_0.png,1024,768,3
86.57566700534274,test-00000-of-00006_0.png,256,256,3
117.98356533606278,test-00000-of-00006_0.png,1200,977,3
69.12933209876543,test-00000-of-00006_0.png,1200,900,3
460.53634966433015,test-00000-of-00006_0.png,217,287,3
210.138955860949,test-00000-of-00006_0.png,240,240,3
7027.626561889399,test-00000-of-00006_0.png,256,256,3
148.33973644748264,test-00000-of-00006_0.png,240,320,3
268.66458326092004,test-00000-of-00006_0.png,240,320,3
33.0612141980142,test-00000-of-00006_0.png,1724,2296,3
1190.2008939736256,test-00000-of-00006_0.png,640,480,3
5733.923232681195,test-00000-of-00006_0.png,256,256,3
150.87871733333333,test-00000-of-00006_0.png,500,500,3
2077.9342762424785,test-00000-of-00006_0.png,640,480,3
7300.390177519682,test-00000-of-00006_0.png,256,256,3
287.68023662213807,test-00000-of-00006_0.png,480,640,3
286.4368392985026,test-00000-of-00006_0.png,240,320,3
3344.1390847560115,test-00000-of-00006_0.png,1024,768,3
950.880199461244,test-00000-of-00006_0.png,256,256,3
18.340475308641974,test-00000-of-00006_0.png,1200,900,3
110.24357644675506,test-00000-of-00006_0.png,128,128,3
7644.9786408328355,test-00000-of-00006_0.png,256,256,3
222.3935525146484,test-00000-of-00006_0.png,240,320,3
6982.116442638969,test-00000-of-00006_0.png,256,256,3
2858.655061344202,test-00000-of-00006_0.png,256,256,3
3177.668976822842,test-00000-of-00006_0.png,256,256,3
38.377068546392664,test-00000-of-00006_0.png,1724,2296,3
122.51187085939777,test-00000-of-00006_0.png,128,128,3
1075.895710784528,test-00000-of-00006_0.png,128,128,3
7.450061465688646,test-00000-of-00006_0.png,1024,1024,3
11.742045140256778,test-00000-of-00006_0.png,1024,1024,3
144.56466354365048,test-00000-of-00006_0.png,256,256,3
6309.612785623719,test-00000-of-00006_0.png,256,256,3
15998.198405184676,test-00000-of-00006_0.png,256,256,3
25.10295909118851,test-00000-of-00006_0.png,1024,768,3
37.796065281886214,test-00000-of-00006_0.png,1724,2296,3
616.7152504420114,test-00000-of-00006_0.png,128,128,3
172.25024292682076,test-00000-of-00006_0.png,240,240,3
158.27879357172387,test-00000-of-00006_0.png,128,128,3
233.3070990889229,test-00000-of-00006_0.png,256,256,3
604.367553392055,test-00000-of-00006_0.png,1024,1024,3
5965.974307057656,test-00000-of-00006_0.png,256,256,3
6685.262763490176,test-00000-of-00006_0.png,256,256,3
292.5178367855391,test-00000-of-00006_0.png,1024,768,3
22.65030185185185,test-00000-of-00006_0.png,1200,900,3
5690.909694780491,test-00000-of-00006_0.png,256,256,3
1418.1706362689436,test-00000-of-00006_0.png,640,480,3
101.66330147339528,test-00000-of-00006_0.png,126,256,3
5230.5454778671265,test-00000-of-00006_0.png,256,256,3
48.98377136223846,test-00000-of-00006_0.png,128,128,3
265.94778933333333,test-00000-of-00006_0.png,500,500,3
94.42957197463976,test-00000-of-00006_0.png,2000,3008,3
40.45797303680516,test-00000-of-00006_0.png,1024,768,3
262.8882209562744,test-00000-of-00006_0.png,240,240,3
383.793599843565,test-00000-of-00006_0.png,128,128,3
8108.929115540348,test-00000-of-00006_0.png,256,256,3
57.682126543209876,test-00000-of-00006_0.png,1200,900,3
23.760124719722224,test-00000-of-00006_0.png,400,400,3
19.272404320987654,test-00000-of-00006_0.png,1200,900,3
194.56907976625692,test-00000-of-00006_0.png,256,256,3
32.270835802469136,test-00000-of-00006_0.png,1200,900,3
697.6108981337553,test-00000-of-00006_0.png,256,256,3
2842.5239757162567,test-00000-of-00006_0.png,256,256,3
152.77455912589923,test-00000-of-00006_0.png,256,256,3
9.79231365521749,test-00000-of-00006_0.png,128,128,3
301.385248798071,test-00000-of-00006_0.png,1724,2296,3
324.19012240006515,test-00000-of-00006_0.png,400,400,3
737.5374195407818,test-00000-of-00006_0.png,256,256,3
2590.3907531851437,test-00000-of-00006_0.png,256,256,3
3375.9136767052114,test-00000-of-00006_0.png,256,256,3
25.151853086419752,test-00000-of-00006_0.png,1200,900,3
87.00218341623265,test-00000-of-00006_0.png,400,400,3
41.271861163575764,test-00000-of-00006_0.png,1024,768,3
160.74881595637945,test-00000-of-00006_0.png,320,240,3
62.13344154706597,test-00000-of-00006_0.png,400,400,3
295.19316071384975,test-00000-of-00006_0.png,400,400,3
15.676410280367541,test-00000-of-00006_0.png,1724,2296,3
3728.881780559715,test-00000-of-00006_0.png,256,256,3
3413.89408798327,test-00000-of-00006_0.png,256,256,3
3303.1473489526866,test-00000-of-00006_0.png,256,256,3
1075.895710784528,test-00000-of-00006_0.png,128,128,3
3.594784206400318,test-00000-of-00006_0.png,1024,768,3
285.0992211555165,test-00000-of-00006_0.png,400,400,3
3957.2910281046184,test-00000-of-00006_0.png,256,256,3
196.3269606090104,test-00000-of-00006_0.png,400,400,3
105.45484707853757,test-00000-of-00006_0.png,256,256,3
197.422944,test-00000-of-00006_0.png,500,500,3
4939.121796285086,test-00000-of-00006_0.png,256,256,3
109.03089567901235,test-00000-of-00006_0.png,1200,900,3
125.03248615630349,test-00000-of-00006_0.png,240,320,3
1372.2124621978487,test-00000-of-00006_0.png,1024,768,3
604.2460566315076,test-00000-of-00006_0.png,480,640,3
105.0584869372089,test-00000-of-00006_0.png,256,256,3
1729.941549683316,test-00000-of-00006_0.png,1024,768,3
243.9886148317213,test-00000-of-00006_0.png,800,1200,3
4.499461491882851,test-00000-of-00006_0.png,1024,1024,3
288.2328281786415,test-00000-of-00006_0.png,400,400,3
10219.56615092357,test-00000-of-00006_0.png,256,256,3
666.6520635042494,test-00000-of-00006_0.png,256,256,3
241.48672213895819,test-00000-of-00006_0.png,240,320,3
7.5810588185097325,test-00000-of-00006_0.png,1024,1024,3
85.89368712034388,test-00000-of-00006_0.png,1724,2296,3
101.79095334416667,test-00000-of-00006_0.png,400,400,3
20.33115089618094,test-00000-of-00006_0.png,1724,2296,3
568.5831791141493,test-00000-of-00006_0.png,125,256,3
5856.401687234225,test-00000-of-00006_0.png,256,256,3
177.45697766532086,test-00000-of-00006_0.png,256,256,3
290.36374378575545,test-00000-of-00006_0.png,1724,2296,3
50.34768888618594,test-00000-of-00006_0.png,1024,768,3
343.85758859102816,test-00000-of-00006_0.png,256,256,3
204.01177960730655,test-00000-of-00006_0.png,240,320,3
93.9163432288912,test-00000-of-00006_0.png,1024,768,3
230.713746309566,test-00000-of-00006_0.png,400,400,3
137.00306685514647,test-00000-of-00006_0.png,256,256,3
26.72855713111636,test-00000-of-00006_0.png,1200,1127,3
150.3059791309966,test-00000-of-00006_0.png,256,256,3
2984.577792818483,test-00000-of-00006_0.png,1024,768,3
18.340475308641974,test-00000-of-00006_0.png,1200,900,3
4012.0795624460766,test-00000-of-00006_0.png,256,256,3
61.650309244791664,test-00000-of-00006_0.png,256,256,3
2249.2580336520787,test-00000-of-00006_0.png,400,400,3
49.634560684363045,test-00000-of-00006_0.png,128,128,3
56.2060644982639,test-00000-of-00006_0.png,400,400,3
114.11500086461798,test-00000-of-00006_0.png,99,256,3
1499.7715733581117,test-00000-of-00006_0.png,256,256,3
126.59612405717638,test-00000-of-00006_0.png,240,320,3
6309.612785623719,test-00000-of-00006_0.png,256,256,3
3980.0814556243517,test-00000-of-00006_0.png,256,256,3
271.86188590434415,test-00000-of-00006_0.png,1724,2296,3
7216.034238772987,test-00000-of-00006_0.png,256,256,3
131.00603151749567,test-00000-of-00006_0.png,400,400,3
1117.3184300756288,test-00000-of-00006_0.png,256,256,3
675.1598103692135,test-00000-of-00006_0.png,256,256,3
312.0508696306237,test-00000-of-00006_0.png,256,256,3
88.03079278260059,test-00000-of-00006_0.png,256,256,3
78.38705348913244,test-00000-of-00006_0.png,1024,768,3
156.833998673492,test-00000-of-00006_0.png,128,128,3
1352.198491098182,test-00000-of-00006_0.png,640,480,3
811.0885887444273,test-00000-of-00006_0.png,400,400,3
53.2216894931788,test-00000-of-00006_0.png,240,240,3
141.3894504010417,test-00000-of-00006_0.png,400,400,3
68.66313357476247,test-00000-of-00006_0.png,1024,1024,3
40.716186837055055,test-00000-of-00006_0.png,1724,2296,3
1001.624461972222,test-00000-of-00006_0.png,400,400,3
125.08127755305556,test-00000-of-00006_0.png,400,400,3
4312.219149590547,test-00000-of-00006_0.png,256,256,3
5.26419798500289,test-00000-of-00006_0.png,1024,1024,3
734.4967291672272,test-00000-of-00006_0.png,480,640,3
692.582142226454,test-00000-of-00006_0.png,400,400,3
874.4439961312323,test-00000-of-00006_0.png,400,400,3
18.39989770800411,test-00000-of-00006_0.png,1024,1024,3
486.0278973128083,test-00000-of-00006_0.png,400,400,3
5485.307952194137,test-00000-of-00006_0.png,256,256,3
634.9668578107119,test-00000-of-00006_0.png,256,256,3
17.894787654314936,test-00000-of-00006_0.png,1200,900,3
6.643512386648278,test-00000-of-00006_0.png,1024,1024,3
3739.6225654876057,test-00000-of-00006_0.png,256,256,3
326.53268895916233,test-00000-of-00006_0.png,400,400,3
158.50188102728376,test-00000-of-00006_0.png,256,256,3
17.235448901090237,test-00000-of-00006_0.png,1024,768,3
1219.5414321471212,test-00000-of-00006_0.png,256,256,3
720.9672727476185,test-00000-of-00006_0.png,256,256,3
242.27435023914853,test-00000-of-00006_0.png,320,240,3
195.20437026807727,test-00000-of-00006_0.png,256,256,3
388.15801374407897,test-00000-of-00006_0.png,240,240,3
737.5374195407818,test-00000-of-00006_0.png,256,256,3
11791.305525243282,test-00000-of-00006_0.png,256,256,3
159.6746655178993,test-00000-of-00006_0.png,400,400,3
3413.89408798327,test-00000-of-00006_0.png,256,256,3
8.160190108751122,test-00000-of-00006_0.png,1024,1024,3
4119.93234633737,test-00000-of-00006_0.png,256,256,3
176.4757760759029,test-00000-of-00006_0.png,128,128,3
23.047346945555564,test-00000-of-00006_0.png,400,400,3
4542.661390108263,test-00000-of-00006_0.png,256,256,3
909.0681050464203,test-00000-of-00006_0.png,375,500,3
61.77840803681596,test-00000-of-00006_0.png,1724,2296,3
354.3968546060937,test-00000-of-00006_0.png,400,400,3
60.11830629532536,test-00000-of-00006_0.png,256,256,3
2197.8279489222655,test-00000-of-00006_0.png,256,256,3
236.2156017220659,test-00000-of-00006_0.png,400,400,3
1136.898745731761,test-00000-of-00006_0.png,128,128,3
10.334764732473863,test-00000-of-00006_0.png,1024,1024,3
467.78938224320467,test-00000-of-00006_0.png,480,640,3
79.81324821937501,test-00000-of-00006_0.png,400,400,3
4938.638390772017,test-00000-of-00006_0.png,256,256,3
798.6265876870659,test-00000-of-00006_0.png,400,400,3
62.02729685888701,test-00000-of-00006_0.png,1724,2296,3
1167.6106759494132,test-00000-of-00006_0.png,1024,768,3
633.3655230322732,test-00000-of-00006_0.png,1024,768,3
177.49235986260314,test-00000-of-00006_0.png,320,240,3
2.9259932828935167,test-00000-of-00006_0.png,1024,1024,3
451.67217631408244,test-00000-of-00006_0.png,297,300,3
297.2550743483007,test-00000-of-00006_0.png,256,256,3
138.67908994416456,test-00000-of-00006_0.png,1628,1506,3
149.6107685549392,test-00000-of-00006_0.png,256,256,3
49.08555917897158,test-00000-of-00006_0.png,128,128,3
141.32562219321167,test-00000-of-00006_0.png,320,240,3
143.02084480539924,test-00000-of-00006_0.png,400,400,3
175.6631606232639,test-00000-of-00006_0.png,400,400,3
79.93630472071365,test-00000-of-00006_0.png,256,256,3
4967.49760886217,test-00000-of-00006_0.png,256,256,3
4822.4855388526075,test-00000-of-00006_0.png,256,256,3
18.55681550130248,test-00000-of-00006_0.png,128,128,3
50.780761211696564,test-00000-of-00006_0.png,256,256,3
119.15058324882904,test-00000-of-00006_0.png,1724,2296,3
3548.821924599404,test-00000-of-00006_0.png,256,256,3
245.32698214806246,test-00000-of-00006_0.png,240,240,3
115.576626886137,test-00000-of-00006_0.png,240,320,3
56.930776580876255,test-00000-of-00006_0.png,1724,2296,3
150.43537094116212,test-00000-of-00006_0.png,320,240,3
3344.1390847560115,test-00000-of-00006_0.png,1024,768,3
553.9749918249305,test-00000-of-00006_0.png,400,400,3
11375.691287572081,test-00000-of-00006_0.png,256,256,3
1316.4947335040197,test-00000-of-00006_0.png,256,256,3
383.28478399700464,test-00000-of-00006_0.png,480,640,3
145.5049016663889,test-00000-of-00006_0.png,400,400,3
7432.644466199813,test-00000-of-00006_0.png,256,256,3
1300.803013197682,test-00000-of-00006_0.png,300,300,3
5477.963239937918,test-00000-of-00006_0.png,256,256,3
340.05403094448974,test-00000-of-00006_0.png,128,128,3
227.0224452373739,test-00000-of-00006_0.png,1724,2296,3
8438.880482634917,test-00000-of-00006_0.png,256,256,3
687.011049966389,test-00000-of-00006_0.png,400,400,3
2917.776614954873,test-00000-of-00006_0.png,1024,768,3
2839.295068755099,test-00000-of-00006_0.png,256,256,3
6363.981872794503,test-00000-of-00006_0.png,256,256,3
63.613216219233436,test-00000-of-00006_0.png,1024,1024,3
72.89211018940534,test-00000-of-00006_0.png,1724,2296,3
616.7152504420114,test-00000-of-00006_0.png,128,128,3
3480.0302778413875,test-00000-of-00006_0.png,256,256,3
242.27435023914853,test-00000-of-00006_0.png,320,240,3
123.59323930985676,test-00000-of-00006_0.png,400,400,3
5363.891234855451,test-00000-of-00006_0.png,256,256,3
238.27975512171784,test-00000-of-00006_0.png,256,256,3
262.69134987831586,test-00000-of-00006_0.png,400,400,3
288.2900791374826,test-00000-of-00006_0.png,400,400,3
345.1218062316624,test-00000-of-00006_0.png,400,400,3
6322.3521727562575,test-00000-of-00006_0.png,256,256,3
547.2307981867666,test-00000-of-00006_0.png,400,400,3
2433.950913567924,test-00000-of-00006_0.png,256,256,3
2258.5238509646556,test-00000-of-00006_0.png,1024,768,3
3867.8483416334625,test-00000-of-00006_0.png,256,256,3
5.949441604978282,test-00000-of-00006_0.png,576,768,3
214.35457339375796,test-00000-of-00006_0.png,256,256,3
262.59139826435904,test-00000-of-00006_0.png,256,256,3
1263.7113040139018,test-00000-of-00006_0.png,256,256,3
651.6331623970659,test-00000-of-00006_0.png,400,400,3
312.0508696306237,test-00000-of-00006_0.png,256,256,3
5266.295461239887,test-00000-of-00006_0.png,256,256,3
43.465378174931914,test-00000-of-00006_0.png,1024,768,3
11.788349151585459,test-00000-of-00006_0.png,1024,1024,3
47.93283615693346,test-00000-of-00006_0.png,256,256,3
5.522918060227508,test-00000-of-00006_0.png,1024,1024,3
21.66527222222222,test-00000-of-00006_0.png,1200,900,3
42.263354635487,test-00000-of-00006_0.png,128,128,3
5593.928429002331,test-00000-of-00006_0.png,256,256,3
7644.9786408328355,test-00000-of-00006_0.png,256,256,3
1196.875185592074,test-00000-of-00006_0.png,256,256,3
6685.262763490176,test-00000-of-00006_0.png,256,256,3
3292.726175796836,test-00000-of-00006_0.png,256,256,3
411.02039288709864,test-00000-of-00006_0.png,1024,768,3
8476.431132261952,test-00000-of-00006_0.png,256,256,3
3961.910459453757,test-00000-of-00006_0.png,256,256,3
1249.123767566126,test-00000-of-00006_0.png,1024,768,3
734.8849251248437,test-00000-of-00006_0.png,400,400,3
41.00399638889542,test-00000-of-00006_0.png,2112,2816,3
6080.209794389601,test-00000-of-00006_0.png,256,256,3
1619.4651698763998,test-00000-of-00006_0.png,256,256,3
4146.564208055303,test-00000-of-00006_0.png,256,256,3
153.97373651030813,test-00000-of-00006_0.png,400,400,3
287.4373098536,test-00000-of-00006_0.png,1724,2296,3
420.03337834197475,test-00000-of-00006_0.png,400,400,3
82.64462262019515,test-00000-of-00006_0.png,256,256,3
3691.995987361892,test-00000-of-00006_0.png,256,256,3
238.673008235677,test-00000-of-00006_0.png,240,320,3
205.38078933333333,test-00000-of-00006_0.png,500,500,3
299.84275392316175,test-00000-of-00006_0.png,256,256,3
3518.8454686663777,test-00000-of-00006_0.png,256,256,3
378.85894592538375,test-00000-of-00006_0.png,256,256,3
4973.311274178922,test-00000-of-00006_0.png,256,256,3
2342.633366669192,test-00000-of-00006_0.png,256,256,3
57.02375426763841,test-00000-of-00006_0.png,240,240,3
141.84215206822478,test-00000-of-00006_0.png,400,400,3
324.2144292855889,test-00000-of-00006_0.png,240,240,3
43.91708176045235,test-00000-of-00006_0.png,1724,2296,3
54.61681280791534,test-00000-of-00006_0.png,1024,768,3
470.6788103841245,test-00000-of-00006_0.png,128,128,3
1818.856313919106,test-00000-of-00006_0.png,280,347,3
1090.1847130391332,test-00000-of-00006_0.png,128,128,3
303.45600355782216,test-00000-of-00006_0.png,240,240,3
328.99701259615006,test-00000-of-00006_0.png,1724,2296,3
8472.786933794592,test-00000-of-00006_0.png,256,256,3
24.25940913746949,test-00000-of-00006_0.png,1024,768,3
61.129384453145384,test-00000-of-00006_0.png,1724,2296,3
924.2728996870574,test-00000-of-00006_0.png,256,256,3
219.10688876834078,test-00000-of-00006_0.png,256,256,3
350.1852038506771,test-00000-of-00006_0.png,400,400,3
1544.7147822077904,test-00000-of-00006_0.png,256,256,3
7206.441728902258,test-00000-of-00006_0.png,256,256,3
376.14044760802483,test-00000-of-00006_0.png,320,240,3
3691.995987361892,test-00000-of-00006_0.png,256,256,3
312.16579990138985,test-00000-of-00006_0.png,1024,768,3
129.16878252880028,test-00000-of-00006_0.png,256,256,3
9065.917525981216,test-00000-of-00006_0.png,256,256,3
40.09512920177976,test-00000-of-00006_0.png,1724,2296,3
38.009550281606,test-00000-of-00006_0.png,1024,1024,3
76.40693647993935,test-00000-of-00006_0.png,256,256,3
5402.80240642877,test-00000-of-00006_0.png,256,256,3
1130.1894537709513,test-00000-of-00006_0.png,640,480,3
3414.383418026337,test-00000-of-00006_0.png,1024,768,3
2371.3686064431204,test-00000-of-00006_0.png,1024,768,3
118.97210767350258,test-00000-of-00006_0.png,400,400,3
5687.467959581536,test-00000-of-00006_0.png,256,256,3
40.073525308641976,test-00000-of-00006_0.png,1200,900,3
103.75001692221662,test-00000-of-00006_0.png,1024,768,3
1381.6802548643964,test-00000-of-00006_0.png,1024,768,3
2.9259932828935167,test-00000-of-00006_0.png,1024,1024,3
45.3959859823859,test-00000-of-00006_0.png,1724,2296,3
207.08220579877312,test-00000-of-00006_0.png,240,320,3
2078.361581573433,test-00000-of-00006_0.png,400,400,3
255.57644527090574,test-00000-of-00006_0.png,1724,2296,3
4793.975795795105,test-00000-of-00006_0.png,256,256,3
12564.603245711885,test-00000-of-00006_0.png,256,256,3
2850.0861121185344,test-00000-of-00006_0.png,1024,768,3
180.39499782025814,test-00000-of-00006_0.png,128,128,3
170.63478945937064,test-00000-of-00006_0.png,400,400,3
87.59124120446438,test-00000-of-00006_0.png,256,256,3
8493.712646493455,test-00000-of-00006_0.png,256,256,3
2006.9626923346013,test-00000-of-00006_0.png,256,256,3
466.3025851095975,test-00000-of-00006_0.png,1724,2296,3
61.78837831936676,test-00000-of-00006_0.png,1024,768,3
4012.0795624460766,test-00000-of-00006_0.png,256,256,3
137.00306685514647,test-00000-of-00006_0.png,256,256,3
290.0943456101582,test-00000-of-00006_0.png,640,480,3
36.39005910992793,test-00000-of-00006_0.png,1024,768,3
150.0567306275997,test-00000-of-00006_0.png,128,128,3
431.07358848544936,test-00000-of-00006_0.png,1024,768,3
3961.910459453757,test-00000-of-00006_0.png,256,256,3
129.34370830692706,test-00000-of-00006_0.png,400,400,3
183.35065738957897,test-00000-of-00006_0.png,400,400,3
42.06319938271605,test-00000-of-00006_0.png,1200,900,3
115.29111728395061,test-00000-of-00006_0.png,1200,900,3
38.70149392978195,test-00000-of-00006_0.png,1724,2296,3
10534.676010214802,test-00000-of-00006_0.png,256,256,3
4740.127558382823,test-00000-of-00006_0.png,256,256,3
64.04570382638889,test-00000-of-00006_0.png,400,400,3
132.75885091747813,test-00000-of-00006_0.png,1024,768,3
400.8306375385802,test-00000-of-00006_0.png,320,240,3
5.324049313676255,test-00000-of-00006_0.png,1024,1024,3
237.02030227819662,test-00000-of-00006_0.png,256,256,3
77.35607339190226,test-00000-of-00006_0.png,1724,2296,3
683.7626359673264,test-00000-of-00006_0.png,768,1024,3
5402.80240642877,test-00000-of-00006_0.png,256,256,3
580.4074481990947,test-00000-of-00006_0.png,480,640,3
2708.0471752775297,test-00000-of-00006_0.png,1024,768,3
532.171226478954,test-00000-of-00006_0.png,400,400,3
1818.856313919106,test-00000-of-00006_0.png,280,347,3
375.2107126902168,test-00000-of-00006_0.png,256,256,3
36.992103703703705,test-00000-of-00006_0.png,900,1200,3
186.91936266666667,test-00000-of-00006_0.png,500,500,3
3544.087820022884,test-00000-of-00006_0.png,256,256,3
104.94216543209876,test-00000-of-00006_0.png,1200,900,3
4101.1346211395885,test-00000-of-00006_0.png,256,256,3
4.93526156577799,test-00000-of-00006_0.png,128,128,3
352.91846709408696,test-00000-of-00006_0.png,128,128,3
102.24360403291776,test-00000-of-00006_0.png,256,256,3
263.67374182248,test-00000-of-00006_0.png,1024,768,3
94.42957197463976,test-00000-of-00006_0.png,2000,3008,3
7376.00465307592,test-00000-of-00006_0.png,256,256,3
216.62873575759974,test-00000-of-00006_0.png,400,400,3
249.1897361678993,test-00000-of-00006_0.png,400,400,3
110.24357644675506,test-00000-of-00006_0.png,128,128,3
6281.390164694826,test-00000-of-00006_0.png,256,256,3
7092.497131253179,test-00000-of-00006_0.png,256,256,3
4234.9955233756655,test-00000-of-00006_0.png,256,256,3
2094.8832713137854,test-00000-of-00006_0.png,640,480,3
518.488665399083,test-00000-of-00006_0.png,1024,768,3
4712.370619346284,test-00000-of-00006_0.png,256,256,3
202.6530958217164,test-00000-of-00006_0.png,1024,768,3
48.23983263888889,test-00000-of-00006_0.png,400,400,3
1352.198491098182,test-00000-of-00006_0.png,640,480,3
364.35398295149207,test-00000-of-00006_0.png,256,256,3
307.4554849536283,test-00000-of-00006_0.png,240,320,3
156.66448917943572,test-00000-of-00006_0.png,256,256,3
69.51940318232583,test-00000-of-00006_0.png,1024,768,3
3457.392528181171,test-00000-of-00006_0.png,256,256,3
632.0047612224391,test-00000-of-00006_0.png,480,640,3
159.96351473279194,test-00000-of-00006_0.png,256,256,3
149.50488910670842,test-00000-of-00006_0.png,263,240,3
72.9515894359259,test-00000-of-00006_0.png,240,320,3
5332.680120656473,test-00000-of-00006_0.png,256,256,3
2.9259932828935167,test-00000-of-00006_0.png,1024,1024,3
826.0695561287861,test-00000-of-00006_0.png,1024,768,3
82.46939635453131,test-00000-of-00006_0.png,1024,768,3
209.75227112693435,test-00000-of-00006_0.png,1724,2296,3
716.6582845271,test-00000-of-00006_0.png,1024,768,3
48.590004938271605,test-00000-of-00006_0.png,1200,900,3
1149.1652757027703,test-00000-of-00006_0.png,256,256,3
11.19641049382716,test-00000-of-00006_0.png,1200,900,3
5.324049313676255,test-00000-of-00006_0.png,1024,1024,3
100.56704609677189,test-00000-of-00006_0.png,1024,768,3
61.2657047047047,test-00000-of-00006_0.png,1200,1110,3
4332.916654626113,test-00000-of-00006_0.png,256,256,3
3527.381948120245,test-00000-of-00006_0.png,256,256,3
211.7544520767318,test-00000-of-00006_0.png,400,400,3
127.95827482824347,test-00000-of-00006_0.png,2336,3504,3
1479.7402968033887,test-00000-of-00006_0.png,256,256,3
223.85472082592443,test-00000-of-00006_0.png,256,256,3
4553.895693083189,test-00000-of-00006_0.png,256,256,3
5556.2519759055385,test-00000-of-00006_0.png,256,256,3
84.78777352853733,test-00000-of-00006_0.png,400,400,3
47.9486777458195,test-00000-of-00006_0.png,1024,768,3
7721.19552816924,test-00000-of-00006_0.png,256,256,3
81.88489356268045,test-00000-of-00006_0.png,3264,2448,3
834.6641655654336,test-00000-of-00006_0.png,256,256,3
69.51940318232583,test-00000-of-00006_0.png,1024,768,3
201.3753762462306,test-00000-of-00006_0.png,1024,768,3
50.780761211696564,test-00000-of-00006_0.png,256,256,3
6509.109277090989,test-00000-of-00006_0.png,256,256,3
4257.938538104684,test-00000-of-00006_0.png,256,256,3
50.163767782423456,test-00000-of-00006_0.png,1024,768,3
102.34654065621599,test-00000-of-00006_0.png,1024,768,3
389.12008269462314,test-00000-of-00006_0.png,256,256,3
71.11235046363436,test-00000-of-00006_0.png,256,256,3
273.44774611581596,test-00000-of-00006_0.png,400,400,3
41.93775158856528,test-00000-of-00006_0.png,1024,1024,3
245.78509517818588,test-00000-of-00006_0.png,256,256,3
3769.8122530189057,test-00000-of-00006_0.png,640,480,3
629.7539839436172,test-00000-of-00006_0.png,1024,768,3
124.77482909698865,test-00000-of-00006_0.png,256,256,3
714.5693827519273,test-00000-of-00006_0.png,400,400,3
476.67401573675534,test-00000-of-00006_0.png,640,480,3
6527.838286089297,test-00000-of-00006_0.png,256,256,3
333.1233350256981,test-00000-of-00006_0.png,480,640,3
101.66330147339528,test-00000-of-00006_0.png,126,256,3
6991.766204034056,test-00000-of-00006_0.png,256,256,3
19.204647047527057,test-00000-of-00006_0.png,1724,2296,3
26.15117788593316,test-00000-of-00006_0.png,400,400,3
27.470556316345906,test-00000-of-00006_0.png,1724,2296,3
61.77840803681596,test-00000-of-00006_0.png,1724,2296,3
193.03490506668786,test-00000-of-00006_0.png,256,256,3
4060.397488320841,test-00000-of-00006_0.png,256,256,3
123.93982450516584,test-00000-of-00006_0.png,256,256,3
6424.464319554444,test-00000-of-00006_0.png,256,256,3
2851.712706165983,test-00000-of-00006_0.png,256,256,3
1829.120957618017,test-00000-of-00006_0.png,400,400,3
149.50488910670842,test-00000-of-00006_0.png,263,240,3
1544.7147822077904,test-00000-of-00006_0.png,256,256,3
2580.3623089491284,test-00000-of-00006_0.png,256,256,3
121.75789883606029,test-00000-of-00006_0.png,256,256,3
121.97780898447928,test-00000-of-00006_0.png,1024,768,3
3472.5416506166416,test-00000-of-00006_0.png,256,256,3
9.658204704173768,test-00000-of-00006_0.png,1024,1024,3
115.53112651159813,test-00000-of-00006_0.png,1724,2296,3
198.38796241930686,test-00000-of-00006_0.png,256,256,3
391.8534985180531,test-00000-of-00006_0.png,128,128,3
871.6692497866588,test-00000-of-00006_0.png,256,256,3
8.096011477541564,test-00000-of-00006_0.png,1024,1024,3
6193.669228367406,test-00000-of-00006_0.png,256,256,3
5135.521184736837,test-00000-of-00006_0.png,256,256,3
66.92403665972222,test-00000-of-00006_0.png,400,400,3
288.92255598263205,test-00000-of-00006_0.png,320,240,3
237.29129169881344,test-00000-of-00006_0.png,128,128,3
568.5831791141493,test-00000-of-00006_0.png,125,256,3
1130.1894537709513,test-00000-of-00006_0.png,640,480,3
18.202037371683545,test-00000-of-00006_0.png,1024,768,3
13.552972628010643,test-00000-of-00006_0.png,128,128,3
110.08830261207186,test-00000-of-00006_0.png,256,256,3
731.3458349439834,test-00000-of-00006_0.png,128,128,3
592.8484620940993,test-00000-of-00006_0.png,1024,768,3
222.39500935779265,test-00000-of-00006_0.png,256,256,3
6647.318970768999,test-00000-of-00006_0.png,256,256,3
72.57503734277344,test-00000-of-00006_0.png,400,400,3
144.02385660556686,test-00000-of-00006_0.png,1024,768,3
38.009550281606,test-00000-of-00006_0.png,1024,1024,3
436.5014270089602,test-00000-of-00006_0.png,1390,1236,3
8.29081258971807,test-00000-of-00006_0.png,1024,768,3
14.069916665815978,test-00000-of-00006_0.png,400,400,3
3691.995987361892,test-00000-of-00006_0.png,256,256,3
259.61027111447487,test-00000-of-00006_0.png,400,400,3
392.58358882822927,test-00000-of-00006_0.png,128,128,3
88.8960547849867,test-00000-of-00006_0.png,240,320,3
21221.918206023565,test-00000-of-00006_0.png,256,256,3
5.547109234617181,test-00000-of-00006_0.png,1024,1024,3
473.8536068777927,test-00000-of-00006_0.png,525,700,3
162.8932075736152,test-00000-of-00006_0.png,320,240,3
348.8215156749826,test-00000-of-00006_0.png,400,400,3
8438.880482634917,test-00000-of-00006_0.png,256,256,3
31.769279777037834,test-00000-of-00006_0.png,1724,2296,3
9666.380701854725,test-00000-of-00006_0.png,256,256,3
8970.85012035442,test-00000-of-00006_0.png,256,256,3
27.470556316345906,test-00000-of-00006_0.png,1724,2296,3
46.626909810573935,test-00000-of-00006_0.png,1200,1179,3
11.061920092888839,test-00000-of-00006_0.png,1024,768,3
32.188087162752396,test-00000-of-00006_0.png,1724,2296,3
5.26419798500289,test-00000-of-00006_0.png,1024,1024,3
19743.336137710736,test-00000-of-00006_0.png,256,256,3
72.57503734277344,test-00000-of-00006_0.png,400,400,3
5220.959155258101,test-00000-of-00006_0.png,256,256,3
139.32201985817707,test-00000-of-00006_0.png,400,400,3
4467.205348294823,test-00000-of-00006_0.png,256,256,3
1334.6794883341581,test-00000-of-00006_0.png,256,256,3
2197.8279489222655,test-00000-of-00006_0.png,256,256,3
215.45699756083553,test-00000-of-00006_0.png,320,240,3
213.619706344091,test-00000-of-00006_0.png,1024,768,3
26.813824890462218,test-00000-of-00006_0.png,3264,2448,3
42.49794351474611,test-00000-of-00006_0.png,900,1200,3
4158.325865056366,test-00000-of-00006_0.png,256,256,3
4209.021292570856,test-00000-of-00006_0.png,1024,768,3
3041.7765707651356,test-00000-of-00006_0.png,640,480,3
277.9207105124391,test-00000-of-00006_0.png,320,240,3
4595.4040195841535,test-00000-of-00006_0.png,256,256,3
5856.401687234225,test-00000-of-00006_0.png,256,256,3
88.27593817383837,test-00000-of-00006_0.png,1724,2296,3
116.27433529123664,test-00000-of-00006_0.png,256,256,3
8.160190108751122,test-00000-of-00006_0.png,1024,1024,3
31.480005526358823,test-00000-of-00006_0.png,1024,768,3
6689.606128242177,test-00000-of-00006_0.png,256,256,3
3837.682565988662,test-00000-of-00006_0.png,256,256,3
3800.068219245695,test-00000-of-00006_0.png,256,256,3
281.0581689964193,test-00000-of-00006_0.png,400,400,3
8536.583988711134,test-00000-of-00006_0.png,256,256,3
117.69225508130909,test-00000-of-00006_0.png,1024,1024,3
38.30286777699867,test-00000-of-00006_0.png,1024,768,3
211.7544520767318,test-00000-of-00006_0.png,400,400,3
530.3756472733289,test-00000-of-00006_0.png,400,400,3
636.9567311290812,test-00000-of-00006_0.png,1724,2296,3
288.2328281786415,test-00000-of-00006_0.png,400,400,3
954.8804282877178,test-00000-of-00006_0.png,256,256,3
460.53634966433015,test-00000-of-00006_0.png,217,287,3
289.8508998677041,test-00000-of-00006_0.png,400,400,3
375.00065190447464,test-00000-of-00006_0.png,400,400,3
80.80508829029795,test-00000-of-00006_0.png,256,256,3
270.86958757230445,test-00000-of-00006_0.png,240,240,3
8634.59310391535,test-00000-of-00006_0.png,256,256,3
1451.3594721182146,test-00000-of-00006_0.png,256,256,3
587.2669490153335,test-00000-of-00006_0.png,1024,768,3
2686.0293100966505,test-00000-of-00006_0.png,256,256,3
113.04691251083183,test-00000-of-00006_0.png,320,240,3
225.6201938271605,test-00000-of-00006_0.png,900,1200,3
240.0308546865769,test-00000-of-00006_0.png,320,240,3
64.32459452931975,test-00000-of-00006_0.png,256,256,3
42.03391049382138,test-00000-of-00006_0.png,1200,900,3
364.1384096788194,test-00000-of-00006_0.png,240,320,3
12.13364334281222,test-00000-of-00006_0.png,1024,1024,3
56.75041146784443,test-00000-of-00006_0.png,240,240,3
642.7243203936962,test-00000-of-00006_0.png,1724,2296,3
1292.7644650898874,test-00000-of-00006_0.png,128,128,3
39.44546315195557,test-00000-of-00006_0.png,256,256,3
157.7099428746918,test-00000-of-00006_0.png,240,320,3
1513.9854201904118,test-00000-of-00006_0.png,400,400,3
201.76313628235187,test-00000-of-00006_0.png,1024,768,3
6820.67609733589,test-00000-of-00006_0.png,256,256,3
184.70175292071266,test-00000-of-00006_0.png,256,256,3
2505.224103208942,test-00000-of-00006_0.png,256,256,3
626.5752218755168,test-00000-of-00006_0.png,400,400,3
4.827925945176365,test-00000-of-00006_0.png,576,768,3
158.50188102728376,test-00000-of-00006_0.png,256,256,3
6527.838286089297,test-00000-of-00006_0.png,256,256,3
131.00603151749567,test-00000-of-00006_0.png,400,400,3
787.3998712440953,test-00000-of-00006_0.png,256,256,3
347.24041386907345,test-00000-of-00006_0.png,600,800,3
354.3968546060937,test-00000-of-00006_0.png,400,400,3
40.453713417460186,test-00000-of-00006_0.png,1724,2296,3
1983.2350191569167,test-00000-of-00006_0.png,256,256,3
5.949441604978282,test-00000-of-00006_0.png,576,768,3
110.24357644675506,test-00000-of-00006_0.png,128,128,3
2281.5797426684035,test-00000-of-00006_0.png,256,256,3
54.55669138818564,test-00000-of-00006_0.png,256,256,3
201.3753762462306,test-00000-of-00006_0.png,1024,768,3
3580.7446581024883,test-00000-of-00006_0.png,256,256,3
127.78159928153465,test-00000-of-00006_0.png,325,765,3
391.8534985180531,test-00000-of-00006_0.png,128,128,3
636.961991426742,test-00000-of-00006_0.png,256,256,3
2692.3310492419537,test-00000-of-00006_0.png,256,256,3
2825.4640709695464,test-00000-of-00006_0.png,256,256,3
761.6795169180259,test-00000-of-00006_0.png,256,256,3
56.75041146784443,test-00000-of-00006_0.png,240,240,3
271.7336886608151,test-00000-of-00006_0.png,1724,2296,3
49.574293745829,test-00000-of-00006_0.png,400,400,3
20.628259440263108,test-00000-of-00006_0.png,1024,768,3
853.6472867567317,test-00000-of-00006_0.png,400,400,3
108.2596108388629,test-00000-of-00006_0.png,1024,768,3
3738.3317069193704,test-00000-of-00006_0.png,256,256,3
209.95399145386182,test-00000-of-00006_0.png,256,256,3
834.9756551839192,test-00000-of-00006_0.png,400,400,3
242.13682088874168,test-00000-of-00006_0.png,256,256,3
31.452283950617282,test-00000-of-00006_0.png,1200,900,3
8.862017313322406,test-00000-of-00006_0.png,1024,768,3
158.11773421071365,test-00000-of-00006_0.png,240,320,3
54.34106901900702,test-00000-of-00006_0.png,1024,768,3
112.33390813031131,test-00000-of-00006_0.png,128,128,3
236.5337236621934,test-00000-of-00006_0.png,256,256,3
46.9491820897851,test-00000-of-00006_0.png,1724,2296,3
382.4588656427041,test-00000-of-00006_0.png,400,400,3
125.17266281174186,test-00000-of-00006_0.png,256,256,3
1080.1403351746098,test-00000-of-00006_0.png,1724,2296,3
1829.120957618017,test-00000-of-00006_0.png,400,400,3
566.1127442088281,test-00000-of-00006_0.png,1024,768,3
2203.9660292554126,test-00000-of-00006_0.png,1024,768,3
13657.059131012918,test-00000-of-00006_0.png,256,256,3
83.03473027435082,test-00000-of-00006_0.png,1024,768,3
2806.7018987840397,test-00000-of-00006_0.png,256,256,3
462.1503953122431,test-00000-of-00006_0.png,256,256,3
158.50188102728376,test-00000-of-00006_0.png,256,256,3
132.4589370488862,test-00000-of-00006_0.png,256,256,3
125.03248615630349,test-00000-of-00006_0.png,240,320,3
2825.4640709695464,test-00000-of-00006_0.png,256,256,3
162.25577417611748,test-00000-of-00006_0.png,240,240,3
19.026196296296295,test-00000-of-00006_0.png,900,1200,3
31.769279777037834,test-00000-of-00006_0.png,1724,2296,3
75.86591591223707,test-00000-of-00006_0.png,1024,768,3
63.57555507682251,test-00000-of-00006_0.png,1024,768,3
242.27435023914853,test-00000-of-00006_0.png,320,240,3
150.30318198109268,test-00000-of-00006_0.png,200,320,3
57.929255164512945,test-00000-of-00006_0.png,256,256,3
4057.5510018256755,test-00000-of-00006_0.png,1024,768,3
6122.01750485061,test-00000-of-00006_0.png,256,256,3
1247.7413630476221,test-00000-of-00006_0.png,256,256,3
226.5902611832612,test-00000-of-00006_0.png,1200,1155,3
6.77362578133913,test-00000-of-00006_0.png,1024,1024,3
191.99406148606286,test-00000-of-00006_0.png,240,240,3
5627.38143010973,test-00000-of-00006_0.png,256,256,3
7.043698944207084,test-00000-of-00006_0.png,1024,1024,3
8562.035525524678,test-00000-of-00006_0.png,256,256,3
2643.115970371499,test-00000-of-00006_0.png,256,256,3
157.1539495956557,test-00000-of-00006_0.png,1024,768,3
26.52609230315977,test-00000-of-00006_0.png,1724,2296,3
90.19750611274503,test-00000-of-00006_0.png,256,256,3
7184.103016164154,test-00000-of-00006_0.png,256,256,3
88.74621700906638,test-00000-of-00006_0.png,320,240,3
450.5159768126905,test-00000-of-00006_0.png,128,128,3
123.59323930985676,test-00000-of-00006_0.png,400,400,3
270.86958757230445,test-00000-of-00006_0.png,240,240,3
27.136667918135053,test-00000-of-00006_0.png,1024,768,3
164.2061194634331,test-00000-of-00006_0.png,320,240,3
638.0768972932246,test-00000-of-00006_0.png,400,400,3
953.379987993174,test-00000-of-00006_0.png,256,256,3
151.29258542957896,test-00000-of-00006_0.png,400,400,3
58.59892356957893,test-00000-of-00006_0.png,1024,768,3
150.19207466666666,test-00000-of-00006_0.png,500,500,3
59.618118200212635,test-00000-of-00006_0.png,240,320,3
123.59323930985676,test-00000-of-00006_0.png,400,400,3
1162.7429865489844,test-00000-of-00006_0.png,1024,768,3
88.8960547849867,test-00000-of-00006_0.png,240,320,3
283.29283782095166,test-00000-of-00006_0.png,1724,2296,3
5867.608507221542,test-00000-of-00006_0.png,256,256,3
365.6934840614752,test-00000-of-00006_0.png,256,256,3
6221.745572108543,test-00000-of-00006_0.png,256,256,3
109.37725221828886,test-00000-of-00006_0.png,240,320,3
135.32643635560655,test-00000-of-00006_0.png,256,256,3
5217.4968236846225,test-00000-of-00006_0.png,256,256,3
219.68255733333334,test-00000-of-00006_0.png,500,500,3
630.5072323877573,test-00000-of-00006_0.png,256,256,3
383.793599843565,test-00000-of-00006_0.png,128,128,3
4.827051356821256,test-00000-of-00006_0.png,1024,768,3
338.3994495139405,test-00000-of-00006_0.png,1724,2296,3
73.65133187328294,test-00000-of-00006_0.png,1119,1019,3
383.47834302206604,test-00000-of-00006_0.png,400,400,3
1565.943020747328,test-00000-of-00006_0.png,256,256,3
479.49792010956565,test-00000-of-00006_0.png,400,400,3
5.389436124099626,test-00000-of-00006_0.png,128,128,3
697.6108981337553,test-00000-of-00006_0.png,256,256,3
84.46857035317124,test-00000-of-00006_0.png,320,240,3
331.89625642789775,test-00000-of-00006_0.png,240,240,3
222.52991986608262,test-00000-of-00006_0.png,1024,1024,3
127.01209808883469,test-00000-of-00006_0.png,256,256,3
5608.087402563852,test-00000-of-00006_0.png,256,256,3
199.97423013192704,test-00000-of-00006_0.png,400,400,3
18.419197822257956,test-00000-of-00006_0.png,1024,1024,3
501.26813526638875,test-00000-of-00006_0.png,400,400,3
40.716186837055055,test-00000-of-00006_0.png,1724,2296,3
7.043698944207084,test-00000-of-00006_0.png,1024,1024,3
528.7033358665974,test-00000-of-00006_0.png,400,400,3
1298.9283043812322,test-00000-of-00006_0.png,400,400,3
136.2868668061998,test-00000-of-00006_0.png,320,240,3
3733.686800144509,test-00000-of-00006_0.png,256,256,3
49.652256422330474,test-00000-of-00006_0.png,1024,768,3
734.4967291672272,test-00000-of-00006_0.png,480,640,3
373.00703763835025,test-00000-of-00006_0.png,256,256,3
2245.475497510595,test-00000-of-00006_0.png,256,256,3
556.1710590202425,test-00000-of-00006_0.png,320,240,3
41.62022611694001,test-00000-of-00006_0.png,1024,768,3
7954.295193803704,test-00000-of-00006_0.png,256,256,3
4296.04214121898,test-00000-of-00006_0.png,256,256,3
5219.315128233051,test-00000-of-00006_0.png,256,256,3
326.53268895916233,test-00000-of-00006_0.png,400,400,3
84.96416006999114,test-00000-of-00006_0.png,1024,768,3
131.00603151749567,test-00000-of-00006_0.png,400,400,3
6.370116313847562,test-00000-of-00006_0.png,1024,768,3
4032.4493593896163,test-00000-of-00006_0.png,256,256,3
667.7726808785358,test-00000-of-00006_0.png,256,256,3
1181.1846411855015,test-00000-of-00006_0.png,256,256,3
7.043698944207084,test-00000-of-00006_0.png,1024,1024,3
328.99701259615006,test-00000-of-00006_0.png,1724,2296,3
47.08058271428749,test-00000-of-00006_0.png,900,1200,3
61.663096931245455,test-00000-of-00006_0.png,1024,768,3
134.38483168927226,test-00000-of-00006_0.png,256,256,3
490.17165032857,test-00000-of-00006_0.png,256,256,3
47.08058271428749,test-00000-of-00006_0.png,900,1200,3
139.38728073506047,test-00000-of-00006_0.png,1024,1024,3
587.2669490153335,test-00000-of-00006_0.png,1024,768,3
137.00306685514647,test-00000-of-00006_0.png,256,256,3
448.3014151294662,test-00000-of-00006_0.png,480,640,3
52.65715250487802,test-00000-of-00006_0.png,1724,2296,3
681.2546851963184,test-00000-of-00006_0.png,1724,2296,3
41.93775158856528,test-00000-of-00006_0.png,1024,1024,3
1574.5806791054874,test-00000-of-00006_0.png,1024,768,3
35.67634070540468,test-00000-of-00006_0.png,256,256,3
105.45484707853757,test-00000-of-00006_0.png,256,256,3
13.765214282773364,test-00000-of-00006_0.png,1024,768,3
1368.057318449396,test-00000-of-00006_0.png,1024,768,3
1536.3240270218705,test-00000-of-00006_0.png,400,400,3
954.8835518354123,test-00000-of-00006_0.png,400,400,3
4938.638390772017,test-00000-of-00006_0.png,256,256,3
34.22753703703704,test-00000-of-00006_0.png,900,1200,3
68.58304763461153,test-00000-of-00006_0.png,128,128,3
50.662642281778595,test-00000-of-00006_0.png,900,1200,3
732.6664352270791,test-00000-of-00006_0.png,400,400,3
149.50488910670842,test-00000-of-00006_0.png,263,240,3
2089.437153882758,test-00000-of-00006_0.png,640,480,3
1388.271541842357,test-00000-of-00006_0.png,400,400,3
105.0584869372089,test-00000-of-00006_0.png,256,256,3
394.5957083776213,test-00000-of-00006_0.png,480,640,3
343.85758859102816,test-00000-of-00006_0.png,256,256,3
19965.789425621013,test-00000-of-00006_0.png,256,256,3
110.35811183496091,test-00000-of-00006_0.png,400,400,3
4472.157937684718,test-00000-of-00006_0.png,256,256,3
18.216781149747497,test-00000-of-00006_0.png,1024,768,3
700.6992657697875,test-00000-of-00006_0.png,400,400,3
140.4634535377604,test-00000-of-00006_0.png,400,400,3
200.97281360755733,test-00000-of-00006_0.png,480,640,3
290.4856262207031,test-00000-of-00006_0.png,256,256,3
57.02375426763841,test-00000-of-00006_0.png,240,240,3
1628.5295123354426,test-00000-of-00006_0.png,256,256,3
892.5920150774376,test-00000-of-00006_0.png,256,256,3
195.20437026807727,test-00000-of-00006_0.png,256,256,3
271.39494666666667,test-00000-of-00006_0.png,500,500,3
756.0947574074074,test-00000-of-00006_0.png,1200,900,3
416.891105486287,test-00000-of-00006_0.png,128,128,3
334.7425382739295,test-00000-of-00006_0.png,256,256,3
191.99406148606286,test-00000-of-00006_0.png,240,240,3
165.3681326315582,test-00000-of-00006_0.png,400,400,3
36.26717216361593,test-00000-of-00006_0.png,1724,2296,3
42.263354635487,test-00000-of-00006_0.png,128,128,3
23408.423615101074,test-00000-of-00006_0.png,256,256,3
5114.132262935136,test-00000-of-00006_0.png,256,256,3
85.54341466794016,test-00000-of-00006_0.png,1724,2296,3
8026.788890093466,test-00000-of-00006_0.png,256,256,3
8.497034677193975,test-00000-of-00006_0.png,1024,1024,3
5179.4658579848865,test-00000-of-00006_0.png,256,256,3
7340.075520607229,test-00000-of-00006_0.png,256,256,3
51.46098751323814,test-00000-of-00006_0.png,256,256,3
26.813824890462218,test-00000-of-00006_0.png,3264,2448,3
214.0271943803993,test-00000-of-00006_0.png,400,400,3
7021.350096980627,test-00000-of-00006_0.png,256,256,3
156.48703518258927,test-00000-of-00006_0.png,256,256,3
1654.8493225424452,test-00000-of-00006_0.png,256,256,3
373.00703763835025,test-00000-of-00006_0.png,256,256,3
6526.122997703548,test-00000-of-00006_0.png,256,256,3
42.115306172655075,test-00000-of-00006_0.png,900,1200,3
324.19012240006515,test-00000-of-00006_0.png,400,400,3
180.39499782025814,test-00000-of-00006_0.png,128,128,3
221.15982875304027,test-00000-of-00006_0.png,1724,2296,3
77.35607339190226,test-00000-of-00006_0.png,1724,2296,3
268.66458326092004,test-00000-of-00006_0.png,240,320,3
4200.605835991575,test-00000-of-00006_0.png,256,256,3
45.458263164672005,test-00000-of-00006_0.png,240,240,3
531.509879941454,test-00000-of-00006_0.png,400,400,3
1959.3883382147178,test-00000-of-00006_0.png,256,256,3
8970.85012035442,test-00000-of-00006_0.png,256,256,3
6560.394363128864,test-00000-of-00006_0.png,256,256,3
49.46806020331599,test-00000-of-00006_0.png,400,400,3
1910.0671671588502,test-00000-of-00006_0.png,400,400,3
4.223954200739668,test-00000-of-00006_0.png,1024,1024,3
672.1352280393863,test-00000-of-00006_0.png,256,256,3
42.70454065004992,test-00000-of-00006_0.png,1024,768,3
190.74752898103733,test-00000-of-00006_0.png,400,400,3
2850.0861121185344,test-00000-of-00006_0.png,1024,768,3
353.4755665228994,test-00000-of-00006_0.png,400,400,3
230.713746309566,test-00000-of-00006_0.png,400,400,3
2866.308730944888,test-00000-of-00006_0.png,256,256,3
4431.2054304504345,test-00000-of-00006_0.png,256,256,3
4032.4493593896163,test-00000-of-00006_0.png,256,256,3
6660.556933705902,test-00000-of-00006_0.png,256,256,3
5953.760653155933,test-00000-of-00006_0.png,256,256,3
112.19433148148148,test-00000-of-00006_0.png,1200,900,3
12.141265812398224,test-00000-of-00006_0.png,1024,768,3
3622.9790763751494,test-00000-of-00006_0.png,256,256,3
364.35398295149207,test-00000-of-00006_0.png,256,256,3
136.0237375892854,test-00000-of-00006_0.png,256,256,3
1849.7909991682973,test-00000-of-00006_0.png,256,256,3
143.02084480539924,test-00000-of-00006_0.png,400,400,3
123.34269731867288,test-00000-of-00006_0.png,240,320,3
191.7520048068552,test-00000-of-00006_0.png,1724,2296,3
235.23155962206593,test-00000-of-00006_0.png,400,400,3
6196.429500682047,test-00000-of-00006_0.png,256,256,3
20.28643888888889,test-00000-of-00006_0.png,1200,900,3
12384.519506851831,test-00000-of-00006_0.png,256,256,3
214.01792689639035,test-00000-of-00006_0.png,1024,768,3
382.4588656427041,test-00000-of-00006_0.png,400,400,3
672.1352280393863,test-00000-of-00006_0.png,256,256,3
726.1380816743707,test-00000-of-00006_0.png,400,400,3
1945.4369303334709,test-00000-of-00006_0.png,256,256,3
68.84504076250657,test-00000-of-00006_0.png,1724,2296,3
726.1380816743707,test-00000-of-00006_0.png,400,400,3
2959.4041361566374,test-00000-of-00006_0.png,256,256,3
1758.2908412329596,test-00000-of-00006_0.png,256,256,3
4431.2054304504345,test-00000-of-00006_0.png,256,256,3
6426.926069513352,test-00000-of-00006_0.png,256,256,3
22.629252601232636,test-00000-of-00006_0.png,400,400,3
1090.396868640485,test-00000-of-00006_0.png,1024,768,3
1959.3883382147178,test-00000-of-00006_0.png,256,256,3
88.24494871555552,test-00000-of-00006_0.png,400,400,3
3434.293161070595,test-00000-of-00006_0.png,256,256,3
54.85246543209877,test-00000-of-00006_0.png,1200,900,3
109.09846080220193,test-00000-of-00006_0.png,1200,900,3
127.78159928153465,test-00000-of-00006_0.png,325,765,3
5.124690968474588,test-00000-of-00006_0.png,576,768,3
62.07505364805666,test-00000-of-00006_0.png,1024,768,3
21.430197362880005,test-00000-of-00006_0.png,1724,2296,3
55.949909622101956,test-00000-of-00006_0.png,1024,768,3
95.83694575877003,test-00000-of-00006_0.png,1024,768,3
230.713746309566,test-00000-of-00006_0.png,400,400,3
10378.93018483453,test-00000-of-00006_0.png,256,256,3
5930.331929828972,test-00000-of-00006_0.png,256,256,3
205.38078933333333,test-00000-of-00006_0.png,500,500,3
111.27366637974046,test-00000-of-00006_0.png,256,256,3
83.94126666666666,test-00000-of-00006_0.png,500,500,3
4652.583646242172,test-00000-of-00006_0.png,256,256,3
1136.898745731761,test-00000-of-00006_0.png,128,128,3
2089.437153882758,test-00000-of-00006_0.png,640,480,3
1008.0918209608291,test-00000-of-00006_0.png,400,400,3
262.78694401226005,test-00000-of-00006_0.png,1024,768,3
297.2550743483007,test-00000-of-00006_0.png,256,256,3
51.46098751323814,test-00000-of-00006_0.png,256,256,3
218.50308502604162,test-00000-of-00006_0.png,240,320,3
350.1852038506771,test-00000-of-00006_0.png,400,400,3
5.26419798500289,test-00000-of-00006_0.png,1024,1024,3
194.81044831422406,test-00000-of-00006_0.png,240,320,3
146.490528,test-00000-of-00006_0.png,500,500,3
26.813824890462218,test-00000-of-00006_0.png,3264,2448,3
94.32394035491943,test-00000-of-00006_0.png,240,320,3
31.480005526358823,test-00000-of-00006_0.png,1024,768,3
1123.2893162681494,test-00000-of-00006_0.png,1024,768,3
19.983492197063402,test-00000-of-00006_0.png,1024,768,3
150.43537094116212,test-00000-of-00006_0.png,320,240,3
57.02375426763841,test-00000-of-00006_0.png,240,240,3
198.98230666666666,test-00000-of-00006_0.png,500,500,3
636.961991426742,test-00000-of-00006_0.png,256,256,3
399.7486073233335,test-00000-of-00006_0.png,400,400,3
356.18061400111117,test-00000-of-00006_0.png,1024,768,3
4099.35184893964,test-00000-of-00006_0.png,256,256,3
193.08902041373966,test-00000-of-00006_0.png,240,240,3
99.40247072222225,test-00000-of-00006_0.png,400,400,3
13.526131591473321,test-00000-of-00006_0.png,1024,1024,3
5279.161781843752,test-00000-of-00006_0.png,256,256,3
580.9438048208721,test-00000-of-00006_0.png,480,640,3
28.611081410748437,test-00000-of-00006_0.png,1024,768,3
95.83694575877003,test-00000-of-00006_0.png,1024,768,3
72.89815848729157,test-00000-of-00006_0.png,1724,2296,3
509.19827372758687,test-00000-of-00006_0.png,640,480,3
2422.492633371614,test-00000-of-00006_0.png,256,256,3
174.6105415985609,test-00000-of-00006_0.png,256,256,3
245.32698214806246,test-00000-of-00006_0.png,240,240,3
616.7152504420114,test-00000-of-00006_0.png,128,128,3
150.3059791309966,test-00000-of-00006_0.png,256,256,3
208.06792218957898,test-00000-of-00006_0.png,400,400,3
2309.7187910595035,test-00000-of-00006_0.png,256,256,3
1706.2699921766487,test-00000-of-00006_0.png,480,640,3
14.069916665815978,test-00000-of-00006_0.png,400,400,3
245.53766952692402,test-00000-of-00006_0.png,1024,768,3
642.6322783945493,test-00000-of-00006_0.png,256,256,3
112.79908073403475,test-00000-of-00006_0.png,1024,768,3
5.389436124099626,test-00000-of-00006_0.png,128,128,3
191.99406148606286,test-00000-of-00006_0.png,240,240,3
303.4036595547158,test-00000-of-00006_0.png,256,256,3
1090.1847130391332,test-00000-of-00006_0.png,128,128,3
401.0731113903312,test-00000-of-00006_0.png,768,1024,3
3769.8122530189057,test-00000-of-00006_0.png,640,480,3
7.043698944207084,test-00000-of-00006_0.png,1024,1024,3
75.02158314835967,test-00000-of-00006_0.png,1724,2296,3
85.54838024026043,test-00000-of-00006_0.png,400,400,3
701.9607443988887,test-00000-of-00006_0.png,400,400,3
117.98958693412288,test-00000-of-00006_0.png,240,240,3
1692.0370683566562,test-00000-of-00006_0.png,256,256,3
34.22753703703704,test-00000-of-00006_0.png,900,1200,3
5763.687486504412,test-00000-of-00006_0.png,256,256,3
469.51848957272836,test-00000-of-00006_0.png,734,500,3
252.1871377776692,test-00000-of-00006_0.png,400,400,3
181.61341707805536,test-00000-of-00006_0.png,240,240,3
6.521894555894601,test-00000-of-00006_0.png,1024,768,3
450.86279197530865,test-00000-of-00006_0.png,1200,900,3
42.92447422839506,test-00000-of-00006_0.png,240,240,3
317.3802873995317,test-00000-of-00006_0.png,1724,2296,3
6767.844739095929,test-00000-of-00006_0.png,256,256,3
129.1886259628296,test-00000-of-00006_0.png,320,240,3
907.8018620152602,test-00000-of-00006_0.png,240,320,3
141.3894504010417,test-00000-of-00006_0.png,400,400,3
3955.1032265902554,test-00000-of-00006_0.png,256,256,3
769.3195906583161,test-00000-of-00006_0.png,400,400,3
311.031915502066,test-00000-of-00006_0.png,400,400,3
3971.3407709026287,test-00000-of-00006_0.png,256,256,3
498.79766916524983,test-00000-of-00006_0.png,1024,768,3
56.020642248674406,test-00000-of-00006_0.png,1724,2296,3
291.51250432248264,test-00000-of-00006_0.png,400,400,3
7184.433493499023,test-00000-of-00006_0.png,256,256,3
14.444101648050982,test-00000-of-00006_0.png,1024,1024,3
38.79580810019312,test-00000-of-00006_0.png,1024,768,3
3837.682565988662,test-00000-of-00006_0.png,256,256,3
240.0308546865769,test-00000-of-00006_0.png,320,240,3
11.19641049382716,test-00000-of-00006_0.png,1200,900,3
1209.383462988284,test-00000-of-00006_0.png,337,508,3
112.48106868541231,test-00000-of-00006_0.png,400,400,3
200.97281360755733,test-00000-of-00006_0.png,480,640,3
469.51848957272836,test-00000-of-00006_0.png,734,500,3
7888.202718979369,test-00000-of-00006_0.png,256,256,3
4.06317717126674,test-00000-of-00006_0.png,1024,768,3
157.33933804926667,test-00000-of-00006_0.png,256,256,3
351.20558579762775,test-00000-of-00006_0.png,256,256,3
4200.605835991575,test-00000-of-00006_0.png,256,256,3
1011.6297239425022,test-00000-of-00006_0.png,256,256,3
47.89117077482512,test-00000-of-00006_0.png,1024,768,3
63.0487056202239,test-00000-of-00006_0.png,1024,768,3
542.9898742280086,test-00000-of-00006_0.png,236,350,3
312.0508696306237,test-00000-of-00006_0.png,256,256,3
82.22179376621109,test-00000-of-00006_0.png,256,256,3
5217.4968236846225,test-00000-of-00006_0.png,256,256,3
139.38728073506047,test-00000-of-00006_0.png,1024,1024,3
149.72960834410867,test-00000-of-00006_0.png,240,320,3
6742.441884877136,test-00000-of-00006_0.png,256,256,3
133.94029293551975,test-00000-of-00006_0.png,240,320,3
68.26576975739863,test-00000-of-00006_0.png,1024,768,3
251.99108090812777,test-00000-of-00006_0.png,240,320,3
187.091700985204,test-00000-of-00006_0.png,400,400,3
124.95360812709478,test-00000-of-00006_0.png,240,320,3
172.86304375989155,test-00000-of-00006_0.png,400,400,3
139.38728073506047,test-00000-of-00006_0.png,1024,1024,3
53.25604315980012,test-00000-of-00006_0.png,1724,2296,3
67.71430989430746,test-00000-of-00006_0.png,320,240,3
2255.9416496876834,test-00000-of-00006_0.png,256,256,3
100.53038534884982,test-00000-of-00006_0.png,400,400,3
720.9672727476185,test-00000-of-00006_0.png,256,256,3
175.35205728684414,test-00000-of-00006_0.png,320,240,3
324.2144292855889,test-00000-of-00006_0.png,240,240,3
413.8964515465235,test-00000-of-00006_0.png,400,400,3
3391.515265661809,test-00000-of-00006_0.png,256,256,3
108.96302668007654,test-00000-of-00006_0.png,1024,768,3
4817.985583070019,test-00000-of-00006_0.png,256,256,3
2962.242650689013,test-00000-of-00006_0.png,640,480,3
63.31359157256512,test-00000-of-00006_0.png,400,400,3
8.872475419210044,test-00000-of-00006_0.png,1024,768,3
803.502638858748,test-00000-of-00006_0.png,240,320,3
4057.5510018256755,test-00000-of-00006_0.png,1024,768,3
821.2722673757363,test-00000-of-00006_0.png,256,256,3
267.6938133333333,test-00000-of-00006_0.png,500,500,3
3544.3459350694125,test-00000-of-00006_0.png,256,256,3
542.9898742280086,test-00000-of-00006_0.png,236,350,3
241.71287610646942,test-00000-of-00006_0.png,240,240,3
990.2338432272285,test-00000-of-00006_0.png,1724,2296,3
73.85814480855414,test-00000-of-00006_0.png,1024,768,3
19.207134567901235,test-00000-of-00006_0.png,1200,900,3
1217.6567844736242,test-00000-of-00006_0.png,1024,768,3
7338.374034152676,test-00000-of-00006_0.png,256,256,3
274.911988769579,test-00000-of-00006_0.png,400,400,3
302.31624046371627,test-00000-of-00006_0.png,256,256,3
56.18770802469136,test-00000-of-00006_0.png,900,1200,3
3778.049786893546,test-00000-of-00006_0.png,1024,768,3
4.9420996768749275,test-00000-of-00006_0.png,1024,768,3
73.56187876146785,test-00000-of-00006_0.png,1015,1200,3
109.609177717628,test-00000-of-00006_0.png,240,320,3
5510.213807392837,test-00000-of-00006_0.png,256,256,3
1315.5574338595227,test-00000-of-00006_0.png,256,256,3
7783.62304864234,test-00000-of-00006_0.png,256,256,3
208.2756592072831,test-00000-of-00006_0.png,240,240,3
162.25577417611748,test-00000-of-00006_0.png,240,240,3
290.0943456101582,test-00000-of-00006_0.png,640,480,3
9.71084636250456,test-00000-of-00006_0.png,1024,768,3
211.77456027535018,test-00000-of-00006_0.png,1024,1024,3
1920.7753237019972,test-00000-of-00006_0.png,256,256,3
129.16878252880028,test-00000-of-00006_0.png,256,256,3
6347.652475966347,test-00000-of-00006_0.png,256,256,3
296.0094682128152,test-00000-of-00006_0.png,320,240,3
1389.1700549059442,test-00000-of-00006_0.png,128,128,3
32.270835802469136,test-00000-of-00006_0.png,1200,900,3
3.811789193287647,test-00000-of-00006_0.png,1024,1024,3
121.44871447839886,test-00000-of-00006_0.png,1724,2296,3
249.76562076996098,test-00000-of-00006_0.png,400,400,3
177.49235986260314,test-00000-of-00006_0.png,320,240,3
760.0606396154942,test-00000-of-00006_0.png,1024,768,3
200.97281360755733,test-00000-of-00006_0.png,480,640,3
1053.4224991727997,test-00000-of-00006_0.png,1024,768,3
34.681743157947025,test-00000-of-00006_0.png,1024,768,3
5.124690968474588,test-00000-of-00006_0.png,576,768,3
145.06963614494498,test-00000-of-00006_0.png,1149,1200,3
82.16735409861313,test-00000-of-00006_0.png,1024,768,3
383.793599843565,test-00000-of-00006_0.png,128,128,3
42.58002591753999,test-00000-of-00006_0.png,256,256,3
101.13807370326666,test-00000-of-00006_0.png,320,240,3
443.53160710756976,test-00000-of-00006_0.png,128,128,3
1971.456587674691,test-00000-of-00006_0.png,256,256,3
7.485021585653158,test-00000-of-00006_0.png,1024,1024,3
7916.871800310056,test-00000-of-00006_0.png,256,256,3
214.50773072739153,test-00000-of-00006_0.png,400,400,3
312.3407037037037,test-00000-of-00006_0.png,900,1200,3
3797.2035615884747,test-00000-of-00006_0.png,256,256,3
38.353681768928126,test-00000-of-00006_0.png,1024,768,3
8654.795411875239,test-00000-of-00006_0.png,256,256,3
248.4026026769748,test-00000-of-00006_0.png,400,400,3
6204.708739208575,test-00000-of-00006_0.png,256,256,3
79.52547557776172,test-00000-of-00006_0.png,128,128,3
43.30741586757673,test-00000-of-00006_0.png,1724,2296,3
76.40693647993935,test-00000-of-00006_0.png,256,256,3
38.009550281606,test-00000-of-00006_0.png,1024,1024,3
10.865658321328224,test-00000-of-00006_0.png,1200,900,3
10145.364292787155,test-00000-of-00006_0.png,256,256,3
95.96438998835058,test-00000-of-00006_0.png,240,320,3
2842.5239757162567,test-00000-of-00006_0.png,256,256,3
31.452283950617282,test-00000-of-00006_0.png,1200,900,3
63.57555507682251,test-00000-of-00006_0.png,1024,768,3
272.80467928317705,test-00000-of-00006_0.png,400,400,3
1246.0041283583985,test-00000-of-00006_0.png,400,400,3
375.2107126902168,test-00000-of-00006_0.png,256,256,3
54.34106901900702,test-00000-of-00006_0.png,1024,768,3
463.59016822733815,test-00000-of-00006_0.png,128,128,3
3978.0134866342496,test-00000-of-00006_0.png,1024,768,3
8.163018866558163,test-00000-of-00006_0.png,1024,1024,3
45.77740227981184,test-00000-of-00006_0.png,1724,2296,3
34.22753703703704,test-00000-of-00006_0.png,900,1200,3
700.6992657697875,test-00000-of-00006_0.png,400,400,3
478.5970018290811,test-00000-of-00006_0.png,128,128,3
1755.7459141390448,test-00000-of-00006_0.png,1024,768,3
4729.333318715268,test-00000-of-00006_0.png,256,256,3
478.5970018290811,test-00000-of-00006_0.png,128,128,3
5353.831033114317,test-00000-of-00006_0.png,256,256,3
126.46023878204225,test-00000-of-00006_0.png,256,256,3
990.2338432272285,test-00000-of-00006_0.png,1724,2296,3
68.26576975739863,test-00000-of-00006_0.png,1024,768,3
45.26251172839506,test-00000-of-00006_0.png,1200,900,3
6162.913248407241,test-00000-of-00006_0.png,256,256,3
672.3442696954926,test-00000-of-00006_0.png,667,500,3
364.35398295149207,test-00000-of-00006_0.png,256,256,3
228.33693131754444,test-00000-of-00006_0.png,1024,1024,3
99.18813367143795,test-00000-of-00006_0.png,240,320,3
4467.205348294823,test-00000-of-00006_0.png,256,256,3
171.72463942371886,test-00000-of-00006_0.png,320,240,3
271.86188590434415,test-00000-of-00006_0.png,1724,2296,3
2580.3623089491284,test-00000-of-00006_0.png,256,256,3
636.9567311290812,test-00000-of-00006_0.png,1724,2296,3
219.13217378039928,test-00000-of-00006_0.png,400,400,3
32.80580786547896,test-00000-of-00006_0.png,1024,768,3
3.594784206400318,test-00000-of-00006_0.png,1024,768,3
2106.23939986752,test-00000-of-00006_0.png,256,256,3
142.16001857876677,test-00000-of-00006_0.png,256,256,3
1585.746858954016,test-00000-of-00006_0.png,256,256,3
2180.549174858645,test-00000-of-00006_0.png,256,256,3
6560.394363128864,test-00000-of-00006_0.png,256,256,3
343.54990873659864,test-00000-of-00006_0.png,240,320,3
6590.911722320418,test-00000-of-00006_0.png,256,256,3
634.9668578107119,test-00000-of-00006_0.png,256,256,3
204.52786249728734,test-00000-of-00006_0.png,240,320,3
307.4554849536283,test-00000-of-00006_0.png,240,320,3
186.0728133653429,test-00000-of-00006_0.png,320,240,3
3714.060427230162,test-00000-of-00006_0.png,256,256,3
36.16235729345579,test-00000-of-00006_0.png,1024,1024,3
274.911988769579,test-00000-of-00006_0.png,400,400,3
70.86056976946026,test-00000-of-00006_0.png,1024,768,3
132.20770349601904,test-00000-of-00006_0.png,256,256,3
43.601643876483045,test-00000-of-00006_0.png,256,256,3
31.769279777037834,test-00000-of-00006_0.png,1724,2296,3
81.72513005737883,test-00000-of-00006_0.png,576,768,3
235.10627327697452,test-00000-of-00006_0.png,1724,2296,3
4209.021292570856,test-00000-of-00006_0.png,1024,768,3
106.51532467837865,test-00000-of-00006_0.png,320,240,3
6.77362578133913,test-00000-of-00006_0.png,1024,1024,3
292.6994031096952,test-00000-of-00006_0.png,240,240,3
62.07505364805666,test-00000-of-00006_0.png,1024,768,3
1164.021071393431,test-00000-of-00006_0.png,256,256,3
7184.433493499023,test-00000-of-00006_0.png,256,256,3
1341.9203093369752,test-00000-of-00006_0.png,1024,768,3
7.523279782887493,test-00000-of-00006_0.png,1024,1024,3
223.3576619143707,test-00000-of-00006_0.png,400,400,3
716.6582845271,test-00000-of-00006_0.png,1024,768,3
6930.599266188813,test-00000-of-00006_0.png,256,256,3
4603.341924879674,test-00000-of-00006_0.png,256,256,3
352.91846709408696,test-00000-of-00006_0.png,128,128,3
580.4074481990947,test-00000-of-00006_0.png,480,640,3
6453.309277938032,test-00000-of-00006_0.png,256,256,3
148.33973644748264,test-00000-of-00006_0.png,240,320,3
513.9022238905154,test-00000-of-00006_0.png,372,298,3
5507.82548225878,test-00000-of-00006_0.png,256,256,3
5690.909694780491,test-00000-of-00006_0.png,256,256,3
190.74752898103733,test-00000-of-00006_0.png,400,400,3
2689.9683537437427,test-00000-of-00006_0.png,256,256,3
14.444101648050982,test-00000-of-00006_0.png,1024,1024,3
354.3968546060937,test-00000-of-00006_0.png,400,400,3
50.34768888618594,test-00000-of-00006_0.png,1024,768,3
492.0359979528311,test-00000-of-00006_0.png,480,640,3
427.5133590251033,test-00000-of-00006_0.png,1024,768,3
114.93781589457977,test-00000-of-00006_0.png,256,256,3
57.42583205135837,test-00000-of-00006_0.png,1024,768,3
22.629252601232636,test-00000-of-00006_0.png,400,400,3
40.45797303680516,test-00000-of-00006_0.png,1024,768,3
133.384648384584,test-00000-of-00006_0.png,240,320,3
6981.798296835248,test-00000-of-00006_0.png,256,256,3
288.2328281786415,test-00000-of-00006_0.png,400,400,3
49.235679875420495,test-00000-of-00006_0.png,1724,2296,3
3568.293241361363,test-00000-of-00006_0.png,256,256,3
2180.549174858645,test-00000-of-00006_0.png,256,256,3
4415.142512072706,test-00000-of-00006_0.png,256,256,3
233.190416,test-00000-of-00006_0.png,500,500,3
33.03968530429291,test-00000-of-00006_0.png,1724,2296,3
263.50524147972465,test-00000-of-00006_0.png,256,256,3
5621.566419471651,test-00000-of-00006_0.png,256,256,3
4973.311274178922,test-00000-of-00006_0.png,256,256,3
172.17812311264896,test-00000-of-00006_0.png,240,240,3
7.294258435538022,test-00000-of-00006_0.png,1024,1024,3
630.5072323877573,test-00000-of-00006_0.png,256,256,3
534.1208913202345,test-00000-of-00006_0.png,640,480,3
186.0728133653429,test-00000-of-00006_0.png,320,240,3
1654.8493225424452,test-00000-of-00006_0.png,256,256,3
4296.629508945677,test-00000-of-00006_0.png,256,256,3
1574.5806791054874,test-00000-of-00006_0.png,1024,768,3
45.44500813522543,test-00000-of-00006_0.png,1024,768,3
106.23459498087566,test-00000-of-00006_0.png,256,256,3
150.7540543144885,test-00000-of-00006_0.png,240,320,3
133.06345416666667,test-00000-of-00006_0.png,400,400,3
6417.772089498506,test-00000-of-00006_0.png,256,256,3
5882.952895782785,test-00000-of-00006_0.png,256,256,3
121.9660404894708,test-00000-of-00006_0.png,256,256,3
1179.5754003334096,test-00000-of-00006_0.png,540,960,3
496.56101452965856,test-00000-of-00006_0.png,209,351,3
517.2845682091753,test-00000-of-00006_0.png,256,256,3
139.38728073506047,test-00000-of-00006_0.png,1024,1024,3
1678.9803901052046,test-00000-of-00006_0.png,400,400,3
133.16341031893504,test-00000-of-00006_0.png,320,240,3
18504.655373857666,test-00000-of-00006_0.png,256,256,3
4415.142512072706,test-00000-of-00006_0.png,256,256,3
13.558035838618203,test-00000-of-00006_0.png,1024,768,3
23.59550925925926,test-00000-of-00006_0.png,1200,900,3
629.7539839436172,test-00000-of-00006_0.png,1024,768,3
126.95732219659722,test-00000-of-00006_0.png,400,400,3
358.73613250067706,test-00000-of-00006_0.png,400,400,3
277.83770319196014,test-00000-of-00006_0.png,350,750,3
57.682126543209876,test-00000-of-00006_0.png,1200,900,3
48.021513590844066,test-00000-of-00006_0.png,1165,1200,3
128.34726782586367,test-00000-of-00006_0.png,240,320,3
7663.921975832743,test-00000-of-00006_0.png,256,256,3
207.1070613016494,test-00000-of-00006_0.png,400,400,3
35.40380247093505,test-00000-of-00006_0.png,1724,2296,3
8.497034677193975,test-00000-of-00006_0.png,1024,1024,3
1793.012419755157,test-00000-of-00006_0.png,256,256,3
2433.950913567924,test-00000-of-00006_0.png,256,256,3
6341.750586618126,test-00000-of-00006_0.png,256,256,3
6.44809744382898,test-00000-of-00006_0.png,128,128,3
2259.985219030305,test-00000-of-00006_0.png,256,256,3
214.52633415374757,test-00000-of-00006_0.png,240,320,3
97.38203501819012,test-00000-of-00006_0.png,400,400,3
4032.4493593896163,test-00000-of-00006_0.png,256,256,3
121.89459775202243,test-00000-of-00006_0.png,240,320,3
61.70504494700122,test-00000-of-00006_0.png,1024,768,3
9068.342564662065,test-00000-of-00006_0.png,256,256,3
3957.2910281046184,test-00000-of-00006_0.png,256,256,3
1263.7113040139018,test-00000-of-00006_0.png,256,256,3
4432.887103483675,test-00000-of-00006_0.png,256,256,3
145.658608,test-00000-of-00006_0.png,500,500,3
57.963230449080605,test-00000-of-00006_0.png,576,768,3
187.43175413852117,test-00000-of-00006_0.png,1024,768,3
342.5799148148148,test-00000-of-00006_0.png,1200,900,3
138.52451044794483,test-00000-of-00006_0.png,256,256,3
6861.794182082017,test-00000-of-00006_0.png,256,256,3
36.73445083983933,test-00000-of-00006_0.png,1024,1024,3
1375.2817962047898,test-00000-of-00006_0.png,640,480,3
214.0271943803993,test-00000-of-00006_0.png,400,400,3
303.45600355782216,test-00000-of-00006_0.png,240,240,3
183.8145167788025,test-00000-of-00006_0.png,256,256,3
204.52786249728734,test-00000-of-00006_0.png,240,320,3
42.113479676941004,test-00000-of-00006_0.png,256,256,3
48.021513590844066,test-00000-of-00006_0.png,1165,1200,3
1538.27366512568,test-00000-of-00006_0.png,1024,768,3
17721.73180963223,test-00000-of-00006_0.png,256,256,3
3037.4166337368474,test-00000-of-00006_0.png,1024,768,3
3616.3629875223464,test-00000-of-00006_0.png,256,256,3
4.827925945176365,test-00000-of-00006_0.png,576,768,3
4045.6955997844284,test-00000-of-00006_0.png,256,256,3
238.27975512171784,test-00000-of-00006_0.png,256,256,3
248.4026026769748,test-00000-of-00006_0.png,400,400,3
12.13364334281222,test-00000-of-00006_0.png,1024,1024,3
110.35811183496091,test-00000-of-00006_0.png,400,400,3
747.2410614400367,test-00000-of-00006_0.png,1024,768,3
4917.272370806895,test-00000-of-00006_0.png,256,256,3
1915.2671803603996,test-00000-of-00006_0.png,400,400,3
572.400843380226,test-00000-of-00006_0.png,256,256,3
292.5178367855391,test-00000-of-00006_0.png,1024,768,3
205.38078933333333,test-00000-of-00006_0.png,500,500,3
185.08405471555554,test-00000-of-00006_0.png,400,400,3
8.160190108751122,test-00000-of-00006_0.png,1024,1024,3
604.7257687859332,test-00000-of-00006_0.png,400,400,3
528.7033358665974,test-00000-of-00006_0.png,400,400,3
293.1790262858073,test-00000-of-00006_0.png,256,256,3
45.26251172839506,test-00000-of-00006_0.png,1200,900,3
33.049006172839505,test-00000-of-00006_0.png,900,1200,3
1628.5295123354426,test-00000-of-00006_0.png,256,256,3
321.34358723699626,test-00000-of-00006_0.png,256,256,3
592.0808505502581,test-00000-of-00006_0.png,256,256,3
213.75845277560984,test-00000-of-00006_0.png,1724,2296,3
276.67009776247755,test-00000-of-00006_0.png,240,320,3
78.38705348913244,test-00000-of-00006_0.png,1024,768,3
154.4679180974324,test-00000-of-00006_0.png,320,240,3
463.59016822733815,test-00000-of-00006_0.png,128,128,3
5548.320694999148,test-00000-of-00006_0.png,256,256,3
8.280526476434318,test-00000-of-00006_0.png,1024,1024,3
159.95865427655815,test-00000-of-00006_0.png,400,400,3
7149.942729545032,test-00000-of-00006_0.png,256,256,3
61.663096931245455,test-00000-of-00006_0.png,1024,768,3
954.8804282877178,test-00000-of-00006_0.png,256,256,3
3518.8454686663777,test-00000-of-00006_0.png,256,256,3
928.162576234589,test-00000-of-00006_0.png,256,256,3
8961.960361351337,test-00000-of-00006_0.png,256,256,3
8.280526476434318,test-00000-of-00006_0.png,1024,1024,3
325.86002338133983,test-00000-of-00006_0.png,1724,2296,3
954.6807465248343,test-00000-of-00006_0.png,640,480,3
11818.942214551664,test-00000-of-00006_0.png,256,256,3
301.385248798071,test-00000-of-00006_0.png,1724,2296,3
140.66845565259987,test-00000-of-00006_0.png,400,400,3
64.54153205570893,test-00000-of-00006_0.png,1724,2296,3
224.6402808051215,test-00000-of-00006_0.png,320,240,3
43.91837037037037,test-00000-of-00006_0.png,1200,900,3
191.46271272127828,test-00000-of-00006_0.png,128,128,3
5.389436124099626,test-00000-of-00006_0.png,128,128,3
19743.336137710736,test-00000-of-00006_0.png,256,256,3
246.52872639093312,test-00000-of-00006_0.png,400,400,3
150.7540543144885,test-00000-of-00006_0.png,240,320,3
97.93042995273653,test-00000-of-00006_0.png,256,256,3
73.56353148148148,test-00000-of-00006_0.png,1200,900,3
90.42182653317705,test-00000-of-00006_0.png,400,400,3
361.15977917706607,test-00000-of-00006_0.png,400,400,3
80.36317864888242,test-00000-of-00006_0.png,256,256,3
3672.1201553816322,test-00000-of-00006_0.png,256,256,3
195.20437026807727,test-00000-of-00006_0.png,256,256,3
6759.065628588179,test-00000-of-00006_0.png,1024,768,3
21.513629832201534,test-00000-of-00006_0.png,128,128,3
687.011049966389,test-00000-of-00006_0.png,400,400,3
191.7520048068552,test-00000-of-00006_0.png,1724,2296,3
41.10589444169142,test-00000-of-00006_0.png,900,1200,3
3391.515265661809,test-00000-of-00006_0.png,256,256,3
571.4555645782709,test-00000-of-00006_0.png,256,256,3
4724.076042482835,test-00000-of-00006_0.png,256,256,3
158.27879357172387,test-00000-of-00006_0.png,128,128,3
1341.9203093369752,test-00000-of-00006_0.png,1024,768,3
43.43640882728828,test-00000-of-00006_0.png,128,128,3
7.765178992730611,test-00000-of-00006_0.png,1024,1024,3
49.31397498637023,test-00000-of-00006_0.png,256,256,3
115.53112651159813,test-00000-of-00006_0.png,1724,2296,3
261.8155398364696,test-00000-of-00006_0.png,256,256,3
2683.0252822144735,test-00000-of-00006_0.png,256,256,3
271.39494666666667,test-00000-of-00006_0.png,500,500,3
20.923282150269195,test-00000-of-00006_0.png,1724,2296,3
75.02158314835967,test-00000-of-00006_0.png,1724,2296,3
553.9749918249305,test-00000-of-00006_0.png,400,400,3
731.3458349439834,test-00000-of-00006_0.png,128,128,3
67.71430989430746,test-00000-of-00006_0.png,320,240,3
3789.9830662405316,test-00000-of-00006_0.png,256,256,3
6647.318970768999,test-00000-of-00006_0.png,256,256,3
126.95732219659722,test-00000-of-00006_0.png,400,400,3
76.59280755522335,test-00000-of-00006_0.png,4000,3000,3
354.3968546060937,test-00000-of-00006_0.png,400,400,3
7403.071683455569,test-00000-of-00006_0.png,256,256,3
108.34935801133882,test-00000-of-00006_0.png,1724,2296,3
162.64005602114148,test-00000-of-00006_0.png,400,400,3
191.46271272127828,test-00000-of-00006_0.png,128,128,3
954.8835518354123,test-00000-of-00006_0.png,400,400,3
3444.3646168856776,test-00000-of-00006_0.png,256,256,3
228.33693131754444,test-00000-of-00006_0.png,1024,1024,3
162.8932075736152,test-00000-of-00006_0.png,320,240,3
56.75041146784443,test-00000-of-00006_0.png,240,240,3
2993.9320204621786,test-00000-of-00006_0.png,1024,768,3
94.45398069712309,test-00000-of-00006_0.png,1024,768,3
7206.441728902258,test-00000-of-00006_0.png,256,256,3
7903.279280841328,test-00000-of-00006_0.png,256,256,3
74.27428717339342,test-00000-of-00006_0.png,1024,768,3
3023.315219717618,test-00000-of-00006_0.png,256,256,3
274.911988769579,test-00000-of-00006_0.png,400,400,3
7.108950763490546,test-00000-of-00006_0.png,576,768,3
2607.589889950947,test-00000-of-00006_0.png,256,256,3
39.30999667286866,test-00000-of-00006_0.png,1024,768,3
572.400843380226,test-00000-of-00006_0.png,256,256,3
19.27342296598686,test-00000-of-00006_0.png,128,128,3
60.95110640664482,test-00000-of-00006_0.png,256,256,3
5.062949778906538,test-00000-of-00006_0.png,1024,1024,3
1793.012419755157,test-00000-of-00006_0.png,256,256,3
42.319256790123454,test-00000-of-00006_0.png,1200,900,3
85.89368712034388,test-00000-of-00006_0.png,1724,2296,3
2962.242650689013,test-00000-of-00006_0.png,640,480,3
192.8599020291327,test-00000-of-00006_0.png,256,256,3
71.7727222086108,test-00000-of-00006_0.png,1200,900,3
12864.68192535015,test-00000-of-00006_0.png,256,256,3
59.4860300154321,test-00000-of-00006_0.png,240,240,3
11.061920092888839,test-00000-of-00006_0.png,1024,768,3
230.08632209159722,test-00000-of-00006_0.png,400,400,3
53.01061196793802,test-00000-of-00006_0.png,1024,768,3
105.0584869372089,test-00000-of-00006_0.png,256,256,3
1090.1847130391332,test-00000-of-00006_0.png,128,128,3
326.53268895916233,test-00000-of-00006_0.png,400,400,3
112.33390813031131,test-00000-of-00006_0.png,128,128,3
141.32562219321167,test-00000-of-00006_0.png,320,240,3
18.39989770800411,test-00000-of-00006_0.png,1024,1024,3
997.5585840621685,test-00000-of-00006_0.png,662,900,3
294.2641465934527,test-00000-of-00006_0.png,256,109,3
181.61341707805536,test-00000-of-00006_0.png,240,240,3
237.29129169881344,test-00000-of-00006_0.png,128,128,3
320.2249997055365,test-00000-of-00006_0.png,128,128,3
259.34766240655955,test-00000-of-00006_0.png,256,256,3
32.63431755624509,test-00000-of-00006_0.png,1024,768,3
59.618118200212635,test-00000-of-00006_0.png,240,320,3
873.0556770393159,test-00000-of-00006_0.png,256,256,3
86.5513288953993,test-00000-of-00006_0.png,400,400,3
5608.087402563852,test-00000-of-00006_0.png,256,256,3
388.15801374407897,test-00000-of-00006_0.png,240,240,3
707.7827396791622,test-00000-of-00006_0.png,400,400,3
6620.450792557225,test-00000-of-00006_0.png,256,256,3
289.8508998677041,test-00000-of-00006_0.png,400,400,3
1410.1623478647477,test-00000-of-00006_0.png,256,256,3
3389.9673655926144,test-00000-of-00006_0.png,256,256,3
290.0914408851153,test-00000-of-00006_0.png,240,240,3
3.395256404432775,test-00000-of-00006_0.png,1024,768,3
60.511282558052955,test-00000-of-00006_0.png,1200,755,3
977.1265932958803,test-00000-of-00006_0.png,640,480,3
96.77670444462758,test-00000-of-00006_0.png,256,256,3
3548.821924599404,test-00000-of-00006_0.png,256,256,3
2607.589889950947,test-00000-of-00006_0.png,256,256,3
81.95935941416424,test-00000-of-00006_0.png,240,320,3
6521.111531578393,test-00000-of-00006_0.png,256,256,3
81.76569438536845,test-00000-of-00006_0.png,320,240,3
140.4634535377604,test-00000-of-00006_0.png,400,400,3
57.13363842322484,test-00000-of-00006_0.png,400,400,3
17.894787654314936,test-00000-of-00006_0.png,1200,900,3
1865.7214103706756,test-00000-of-00006_0.png,1024,768,3
324.24598485717775,test-00000-of-00006_0.png,240,320,3
1200.3530551950996,test-00000-of-00006_0.png,400,400,3
134.38483168927226,test-00000-of-00006_0.png,256,256,3
91.97958015461661,test-00000-of-00006_0.png,256,256,3
132.93547369895398,test-00000-of-00006_0.png,400,400,3
948.4390385715973,test-00000-of-00006_0.png,400,400,3
987.5049743029433,test-00000-of-00006_0.png,1024,768,3
53.439456198433156,test-00000-of-00006_0.png,400,400,3
2635.1942114681005,test-00000-of-00006_0.png,256,256,3
123.34269731867288,test-00000-of-00006_0.png,240,320,3
8.497034677193975,test-00000-of-00006_0.png,1024,1024,3
11.061920092888839,test-00000-of-00006_0.png,1024,768,3
14.303585661782158,test-00000-of-00006_0.png,128,128,3
1617.7941076134387,test-00000-of-00006_0.png,256,256,3
4.499461491882851,test-00000-of-00006_0.png,1024,1024,3
44.694354960165036,test-00000-of-00006_0.png,1724,2296,3
177.9640249418282,test-00000-of-00006_0.png,320,240,3
94.45398069712309,test-00000-of-00006_0.png,1024,768,3
3213.5297026111634,test-00000-of-00006_0.png,256,256,3
977.1524932479692,test-00000-of-00006_0.png,256,256,3
137.11026480493203,test-00000-of-00006_0.png,1724,2296,3
2950.1570585779587,test-00000-of-00006_0.png,256,256,3
3961.910459453757,test-00000-of-00006_0.png,256,256,3
146.4555622882639,test-00000-of-00006_0.png,400,400,3
7570.42839780781,test-00000-of-00006_0.png,256,256,3
238.673008235677,test-00000-of-00006_0.png,240,320,3
3859.4446058567187,test-00000-of-00006_0.png,256,256,3
107.91053626684719,test-00000-of-00006_0.png,1124,1124,3
714.5693827519273,test-00000-of-00006_0.png,400,400,3
263.50524147972465,test-00000-of-00006_0.png,256,256,3
2342.633366669192,test-00000-of-00006_0.png,256,256,3
4507.675647427534,test-00000-of-00006_0.png,256,256,3
176.71365885264078,test-00000-of-00006_0.png,320,240,3
65.32653634524321,test-00000-of-00006_0.png,1024,768,3
42.319256790123454,test-00000-of-00006_0.png,1200,900,3
509.19827372758687,test-00000-of-00006_0.png,640,480,3
7059.962979651343,test-00000-of-00006_0.png,256,256,3
18.419197822257956,test-00000-of-00006_0.png,1024,1024,3
1576.6987585123272,test-00000-of-00006_0.png,640,480,3
2598.773909620837,test-00000-of-00006_0.png,256,256,3
592.9376833641493,test-00000-of-00006_0.png,400,400,3
39.975055454087915,test-00000-of-00006_0.png,576,768,3
57.61645632979667,test-00000-of-00006_0.png,256,256,3
737.3761528656206,test-00000-of-00006_0.png,400,400,3
299.9214885628058,test-00000-of-00006_0.png,256,256,3
326.53268895916233,test-00000-of-00006_0.png,400,400,3
434.23002073499885,test-00000-of-00006_0.png,128,128,3
6736.096519932833,test-00000-of-00006_0.png,1024,768,3
451.60859710058577,test-00000-of-00006_0.png,400,400,3
235.10627327697452,test-00000-of-00006_0.png,1724,2296,3
164.13922929437123,test-00000-of-00006_0.png,206,320,3
10434.23907547131,test-00000-of-00006_0.png,256,256,3
805.4422437034168,test-00000-of-00006_0.png,1024,768,3
2293.760776531767,test-00000-of-00006_0.png,400,400,3
191.46271272127828,test-00000-of-00006_0.png,128,128,3
2295.258819467388,test-00000-of-00006_0.png,256,256,3
7916.871800310056,test-00000-of-00006_0.png,256,256,3
8.179470006618638,test-00000-of-00006_0.png,1024,1024,3
24.2128235989302,test-00000-of-00006_0.png,256,256,3
113.52253066666667,test-00000-of-00006_0.png,500,500,3
13262.218813899051,test-00000-of-00006_0.png,256,256,3
172.17812311264896,test-00000-of-00006_0.png,240,240,3
1315.5574338595227,test-00000-of-00006_0.png,256,256,3
2391.550612598632,test-00000-of-00006_0.png,256,256,3
345.3841779823933,test-00000-of-00006_0.png,128,128,3
4522.42455922106,test-00000-of-00006_0.png,256,256,3
38.19615245734584,test-00000-of-00006_0.png,1024,768,3
90.48349750436319,test-00000-of-00006_0.png,1024,1024,3
84.96416006999114,test-00000-of-00006_0.png,1024,768,3
39.44546315195557,test-00000-of-00006_0.png,256,256,3
681.2546851963184,test-00000-of-00006_0.png,1724,2296,3
952.9637391899957,test-00000-of-00006_0.png,400,400,3
66.7866412292545,test-00000-of-00006_0.png,256,256,3
125.9533903463649,test-00000-of-00006_0.png,240,240,3
94.32394035491943,test-00000-of-00006_0.png,240,320,3
3472.5416506166416,test-00000-of-00006_0.png,256,256,3
112.19433148148148,test-00000-of-00006_0.png,1200,900,3
46.55542074084094,test-00000-of-00006_0.png,1024,768,3
7351.555011325411,test-00000-of-00006_0.png,256,256,3
414.02671324937506,test-00000-of-00006_0.png,400,400,3
6.521894555894601,test-00000-of-00006_0.png,1024,768,3
15.238469950677084,test-00000-of-00006_0.png,400,400,3
4467.205348294823,test-00000-of-00006_0.png,256,256,3
335.3793706998765,test-00000-of-00006_0.png,240,240,3
301.85082989374575,test-00000-of-00006_0.png,400,400,3
463.67816797892254,test-00000-of-00006_0.png,128,128,3
411.02039288709864,test-00000-of-00006_0.png,1024,768,3
81.88489356268045,test-00000-of-00006_0.png,3264,2448,3
9375.344016174475,test-00000-of-00006_0.png,256,256,3
123.99604825759984,test-00000-of-00006_0.png,400,400,3
60.11830629532536,test-00000-of-00006_0.png,256,256,3
267.6938133333333,test-00000-of-00006_0.png,500,500,3
165.3681326315582,test-00000-of-00006_0.png,400,400,3
345.3841779823933,test-00000-of-00006_0.png,128,128,3
290.4856262207031,test-00000-of-00006_0.png,256,256,3
6685.262763490176,test-00000-of-00006_0.png,256,256,3
11.938998296472947,test-00000-of-00006_0.png,1024,768,3
22.80453996933969,test-00000-of-00006_0.png,1024,1024,3
760.0606396154942,test-00000-of-00006_0.png,1024,768,3
110.15372716049383,test-00000-of-00006_0.png,1200,900,3
1292.7644650898874,test-00000-of-00006_0.png,128,128,3
3901.049407482044,test-00000-of-00006_0.png,256,256,3
563.5768862493749,test-00000-of-00006_0.png,400,400,3
3001.7470196793633,test-00000-of-00006_0.png,256,256,3
861.850819792909,test-00000-of-00006_0.png,256,256,3
36.16235729345579,test-00000-of-00006_0.png,1024,1024,3
979.4529446900511,test-00000-of-00006_0.png,256,256,3
342.04153888888885,test-00000-of-00006_0.png,400,400,3
645.4159135681888,test-00000-of-00006_0.png,256,256,3
341.6615090108332,test-00000-of-00006_0.png,400,400,3
193.14421015315588,test-00000-of-00006_0.png,128,128,3
4060.397488320841,test-00000-of-00006_0.png,256,256,3
115.576626886137,test-00000-of-00006_0.png,240,320,3
7.436178092566991,test-00000-of-00006_0.png,576,768,3
737.5374195407818,test-00000-of-00006_0.png,256,256,3
492.5848508700605,test-00000-of-00006_0.png,640,480,3
145.658608,test-00000-of-00006_0.png,500,500,3
160.16707819972223,test-00000-of-00006_0.png,400,400,3
63.503371765983516,test-00000-of-00006_0.png,1024,768,3
4914.798574141079,test-00000-of-00006_0.png,150,179,3
8.280526476434318,test-00000-of-00006_0.png,1024,1024,3
2962.242650689013,test-00000-of-00006_0.png,640,480,3
1209.383462988284,test-00000-of-00006_0.png,337,508,3
344.12116444026606,test-00000-of-00006_0.png,1024,768,3
72.9515894359259,test-00000-of-00006_0.png,240,320,3
155.8309037037037,test-00000-of-00006_0.png,900,1200,3
7.485021585653158,test-00000-of-00006_0.png,1024,1024,3
5621.566419471651,test-00000-of-00006_0.png,256,256,3
361.15977917706607,test-00000-of-00006_0.png,400,400,3
8.280526476434318,test-00000-of-00006_0.png,1024,1024,3
181.92567273761134,test-00000-of-00006_0.png,320,240,3
382.0260545096503,test-00000-of-00006_0.png,320,240,3
12.153217901234568,test-00000-of-00006_0.png,900,1200,3
4332.916654626113,test-00000-of-00006_0.png,256,256,3
146.490528,test-00000-of-00006_0.png,500,500,3
196.38009760915494,test-00000-of-00006_0.png,240,320,3
5132.074056358982,test-00000-of-00006_0.png,256,256,3
1219.5414321471212,test-00000-of-00006_0.png,256,256,3
154.59880641972228,test-00000-of-00006_0.png,400,400,3
10534.676010214802,test-00000-of-00006_0.png,256,256,3
68.84504076250657,test-00000-of-00006_0.png,1724,2296,3
12.35453186383974,test-00000-of-00006_0.png,1024,1024,3
36.48705185185185,test-00000-of-00006_0.png,900,1200,3
467.235103716039,test-00000-of-00006_0.png,128,128,3
1108.4498123530557,test-00000-of-00006_0.png,400,400,3
241.48672213895819,test-00000-of-00006_0.png,240,320,3
64.73897457290461,test-00000-of-00006_0.png,240,240,3
2823.088476229429,test-00000-of-00006_0.png,1024,768,3
6560.394363128864,test-00000-of-00006_0.png,256,256,3
109.09846080220193,test-00000-of-00006_0.png,1200,900,3
361.6713664590234,test-00000-of-00006_0.png,400,400,3
5575.164176572941,test-00000-of-00006_0.png,256,256,3
7435.123584228645,test-00000-of-00006_0.png,256,256,3
214.87243805618166,test-00000-of-00006_0.png,480,640,3
317.6314924995658,test-00000-of-00006_0.png,400,400,3
2980.5930498262624,test-00000-of-00006_0.png,1024,768,3
6196.429500682047,test-00000-of-00006_0.png,256,256,3
3292.726175796836,test-00000-of-00006_0.png,256,256,3
35.40380247093505,test-00000-of-00006_0.png,1724,2296,3
10.772053930494522,test-00000-of-00006_0.png,128,128,3
2590.3907531851437,test-00000-of-00006_0.png,256,256,3
335.3793706998765,test-00000-of-00006_0.png,240,240,3
565.2854931845443,test-00000-of-00006_0.png,400,400,3
346.3937910534182,test-00000-of-00006_0.png,256,256,3
2505.224103208942,test-00000-of-00006_0.png,256,256,3
7114.926095310909,test-00000-of-00006_0.png,256,256,3
19.608420580704372,test-00000-of-00006_0.png,3264,2448,3
181.61341707805536,test-00000-of-00006_0.png,240,240,3
213.80926887696566,test-00000-of-00006_0.png,3024,4032,3
595.8564768975002,test-00000-of-00006_0.png,400,400,3
3000.718815614547,test-00000-of-00006_0.png,256,256,3
5627.38143010973,test-00000-of-00006_0.png,256,256,3
80.80508829029795,test-00000-of-00006_0.png,256,256,3
29.95557037037037,test-00000-of-00006_0.png,900,1200,3
103.76039970514958,test-00000-of-00006_0.png,1724,2296,3
2275.7236146001505,test-00000-of-00006_0.png,256,256,3
463.67816797892254,test-00000-of-00006_0.png,128,128,3
288.2900791374826,test-00000-of-00006_0.png,400,400,3
5266.295461239887,test-00000-of-00006_0.png,256,256,3
42.263354635487,test-00000-of-00006_0.png,128,128,3
210.55908777854597,test-00000-of-00006_0.png,150,150,3
175.6631606232639,test-00000-of-00006_0.png,400,400,3
4603.341924879674,test-00000-of-00006_0.png,256,256,3
1349.4741098600678,test-00000-of-00006_0.png,1024,768,3
73.56187876146785,test-00000-of-00006_0.png,1015,1200,3
15.238469950677084,test-00000-of-00006_0.png,400,400,3
257.78850176889034,test-00000-of-00006_0.png,256,256,3
277.9207105124391,test-00000-of-00006_0.png,320,240,3
51.39300515581597,test-00000-of-00006_0.png,400,400,3
235.10627327697452,test-00000-of-00006_0.png,1724,2296,3
6845.704475178048,test-00000-of-00006_0.png,256,256,3
3901.049407482044,test-00000-of-00006_0.png,256,256,3
238.27975512171784,test-00000-of-00006_0.png,256,256,3
3706.056931346549,test-00000-of-00006_0.png,256,256,3
399.7486073233335,test-00000-of-00006_0.png,400,400,3
6968.9004463748,test-00000-of-00006_0.png,256,256,3
250.27556639249565,test-00000-of-00006_0.png,400,400,3
1365.8192010803211,test-00000-of-00006_0.png,640,480,3
1541.541726321577,test-00000-of-00006_0.png,256,256,3
2391.550612598632,test-00000-of-00006_0.png,256,256,3
376.14044760802483,test-00000-of-00006_0.png,320,240,3
37.78282239285506,test-00000-of-00006_0.png,1024,768,3
924.2728996870574,test-00000-of-00006_0.png,256,256,3
3955.1032265902554,test-00000-of-00006_0.png,256,256,3
213.75845277560984,test-00000-of-00006_0.png,1724,2296,3
2806.7018987840397,test-00000-of-00006_0.png,256,256,3
6148.37288890779,test-00000-of-00006_0.png,256,256,3
1209.383462988284,test-00000-of-00006_0.png,337,508,3
5703.713164190839,test-00000-of-00006_0.png,256,256,3
2686.5933669341935,test-00000-of-00006_0.png,256,256,3
466.3025851095975,test-00000-of-00006_0.png,1724,2296,3
7090.161403335398,test-00000-of-00006_0.png,256,256,3
5191.916229983765,test-00000-of-00006_0.png,256,256,3
61.2657047047047,test-00000-of-00006_0.png,1200,1110,3
6426.926069513352,test-00000-of-00006_0.png,256,256,3
52.285648164416976,test-00000-of-00006_0.png,256,256,3
51.39300515581597,test-00000-of-00006_0.png,400,400,3
66.92403665972222,test-00000-of-00006_0.png,400,400,3
450.5159768126905,test-00000-of-00006_0.png,128,128,3
354.3968546060937,test-00000-of-00006_0.png,400,400,3
1654.8493225424452,test-00000-of-00006_0.png,256,256,3
153.8282018451848,test-00000-of-00006_0.png,256,256,3
1075.895710784528,test-00000-of-00006_0.png,128,128,3
101.66330147339528,test-00000-of-00006_0.png,126,256,3
347.24041386907345,test-00000-of-00006_0.png,600,800,3
5627.38143010973,test-00000-of-00006_0.png,256,256,3
4431.6398309654005,test-00000-of-00006_0.png,1024,768,3
56.020642248674406,test-00000-of-00006_0.png,1724,2296,3
95.96438998835058,test-00000-of-00006_0.png,240,320,3
338.3994495139405,test-00000-of-00006_0.png,1724,2296,3
136.4351908455554,test-00000-of-00006_0.png,320,240,3
2710.7943133606004,test-00000-of-00006_0.png,256,256,3
3414.383418026337,test-00000-of-00006_0.png,1024,768,3
1479.7402968033887,test-00000-of-00006_0.png,256,256,3
1662.327873086792,test-00000-of-00006_0.png,1024,768,3
150.3059791309966,test-00000-of-00006_0.png,256,256,3
4724.076042482835,test-00000-of-00006_0.png,256,256,3
2391.550612598632,test-00000-of-00006_0.png,256,256,3
70.84423217084259,test-00000-of-00006_0.png,256,256,3
2.9259932828935167,test-00000-of-00006_0.png,1024,1024,3
51.87551011328793,test-00000-of-00006_0.png,256,256,3
345.3841779823933,test-00000-of-00006_0.png,128,128,3
125.03248615630349,test-00000-of-00006_0.png,240,320,3
335.51123132595484,test-00000-of-00006_0.png,320,240,3
167.83654271746568,test-00000-of-00006_0.png,256,256,3
160.74881595637945,test-00000-of-00006_0.png,320,240,3
597.2207270092952,test-00000-of-00006_0.png,640,480,3
69.51940318232583,test-00000-of-00006_0.png,1024,768,3
3041.7765707651356,test-00000-of-00006_0.png,640,480,3
1200.3530551950996,test-00000-of-00006_0.png,400,400,3
3177.668976822842,test-00000-of-00006_0.png,256,256,3
44.317552469135805,test-00000-of-00006_0.png,1200,900,3
4394.293323950221,test-00000-of-00006_0.png,256,256,3
1849.7909991682973,test-00000-of-00006_0.png,256,256,3
49.574293745829,test-00000-of-00006_0.png,400,400,3
2957.4091906795898,test-00000-of-00006_0.png,256,256,3
1749.2810178470304,test-00000-of-00006_0.png,300,400,3
2959.4041361566374,test-00000-of-00006_0.png,256,256,3
2011.7469646457253,test-00000-of-00006_0.png,400,400,3
42.115306172655075,test-00000-of-00006_0.png,900,1200,3
62.53468566970636,test-00000-of-00006_0.png,504,896,3
19211.615807362497,test-00000-of-00006_0.png,256,256,3
190.9117315786667,test-00000-of-00006_0.png,320,240,3
834.9756551839192,test-00000-of-00006_0.png,400,400,3
100.53038534884982,test-00000-of-00006_0.png,400,400,3
53.25604315980012,test-00000-of-00006_0.png,1724,2296,3
2258.5238509646556,test-00000-of-00006_0.png,1024,768,3
2086.2760822756427,test-00000-of-00006_0.png,256,256,3
123.99604825759984,test-00000-of-00006_0.png,400,400,3
18.39989770800411,test-00000-of-00006_0.png,1024,1024,3
4.827051356821256,test-00000-of-00006_0.png,1024,768,3
3406.24134257371,test-00000-of-00006_0.png,256,256,3
1915.2671803603996,test-00000-of-00006_0.png,400,400,3
161.13595919684894,test-00000-of-00006_0.png,320,240,3
188.558133778316,test-00000-of-00006_0.png,400,400,3
39.30999667286866,test-00000-of-00006_0.png,1024,768,3
182.2755236434936,test-00000-of-00006_0.png,240,320,3
3698.9261029147433,test-00000-of-00006_0.png,256,256,3
3539.7934099683894,test-00000-of-00006_0.png,256,256,3
547.4151956488689,test-00000-of-00006_0.png,128,128,3
6097.205382876928,test-00000-of-00006_0.png,256,256,3
413.8964515465235,test-00000-of-00006_0.png,400,400,3
356.2460979153723,test-00000-of-00006_0.png,332,432,3
153.97373651030813,test-00000-of-00006_0.png,400,400,3
283.23527637615445,test-00000-of-00006_0.png,240,320,3
1225.9701084642568,test-00000-of-00006_0.png,256,256,3
1717.9862893455381,test-00000-of-00006_0.png,1024,768,3
3000.718815614547,test-00000-of-00006_0.png,256,256,3
7092.497131253179,test-00000-of-00006_0.png,256,256,3
8084.82364912639,test-00000-of-00006_0.png,256,256,3
126.46023878204225,test-00000-of-00006_0.png,256,256,3
21.488568151986073,test-00000-of-00006_0.png,1024,768,3
40.073525308641976,test-00000-of-00006_0.png,1200,900,3
871.6692497866588,test-00000-of-00006_0.png,256,256,3
138.80830106850368,test-00000-of-00006_0.png,1200,1102,3
44.44672427506653,test-00000-of-00006_0.png,1024,768,3
465.0184448423485,test-00000-of-00006_0.png,128,128,3
1249.123767566126,test-00000-of-00006_0.png,1024,768,3
123.34269731867288,test-00000-of-00006_0.png,240,320,3
5556.2519759055385,test-00000-of-00006_0.png,256,256,3
2099.883668205582,test-00000-of-00006_0.png,1024,768,3
3789.9830662405316,test-00000-of-00006_0.png,256,256,3
2249.2580336520787,test-00000-of-00006_0.png,400,400,3
317.3802873995317,test-00000-of-00006_0.png,1724,2296,3
12.35453186383974,test-00000-of-00006_0.png,1024,1024,3
2737.1606554630885,test-00000-of-00006_0.png,256,256,3
2466.4028060749793,test-00000-of-00006_0.png,256,256,3
3650.90100775897,test-00000-of-00006_0.png,256,256,3
254.66017312885805,test-00000-of-00006_0.png,240,240,3
295.19316071384975,test-00000-of-00006_0.png,400,400,3
138.99203913200958,test-00000-of-00006_0.png,256,256,3
7210.602959710691,test-00000-of-00006_0.png,256,256,3
176.7841593424479,test-00000-of-00006_0.png,256,256,3
470.6788103841245,test-00000-of-00006_0.png,128,128,3
9671.304962647357,test-00000-of-00006_0.png,256,256,3
3823.571143941333,test-00000-of-00006_0.png,256,256,3
79.81324821937501,test-00000-of-00006_0.png,400,400,3
34.22753703703704,test-00000-of-00006_0.png,900,1200,3
1381.6802548643964,test-00000-of-00006_0.png,1024,768,3
3391.515265661809,test-00000-of-00006_0.png,256,256,3
214.52633415374757,test-00000-of-00006_0.png,240,320,3
175.0370643244667,test-00000-of-00006_0.png,320,210,3
4791.829217890251,test-00000-of-00006_0.png,256,256,3
6459.645083401326,test-00000-of-00006_0.png,256,256,3
6560.394363128864,test-00000-of-00006_0.png,256,256,3
146.7057077157304,test-00000-of-00006_0.png,1724,2296,3
201.85384538845486,test-00000-of-00006_0.png,240,240,3
263.67374182248,test-00000-of-00006_0.png,1024,768,3
907.8018620152602,test-00000-of-00006_0.png,240,320,3
15.238469950677084,test-00000-of-00006_0.png,400,400,3
271.86188590434415,test-00000-of-00006_0.png,1724,2296,3
892.5920150774376,test-00000-of-00006_0.png,256,256,3
42.14438024691358,test-00000-of-00006_0.png,900,1200,3
25.301354163954,test-00000-of-00006_0.png,400,400,3
154.59880641972228,test-00000-of-00006_0.png,400,400,3
1492.4851955866643,test-00000-of-00006_0.png,256,256,3
138.98081655812067,test-00000-of-00006_0.png,400,400,3
366.3206147803788,test-00000-of-00006_0.png,240,320,3
595.8564768975002,test-00000-of-00006_0.png,400,400,3
2505.224103208942,test-00000-of-00006_0.png,256,256,3
392.58358882822927,test-00000-of-00006_0.png,128,128,3
6417.772089498506,test-00000-of-00006_0.png,256,256,3
132.75885091747813,test-00000-of-00006_0.png,1024,768,3
2121.1734044766185,test-00000-of-00006_0.png,1024,768,3
1127.3433785735524,test-00000-of-00006_0.png,256,256,3
100.51315943382794,test-00000-of-00006_0.png,1024,768,3
2131.2757205615185,test-00000-of-00006_0.png,256,256,3
164.00278116686664,test-00000-of-00006_0.png,640,480,3
251.2291004160004,test-00000-of-00006_0.png,256,256,3
244.96353550935677,test-00000-of-00006_0.png,256,256,3
45.44500813522543,test-00000-of-00006_0.png,1024,768,3
41.62022611694001,test-00000-of-00006_0.png,1024,768,3
142.16001857876677,test-00000-of-00006_0.png,256,256,3
139.38728073506047,test-00000-of-00006_0.png,1024,1024,3
214.0271943803993,test-00000-of-00006_0.png,400,400,3
345.3841779823933,test-00000-of-00006_0.png,128,128,3
6155.205544396304,test-00000-of-00006_0.png,256,256,3
681.2546851963184,test-00000-of-00006_0.png,1724,2296,3
360.72464341717,test-00000-of-00006_0.png,240,320,3
3650.90100775897,test-00000-of-00006_0.png,256,256,3
13.765214282773364,test-00000-of-00006_0.png,1024,768,3
316.27491643316006,test-00000-of-00006_0.png,1024,1024,3
158.33656947856718,test-00000-of-00006_0.png,1724,2296,3
132.4589370488862,test-00000-of-00006_0.png,256,256,3
211.7544520767318,test-00000-of-00006_0.png,400,400,3
42.03391049382138,test-00000-of-00006_0.png,1200,900,3
4588.70890447681,test-00000-of-00006_0.png,256,256,3
680.0598332149215,test-00000-of-00006_0.png,1724,2296,3
1332.6887848020222,test-00000-of-00006_0.png,256,256,3
5.949441604978282,test-00000-of-00006_0.png,576,768,3
10.351367030795613,test-00000-of-00006_0.png,1024,1024,3
697.6108981337553,test-00000-of-00006_0.png,256,256,3
2858.655061344202,test-00000-of-00006_0.png,256,256,3
6.44809744382898,test-00000-of-00006_0.png,128,128,3
214.0271943803993,test-00000-of-00006_0.png,400,400,3
21.2023815528179,test-00000-of-00006_0.png,1024,768,3
292.5178367855391,test-00000-of-00006_0.png,1024,768,3
9068.342564662065,test-00000-of-00006_0.png,256,256,3
1543.6119675311104,test-00000-of-00006_0.png,256,256,3
697.4651289382639,test-00000-of-00006_0.png,400,400,3
7.301175752118581,test-00000-of-00006_0.png,1024,1024,3
47.38083751416619,test-00000-of-00006_0.png,240,240,3
86.57566700534274,test-00000-of-00006_0.png,256,256,3
3769.8122530189057,test-00000-of-00006_0.png,640,480,3
129.28268665383155,test-00000-of-00006_0.png,256,256,3
254.66017312885805,test-00000-of-00006_0.png,240,240,3
383.47834302206604,test-00000-of-00006_0.png,400,400,3
43.465378174931914,test-00000-of-00006_0.png,1024,768,3
2962.242650689013,test-00000-of-00006_0.png,640,480,3
1541.541726321577,test-00000-of-00006_0.png,256,256,3
18.55681550130248,test-00000-of-00006_0.png,128,128,3
4402.629854971517,test-00000-of-00006_0.png,256,256,3
296.0094682128152,test-00000-of-00006_0.png,320,240,3
6982.116442638969,test-00000-of-00006_0.png,256,256,3
86.5513288953993,test-00000-of-00006_0.png,400,400,3
220.23068387270393,test-00000-of-00006_0.png,400,400,3
121.28921333333334,test-00000-of-00006_0.png,500,500,3
7117.388317036031,test-00000-of-00006_0.png,256,256,3
36.554768089185686,test-00000-of-00006_0.png,576,768,3
3434.293161070595,test-00000-of-00006_0.png,256,256,3
2251.87026905866,test-00000-of-00006_0.png,256,256,3
4917.272370806895,test-00000-of-00006_0.png,256,256,3
462.77390800270837,test-00000-of-00006_0.png,400,400,3
158.0023141823864,test-00000-of-00006_0.png,256,256,3
361.15977917706607,test-00000-of-00006_0.png,400,400,3
592.9376833641493,test-00000-of-00006_0.png,400,400,3
2197.8279489222655,test-00000-of-00006_0.png,256,256,3
106.51532467837865,test-00000-of-00006_0.png,320,240,3
27.466430619507733,test-00000-of-00006_0.png,1024,768,3
67.83928830215397,test-00000-of-00006_0.png,256,256,3
558.8369381841427,test-00000-of-00006_0.png,256,256,3
10150.603185881759,test-00000-of-00006_0.png,256,256,3
762.4254196948217,test-00000-of-00006_0.png,256,256,3
44.13992307370962,test-00000-of-00006_0.png,1724,2296,3
19.983492197063402,test-00000-of-00006_0.png,1024,768,3
8476.431132261952,test-00000-of-00006_0.png,256,256,3
2064.864032413776,test-00000-of-00006_0.png,1024,768,3
4146.564208055303,test-00000-of-00006_0.png,256,256,3
2223.0695385928548,test-00000-of-00006_0.png,1024,768,3
43.98684012345679,test-00000-of-00006_0.png,900,1200,3
2464.5272815755,test-00000-of-00006_0.png,256,256,3
95.69920801663072,test-00000-of-00006_0.png,1724,2296,3
127.66206565457912,test-00000-of-00006_0.png,256,256,3
150.2345937018334,test-00000-of-00006_0.png,256,256,3
209.95399145386182,test-00000-of-00006_0.png,256,256,3
4377.792418025408,test-00000-of-00006_0.png,256,256,3
31.480005526358823,test-00000-of-00006_0.png,1024,768,3
216.1364690314399,test-00000-of-00006_0.png,240,320,3
4312.219149590547,test-00000-of-00006_0.png,256,256,3
182.2755236434936,test-00000-of-00006_0.png,240,320,3
10963.593201312755,test-00000-of-00006_0.png,256,256,3
107.30485040388693,test-00000-of-00006_0.png,320,240,3
2574.7212105693466,test-00000-of-00006_0.png,1024,768,3
4.9420996768749275,test-00000-of-00006_0.png,1024,768,3
52.285648164416976,test-00000-of-00006_0.png,256,256,3
104.56333408246026,test-00000-of-00006_0.png,256,256,3
174.55034971071612,test-00000-of-00006_0.png,128,128,3
60.11830629532536,test-00000-of-00006_0.png,256,256,3
1920.7753237019972,test-00000-of-00006_0.png,256,256,3
145.70665704953078,test-00000-of-00006_0.png,256,256,3
211.77456027535018,test-00000-of-00006_0.png,1024,1024,3
150.7540543144885,test-00000-of-00006_0.png,240,320,3
428.52118550364884,test-00000-of-00006_0.png,225,300,3
196.2706726832677,test-00000-of-00006_0.png,256,256,3
5408.983828170199,test-00000-of-00006_0.png,256,256,3
237.02030227819662,test-00000-of-00006_0.png,256,256,3
17.357783950617282,test-00000-of-00006_0.png,1200,900,3
85.09538404252793,test-00000-of-00006_0.png,240,320,3
111.15488344858358,test-00000-of-00006_0.png,1024,768,3
4544.632138258467,test-00000-of-00006_0.png,256,256,3
54.2323786010592,test-00000-of-00006_0.png,1024,768,3
56.794693493710945,test-00000-of-00006_0.png,400,400,3
193.08902041373966,test-00000-of-00006_0.png,240,240,3
4.223954200739668,test-00000-of-00006_0.png,1024,1024,3
1971.456587674691,test-00000-of-00006_0.png,256,256,3
349.112945407215,test-00000-of-00006_0.png,256,256,3
4402.629854971517,test-00000-of-00006_0.png,256,256,3
132.93547369895398,test-00000-of-00006_0.png,400,400,3
76.40693647993935,test-00000-of-00006_0.png,256,256,3
677.6782163888414,test-00000-of-00006_0.png,1500,844,3
57.7067018988351,test-00000-of-00006_0.png,1024,768,3
696.0103039603993,test-00000-of-00006_0.png,400,400,3
189.02611267680575,test-00000-of-00006_0.png,1724,2296,3
258.5360657562326,test-00000-of-00006_0.png,400,400,3
187.43175413852117,test-00000-of-00006_0.png,1024,768,3
36.39005910992793,test-00000-of-00006_0.png,1024,768,3
638.0768972932246,test-00000-of-00006_0.png,400,400,3
56.020642248674406,test-00000-of-00006_0.png,1724,2296,3
83.97683072629552,test-00000-of-00006_0.png,576,768,3
4199.579921228578,test-00000-of-00006_0.png,256,256,3
151.29258542957896,test-00000-of-00006_0.png,400,400,3
626.7733046319078,test-00000-of-00006_0.png,256,256,3
325.86002338133983,test-00000-of-00006_0.png,1724,2296,3
320.2249997055365,test-00000-of-00006_0.png,128,128,3
3001.7470196793633,test-00000-of-00006_0.png,256,256,3
15244.740617586509,test-00000-of-00006_0.png,256,256,3
3154.4310046372048,test-00000-of-00006_0.png,256,256,3
38.944090092916156,test-00000-of-00006_0.png,1024,768,3
162.25577417611748,test-00000-of-00006_0.png,240,240,3
84.19907631135236,test-00000-of-00006_0.png,256,256,3
125.7131570248486,test-00000-of-00006_0.png,1724,2296,3
7058.993503294652,test-00000-of-00006_0.png,256,256,3
145.658608,test-00000-of-00006_0.png,500,500,3
697.4651289382639,test-00000-of-00006_0.png,400,400,3
22.161314814814816,test-00000-of-00006_0.png,1200,900,3
726.1380816743707,test-00000-of-00006_0.png,400,400,3
6759.065628588179,test-00000-of-00006_0.png,1024,768,3
236.4666341929393,test-00000-of-00006_0.png,1724,2296,3
264.62618412198003,test-00000-of-00006_0.png,1024,1024,3
5.389436124099626,test-00000-of-00006_0.png,128,128,3
7.675079338226673,test-00000-of-00006_0.png,1024,768,3
3437.5962682018676,test-00000-of-00006_0.png,256,256,3
345.1218062316624,test-00000-of-00006_0.png,400,400,3
70.86056976946026,test-00000-of-00006_0.png,1024,768,3
932.4553080716222,test-00000-of-00006_0.png,256,256,3
3037.4166337368474,test-00000-of-00006_0.png,1024,768,3
464.6250409199573,test-00000-of-00006_0.png,1024,768,3
139.38728073506047,test-00000-of-00006_0.png,1024,1024,3
85.54341466794016,test-00000-of-00006_0.png,1724,2296,3
67.83928830215397,test-00000-of-00006_0.png,256,256,3
450.86279197530865,test-00000-of-00006_0.png,1200,900,3
238.673008235677,test-00000-of-00006_0.png,240,320,3
2607.589889950947,test-00000-of-00006_0.png,256,256,3
3744.833219493325,test-00000-of-00006_0.png,256,256,3
3580.7446581024883,test-00000-of-00006_0.png,256,256,3
672.3442696954926,test-00000-of-00006_0.png,667,500,3
475.85431754338134,test-00000-of-00006_0.png,256,256,3
3069.919429314314,test-00000-of-00006_0.png,1024,768,3
7413.768618043512,test-00000-of-00006_0.png,256,256,3
263.50524147972465,test-00000-of-00006_0.png,256,256,3
174.55034971071612,test-00000-of-00006_0.png,128,128,3
42.113479676941004,test-00000-of-00006_0.png,256,256,3
71.7727222086108,test-00000-of-00006_0.png,1200,900,3
1619.4651698763998,test-00000-of-00006_0.png,256,256,3
101.36268298337964,test-00000-of-00006_0.png,240,320,3
10884.616878502899,test-00000-of-00006_0.png,256,256,3
88.40650347590433,test-00000-of-00006_0.png,943,1200,3
3511.5184401736283,test-00000-of-00006_0.png,256,256,3
5163.5301989786485,test-00000-of-00006_0.png,256,256,3
3867.8483416334625,test-00000-of-00006_0.png,256,256,3
535.0775266186231,test-00000-of-00006_0.png,128,128,3
605.7935756509331,test-00000-of-00006_0.png,400,400,3
2070.7964647833464,test-00000-of-00006_0.png,256,256,3
33.049006172839505,test-00000-of-00006_0.png,900,1200,3
990.2338432272285,test-00000-of-00006_0.png,1724,2296,3
15.625661763263892,test-00000-of-00006_0.png,400,400,3
63.0487056202239,test-00000-of-00006_0.png,1024,768,3
513.9022238905154,test-00000-of-00006_0.png,372,298,3
56.29385070550164,test-00000-of-00006_0.png,1024,768,3
121.9660404894708,test-00000-of-00006_0.png,256,256,3
23.945077160493828,test-00000-of-00006_0.png,1200,900,3
827.8216273152411,test-00000-of-00006_0.png,600,627,3
7870.1303691599105,test-00000-of-00006_0.png,256,256,3
4.770690944045782,test-00000-of-00006_0.png,128,128,3
67.83928830215397,test-00000-of-00006_0.png,256,256,3
7.485021585653158,test-00000-of-00006_0.png,1024,1024,3
5114.132262935136,test-00000-of-00006_0.png,256,256,3
1060.8271017832942,test-00000-of-00006_0.png,400,400,3
6736.685485503636,test-00000-of-00006_0.png,256,256,3
619.9644236413296,test-00000-of-00006_0.png,256,256,3
7376.00465307592,test-00000-of-00006_0.png,256,256,3
7.301175752118581,test-00000-of-00006_0.png,1024,1024,3
5893.9716858069105,test-00000-of-00006_0.png,256,256,3
61.85512376523919,test-00000-of-00006_0.png,1200,900,3
5332.680120656473,test-00000-of-00006_0.png,256,256,3
310.87799815494225,test-00000-of-00006_0.png,1724,2296,3
1619.4651698763998,test-00000-of-00006_0.png,256,256,3
49.08555917897158,test-00000-of-00006_0.png,128,128,3
7783.62304864234,test-00000-of-00006_0.png,256,256,3
5608.087402563852,test-00000-of-00006_0.png,256,256,3
5510.213807392837,test-00000-of-00006_0.png,256,256,3
4394.88291065519,test-00000-of-00006_0.png,256,256,3
126.74709795870717,test-00000-of-00006_0.png,128,128,3
95.96438998835058,test-00000-of-00006_0.png,240,320,3
161.13595919684894,test-00000-of-00006_0.png,320,240,3
418.03883122277654,test-00000-of-00006_0.png,256,256,3
382.0260545096503,test-00000-of-00006_0.png,320,240,3
292.6903498923568,test-00000-of-00006_0.png,400,400,3
38.009550281606,test-00000-of-00006_0.png,1024,1024,3
37.78282239285506,test-00000-of-00006_0.png,1024,768,3
342.04153888888885,test-00000-of-00006_0.png,400,400,3
57.7067018988351,test-00000-of-00006_0.png,1024,768,3
3437.5962682018676,test-00000-of-00006_0.png,256,256,3
333.1233350256981,test-00000-of-00006_0.png,480,640,3
4.9347966418653195,test-00000-of-00006_0.png,1024,1024,3
9068.342564662065,test-00000-of-00006_0.png,256,256,3
1084.2028542561422,test-00000-of-00006_0.png,640,480,3
313.99926281593645,test-00000-of-00006_0.png,256,256,3
4394.88291065519,test-00000-of-00006_0.png,256,256,3
11.653215569432502,test-00000-of-00006_0.png,576,768,3
7572.896977129057,test-00000-of-00006_0.png,256,256,3
742.5390042531709,test-00000-of-00006_0.png,240,320,3
181.36475650998256,test-00000-of-00006_0.png,400,400,3
236.4666341929393,test-00000-of-00006_0.png,1724,2296,3
959.9673237715916,test-00000-of-00006_0.png,473,700,3
210.40556368039933,test-00000-of-00006_0.png,400,400,3
197.74916905374408,test-00000-of-00006_0.png,240,320,3
68.84504076250657,test-00000-of-00006_0.png,1724,2296,3
162.25577417611748,test-00000-of-00006_0.png,240,240,3
5882.952895782785,test-00000-of-00006_0.png,256,256,3
6441.030524362705,test-00000-of-00006_0.png,256,256,3
530.3756472733289,test-00000-of-00006_0.png,400,400,3
2151.5848698734335,test-00000-of-00006_0.png,400,400,3
65.53460267451688,test-00000-of-00006_0.png,1024,768,3
319.3448751200275,test-00000-of-00006_0.png,240,240,3
2689.9683537437427,test-00000-of-00006_0.png,256,256,3
4502.582123206307,test-00000-of-00006_0.png,256,256,3
1838.9558204399784,test-00000-of-00006_0.png,256,256,3
2452.4669526153143,test-00000-of-00006_0.png,256,256,3
427.5717711829477,test-00000-of-00006_0.png,256,256,3
249.89335034197816,test-00000-of-00006_0.png,256,256,3
132.75885091747813,test-00000-of-00006_0.png,1024,768,3
335.3793706998765,test-00000-of-00006_0.png,240,240,3
7.294258435538022,test-00000-of-00006_0.png,1024,1024,3
7.392757347157598,test-00000-of-00006_0.png,1024,1024,3
26.679353890977737,test-00000-of-00006_0.png,1024,768,3
4234.9955233756655,test-00000-of-00006_0.png,256,256,3
700.6992657697875,test-00000-of-00006_0.png,400,400,3
102.0442904290104,test-00000-of-00006_0.png,400,400,3
6117.833890015777,test-00000-of-00006_0.png,256,256,3
421.4975481253193,test-00000-of-00006_0.png,683,1024,3
42.58002591753999,test-00000-of-00006_0.png,256,256,3
492.4725169258777,test-00000-of-00006_0.png,240,320,3
5.098465239825491,test-00000-of-00006_0.png,1024,1024,3
110.15372716049383,test-00000-of-00006_0.png,1200,900,3
4553.795581248666,test-00000-of-00006_0.png,256,256,3
487.1033430468964,test-00000-of-00006_0.png,400,600,3
42.49794351474611,test-00000-of-00006_0.png,900,1200,3
868.3991177023078,test-00000-of-00006_0.png,256,256,3
111.27366637974046,test-00000-of-00006_0.png,256,256,3
124.77482909698865,test-00000-of-00006_0.png,256,256,3
8.497034677193975,test-00000-of-00006_0.png,1024,1024,3
3511.5184401736283,test-00000-of-00006_0.png,256,256,3
38.92938028326652,test-00000-of-00006_0.png,1724,2296,3
258.5360657562326,test-00000-of-00006_0.png,400,400,3
8.497034677193975,test-00000-of-00006_0.png,1024,1024,3
6742.441884877136,test-00000-of-00006_0.png,256,256,3
73.33899862286603,test-00000-of-00006_0.png,240,240,3
1380.942679498323,test-00000-of-00006_0.png,1024,768,3
378.85894592538375,test-00000-of-00006_0.png,256,256,3
1060.8271017832942,test-00000-of-00006_0.png,400,400,3
580.1799730748438,test-00000-of-00006_0.png,400,400,3
74.63192708333334,test-00000-of-00006_0.png,320,240,3
169.16195895155818,test-00000-of-00006_0.png,400,400,3
55.448167649257336,test-00000-of-00006_0.png,240,240,3
4146.564208055303,test-00000-of-00006_0.png,256,256,3
31.480005526358823,test-00000-of-00006_0.png,1024,768,3
885.9892365662297,test-00000-of-00006_0.png,1024,768,3
7.436178092566991,test-00000-of-00006_0.png,576,768,3
2686.5933669341935,test-00000-of-00006_0.png,256,256,3
572.2464957249824,test-00000-of-00006_0.png,400,400,3
3.811789193287647,test-00000-of-00006_0.png,1024,1024,3
7663.921975832743,test-00000-of-00006_0.png,256,256,3
487.1033430468964,test-00000-of-00006_0.png,400,600,3
204.52786249728734,test-00000-of-00006_0.png,240,320,3
137.11026480493203,test-00000-of-00006_0.png,1724,2296,3
366.1240512188758,test-00000-of-00006_0.png,320,240,3
177.3632011249637,test-00000-of-00006_0.png,640,480,3
62.07505364805666,test-00000-of-00006_0.png,1024,768,3
109.609177717628,test-00000-of-00006_0.png,240,320,3
3513.6137529992393,test-00000-of-00006_0.png,256,256,3
5.098465239825491,test-00000-of-00006_0.png,1024,1024,3
4962.739942669841,test-00000-of-00006_0.png,256,256,3
2590.3907531851437,test-00000-of-00006_0.png,256,256,3
106.03946203844497,test-00000-of-00006_0.png,1024,768,3
9957.64176362753,test-00000-of-00006_0.png,256,256,3
5201.548619329827,test-00000-of-00006_0.png,256,256,3
521.0137125651041,test-00000-of-00006_0.png,256,256,3
1181.1846411855015,test-00000-of-00006_0.png,256,256,3
252.70262283950618,test-00000-of-00006_0.png,1200,900,3
354.3300058777603,test-00000-of-00006_0.png,400,400,3
138.99203913200958,test-00000-of-00006_0.png,256,256,3
181.36475650998256,test-00000-of-00006_0.png,400,400,3
159.95865427655815,test-00000-of-00006_0.png,400,400,3
139.38728073506047,test-00000-of-00006_0.png,1024,1024,3
259.61027111447487,test-00000-of-00006_0.png,400,400,3
159.6746655178993,test-00000-of-00006_0.png,400,400,3
450.7417293512781,test-00000-of-00006_0.png,256,256,3
164.00278116686664,test-00000-of-00006_0.png,640,480,3
82.46939635453131,test-00000-of-00006_0.png,1024,768,3
66.7866412292545,test-00000-of-00006_0.png,256,256,3
4402.629854971517,test-00000-of-00006_0.png,256,256,3
724.7427756000085,test-00000-of-00006_0.png,480,640,3
1197.5822745224941,test-00000-of-00006_0.png,640,480,3
136.4351908455554,test-00000-of-00006_0.png,320,240,3
141.84215206822478,test-00000-of-00006_0.png,400,400,3
273.44774611581596,test-00000-of-00006_0.png,400,400,3
54.85246543209877,test-00000-of-00006_0.png,1200,900,3
6.5288454672324105,test-00000-of-00006_0.png,1024,1024,3
150.87871733333333,test-00000-of-00006_0.png,500,500,3
334.7425382739295,test-00000-of-00006_0.png,256,256,3
3243.947142382463,test-00000-of-00006_0.png,256,256,3
158.69913333333332,test-00000-of-00006_0.png,500,500,3
85.09538404252793,test-00000-of-00006_0.png,240,320,3
1865.7214103706756,test-00000-of-00006_0.png,1024,768,3
92.58601841568532,test-00000-of-00006_0.png,256,256,3
174.687576821711,test-00000-of-00006_0.png,240,320,3
13.558035838618203,test-00000-of-00006_0.png,1024,768,3
2342.633366669192,test-00000-of-00006_0.png,256,256,3
110.35811183496091,test-00000-of-00006_0.png,400,400,3
6337.0206016225275,test-00000-of-00006_0.png,256,256,3
145.06963614494498,test-00000-of-00006_0.png,1149,1200,3
670.9475298622211,test-00000-of-00006_0.png,256,256,3
23.760124719722224,test-00000-of-00006_0.png,400,400,3
3023.7994173808383,test-00000-of-00006_0.png,256,256,3
826.0695561287861,test-00000-of-00006_0.png,1024,768,3
714.5693827519273,test-00000-of-00006_0.png,400,400,3
193.08902041373966,test-00000-of-00006_0.png,240,240,3
12.35453186383974,test-00000-of-00006_0.png,1024,1024,3
622.7154019560475,test-00000-of-00006_0.png,1024,768,3
1692.0370683566562,test-00000-of-00006_0.png,256,256,3
4528.251541134358,test-00000-of-00006_0.png,256,256,3
9.658204704173768,test-00000-of-00006_0.png,1024,1024,3
225.5235019680165,test-00000-of-00006_0.png,400,400,3
256.24721729980473,test-00000-of-00006_0.png,256,256,3
230.52753216873262,test-00000-of-00006_0.png,400,400,3
181.36475650998256,test-00000-of-00006_0.png,400,400,3
108.2596108388629,test-00000-of-00006_0.png,1024,768,3
7024.152190555483,test-00000-of-00006_0.png,256,256,3
97.93042995273653,test-00000-of-00006_0.png,256,256,3
155.8350744025651,test-00000-of-00006_0.png,400,400,3
61.70504494700122,test-00000-of-00006_0.png,1024,768,3
672.1352280393863,test-00000-of-00006_0.png,256,256,3
209.83873908326387,test-00000-of-00006_0.png,400,400,3
9.658204704173768,test-00000-of-00006_0.png,1024,1024,3
7738.449360216425,test-00000-of-00006_0.png,256,256,3
604.7257687859332,test-00000-of-00006_0.png,400,400,3
36.39005910992793,test-00000-of-00006_0.png,1024,768,3
5515.514711682995,test-00000-of-00006_0.png,256,256,3
20.664193827062913,test-00000-of-00006_0.png,900,1200,3
7.56637100768862,test-00000-of-00006_0.png,1024,768,3
941.9326447481886,test-00000-of-00006_0.png,240,320,3
563.5768862493749,test-00000-of-00006_0.png,400,400,3
449.51394411862225,test-00000-of-00006_0.png,320,240,3
2245.475497510595,test-00000-of-00006_0.png,256,256,3
142.65679582579813,test-00000-of-00006_0.png,240,320,3
414.02671324937506,test-00000-of-00006_0.png,400,400,3
4684.385310903087,test-00000-of-00006_0.png,256,256,3
63.71392962962963,test-00000-of-00006_0.png,1200,900,3
8894.353833563524,test-00000-of-00006_0.png,256,256,3
72.05248827160494,test-00000-of-00006_0.png,1200,900,3
66.50919287729634,test-00000-of-00006_0.png,1724,2296,3
1286.7573683525745,test-00000-of-00006_0.png,256,256,3
62.02729685888701,test-00000-of-00006_0.png,1724,2296,3
362.1745418019125,test-00000-of-00006_0.png,1024,768,3
81.95935941416424,test-00000-of-00006_0.png,240,320,3
660.0272405759121,test-00000-of-00006_0.png,256,256,3
2842.5239757162567,test-00000-of-00006_0.png,256,256,3
5862.653305663003,test-00000-of-00006_0.png,256,256,3
11.653215569432502,test-00000-of-00006_0.png,576,768,3
473.8536068777927,test-00000-of-00006_0.png,525,700,3
665.6371458090233,test-00000-of-00006_0.png,400,400,3
45.4375462962963,test-00000-of-00006_0.png,1200,900,3
367.57130606781556,test-00000-of-00006_0.png,240,240,3
17.76992073703543,test-00000-of-00006_0.png,1724,2296,3
2294.2487241451686,test-00000-of-00006_0.png,256,256,3
20.948575242536215,test-00000-of-00006_0.png,576,768,3
4270.208750300936,test-00000-of-00006_0.png,256,256,3
626.7733046319078,test-00000-of-00006_0.png,256,256,3
451.67217631408244,test-00000-of-00006_0.png,297,300,3
467.235103716039,test-00000-of-00006_0.png,128,128,3
5469.030624883767,test-00000-of-00006_0.png,256,256,3
1576.6987585123272,test-00000-of-00006_0.png,640,480,3
473.8536068777927,test-00000-of-00006_0.png,525,700,3
2078.361581573433,test-00000-of-00006_0.png,400,400,3
4101.1346211395885,test-00000-of-00006_0.png,256,256,3
271.7160752010672,test-00000-of-00006_0.png,1724,2296,3
5468.655416999606,test-00000-of-00006_0.png,256,256,3
57.42583205135837,test-00000-of-00006_0.png,1024,768,3
14.444101648050982,test-00000-of-00006_0.png,1024,1024,3
172.86304375989155,test-00000-of-00006_0.png,400,400,3
170.63478945937064,test-00000-of-00006_0.png,400,400,3
814.1819628035179,test-00000-of-00006_0.png,240,320,3
5.720054991334705,test-00000-of-00006_0.png,1024,768,3
12.141265812398224,test-00000-of-00006_0.png,1024,768,3
4402.629854971517,test-00000-of-00006_0.png,256,256,3
134.2528507249386,test-00000-of-00006_0.png,1724,2296,3
1167.6106759494132,test-00000-of-00006_0.png,1024,768,3
81.04452502772953,test-00000-of-00006_0.png,240,240,3
295.19316071384975,test-00000-of-00006_0.png,400,400,3
311.031915502066,test-00000-of-00006_0.png,400,400,3
7.765178992730611,test-00000-of-00006_0.png,1024,1024,3
107.91053626684719,test-00000-of-00006_0.png,1124,1124,3
235.07147463498262,test-00000-of-00006_0.png,400,400,3
3955.1032265902554,test-00000-of-00006_0.png,256,256,3
6680.306796413303,test-00000-of-00006_0.png,256,256,3
23.59550925925926,test-00000-of-00006_0.png,1200,900,3
463.67816797892254,test-00000-of-00006_0.png,128,128,3
1173.3594964684453,test-00000-of-00006_0.png,256,256,3
6893.042349000127,test-00000-of-00006_0.png,256,256,3
13.03754805483752,test-00000-of-00006_0.png,128,128,3
288.2900791374826,test-00000-of-00006_0.png,400,400,3
417.9286142863581,test-00000-of-00006_0.png,1024,768,3
214.69021156139604,test-00000-of-00006_0.png,240,320,3
144.56466354365048,test-00000-of-00006_0.png,256,256,3
1476.819397872909,test-00000-of-00006_0.png,256,256,3
5918.160911194878,test-00000-of-00006_0.png,256,256,3
61.129384453145384,test-00000-of-00006_0.png,1724,2296,3
2070.7964647833464,test-00000-of-00006_0.png,256,256,3
853.9781294025742,test-00000-of-00006_0.png,640,480,3
1295.1482991172363,test-00000-of-00006_0.png,256,256,3
4518.940199833673,test-00000-of-00006_0.png,256,256,3
1123.2893162681494,test-00000-of-00006_0.png,1024,768,3
3230.5465891956246,test-00000-of-00006_0.png,256,256,3
6315.82320364562,test-00000-of-00006_0.png,256,256,3
7916.871800310056,test-00000-of-00006_0.png,256,256,3
1144.4966334060816,test-00000-of-00006_0.png,256,256,3
6117.833890015777,test-00000-of-00006_0.png,256,256,3
2510.9553677884396,test-00000-of-00006_0.png,256,256,3
2197.8279489222655,test-00000-of-00006_0.png,256,256,3
79.2487662251037,test-00000-of-00006_0.png,240,320,3
20.948575242536215,test-00000-of-00006_0.png,576,768,3
2255.9416496876834,test-00000-of-00006_0.png,256,256,3
665.948993838677,test-00000-of-00006_0.png,256,256,3
7.450061465688646,test-00000-of-00006_0.png,1024,1024,3
61.85512376523919,test-00000-of-00006_0.png,1200,900,3
8299.886460649368,test-00000-of-00006_0.png,256,256,3
2391.550612598632,test-00000-of-00006_0.png,256,256,3
1080.1403351746098,test-00000-of-00006_0.png,1724,2296,3
8.163018866558163,test-00000-of-00006_0.png,1024,1024,3
1338.245071426311,test-00000-of-00006_0.png,360,480,3
54.68636362927224,test-00000-of-00006_0.png,1024,768,3
6840.369232100641,test-00000-of-00006_0.png,256,256,3
4890.161574393406,test-00000-of-00006_0.png,256,256,3
7403.071683455569,test-00000-of-00006_0.png,256,256,3
380.3665036949992,test-00000-of-00006_0.png,640,480,3
2607.589889950947,test-00000-of-00006_0.png,256,256,3
196.38009760915494,test-00000-of-00006_0.png,240,320,3
5219.315128233051,test-00000-of-00006_0.png,256,256,3
5066.07728323462,test-00000-of-00006_0.png,256,256,3
242.3344789016112,test-00000-of-00006_0.png,480,640,3
61.85512376523919,test-00000-of-00006_0.png,1200,900,3
248.16620869259987,test-00000-of-00006_0.png,400,400,3
150.19207466666666,test-00000-of-00006_0.png,500,500,3
112.19433148148148,test-00000-of-00006_0.png,1200,900,3
697.6108981337553,test-00000-of-00006_0.png,256,256,3
220.23068387270393,test-00000-of-00006_0.png,400,400,3
3909.879301657175,test-00000-of-00006_0.png,256,256,3
954.8835518354123,test-00000-of-00006_0.png,400,400,3
269.20764323113985,test-00000-of-00006_0.png,1024,768,3
42.319256790123454,test-00000-of-00006_0.png,1200,900,3
164.00278116686664,test-00000-of-00006_0.png,640,480,3
330.52340313193235,test-00000-of-00006_0.png,240,240,3
1585.746858954016,test-00000-of-00006_0.png,256,256,3
7184.433493499023,test-00000-of-00006_0.png,256,256,3
2708.0471752775297,test-00000-of-00006_0.png,1024,768,3
117.98356533606278,test-00000-of-00006_0.png,1200,977,3
148.33973644748264,test-00000-of-00006_0.png,240,320,3
299.84275392316175,test-00000-of-00006_0.png,256,256,3
25.301354163954,test-00000-of-00006_0.png,400,400,3
1516.4023073380038,test-00000-of-00006_0.png,640,480,3
60.254387654320986,test-00000-of-00006_0.png,1200,900,3
6389.978640218474,test-00000-of-00006_0.png,256,256,3
4684.385310903087,test-00000-of-00006_0.png,256,256,3
57.404827160493824,test-00000-of-00006_0.png,1200,900,3
134.4250230227424,test-00000-of-00006_0.png,1724,2296,3
362.6911930655556,test-00000-of-00006_0.png,400,400,3
179.76057928956584,test-00000-of-00006_0.png,240,320,3
56.75603435061769,test-00000-of-00006_0.png,256,256,3
1398.271982750933,test-00000-of-00006_0.png,256,256,3
83.94126666666666,test-00000-of-00006_0.png,500,500,3
121.44871447839886,test-00000-of-00006_0.png,1724,2296,3
2275.7236146001505,test-00000-of-00006_0.png,256,256,3
252.0713750328082,test-00000-of-00006_0.png,400,400,3
10.067501053214073,test-00000-of-00006_0.png,128,128,3
49.652256422330474,test-00000-of-00006_0.png,1024,768,3
181.67565271401114,test-00000-of-00006_0.png,320,240,3
185.90462360026038,test-00000-of-00006_0.png,240,320,3
814.1819628035179,test-00000-of-00006_0.png,240,320,3
15998.198405184676,test-00000-of-00006_0.png,256,256,3
1849.7909991682973,test-00000-of-00006_0.png,256,256,3
257.78850176889034,test-00000-of-00006_0.png,256,256,3
13.526131591473321,test-00000-of-00006_0.png,1024,1024,3
131.00603151749567,test-00000-of-00006_0.png,400,400,3
187.091700985204,test-00000-of-00006_0.png,400,400,3
105.93595487917675,test-00000-of-00006_0.png,320,240,3
4270.208750300936,test-00000-of-00006_0.png,256,256,3
1179.5754003334096,test-00000-of-00006_0.png,540,960,3
1011.6297239425022,test-00000-of-00006_0.png,256,256,3
47.08058271428749,test-00000-of-00006_0.png,900,1200,3
257.78850176889034,test-00000-of-00006_0.png,256,256,3
17.76992073703543,test-00000-of-00006_0.png,1724,2296,3
61.290385975243,test-00000-of-00006_0.png,240,240,3
3616.3629875223464,test-00000-of-00006_0.png,256,256,3
115.74637499437502,test-00000-of-00006_0.png,400,400,3
485.1761961994748,test-00000-of-00006_0.png,400,400,3
741.1680683647191,test-00000-of-00006_0.png,1024,1024,3
7021.350096980627,test-00000-of-00006_0.png,256,256,3
6559.540445933636,test-00000-of-00006_0.png,256,256,3
3041.7765707651356,test-00000-of-00006_0.png,640,480,3
57.404827160493824,test-00000-of-00006_0.png,1200,900,3
7.56637100768862,test-00000-of-00006_0.png,1024,768,3
9.638573219352931,test-00000-of-00006_0.png,1024,1024,3
1298.9283043812322,test-00000-of-00006_0.png,400,400,3
21.488568151986073,test-00000-of-00006_0.png,1024,768,3
463.3868372017105,test-00000-of-00006_0.png,256,256,3
558.8369381841427,test-00000-of-00006_0.png,256,256,3
513.9022238905154,test-00000-of-00006_0.png,372,298,3
90.57322839506173,test-00000-of-00006_0.png,900,1200,3
439.84159172905817,test-00000-of-00006_0.png,128,128,3
343.54990873659864,test-00000-of-00006_0.png,240,320,3
19.272404320987654,test-00000-of-00006_0.png,1200,900,3
13.552972628010643,test-00000-of-00006_0.png,128,128,3
4948.112528146866,test-00000-of-00006_0.png,256,256,3
651.6331623970659,test-00000-of-00006_0.png,400,400,3
2850.0861121185344,test-00000-of-00006_0.png,1024,768,3
57.50867639567381,test-00000-of-00006_0.png,1724,2296,3
243.68406088626944,test-00000-of-00006_0.png,256,256,3
350.1852038506771,test-00000-of-00006_0.png,400,400,3
2909.144465702391,test-00000-of-00006_0.png,1024,768,3
825.916136442084,test-00000-of-00006_0.png,640,480,3
188.558133778316,test-00000-of-00006_0.png,400,400,3
2980.5930498262624,test-00000-of-00006_0.png,1024,768,3
734.8849251248437,test-00000-of-00006_0.png,400,400,3
133.06345416666667,test-00000-of-00006_0.png,400,400,3
199.4290594859183,test-00000-of-00006_0.png,240,320,3
645.4159135681888,test-00000-of-00006_0.png,256,256,3
6670.116473350259,test-00000-of-00006_0.png,256,256,3
41.62022611694001,test-00000-of-00006_0.png,1024,768,3
46.4643355417969,test-00000-of-00006_0.png,1024,768,3
66.75764014385351,test-00000-of-00006_0.png,1024,768,3
21.513629832201534,test-00000-of-00006_0.png,128,128,3
513.9022238905154,test-00000-of-00006_0.png,372,298,3
394.5957083776213,test-00000-of-00006_0.png,480,640,3
12384.519506851831,test-00000-of-00006_0.png,256,256,3
2957.4091906795898,test-00000-of-00006_0.png,256,256,3
47.140088440203606,test-00000-of-00006_0.png,256,256,3
9666.380701854725,test-00000-of-00006_0.png,256,256,3
185.08405471555554,test-00000-of-00006_0.png,400,400,3
290.36374378575545,test-00000-of-00006_0.png,1724,2296,3
136.4351908455554,test-00000-of-00006_0.png,320,240,3
4542.661390108263,test-00000-of-00006_0.png,256,256,3
5983.7056990824385,test-00000-of-00006_0.png,256,256,3
15.887841193224824,test-00000-of-00006_0.png,400,400,3
24.2128235989302,test-00000-of-00006_0.png,256,256,3
5173.801211167437,test-00000-of-00006_0.png,256,256,3
608.8751616473828,test-00000-of-00006_0.png,256,256,3
717.2413671858764,test-00000-of-00006_0.png,256,256,3
1802.6346741272912,test-00000-of-00006_0.png,256,256,3
201.76313628235187,test-00000-of-00006_0.png,1024,768,3
293.1790262858073,test-00000-of-00006_0.png,256,256,3
15.676410280367541,test-00000-of-00006_0.png,1724,2296,3
5856.45411983999,test-00000-of-00006_0.png,256,256,3
82.85879523657084,test-00000-of-00006_0.png,1724,2296,3
1544.7147822077904,test-00000-of-00006_0.png,256,256,3
4931.4694285355245,test-00000-of-00006_0.png,256,256,3
198.4524825059679,test-00000-of-00006_0.png,240,320,3
636.961991426742,test-00000-of-00006_0.png,256,256,3
12.08119359123512,test-00000-of-00006_0.png,1024,1024,3
6559.540445933636,test-00000-of-00006_0.png,256,256,3
125.08127755305556,test-00000-of-00006_0.png,400,400,3
74.74698205199093,test-00000-of-00006_0.png,256,256,3
585.0535244266667,test-00000-of-00006_0.png,400,400,3
4504.3237099349235,test-00000-of-00006_0.png,256,256,3
156.85844088660346,test-00000-of-00006_0.png,320,240,3
40.073525308641976,test-00000-of-00006_0.png,1200,900,3
258.5360657562326,test-00000-of-00006_0.png,400,400,3
123.93982450516584,test-00000-of-00006_0.png,256,256,3
312.3407037037037,test-00000-of-00006_0.png,900,1200,3
7.675079338226673,test-00000-of-00006_0.png,1024,768,3
44.13992307370962,test-00000-of-00006_0.png,1724,2296,3
6.44809744382898,test-00000-of-00006_0.png,128,128,3
125.03248615630349,test-00000-of-00006_0.png,240,320,3
4623.656984248095,test-00000-of-00006_0.png,256,256,3
261.8155398364696,test-00000-of-00006_0.png,256,256,3
62.02729685888701,test-00000-of-00006_0.png,1724,2296,3
11.534375524930557,test-00000-of-00006_0.png,400,400,3
23.047346945555564,test-00000-of-00006_0.png,400,400,3
185.90462360026038,test-00000-of-00006_0.png,240,320,3
3224.5737354953053,test-00000-of-00006_0.png,256,256,3
6281.390164694826,test-00000-of-00006_0.png,256,256,3
297.2550743483007,test-00000-of-00006_0.png,256,256,3
6429.983349880592,test-00000-of-00006_0.png,256,256,3
49.08555917897158,test-00000-of-00006_0.png,128,128,3
54.61681280791534,test-00000-of-00006_0.png,1024,768,3
2984.577792818483,test-00000-of-00006_0.png,1024,768,3
175.35205728684414,test-00000-of-00006_0.png,320,240,3
242.13682088874168,test-00000-of-00006_0.png,256,256,3
492.0359979528311,test-00000-of-00006_0.png,480,640,3
81.95935941416424,test-00000-of-00006_0.png,240,320,3
4931.4694285355245,test-00000-of-00006_0.png,256,256,3
7059.962979651343,test-00000-of-00006_0.png,256,256,3
417.4865495546485,test-00000-of-00006_0.png,400,400,3
130.53975187231683,test-00000-of-00006_0.png,256,256,3
73.65133187328294,test-00000-of-00006_0.png,1119,1019,3
7644.9786408328355,test-00000-of-00006_0.png,256,256,3
271.7336886608151,test-00000-of-00006_0.png,1724,2296,3
437.58720114192715,test-00000-of-00006_0.png,400,400,3
53.01061196793802,test-00000-of-00006_0.png,1024,768,3
684.8524778688741,test-00000-of-00006_0.png,640,480,3
3023.7994173808383,test-00000-of-00006_0.png,256,256,3
92.31375143922406,test-00000-of-00006_0.png,240,320,3
10163.16330503662,test-00000-of-00006_0.png,256,256,3
7580.106264980485,test-00000-of-00006_0.png,256,256,3
2643.112445839159,test-00000-of-00006_0.png,1024,768,3
6371.957335052389,test-00000-of-00006_0.png,1024,768,3
9.638573219352931,test-00000-of-00006_0.png,1024,1024,3
261.8155398364696,test-00000-of-00006_0.png,256,256,3
1263.7113040139018,test-00000-of-00006_0.png,256,256,3
21221.918206023565,test-00000-of-00006_0.png,256,256,3
138.8825968792318,test-00000-of-00006_0.png,400,400,3
5690.909694780491,test-00000-of-00006_0.png,256,256,3
339.6909655530556,test-00000-of-00006_0.png,400,400,3
11.742045140256778,test-00000-of-00006_0.png,1024,1024,3
21.430197362880005,test-00000-of-00006_0.png,1724,2296,3
13970.347068081688,test-00000-of-00006_0.png,256,256,3
638.0768972932246,test-00000-of-00006_0.png,400,400,3
221.4922511477288,test-00000-of-00006_0.png,240,240,3
417.13015209892626,test-00000-of-00006_0.png,1024,768,3
81.76569438536845,test-00000-of-00006_0.png,320,240,3
7024.152190555483,test-00000-of-00006_0.png,256,256,3
16414.404835009303,test-00000-of-00006_0.png,256,256,3
892.5920150774376,test-00000-of-00006_0.png,256,256,3
843.6435873860028,test-00000-of-00006_0.png,256,256,3
821.2722673757363,test-00000-of-00006_0.png,256,256,3
4.827925945176365,test-00000-of-00006_0.png,576,768,3
3622.9790763751494,test-00000-of-00006_0.png,256,256,3
141.28845715064867,test-00000-of-00006_0.png,256,256,3
323.0832005980564,test-00000-of-00006_0.png,166,221,3
74.63192708333334,test-00000-of-00006_0.png,320,240,3
475.85431754338134,test-00000-of-00006_0.png,256,256,3
110.15372716049383,test-00000-of-00006_0.png,1200,900,3
260.52252550754275,test-00000-of-00006_0.png,128,128,3
3650.90100775897,test-00000-of-00006_0.png,256,256,3
484.00701517623264,test-00000-of-00006_0.png,400,400,3
81.76569438536845,test-00000-of-00006_0.png,320,240,3
6595.463203104732,test-00000-of-00006_0.png,256,256,3
2902.5951637165986,test-00000-of-00006_0.png,256,256,3
102.00561577419707,test-00000-of-00006_0.png,240,320,3
45.458263164672005,test-00000-of-00006_0.png,240,240,3
109.03089567901235,test-00000-of-00006_0.png,1200,900,3
8647.955545683702,test-00000-of-00006_0.png,256,256,3
1338.245071426311,test-00000-of-00006_0.png,360,480,3
2422.492633371614,test-00000-of-00006_0.png,256,256,3
1910.0671671588502,test-00000-of-00006_0.png,400,400,3
466.3025851095975,test-00000-of-00006_0.png,1724,2296,3
6315.82320364562,test-00000-of-00006_0.png,256,256,3
69.51940318232583,test-00000-of-00006_0.png,1024,768,3
651.6954813743749,test-00000-of-00006_0.png,400,400,3
6935.648445814434,test-00000-of-00006_0.png,256,256,3
288.92255598263205,test-00000-of-00006_0.png,320,240,3
47.50182965564966,test-00000-of-00006_0.png,1724,2296,3
71.11235046363436,test-00000-of-00006_0.png,256,256,3
106.51532467837865,test-00000-of-00006_0.png,320,240,3
747.2410614400367,test-00000-of-00006_0.png,1024,768,3
123.99604825759984,test-00000-of-00006_0.png,400,400,3
462.1503953122431,test-00000-of-00006_0.png,256,256,3
650.8148017916817,test-00000-of-00006_0.png,1024,768,3
1971.456587674691,test-00000-of-00006_0.png,256,256,3
4140.372687294975,test-00000-of-00006_0.png,256,256,3
562.8241889295791,test-00000-of-00006_0.png,400,400,3
2180.549174858645,test-00000-of-00006_0.png,256,256,3
74.74698205199093,test-00000-of-00006_0.png,256,256,3
747.2410614400367,test-00000-of-00006_0.png,1024,768,3
3399.6464235036524,test-00000-of-00006_0.png,256,256,3
7.294258435538022,test-00000-of-00006_0.png,1024,1024,3
167.83654271746568,test-00000-of-00006_0.png,256,256,3
142.65679582579813,test-00000-of-00006_0.png,240,320,3
463.59016822733815,test-00000-of-00006_0.png,128,128,3
3978.0134866342496,test-00000-of-00006_0.png,1024,768,3
213.6129206742665,test-00000-of-00006_0.png,400,400,3
276.38812665566206,test-00000-of-00006_0.png,640,480,3
5461.916086650531,test-00000-of-00006_0.png,256,256,3
27.8893653150234,test-00000-of-00006_0.png,256,256,3
66.7866412292545,test-00000-of-00006_0.png,256,256,3
5.098465239825491,test-00000-of-00006_0.png,1024,1024,3
67.39050172551647,test-00000-of-00006_0.png,400,400,3
204.01177960730655,test-00000-of-00006_0.png,240,320,3
183.0610987835166,test-00000-of-00006_0.png,240,320,3
8.096011477541564,test-00000-of-00006_0.png,1024,1024,3
7135.385324719439,test-00000-of-00006_0.png,256,256,3
528.7033358665974,test-00000-of-00006_0.png,400,400,3
82.64462262019515,test-00000-of-00006_0.png,256,256,3
285.0992211555165,test-00000-of-00006_0.png,400,400,3
1315.5574338595227,test-00000-of-00006_0.png,256,256,3
7210.602959710691,test-00000-of-00006_0.png,256,256,3
72.57503734277344,test-00000-of-00006_0.png,400,400,3
132.20770349601904,test-00000-of-00006_0.png,256,256,3
6148.37288890779,test-00000-of-00006_0.png,256,256,3
12.36641428205702,test-00000-of-00006_0.png,128,128,3
237.58252005025324,test-00000-of-00006_0.png,256,104,3
449.51394411862225,test-00000-of-00006_0.png,320,240,3
431.07358848544936,test-00000-of-00006_0.png,1024,768,3
4832.398801393161,test-00000-of-00006_0.png,256,256,3
842.0284119493655,test-00000-of-00006_0.png,514,767,3
20.669695679012346,test-00000-of-00006_0.png,1200,900,3
343.54990873659864,test-00000-of-00006_0.png,240,320,3
3023.0569440256536,test-00000-of-00006_0.png,256,256,3
439.84159172905817,test-00000-of-00006_0.png,128,128,3
66.59005176160397,test-00000-of-00006_0.png,1024,768,3
5190.62111882718,test-00000-of-00006_0.png,256,256,3
193.14421015315588,test-00000-of-00006_0.png,128,128,3
630.5072323877573,test-00000-of-00006_0.png,256,256,3
392.58358882822927,test-00000-of-00006_0.png,128,128,3
34.472594133627794,test-00000-of-00006_0.png,1724,2296,3
91.97958015461661,test-00000-of-00006_0.png,256,256,3
330.52340313193235,test-00000-of-00006_0.png,240,240,3
17.235448901090237,test-00000-of-00006_0.png,1024,768,3
5519.434820401068,test-00000-of-00006_0.png,256,256,3
172.91067466666667,test-00000-of-00006_0.png,500,500,3
174.55034971071612,test-00000-of-00006_0.png,128,128,3
180.39499782025814,test-00000-of-00006_0.png,128,128,3
86.5513288953993,test-00000-of-00006_0.png,400,400,3
8654.795411875239,test-00000-of-00006_0.png,256,256,3
3800.068219245695,test-00000-of-00006_0.png,256,256,3
233.190416,test-00000-of-00006_0.png,500,500,3
32.63431755624509,test-00000-of-00006_0.png,1024,768,3
6182.463488234414,test-00000-of-00006_0.png,256,256,3
1695.996523253055,test-00000-of-00006_0.png,400,400,3
961.4096139411753,test-00000-of-00006_0.png,256,256,3
40.94235482646289,test-00000-of-00006_0.png,1024,768,3
149.6107685549392,test-00000-of-00006_0.png,256,256,3
6459.645083401326,test-00000-of-00006_0.png,256,256,3
39.975055454087915,test-00000-of-00006_0.png,576,768,3
6315.82320364562,test-00000-of-00006_0.png,256,256,3
32.35217033033626,test-00000-of-00006_0.png,1724,2296,3
3.811789193287647,test-00000-of-00006_0.png,1024,1024,3
60.95110640664482,test-00000-of-00006_0.png,256,256,3
431.07358848544936,test-00000-of-00006_0.png,1024,768,3
246.52872639093312,test-00000-of-00006_0.png,400,400,3
3909.879301657175,test-00000-of-00006_0.png,256,256,3
149.72960834410867,test-00000-of-00006_0.png,240,320,3
428.52118550364884,test-00000-of-00006_0.png,225,300,3
8.648793735437922,test-00000-of-00006_0.png,128,128,3
70.14943721109373,test-00000-of-00006_0.png,400,400,3
281.0581689964193,test-00000-of-00006_0.png,400,400,3
97.18617099159722,test-00000-of-00006_0.png,400,400,3
49.634560684363045,test-00000-of-00006_0.png,128,128,3
53.439456198433156,test-00000-of-00006_0.png,400,400,3
2203.9660292554126,test-00000-of-00006_0.png,1024,768,3
9019.03161170044,test-00000-of-00006_0.png,256,256,3
447.4013043814013,test-00000-of-00006_0.png,320,240,3
681.7155573096302,test-00000-of-00006_0.png,1024,768,3
378.85894592538375,test-00000-of-00006_0.png,256,256,3
190.14867366437065,test-00000-of-00006_0.png,400,400,3
892.2352382626943,test-00000-of-00006_0.png,480,640,3
1166.3016661630843,test-00000-of-00006_0.png,480,640,3
3513.6137529992393,test-00000-of-00006_0.png,256,256,3
401.0731113903312,test-00000-of-00006_0.png,768,1024,3
18380.83744193106,test-00000-of-00006_0.png,256,256,3
568.194278313982,test-00000-of-00006_0.png,1024,1024,3
84.96792005503731,test-00000-of-00006_0.png,1024,768,3
57.682126543209876,test-00000-of-00006_0.png,1200,900,3
80.36317864888242,test-00000-of-00006_0.png,256,256,3
5965.974307057656,test-00000-of-00006_0.png,256,256,3
467.235103716039,test-00000-of-00006_0.png,128,128,3
16.227469126350723,test-00000-of-00006_0.png,1024,1024,3
50.7812902662489,test-00000-of-00006_0.png,256,256,3
9.24998434018675,test-00000-of-00006_0.png,1024,1024,3
6097.205382876928,test-00000-of-00006_0.png,256,256,3
197.35338611110615,test-00000-of-00006_0.png,320,187,3
98.31845939572479,test-00000-of-00006_0.png,400,400,3
5.098465239825491,test-00000-of-00006_0.png,1024,1024,3
425.5573845999306,test-00000-of-00006_0.png,400,400,3
256.24721729980473,test-00000-of-00006_0.png,256,256,3
3.395256404432775,test-00000-of-00006_0.png,1024,768,3
17.226696883849826,test-00000-of-00006_0.png,400,400,3
1908.6646208746567,test-00000-of-00006_0.png,256,256,3
4454.944690172871,test-00000-of-00006_0.png,256,256,3
109.09846080220193,test-00000-of-00006_0.png,1200,900,3
225.6201938271605,test-00000-of-00006_0.png,900,1200,3
48.75952487400904,test-00000-of-00006_0.png,1024,768,3
42.06319938271605,test-00000-of-00006_0.png,1200,900,3
1536.3240270218705,test-00000-of-00006_0.png,400,400,3
798.6265876870659,test-00000-of-00006_0.png,400,400,3
257.23779950756375,test-00000-of-00006_0.png,480,640,3
197.35338611110615,test-00000-of-00006_0.png,320,187,3
4939.121796285086,test-00000-of-00006_0.png,256,256,3
7.392757347157598,test-00000-of-00006_0.png,1024,1024,3
434.23002073499885,test-00000-of-00006_0.png,128,128,3
5184.798057721307,test-00000-of-00006_0.png,256,256,3
8299.118730688986,test-00000-of-00006_0.png,256,256,3
232.90077482079397,test-00000-of-00006_0.png,240,320,3
20.697978523591495,test-00000-of-00006_0.png,1024,768,3
4198.909649360692,test-00000-of-00006_0.png,256,256,3
8647.955545683702,test-00000-of-00006_0.png,256,256,3
3457.392528181171,test-00000-of-00006_0.png,256,256,3
35.67634070540468,test-00000-of-00006_0.png,256,256,3
1034.8715842295958,test-00000-of-00006_0.png,768,1024,3
56.794693493710945,test-00000-of-00006_0.png,400,400,3
198.8472069512885,test-00000-of-00006_0.png,1024,768,3
219.68255733333334,test-00000-of-00006_0.png,500,500,3
724.7427756000085,test-00000-of-00006_0.png,480,640,3
18.88249462322953,test-00000-of-00006_0.png,256,256,3
273.44774611581596,test-00000-of-00006_0.png,400,400,3
112.48106868541231,test-00000-of-00006_0.png,400,400,3
1247.7413630476221,test-00000-of-00006_0.png,256,256,3
86.57566700534274,test-00000-of-00006_0.png,256,256,3
707.7827396791622,test-00000-of-00006_0.png,400,400,3
2452.4669526153143,test-00000-of-00006_0.png,256,256,3
121.89459775202243,test-00000-of-00006_0.png,240,320,3
76.59280755522335,test-00000-of-00006_0.png,4000,3000,3
28.345717400079593,test-00000-of-00006_0.png,256,256,3
2198.2462971928758,test-00000-of-00006_0.png,1724,2296,3
218.50308502604162,test-00000-of-00006_0.png,240,320,3
347.8661561728395,test-00000-of-00006_0.png,1200,900,3
36.73445083983933,test-00000-of-00006_0.png,1024,1024,3
305.0384428602605,test-00000-of-00006_0.png,400,400,3
36.992103703703705,test-00000-of-00006_0.png,900,1200,3
6.319031970959015,test-00000-of-00006_0.png,1024,768,3
266.33916954562073,test-00000-of-00006_0.png,400,400,3
276.0558466100031,test-00000-of-00006_0.png,128,128,3
3879.552592749292,test-00000-of-00006_0.png,256,256,3
144.02385660556686,test-00000-of-00006_0.png,1024,768,3
176.71365885264078,test-00000-of-00006_0.png,320,240,3
77.04221251525462,test-00000-of-00006_0.png,1724,2296,3
88.40650347590433,test-00000-of-00006_0.png,943,1200,3
2898.780361093477,test-00000-of-00006_0.png,256,256,3
1365.8192010803211,test-00000-of-00006_0.png,640,480,3
3.811789193287647,test-00000-of-00006_0.png,1024,1024,3
175.91398454234377,test-00000-of-00006_0.png,400,400,3
742.5390042531709,test-00000-of-00006_0.png,240,320,3
508.38033707115727,test-00000-of-00006_0.png,1024,1024,3
50.780761211696564,test-00000-of-00006_0.png,256,256,3
8935.67679733038,test-00000-of-00006_0.png,256,256,3
4948.112528146866,test-00000-of-00006_0.png,256,256,3
3023.315219717618,test-00000-of-00006_0.png,256,256,3
26.591166049327793,test-00000-of-00006_0.png,900,1200,3
200.84884658022912,test-00000-of-00006_0.png,1024,768,3
155.3035180150376,test-00000-of-00006_0.png,256,256,3
5231.69808423827,test-00000-of-00006_0.png,256,256,3
1281.9744903274316,test-00000-of-00006_0.png,481,612,3
1516.4023073380038,test-00000-of-00006_0.png,640,480,3
127.70060533333333,test-00000-of-00006_0.png,500,500,3
135.52627733333333,test-00000-of-00006_0.png,500,500,3
326.87014502478695,test-00000-of-00006_0.png,320,240,3
5785.2904563210905,test-00000-of-00006_0.png,256,256,3
182.2755236434936,test-00000-of-00006_0.png,240,320,3
119.90039570916754,test-00000-of-00006_0.png,256,256,3
27.8893653150234,test-00000-of-00006_0.png,256,256,3
65.04537037037036,test-00000-of-00006_0.png,1200,900,3
213.63941227586355,test-00000-of-00006_0.png,1724,2296,3
62.57938891410083,test-00000-of-00006_0.png,1024,768,3
353.56576372243626,test-00000-of-00006_0.png,320,240,3
128.53666667741103,test-00000-of-00006_0.png,256,256,3
65.04537037037036,test-00000-of-00006_0.png,1200,900,3
418.03883122277654,test-00000-of-00006_0.png,256,256,3
80.36317864888242,test-00000-of-00006_0.png,256,256,3
365.6934840614752,test-00000-of-00006_0.png,256,256,3
208.2756592072831,test-00000-of-00006_0.png,240,240,3
4623.656984248095,test-00000-of-00006_0.png,256,256,3
277.9207105124391,test-00000-of-00006_0.png,320,240,3
974.2510316824897,test-00000-of-00006_0.png,256,256,3
672.4373591450998,test-00000-of-00006_0.png,480,640,3
6148.37288890779,test-00000-of-00006_0.png,256,256,3
5878.3948776907955,test-00000-of-00006_0.png,256,256,3
2.9259932828935167,test-00000-of-00006_0.png,1024,1024,3
26.679353890977737,test-00000-of-00006_0.png,1024,768,3
35.40380247093505,test-00000-of-00006_0.png,1724,2296,3
142.24006912846943,test-00000-of-00006_0.png,256,256,3
66.75764014385351,test-00000-of-00006_0.png,1024,768,3
3303.1473489526866,test-00000-of-00006_0.png,256,256,3
639.123249715815,test-00000-of-00006_0.png,128,128,3
14808.2907662023,test-00000-of-00006_0.png,256,256,3
21.52096851851852,test-00000-of-00006_0.png,1200,900,3
288.2900791374826,test-00000-of-00006_0.png,400,400,3
61.70504494700122,test-00000-of-00006_0.png,1024,768,3
1017.1150598062457,test-00000-of-00006_0.png,400,400,3
14.368674055203991,test-00000-of-00006_0.png,400,400,3
4931.4694285355245,test-00000-of-00006_0.png,256,256,3
18.216781149747497,test-00000-of-00006_0.png,1024,768,3
1084.2028542561422,test-00000-of-00006_0.png,640,480,3
3859.4446058567187,test-00000-of-00006_0.png,256,256,3
25.545268595320245,test-00000-of-00006_0.png,1724,2296,3
7376.00465307592,test-00000-of-00006_0.png,256,256,3
8299.118730688986,test-00000-of-00006_0.png,256,256,3
671.1254070706208,test-00000-of-00006_0.png,400,400,3
6689.606128242177,test-00000-of-00006_0.png,256,256,3
332.171662345679,test-00000-of-00006_0.png,1200,900,3
170.08403498917406,test-00000-of-00006_0.png,256,256,3
1424.8055218984878,test-00000-of-00006_0.png,200,300,3
8299.118730688986,test-00000-of-00006_0.png,256,256,3
361.6713664590234,test-00000-of-00006_0.png,400,400,3
122.51187085939777,test-00000-of-00006_0.png,128,128,3
19.026196296296295,test-00000-of-00006_0.png,900,1200,3
68.84504076250657,test-00000-of-00006_0.png,1724,2296,3
277.9207105124391,test-00000-of-00006_0.png,320,240,3
5976.605705064929,test-00000-of-00006_0.png,256,256,3
2993.9320204621786,test-00000-of-00006_0.png,1024,768,3
88.24494871555552,test-00000-of-00006_0.png,400,400,3
1422.302218534162,test-00000-of-00006_0.png,400,400,3
99.40247072222225,test-00000-of-00006_0.png,400,400,3
133.16341031893504,test-00000-of-00006_0.png,320,240,3
3079.7903152150293,test-00000-of-00006_0.png,1024,768,3
2574.7212105693466,test-00000-of-00006_0.png,1024,768,3
133.94029293551975,test-00000-of-00006_0.png,240,320,3
221.4922511477288,test-00000-of-00006_0.png,240,240,3
133.94029293551975,test-00000-of-00006_0.png,240,320,3
3867.8483416334625,test-00000-of-00006_0.png,256,256,3
2309.7187910595035,test-00000-of-00006_0.png,256,256,3
5593.928429002331,test-00000-of-00006_0.png,256,256,3
7184.103016164154,test-00000-of-00006_0.png,256,256,3
72.75791940358047,test-00000-of-00006_0.png,1024,768,3
262.8882209562744,test-00000-of-00006_0.png,240,240,3
21.430197362880005,test-00000-of-00006_0.png,1724,2296,3
336.575673394733,test-00000-of-00006_0.png,256,256,3
128.34726782586367,test-00000-of-00006_0.png,240,320,3
504.3533182392518,test-00000-of-00006_0.png,1024,1024,3
248.16620869259987,test-00000-of-00006_0.png,400,400,3
5856.45411983999,test-00000-of-00006_0.png,256,256,3
7042.605813770012,test-00000-of-00006_0.png,256,256,3
4.499461491882851,test-00000-of-00006_0.png,1024,1024,3
344.12116444026606,test-00000-of-00006_0.png,1024,768,3
92.31375143922406,test-00000-of-00006_0.png,240,320,3
1476.819397872909,test-00000-of-00006_0.png,256,256,3
64.04570382638889,test-00000-of-00006_0.png,400,400,3
63.78002802525729,test-00000-of-00006_0.png,1024,768,3
18.202037371683545,test-00000-of-00006_0.png,1024,768,3
80.80508829029795,test-00000-of-00006_0.png,256,256,3
49.634560684363045,test-00000-of-00006_0.png,128,128,3
58.88236181390823,test-00000-of-00006_0.png,865,723,3
675.804106000169,test-00000-of-00006_0.png,720,540,3
420.03337834197475,test-00000-of-00006_0.png,400,400,3
717.2413671858764,test-00000-of-00006_0.png,256,256,3
342.04153888888885,test-00000-of-00006_0.png,400,400,3
12.90795555550952,test-00000-of-00006_0.png,1200,900,3
463.7715414004683,test-00000-of-00006_0.png,202,202,3
665.6371458090233,test-00000-of-00006_0.png,400,400,3
162.01656084590488,test-00000-of-00006_0.png,256,256,3
24.2128235989302,test-00000-of-00006_0.png,256,256,3
1075.895710784528,test-00000-of-00006_0.png,128,128,3
6441.030524362705,test-00000-of-00006_0.png,256,256,3
497.83782355096133,test-00000-of-00006_0.png,240,320,3
8.096011477541564,test-00000-of-00006_0.png,1024,1024,3
292.4678773803171,test-00000-of-00006_0.png,256,256,3
9.638573219352931,test-00000-of-00006_0.png,1024,1024,3
82.46939635453131,test-00000-of-00006_0.png,1024,768,3
185.19057781000933,test-00000-of-00006_0.png,128,128,3
389.12008269462314,test-00000-of-00006_0.png,256,256,3
174.55034971071612,test-00000-of-00006_0.png,128,128,3
2685.0567995308793,test-00000-of-00006_0.png,256,256,3
561.3580783745659,test-00000-of-00006_0.png,400,400,3
322.1778116125204,test-00000-of-00006_0.png,240,240,3
155.8350744025651,test-00000-of-00006_0.png,400,400,3
79.43062296168257,test-00000-of-00006_0.png,256,256,3
160.16707819972223,test-00000-of-00006_0.png,400,400,3
42.42745787184101,test-00000-of-00006_0.png,1724,2296,3
40.09512920177976,test-00000-of-00006_0.png,1724,2296,3
112.48106868541231,test-00000-of-00006_0.png,400,400,3
177.49235986260314,test-00000-of-00006_0.png,320,240,3
4032.4493593896163,test-00000-of-00006_0.png,256,256,3
681.7155573096302,test-00000-of-00006_0.png,1024,768,3
6418.975984655088,test-00000-of-00006_0.png,256,256,3
1756.5109815315034,test-00000-of-00006_0.png,256,256,3
106.23459498087566,test-00000-of-00006_0.png,256,256,3
224.6402808051215,test-00000-of-00006_0.png,320,240,3
1521.6765186484488,test-00000-of-00006_0.png,128,128,3
47.9486777458195,test-00000-of-00006_0.png,1024,768,3
49.46806020331599,test-00000-of-00006_0.png,400,400,3
108.25991536138788,test-00000-of-00006_0.png,256,256,3
162.38014031965463,test-00000-of-00006_0.png,240,320,3
4822.4855388526075,test-00000-of-00006_0.png,256,256,3
572.6657336415974,test-00000-of-00006_0.png,400,400,3
318.4156858122222,test-00000-of-00006_0.png,400,400,3
90.48349750436319,test-00000-of-00006_0.png,1024,1024,3
5484.538464811293,test-00000-of-00006_0.png,256,256,3
102.24360403291776,test-00000-of-00006_0.png,256,256,3
645.4159135681888,test-00000-of-00006_0.png,256,256,3
6817.797001016404,test-00000-of-00006_0.png,256,256,3
206.11342379030572,test-00000-of-00006_0.png,1724,2296,3
108.96302668007654,test-00000-of-00006_0.png,1024,768,3
147.31603925385187,test-00000-of-00006_0.png,640,480,3
109.03089567901235,test-00000-of-00006_0.png,1200,900,3
450.7417293512781,test-00000-of-00006_0.png,256,256,3
1662.327873086792,test-00000-of-00006_0.png,1024,768,3
250.22816666666668,test-00000-of-00006_0.png,1200,900,3
84.78777352853733,test-00000-of-00006_0.png,400,400,3
1200.7388647917867,test-00000-of-00006_0.png,256,256,3
664.7106488452474,test-00000-of-00006_0.png,480,640,3
2692.3310492419537,test-00000-of-00006_0.png,256,256,3
6830.965010231749,test-00000-of-00006_0.png,256,256,3
639.3841127123786,test-00000-of-00006_0.png,640,480,3
86.5513288953993,test-00000-of-00006_0.png,400,400,3
271.7160752010672,test-00000-of-00006_0.png,1724,2296,3
948.3868357338166,test-00000-of-00006_0.png,256,256,3
3699.165145330104,test-00000-of-00006_0.png,256,256,3
144.26930380121928,test-00000-of-00006_0.png,1024,768,3
320.2249997055365,test-00000-of-00006_0.png,128,128,3
1380.942679498323,test-00000-of-00006_0.png,1024,768,3
619.9644236413296,test-00000-of-00006_0.png,256,256,3
347.24041386907345,test-00000-of-00006_0.png,600,800,3
156.833998673492,test-00000-of-00006_0.png,128,128,3
181.67565271401114,test-00000-of-00006_0.png,320,240,3
152.03730933333333,test-00000-of-00006_0.png,500,500,3
318.4156858122222,test-00000-of-00006_0.png,400,400,3
2850.0861121185344,test-00000-of-00006_0.png,1024,768,3
5488.678354718387,test-00000-of-00006_0.png,256,256,3
14.444101648050982,test-00000-of-00006_0.png,1024,1024,3
1362.1258217486334,test-00000-of-00006_0.png,480,640,3
1190.2008939736256,test-00000-of-00006_0.png,640,480,3
1167.6106759494132,test-00000-of-00006_0.png,1024,768,3
2724.0354797833293,test-00000-of-00006_0.png,400,400,3
48.98377136223846,test-00000-of-00006_0.png,128,128,3
1910.0671671588502,test-00000-of-00006_0.png,400,400,3
917.8728411784396,test-00000-of-00006_0.png,256,256,3
277.83770319196014,test-00000-of-00006_0.png,350,750,3
21.52096851851852,test-00000-of-00006_0.png,1200,900,3
189.96187607493056,test-00000-of-00006_0.png,400,400,3
35.67634070540468,test-00000-of-00006_0.png,256,256,3
2094.8832713137854,test-00000-of-00006_0.png,640,480,3
10.27939859944187,test-00000-of-00006_0.png,1024,1024,3
70.02923924390537,test-00000-of-00006_0.png,256,256,3
214.52633415374757,test-00000-of-00006_0.png,240,320,3
203.7793374719719,test-00000-of-00006_0.png,256,256,3
1544.7147822077904,test-00000-of-00006_0.png,256,256,3
485.2730313177082,test-00000-of-00006_0.png,400,400,3
4793.975795795105,test-00000-of-00006_0.png,256,256,3
104.68802071983428,test-00000-of-00006_0.png,320,240,3
264.5506783838694,test-00000-of-00006_0.png,256,256,3
7090.161403335398,test-00000-of-00006_0.png,256,256,3
1422.302218534162,test-00000-of-00006_0.png,400,400,3
3823.571143941333,test-00000-of-00006_0.png,256,256,3
164.2061194634331,test-00000-of-00006_0.png,320,240,3
2.9259932828935167,test-00000-of-00006_0.png,1024,1024,3
129.34370830692706,test-00000-of-00006_0.png,400,400,3
2223.0695385928548,test-00000-of-00006_0.png,1024,768,3
7.943301795257462,test-00000-of-00006_0.png,128,128,3
110.35811183496091,test-00000-of-00006_0.png,400,400,3
399.7486073233335,test-00000-of-00006_0.png,400,400,3
51.39300515581597,test-00000-of-00006_0.png,400,400,3
38.377068546392664,test-00000-of-00006_0.png,1724,2296,3
4756.655695358912,test-00000-of-00006_0.png,256,256,3
95.83694575877003,test-00000-of-00006_0.png,1024,768,3
259.34766240655955,test-00000-of-00006_0.png,256,256,3
6767.844739095929,test-00000-of-00006_0.png,256,256,3
7530.205408251534,test-00000-of-00006_0.png,256,256,3
135.58863277083333,test-00000-of-00006_0.png,400,400,3
1200.3530551950996,test-00000-of-00006_0.png,400,400,3
108.67316129797959,test-00000-of-00006_0.png,2062,3071,3
1933.618784046396,test-00000-of-00006_0.png,256,256,3
657.7862846492665,test-00000-of-00006_0.png,400,400,3
202.6530958217164,test-00000-of-00006_0.png,1024,768,3
18059.381022894107,test-00000-of-00006_0.png,256,256,3
8108.929115540348,test-00000-of-00006_0.png,256,256,3
747.2410614400367,test-00000-of-00006_0.png,1024,768,3
115.53112651159813,test-00000-of-00006_0.png,1724,2296,3
3240.6624781948826,test-00000-of-00006_0.png,256,256,3
190.74752898103733,test-00000-of-00006_0.png,400,400,3
134.2528507249386,test-00000-of-00006_0.png,1724,2296,3
134.38483168927226,test-00000-of-00006_0.png,256,256,3
271.7336886608151,test-00000-of-00006_0.png,1724,2296,3
5.720054991334705,test-00000-of-00006_0.png,1024,768,3
191.7520048068552,test-00000-of-00006_0.png,1724,2296,3
98.31845939572479,test-00000-of-00006_0.png,400,400,3
562.8241889295791,test-00000-of-00006_0.png,400,400,3
308.18716964746096,test-00000-of-00006_0.png,400,400,3
834.9756551839192,test-00000-of-00006_0.png,400,400,3
14.734781612971567,test-00000-of-00006_0.png,1724,2296,3
8187.948654163396,test-00000-of-00006_0.png,256,256,3
126.59612405717638,test-00000-of-00006_0.png,240,320,3
136.33067430284288,test-00000-of-00006_0.png,240,320,3
860.2077451717751,test-00000-of-00006_0.png,640,480,3
775.0296812395791,test-00000-of-00006_0.png,400,400,3
451.60859710058577,test-00000-of-00006_0.png,400,400,3
6982.116442638969,test-00000-of-00006_0.png,256,256,3
7024.152190555483,test-00000-of-00006_0.png,256,256,3
307.4554849536283,test-00000-of-00006_0.png,240,320,3
273.13172369225686,test-00000-of-00006_0.png,240,240,3
2106.23939986752,test-00000-of-00006_0.png,256,256,3
134.06331886658964,test-00000-of-00006_0.png,256,256,3
622.7154019560475,test-00000-of-00006_0.png,1024,768,3
176.4757760759029,test-00000-of-00006_0.png,128,128,3
