Laplacian_Variance,Class,Height,Width,Shape
48.436574478888886,test-00000-of-00006_1059.png,500,500,3
26.82279175398399,test-00000-of-00006_1059.png,500,500,3
47.28064930555556,test-00000-of-00006_1059.png,500,500,3
105.60872749394493,test-00000-of-00006_1059.png,500,500,3
126.36290472908622,test-00000-of-00006_1059.png,500,500,3
69.58339753173155,test-00000-of-00006_1059.png,500,500,3
10.06292399103822,test-00000-of-00006_1059.png,500,500,3
378.00836879359275,test-00000-of-00006_1059.png,500,500,3
35.31992402676624,test-00000-of-00006_1059.png,500,500,3
259.888813084473,test-00000-of-00006_1059.png,500,500,3
17.620869316259554,test-00000-of-00006_1059.png,500,500,3
24.12062266555555,test-00000-of-00006_1059.png,500,500,3
56.770992767955555,test-00000-of-00006_1059.png,500,500,3
148.7531019602329,test-00000-of-00006_1059.png,500,500,3
5.190062653822222,test-00000-of-00006_1059.png,500,500,3
32.206084558933334,test-00000-of-00006_1059.png,500,500,3
5.519154666666667,test-00000-of-00006_1059.png,500,500,3
387.4521599534916,test-00000-of-00006_1059.png,500,500,3
354.4083659452996,test-00000-of-00006_1059.png,500,500,3
226.09515995101165,test-00000-of-00006_1059.png,500,500,3
18.447073333189337,test-00000-of-00006_1059.png,500,500,3
229.9688344206506,test-00000-of-00006_1059.png,500,500,3
122.72007464436625,test-00000-of-00006_1059.png,500,500,3
19.445395923823998,test-00000-of-00006_1059.png,500,500,3
79.91185127829154,test-00000-of-00006_1059.png,500,500,3
130.5559944046293,test-00000-of-00006_1059.png,500,500,3
83.72215497403735,test-00000-of-00006_1059.png,500,500,3
45.41659768524623,test-00000-of-00006_1059.png,500,500,3
3.962498666666667,test-00000-of-00006_1059.png,500,500,3
18.994321168490657,test-00000-of-00006_1059.png,500,500,3
235.35152701222216,test-00000-of-00006_1059.png,500,500,3
276.6727441066668,test-00000-of-00006_1059.png,500,500,3
18.987139018579555,test-00000-of-00006_1059.png,500,500,3
3.5648066660248903,test-00000-of-00006_1059.png,500,500,3
359.8441370752693,test-00000-of-00006_1059.png,500,500,3
365.3856233122063,test-00000-of-00006_1059.png,500,500,3
119.6125537592889,test-00000-of-00006_1059.png,500,500,3
17.446059994224004,test-00000-of-00006_1059.png,500,500,3
1764.922680274559,test-00000-of-00006_1059.png,500,500,3
40.10206662001067,test-00000-of-00006_1059.png,500,500,3
68.94673027316621,test-00000-of-00006_1059.png,500,500,3
377.265455026489,test-00000-of-00006_1059.png,500,500,3
103.4716669896516,test-00000-of-00006_1059.png,500,500,3
54.28551617026667,test-00000-of-00006_1059.png,500,500,3
214.51776533326944,test-00000-of-00006_1059.png,500,500,3
58.975786167288916,test-00000-of-00006_1059.png,500,500,3
62.607172000709326,test-00000-of-00006_1059.png,500,500,3
95.32656879089596,test-00000-of-00006_1059.png,500,500,3
86.55764435401959,test-00000-of-00006_1059.png,500,500,3
53.88160055031289,test-00000-of-00006_1059.png,500,500,3
97.09912956870403,test-00000-of-00006_1059.png,500,500,3
10.207555998888893,test-00000-of-00006_1059.png,500,500,3
175.56640767095288,test-00000-of-00006_1059.png,500,500,3
9.349366641491553,test-00000-of-00006_1059.png,500,500,3
202.38539248062395,test-00000-of-00006_1059.png,500,500,3
18.994321168490657,test-00000-of-00006_1059.png,500,500,3
50.34479904315554,test-00000-of-00006_1059.png,500,500,3
78.16186844995556,test-00000-of-00006_1059.png,500,500,3
1842.2673305150868,test-00000-of-00006_1059.png,500,500,3
533.3822225479662,test-00000-of-00006_1059.png,500,500,3
5.067464,test-00000-of-00006_1059.png,500,500,3
9.349366641491553,test-00000-of-00006_1059.png,500,500,3
78.27480542290489,test-00000-of-00006_1059.png,500,500,3
2324.13838206929,test-00000-of-00006_1059.png,500,500,3
219.68255733333334,test-00000-of-00006_1059.png,500,500,3
2010.4820259876903,test-00000-of-00006_1059.png,500,500,3
444.1572253297332,test-00000-of-00006_1059.png,500,500,3
283.5485201066667,test-00000-of-00006_1059.png,500,500,3
97.36501709388625,test-00000-of-00006_1059.png,500,500,3
174.96713077725155,test-00000-of-00006_1059.png,500,500,3
355.37273108333324,test-00000-of-00006_1059.png,500,500,3
29.34218776574401,test-00000-of-00006_1059.png,500,500,3
98.32687863977068,test-00000-of-00006_1059.png,500,500,3
206.17631033026672,test-00000-of-00006_1059.png,500,500,3
45.326409648291566,test-00000-of-00006_1059.png,500,500,3
11.022282666602672,test-00000-of-00006_1059.png,500,500,3
126.08307993446398,test-00000-of-00006_1059.png,500,500,3
57.585820764095985,test-00000-of-00006_1059.png,500,500,3
872.2972051261438,test-00000-of-00006_1059.png,500,500,3
59.30558753542934,test-00000-of-00006_1059.png,500,500,3
70.59220051057599,test-00000-of-00006_1059.png,500,500,3
249.91848523625075,test-00000-of-00006_1059.png,500,500,3
55.88165227861157,test-00000-of-00006_1059.png,500,500,3
55.88165227861157,test-00000-of-00006_1059.png,500,500,3
286.4956530107095,test-00000-of-00006_1059.png,500,500,3
5.50195985143289,test-00000-of-00006_1059.png,500,500,3
62.349717295912924,test-00000-of-00006_1059.png,500,500,3
25.919138908798217,test-00000-of-00006_1059.png,500,500,3
31.976003983955547,test-00000-of-00006_1059.png,500,500,3
203.5319908565263,test-00000-of-00006_1059.png,500,500,3
346.22035664995565,test-00000-of-00006_1059.png,500,500,3
9.657755988336,test-00000-of-00006_1059.png,500,500,3
345.0856176071395,test-00000-of-00006_1059.png,500,500,3
20.630559359139557,test-00000-of-00006_1059.png,500,500,3
22.155175385344,test-00000-of-00006_1059.png,500,500,3
130.4456519572889,test-00000-of-00006_1059.png,500,500,3
204.6959597566222,test-00000-of-00006_1059.png,500,500,3
6.148672,test-00000-of-00006_1059.png,500,500,3
360.9933146012995,test-00000-of-00006_1059.png,500,500,3
154.6199052788889,test-00000-of-00006_1059.png,500,500,3
19.831691906771542,test-00000-of-00006_1059.png,500,500,3
23.902177333118225,test-00000-of-00006_1059.png,500,500,3
513.4145636575984,test-00000-of-00006_1059.png,500,500,3
9.961539999998221,test-00000-of-00006_1059.png,500,500,3
18.207922523278228,test-00000-of-00006_1059.png,500,500,3
38.747706663822235,test-00000-of-00006_1059.png,500,500,3
5.811893118037334,test-00000-of-00006_1059.png,500,500,3
40.95841934065602,test-00000-of-00006_1059.png,500,500,3
34.46263979448889,test-00000-of-00006_1059.png,500,500,3
51.33176256765154,test-00000-of-00006_1059.png,500,500,3
203.35624502357157,test-00000-of-00006_1059.png,500,500,3
35.31992402676624,test-00000-of-00006_1059.png,500,500,3
141.55618910802497,test-00000-of-00006_1059.png,500,500,3
127.81474790513604,test-00000-of-00006_1059.png,500,500,3
23.59572197887288,test-00000-of-00006_1059.png,500,500,3
373.68329482849964,test-00000-of-00006_1059.png,500,500,3
297.8053325070062,test-00000-of-00006_1059.png,500,500,3
461.9917755155837,test-00000-of-00006_1059.png,500,500,3
1.1662933333333334,test-00000-of-00006_1059.png,500,500,3
57.930327613944876,test-00000-of-00006_1059.png,500,500,3
233.190416,test-00000-of-00006_1059.png,500,500,3
516.984292732713,test-00000-of-00006_1059.png,500,500,3
43.254148037624894,test-00000-of-00006_1059.png,500,500,3
152.87266275956625,test-00000-of-00006_1059.png,500,500,3
133.4601141745049,test-00000-of-00006_1059.png,500,500,3
265.94778933333333,test-00000-of-00006_1059.png,500,500,3
2324.13838206929,test-00000-of-00006_1059.png,500,500,3
173.6694451278222,test-00000-of-00006_1059.png,500,500,3
2301.4790398993,test-00000-of-00006_1059.png,500,500,3
27.715423824718222,test-00000-of-00006_1059.png,500,500,3
262.4989747406916,test-00000-of-00006_1059.png,500,500,3
325.73828326040007,test-00000-of-00006_1059.png,500,500,3
63.734449129029336,test-00000-of-00006_1059.png,500,500,3
52.02442111054934,test-00000-of-00006_1059.png,500,500,3
3.786117333155557,test-00000-of-00006_1059.png,500,500,3
381.9055092234649,test-00000-of-00006_1059.png,500,500,3
196.11124086749157,test-00000-of-00006_1059.png,500,500,3
7.294280673989333,test-00000-of-00006_1059.png,500,500,3
17.989156892442672,test-00000-of-00006_1059.png,500,500,3
117.25396605290486,test-00000-of-00006_1059.png,500,500,3
5.157408,test-00000-of-00006_1059.png,500,500,3
564.1224679786385,test-00000-of-00006_1059.png,500,500,3
51.57278663933155,test-00000-of-00006_1059.png,500,500,3
28.71042532582223,test-00000-of-00006_1059.png,500,500,3
11.022282666602672,test-00000-of-00006_1059.png,500,500,3
2583.007630738317,test-00000-of-00006_1059.png,500,500,3
3.156734648531555,test-00000-of-00006_1059.png,500,500,3
16.660845046037352,test-00000-of-00006_1059.png,500,500,3
712.8573845724728,test-00000-of-00006_1059.png,500,500,3
4.820706617678222,test-00000-of-00006_1059.png,500,500,3
70.15398649361065,test-00000-of-00006_1059.png,500,500,3
48.24830757489604,test-00000-of-00006_1059.png,500,500,3
14.93716355733156,test-00000-of-00006_1059.png,500,500,3
35.391300432099555,test-00000-of-00006_1059.png,500,500,3
708.9969481086221,test-00000-of-00006_1059.png,500,500,3
78.16186844995556,test-00000-of-00006_1059.png,500,500,3
23.02214714128889,test-00000-of-00006_1059.png,500,500,3
30.47532,test-00000-of-00006_1059.png,500,500,3
932.2278844735981,test-00000-of-00006_1059.png,500,500,3
270.8360291058329,test-00000-of-00006_1059.png,500,500,3
17.40116926982934,test-00000-of-00006_1059.png,500,500,3
800.101000543771,test-00000-of-00006_1059.png,500,500,3
32.45871454395557,test-00000-of-00006_1059.png,500,500,3
267.14933287106663,test-00000-of-00006_1059.png,500,500,3
123.56160447888891,test-00000-of-00006_1059.png,500,500,3
384.60451474118406,test-00000-of-00006_1059.png,500,500,3
136.35172264359826,test-00000-of-00006_1059.png,500,500,3
840.4243963013048,test-00000-of-00006_1059.png,500,500,3
10.984994664362665,test-00000-of-00006_1059.png,500,500,3
435.78527421508267,test-00000-of-00006_1059.png,500,500,3
150.35441420797156,test-00000-of-00006_1059.png,500,500,3
69.82840433079285,test-00000-of-00006_1059.png,500,500,3
60.97611589510932,test-00000-of-00006_1059.png,500,500,3
4.130826666666667,test-00000-of-00006_1059.png,500,500,3
968.0610871033174,test-00000-of-00006_1059.png,500,500,3
712.8573845724728,test-00000-of-00006_1059.png,500,500,3
68.94673027316621,test-00000-of-00006_1059.png,500,500,3
10.164306606478219,test-00000-of-00006_1059.png,500,500,3
244.5482776153582,test-00000-of-00006_1059.png,500,500,3
346.25227675204263,test-00000-of-00006_1059.png,500,500,3
902.0089821277795,test-00000-of-00006_1059.png,500,500,3
1256.4548449891554,test-00000-of-00006_1059.png,500,500,3
83.94126666666666,test-00000-of-00006_1059.png,500,500,3
336.3896484366222,test-00000-of-00006_1059.png,500,500,3
5.816503877966222,test-00000-of-00006_1059.png,500,500,3
266.36533721309155,test-00000-of-00006_1059.png,500,500,3
13.550015989183997,test-00000-of-00006_1059.png,500,500,3
206.17631033026672,test-00000-of-00006_1059.png,500,500,3
51.45327543969957,test-00000-of-00006_1059.png,500,500,3
31.702462191486223,test-00000-of-00006_1059.png,500,500,3
160.13871597397156,test-00000-of-00006_1059.png,500,500,3
346.22035664995565,test-00000-of-00006_1059.png,500,500,3
138.18504949516617,test-00000-of-00006_1059.png,500,500,3
773.5895087104003,test-00000-of-00006_1059.png,500,500,3
10.745175971776002,test-00000-of-00006_1059.png,500,500,3
47.61150633489067,test-00000-of-00006_1059.png,500,500,3
69.57318706662225,test-00000-of-00006_1059.png,500,500,3
13.550015989183997,test-00000-of-00006_1059.png,500,500,3
11.192500989155558,test-00000-of-00006_1059.png,500,500,3
38.58280522921956,test-00000-of-00006_1059.png,500,500,3
1187.4629839839836,test-00000-of-00006_1059.png,500,500,3
74.84804957648892,test-00000-of-00006_1059.png,500,500,3
68.94673027316621,test-00000-of-00006_1059.png,500,500,3
516.3203373187984,test-00000-of-00006_1059.png,500,500,3
264.1860417788515,test-00000-of-00006_1059.png,500,500,3
294.08257492393955,test-00000-of-00006_1059.png,500,500,3
270.73159332671815,test-00000-of-00006_1059.png,500,500,3
157.03323965268623,test-00000-of-00006_1059.png,500,500,3
442.7164269584783,test-00000-of-00006_1059.png,500,500,3
18.752021165224896,test-00000-of-00006_1059.png,500,500,3
62.15260195319289,test-00000-of-00006_1059.png,500,500,3
47.31497500532622,test-00000-of-00006_1059.png,500,500,3
105.79064980565154,test-00000-of-00006_1059.png,500,500,3
61.22851066517156,test-00000-of-00006_1059.png,500,500,3
355.8676786663662,test-00000-of-00006_1059.png,500,500,3
169.54577743604625,test-00000-of-00006_1059.png,500,500,3
10.354765333333333,test-00000-of-00006_1059.png,500,500,3
13.472869333326225,test-00000-of-00006_1059.png,500,500,3
17.39489711927289,test-00000-of-00006_1059.png,500,500,3
58.60971871025599,test-00000-of-00006_1059.png,500,500,3
18.529263385344002,test-00000-of-00006_1059.png,500,500,3
241.5071817114863,test-00000-of-00006_1059.png,500,500,3
306.3914332657334,test-00000-of-00006_1059.png,500,500,3
5.899173333304892,test-00000-of-00006_1059.png,500,500,3
363.64502495928883,test-00000-of-00006_1059.png,500,500,3
34.77785032248889,test-00000-of-00006_1059.png,500,500,3
20.977362225770666,test-00000-of-00006_1059.png,500,500,3
644.6211492844373,test-00000-of-00006_1059.png,500,500,3
144.57774584945062,test-00000-of-00006_1059.png,500,500,3
370.5363139976372,test-00000-of-00006_1059.png,500,500,3
260.35731804031826,test-00000-of-00006_1059.png,500,500,3
267.14933287106663,test-00000-of-00006_1059.png,500,500,3
134.3008468880427,test-00000-of-00006_1059.png,500,500,3
58.35110476300622,test-00000-of-00006_1059.png,500,500,3
321.62924257097967,test-00000-of-00006_1059.png,500,500,3
177.84071066423292,test-00000-of-00006_1059.png,500,500,3
63.39729299050487,test-00000-of-00006_1059.png,500,500,3
4.88568633335289,test-00000-of-00006_1059.png,500,500,3
33.19301186662222,test-00000-of-00006_1059.png,500,500,3
1511.6984113355925,test-00000-of-00006_1059.png,500,500,3
124.12078085631285,test-00000-of-00006_1059.png,500,500,3
39.491290569584,test-00000-of-00006_1059.png,500,500,3
35.80123865129065,test-00000-of-00006_1059.png,500,500,3
39.28946390291733,test-00000-of-00006_1059.png,500,500,3
74.31561732108622,test-00000-of-00006_1059.png,500,500,3
193.33333019715568,test-00000-of-00006_1059.png,500,500,3
22.111739999998225,test-00000-of-00006_1059.png,500,500,3
70.51844192477157,test-00000-of-00006_1059.png,500,500,3
19.698919462222218,test-00000-of-00006_1059.png,500,500,3
18.74549733324622,test-00000-of-00006_1059.png,500,500,3
57.83687472055285,test-00000-of-00006_1059.png,500,500,3
6.141987973971558,test-00000-of-00006_1059.png,500,500,3
14.55038756087289,test-00000-of-00006_1059.png,500,500,3
163.59580509780614,test-00000-of-00006_1059.png,500,500,3
671.1608931433171,test-00000-of-00006_1059.png,500,500,3
16.56846243754489,test-00000-of-00006_1059.png,500,500,3
156.320268223216,test-00000-of-00006_1059.png,500,500,3
235.84618853528886,test-00000-of-00006_1059.png,500,500,3
18.447073333189337,test-00000-of-00006_1059.png,500,500,3
191.26726480140618,test-00000-of-00006_1059.png,500,500,3
152.03730933333333,test-00000-of-00006_1059.png,500,500,3
270.73159332671815,test-00000-of-00006_1059.png,500,500,3
203.35624502357157,test-00000-of-00006_1059.png,500,500,3
277.8072426466917,test-00000-of-00006_1059.png,500,500,3
16.431244618744888,test-00000-of-00006_1059.png,500,500,3
229.9688344206506,test-00000-of-00006_1059.png,500,500,3
11.93149066655289,test-00000-of-00006_1059.png,500,500,3
24.197633332933332,test-00000-of-00006_1059.png,500,500,3
294.8483306138863,test-00000-of-00006_1059.png,500,500,3
2813.6496734057787,test-00000-of-00006_1059.png,500,500,3
773.5895087104003,test-00000-of-00006_1059.png,500,500,3
249.91848523625075,test-00000-of-00006_1059.png,500,500,3
165.08426301673072,test-00000-of-00006_1059.png,500,500,3
54.63368759380621,test-00000-of-00006_1059.png,500,500,3
1.6500026666666667,test-00000-of-00006_1059.png,500,500,3
4.8487599330915545,test-00000-of-00006_1059.png,500,500,3
133.4601141745049,test-00000-of-00006_1059.png,500,500,3
180.4695998173226,test-00000-of-00006_1059.png,500,500,3
43.254148037624894,test-00000-of-00006_1059.png,500,500,3
166.79689463615827,test-00000-of-00006_1059.png,500,500,3
23.29666724193955,test-00000-of-00006_1059.png,500,500,3
22.111739999998225,test-00000-of-00006_1059.png,500,500,3
1.6568506666666667,test-00000-of-00006_1059.png,500,500,3
7.033998637082666,test-00000-of-00006_1059.png,500,500,3
332.940303488624,test-00000-of-00006_1059.png,500,500,3
217.65978253802498,test-00000-of-00006_1059.png,500,500,3
937.5489130266668,test-00000-of-00006_1059.png,500,500,3
75.2422373583573,test-00000-of-00006_1059.png,500,500,3
287.2079251350114,test-00000-of-00006_1059.png,500,500,3
16.794406856526223,test-00000-of-00006_1059.png,500,500,3
54.28551617026667,test-00000-of-00006_1059.png,500,500,3
7.611112699717331,test-00000-of-00006_1059.png,500,500,3
44.8996899524249,test-00000-of-00006_1059.png,500,500,3
413.6120168231661,test-00000-of-00006_1059.png,500,500,3
1606.3597855706387,test-00000-of-00006_1059.png,500,500,3
68.94673027316621,test-00000-of-00006_1059.png,500,500,3
616.4012868956,test-00000-of-00006_1059.png,500,500,3
10.248970947624885,test-00000-of-00006_1059.png,500,500,3
517.305185751465,test-00000-of-00006_1059.png,500,500,3
9.598708855352886,test-00000-of-00006_1059.png,500,500,3
44.14398412423823,test-00000-of-00006_1059.png,500,500,3
164.63686769676625,test-00000-of-00006_1059.png,500,500,3
336.3896484366222,test-00000-of-00006_1059.png,500,500,3
9.169519913955554,test-00000-of-00006_1059.png,500,500,3
259.2443789034648,test-00000-of-00006_1059.png,500,500,3
604.0206158122647,test-00000-of-00006_1059.png,500,500,3
63.01628180052621,test-00000-of-00006_1059.png,500,500,3
49.812586204266665,test-00000-of-00006_1059.png,500,500,3
1835.0978863734827,test-00000-of-00006_1059.png,500,500,3
32.336817284933346,test-00000-of-00006_1059.png,500,500,3
236.80114639903292,test-00000-of-00006_1059.png,500,500,3
11.972143854584893,test-00000-of-00006_1059.png,500,500,3
78.66600571148624,test-00000-of-00006_1059.png,500,500,3
453.85011668905935,test-00000-of-00006_1059.png,500,500,3
62.15260195319289,test-00000-of-00006_1059.png,500,500,3
38.97319365060266,test-00000-of-00006_1059.png,500,500,3
536.5386841226223,test-00000-of-00006_1059.png,500,500,3
191.26726480140618,test-00000-of-00006_1059.png,500,500,3
840.5114011042117,test-00000-of-00006_1059.png,500,500,3
203.5319908565263,test-00000-of-00006_1059.png,500,500,3
422.94462821217957,test-00000-of-00006_1059.png,500,500,3
7.302281129029332,test-00000-of-00006_1059.png,500,500,3
26.82279175398399,test-00000-of-00006_1059.png,500,500,3
65.16534212300623,test-00000-of-00006_1059.png,500,500,3
10.245214467155554,test-00000-of-00006_1059.png,500,500,3
471.62307772705947,test-00000-of-00006_1059.png,500,500,3
297.6274266366223,test-00000-of-00006_1059.png,500,500,3
189.3768652177334,test-00000-of-00006_1059.png,500,500,3
113.0381792138222,test-00000-of-00006_1059.png,500,500,3
19.803156913429333,test-00000-of-00006_1059.png,500,500,3
11.192500989155558,test-00000-of-00006_1059.png,500,500,3
45.36194434002489,test-00000-of-00006_1059.png,500,500,3
100.77837099733154,test-00000-of-00006_1059.png,500,500,3
21.146149062933336,test-00000-of-00006_1059.png,500,500,3
160.3841862078863,test-00000-of-00006_1059.png,500,500,3
199.56235823106658,test-00000-of-00006_1059.png,500,500,3
242.32742647230398,test-00000-of-00006_1059.png,500,500,3
195.15145402407822,test-00000-of-00006_1059.png,500,500,3
70.34593062442488,test-00000-of-00006_1059.png,500,500,3
2301.4790398993,test-00000-of-00006_1059.png,500,500,3
15.645162390691551,test-00000-of-00006_1059.png,500,500,3
5.190062653822222,test-00000-of-00006_1059.png,500,500,3
17.285087999424004,test-00000-of-00006_1059.png,500,500,3
912.2419580245315,test-00000-of-00006_1059.png,500,500,3
687.9658024478648,test-00000-of-00006_1059.png,500,500,3
196.0943142222222,test-00000-of-00006_1059.png,500,500,3
188.8765401267128,test-00000-of-00006_1059.png,500,500,3
179.97912238505953,test-00000-of-00006_1059.png,500,500,3
473.4619121517795,test-00000-of-00006_1059.png,500,500,3
76.31286815960001,test-00000-of-00006_1059.png,500,500,3
137.2545568480427,test-00000-of-00006_1059.png,500,500,3
202.5859368942062,test-00000-of-00006_1059.png,500,500,3
387.35591166805125,test-00000-of-00006_1059.png,500,500,3
18.15958768490488,test-00000-of-00006_1059.png,500,500,3
318.301027896745,test-00000-of-00006_1059.png,500,500,3
382.07444397809616,test-00000-of-00006_1059.png,500,500,3
11.273615999886221,test-00000-of-00006_1059.png,500,500,3
122.72007464436625,test-00000-of-00006_1059.png,500,500,3
109.91817051090489,test-00000-of-00006_1059.png,500,500,3
36.71011401380267,test-00000-of-00006_1059.png,500,500,3
57.83687472055285,test-00000-of-00006_1059.png,500,500,3
80.02710434662221,test-00000-of-00006_1059.png,500,500,3
9.492231393678226,test-00000-of-00006_1059.png,500,500,3
243.87094570982214,test-00000-of-00006_1059.png,500,500,3
15.317060223822224,test-00000-of-00006_1059.png,500,500,3
216.45828451946488,test-00000-of-00006_1059.png,500,500,3
9.956448212933331,test-00000-of-00006_1059.png,500,500,3
91.394503930304,test-00000-of-00006_1059.png,500,500,3
293.4686473210242,test-00000-of-00006_1059.png,500,500,3
184.5340775317316,test-00000-of-00006_1059.png,500,500,3
10.707012983592886,test-00000-of-00006_1059.png,500,500,3
321.85526590628257,test-00000-of-00006_1059.png,500,500,3
40.789363991536,test-00000-of-00006_1059.png,500,500,3
33.48648430648889,test-00000-of-00006_1059.png,500,500,3
60.09124054015289,test-00000-of-00006_1059.png,500,500,3
11.016330665464888,test-00000-of-00006_1059.png,500,500,3
85.0121292656907,test-00000-of-00006_1059.png,500,500,3
274.85274918587754,test-00000-of-00006_1059.png,500,500,3
256.6657397834648,test-00000-of-00006_1059.png,500,500,3
129.88965799871826,test-00000-of-00006_1059.png,500,500,3
576.4631279139554,test-00000-of-00006_1059.png,500,500,3
307.8848595361262,test-00000-of-00006_1059.png,500,500,3
239.39137999500628,test-00000-of-00006_1059.png,500,500,3
13.119699999983997,test-00000-of-00006_1059.png,500,500,3
17.86606266588266,test-00000-of-00006_1059.png,500,500,3
979.9935076188997,test-00000-of-00006_1059.png,500,500,3
53.24386725119823,test-00000-of-00006_1059.png,500,500,3
55.93179865915557,test-00000-of-00006_1059.png,500,500,3
10.471841332549332,test-00000-of-00006_1059.png,500,500,3
9.998865298984892,test-00000-of-00006_1059.png,500,500,3
204.3211088730863,test-00000-of-00006_1059.png,500,500,3
163.03027557489602,test-00000-of-00006_1059.png,500,500,3
354.88453531195563,test-00000-of-00006_1059.png,500,500,3
23.902177333118225,test-00000-of-00006_1059.png,500,500,3
39.71707589972622,test-00000-of-00006_1059.png,500,500,3
384.8975652514062,test-00000-of-00006_1059.png,500,500,3
3.4167373313973335,test-00000-of-00006_1059.png,500,500,3
321.29346938588264,test-00000-of-00006_1059.png,500,500,3
60.09124054015289,test-00000-of-00006_1059.png,500,500,3
5.577413333333333,test-00000-of-00006_1059.png,500,500,3
14.980649327557325,test-00000-of-00006_1059.png,500,500,3
40.22796568524623,test-00000-of-00006_1059.png,500,500,3
63.2558878492996,test-00000-of-00006_1059.png,500,500,3
83.94126666666666,test-00000-of-00006_1059.png,500,500,3
25.862175209358234,test-00000-of-00006_1059.png,500,500,3
7.033998637082666,test-00000-of-00006_1059.png,500,500,3
48.327573463544915,test-00000-of-00006_1059.png,500,500,3
82.99985293863823,test-00000-of-00006_1059.png,500,500,3
148.82893270004615,test-00000-of-00006_1059.png,500,500,3
14.699085333333333,test-00000-of-00006_1059.png,500,500,3
116.45752565929067,test-00000-of-00006_1059.png,500,500,3
98.88972671426664,test-00000-of-00006_1059.png,500,500,3
134.74048883605155,test-00000-of-00006_1059.png,500,500,3
1218.4699979686238,test-00000-of-00006_1059.png,500,500,3
198.07830458879818,test-00000-of-00006_1059.png,500,500,3
726.6121705721587,test-00000-of-00006_1059.png,500,500,3
1939.744398307199,test-00000-of-00006_1059.png,500,500,3
64.36485465382222,test-00000-of-00006_1059.png,500,500,3
9.271593333246225,test-00000-of-00006_1059.png,500,500,3
1256.4548449891554,test-00000-of-00006_1059.png,500,500,3
15.381787802864007,test-00000-of-00006_1059.png,500,500,3
263.3881941896462,test-00000-of-00006_1059.png,500,500,3
64.88375367742401,test-00000-of-00006_1059.png,500,500,3
278.92236634105586,test-00000-of-00006_1059.png,500,500,3
70.15398649361065,test-00000-of-00006_1059.png,500,500,3
362.9643095413759,test-00000-of-00006_1059.png,500,500,3
1026.4559011293848,test-00000-of-00006_1059.png,500,500,3
7.882119281066666,test-00000-of-00006_1059.png,500,500,3
203.35624502357157,test-00000-of-00006_1059.png,500,500,3
89.49499661203733,test-00000-of-00006_1059.png,500,500,3
332.95627301523723,test-00000-of-00006_1059.png,500,500,3
242.51373238553612,test-00000-of-00006_1059.png,500,500,3
3.5462933333333333,test-00000-of-00006_1059.png,500,500,3
20.40155581452622,test-00000-of-00006_1059.png,500,500,3
5.080701333333334,test-00000-of-00006_1059.png,500,500,3
287.5794874019555,test-00000-of-00006_1059.png,500,500,3
412.45181519615323,test-00000-of-00006_1059.png,500,500,3
132.49813675519823,test-00000-of-00006_1059.png,500,500,3
14.972469309411556,test-00000-of-00006_1059.png,500,500,3
259.888813084473,test-00000-of-00006_1059.png,500,500,3
56.55091752604265,test-00000-of-00006_1059.png,500,500,3
86.80476230305953,test-00000-of-00006_1059.png,500,500,3
5.505558198810667,test-00000-of-00006_1059.png,500,500,3
459.6676685453581,test-00000-of-00006_1059.png,500,500,3
124.12078085631285,test-00000-of-00006_1059.png,500,500,3
365.3856233122063,test-00000-of-00006_1059.png,500,500,3
123.56160447888891,test-00000-of-00006_1059.png,500,500,3
38.58280522921956,test-00000-of-00006_1059.png,500,500,3
167.8045626138862,test-00000-of-00006_1059.png,500,500,3
12.720616,test-00000-of-00006_1059.png,500,500,3
195.15145402407822,test-00000-of-00006_1059.png,500,500,3
49.74909902911823,test-00000-of-00006_1059.png,500,500,3
11.294342664730666,test-00000-of-00006_1059.png,500,500,3
1187.4629839839836,test-00000-of-00006_1059.png,500,500,3
665.1879243132995,test-00000-of-00006_1059.png,500,500,3
33.31127535426668,test-00000-of-00006_1059.png,500,500,3
15.317060223822224,test-00000-of-00006_1059.png,500,500,3
9.271593333246225,test-00000-of-00006_1059.png,500,500,3
24.15895463017066,test-00000-of-00006_1059.png,500,500,3
582.5079751357847,test-00000-of-00006_1059.png,500,500,3
204.47895596053158,test-00000-of-00006_1059.png,500,500,3
15.04542927700622,test-00000-of-00006_1059.png,500,500,3
275.7810671191893,test-00000-of-00006_1059.png,500,500,3
11.937109981082667,test-00000-of-00006_1059.png,500,500,3
49.49009988074487,test-00000-of-00006_1059.png,500,500,3
39.565537863850665,test-00000-of-00006_1059.png,500,500,3
672.1451351094329,test-00000-of-00006_1059.png,500,500,3
840.4243963013048,test-00000-of-00006_1059.png,500,500,3
255.44391840041052,test-00000-of-00006_1059.png,500,500,3
13.487269964622222,test-00000-of-00006_1059.png,500,500,3
106.5586093330329,test-00000-of-00006_1059.png,500,500,3
13.119699999983997,test-00000-of-00006_1059.png,500,500,3
461.9917755155837,test-00000-of-00006_1059.png,500,500,3
38.20619732605156,test-00000-of-00006_1059.png,500,500,3
8.84003733127822,test-00000-of-00006_1059.png,500,500,3
2.0207226666666664,test-00000-of-00006_1059.png,500,500,3
28.263978932222212,test-00000-of-00006_1059.png,500,500,3
139.5372282858222,test-00000-of-00006_1059.png,500,500,3
119.2866699428249,test-00000-of-00006_1059.png,500,500,3
269.76189882666677,test-00000-of-00006_1059.png,500,500,3
1.7454213333333333,test-00000-of-00006_1059.png,500,500,3
188.8765401267128,test-00000-of-00006_1059.png,500,500,3
10.928243999216004,test-00000-of-00006_1059.png,500,500,3
29.728273752488896,test-00000-of-00006_1059.png,500,500,3
214.2621554982667,test-00000-of-00006_1059.png,500,500,3
112.0533602322329,test-00000-of-00006_1059.png,500,500,3
13.667865172264877,test-00000-of-00006_1059.png,500,500,3
233.70330060885146,test-00000-of-00006_1059.png,500,500,3
16.660845046037352,test-00000-of-00006_1059.png,500,500,3
1.124968,test-00000-of-00006_1059.png,500,500,3
184.5340775317316,test-00000-of-00006_1059.png,500,500,3
878.2407125670119,test-00000-of-00006_1059.png,500,500,3
244.3198230673051,test-00000-of-00006_1059.png,500,500,3
726.6121705721587,test-00000-of-00006_1059.png,500,500,3
18.16851331447289,test-00000-of-00006_1059.png,500,500,3
18.851842331811554,test-00000-of-00006_1059.png,500,500,3
191.6226450180106,test-00000-of-00006_1059.png,500,500,3
9.178115543535998,test-00000-of-00006_1059.png,500,500,3
1386.815254301753,test-00000-of-00006_1059.png,500,500,3
7.033998637082666,test-00000-of-00006_1059.png,500,500,3
2971.355377836656,test-00000-of-00006_1059.png,500,500,3
270.8360291058329,test-00000-of-00006_1059.png,500,500,3
16.092939878896004,test-00000-of-00006_1059.png,500,500,3
144.806191515584,test-00000-of-00006_1059.png,500,500,3
11.96189866621156,test-00000-of-00006_1059.png,500,500,3
13.453622191486222,test-00000-of-00006_1059.png,500,500,3
198.98230666666666,test-00000-of-00006_1059.png,500,500,3
157.03323965268623,test-00000-of-00006_1059.png,500,500,3
58.60971871025599,test-00000-of-00006_1059.png,500,500,3
73.48016499538492,test-00000-of-00006_1059.png,500,500,3
12.225435365859559,test-00000-of-00006_1059.png,500,500,3
145.4652672312889,test-00000-of-00006_1059.png,500,500,3
363.68836014915547,test-00000-of-00006_1059.png,500,500,3
487.07549248021166,test-00000-of-00006_1059.png,500,500,3
161.33293977342396,test-00000-of-00006_1059.png,500,500,3
418.2843939964514,test-00000-of-00006_1059.png,500,500,3
376.54979351073956,test-00000-of-00006_1059.png,500,500,3
112.0533602322329,test-00000-of-00006_1059.png,500,500,3
222.77160987812277,test-00000-of-00006_1059.png,500,500,3
39.565537863850665,test-00000-of-00006_1059.png,500,500,3
449.17145951274483,test-00000-of-00006_1059.png,500,500,3
31.68278443945957,test-00000-of-00006_1059.png,500,500,3
486.0962505483305,test-00000-of-00006_1059.png,500,500,3
129.63664260863294,test-00000-of-00006_1059.png,500,500,3
26.801932172622223,test-00000-of-00006_1059.png,500,500,3
387.4521599534916,test-00000-of-00006_1059.png,500,500,3
53.439490795859555,test-00000-of-00006_1059.png,500,500,3
5.577413333333333,test-00000-of-00006_1059.png,500,500,3
47.148019784810664,test-00000-of-00006_1059.png,500,500,3
85.86025167428267,test-00000-of-00006_1059.png,500,500,3
366.4633136469332,test-00000-of-00006_1059.png,500,500,3
7.273221186552887,test-00000-of-00006_1059.png,500,500,3
410.74307197848884,test-00000-of-00006_1059.png,500,500,3
44.19961453993066,test-00000-of-00006_1059.png,500,500,3
99.3530368563129,test-00000-of-00006_1059.png,500,500,3
96.00550793173335,test-00000-of-00006_1059.png,500,500,3
7.589502722730668,test-00000-of-00006_1059.png,500,500,3
841.2580516415982,test-00000-of-00006_1059.png,500,500,3
17.20523238052267,test-00000-of-00006_1059.png,500,500,3
60.0288999115929,test-00000-of-00006_1059.png,500,500,3
25.199833119272892,test-00000-of-00006_1059.png,500,500,3
278.20348730777596,test-00000-of-00006_1059.png,500,500,3
32.944066664099566,test-00000-of-00006_1059.png,500,500,3
5.483334369278223,test-00000-of-00006_1059.png,500,500,3
667.980204673024,test-00000-of-00006_1059.png,500,500,3
10.448628435198218,test-00000-of-00006_1059.png,500,500,3
180.74632514900617,test-00000-of-00006_1059.png,500,500,3
209.11814676479293,test-00000-of-00006_1059.png,500,500,3
8.84003733127822,test-00000-of-00006_1059.png,500,500,3
360.05680393778476,test-00000-of-00006_1059.png,500,500,3
4.8487599330915545,test-00000-of-00006_1059.png,500,500,3
16.78302123093334,test-00000-of-00006_1059.png,500,500,3
27.300370960490653,test-00000-of-00006_1059.png,500,500,3
184.72113757873598,test-00000-of-00006_1059.png,500,500,3
9.19848,test-00000-of-00006_1059.png,500,500,3
1.76928,test-00000-of-00006_1059.png,500,500,3
42.28881267615287,test-00000-of-00006_1059.png,500,500,3
32.45871454395557,test-00000-of-00006_1059.png,500,500,3
193.25971812684602,test-00000-of-00006_1059.png,500,500,3
254.50697230107733,test-00000-of-00006_1059.png,500,500,3
3.334346633784888,test-00000-of-00006_1059.png,500,500,3
3.116411961583998,test-00000-of-00006_1059.png,500,500,3
56.71980303911823,test-00000-of-00006_1059.png,500,500,3
62.349717295912924,test-00000-of-00006_1059.png,500,500,3
146.18735063577603,test-00000-of-00006_1059.png,500,500,3
213.79317362514493,test-00000-of-00006_1059.png,500,500,3
555.2917048871096,test-00000-of-00006_1059.png,500,500,3
353.0777442600373,test-00000-of-00006_1059.png,500,500,3
68.94673027316621,test-00000-of-00006_1059.png,500,500,3
378.9588849009048,test-00000-of-00006_1059.png,500,500,3
45.713761619155555,test-00000-of-00006_1059.png,500,500,3
263.1697920639555,test-00000-of-00006_1059.png,500,500,3
394.34810925949137,test-00000-of-00006_1059.png,500,500,3
253.7007401887572,test-00000-of-00006_1059.png,500,500,3
81.58839859165157,test-00000-of-00006_1059.png,500,500,3
11.96189866621156,test-00000-of-00006_1059.png,500,500,3
10.745175971776002,test-00000-of-00006_1059.png,500,500,3
14.00672531828623,test-00000-of-00006_1059.png,500,500,3
256.1521545867663,test-00000-of-00006_1059.png,500,500,3
12.16081466666489,test-00000-of-00006_1059.png,500,500,3
369.13672251300255,test-00000-of-00006_1059.png,500,500,3
17.916465316606228,test-00000-of-00006_1059.png,500,500,3
11.965047999935997,test-00000-of-00006_1059.png,500,500,3
298.3302727822221,test-00000-of-00006_1059.png,500,500,3
33.49826196223288,test-00000-of-00006_1059.png,500,500,3
75.91216170982221,test-00000-of-00006_1059.png,500,500,3
77.97729718151821,test-00000-of-00006_1059.png,500,500,3
249.2345563064889,test-00000-of-00006_1059.png,500,500,3
166.81944345460622,test-00000-of-00006_1059.png,500,500,3
399.12683774357174,test-00000-of-00006_1059.png,500,500,3
39.65751859049066,test-00000-of-00006_1059.png,500,500,3
78.66600571148624,test-00000-of-00006_1059.png,500,500,3
44.28780399806401,test-00000-of-00006_1059.png,500,500,3
6.996341141155555,test-00000-of-00006_1059.png,500,500,3
44.78869692242489,test-00000-of-00006_1059.png,500,500,3
113.53543188371737,test-00000-of-00006_1059.png,500,500,3
263.4903306666667,test-00000-of-00006_1059.png,500,500,3
9.149471813375998,test-00000-of-00006_1059.png,500,500,3
1357.2609726661963,test-00000-of-00006_1059.png,500,500,3
3.7775253332693333,test-00000-of-00006_1059.png,500,500,3
4.8487599330915545,test-00000-of-00006_1059.png,500,500,3
262.7186398643893,test-00000-of-00006_1059.png,500,500,3
9.568979999984002,test-00000-of-00006_1059.png,500,500,3
240.43260231303822,test-00000-of-00006_1059.png,500,500,3
31.68278443945957,test-00000-of-00006_1059.png,500,500,3
28.71042532582223,test-00000-of-00006_1059.png,500,500,3
5.770531861155557,test-00000-of-00006_1059.png,500,500,3
9.770050959599999,test-00000-of-00006_1059.png,500,500,3
228.6830484166667,test-00000-of-00006_1059.png,500,500,3
36.96426694395554,test-00000-of-00006_1059.png,500,500,3
22.533468144922672,test-00000-of-00006_1059.png,500,500,3
12.152999995903988,test-00000-of-00006_1059.png,500,500,3
43.4542508823449,test-00000-of-00006_1059.png,500,500,3
269.7212055592889,test-00000-of-00006_1059.png,500,500,3
222.5847986916249,test-00000-of-00006_1059.png,500,500,3
1065.6036112520464,test-00000-of-00006_1059.png,500,500,3
7.733874665272893,test-00000-of-00006_1059.png,500,500,3
282.7282597590596,test-00000-of-00006_1059.png,500,500,3
287.5794874019555,test-00000-of-00006_1059.png,500,500,3
517.305185751465,test-00000-of-00006_1059.png,500,500,3
62.69354689140622,test-00000-of-00006_1059.png,500,500,3
143.54213240518405,test-00000-of-00006_1059.png,500,500,3
714.8235079995998,test-00000-of-00006_1059.png,500,500,3
746.103427207067,test-00000-of-00006_1059.png,500,500,3
392.1831537399396,test-00000-of-00006_1059.png,500,500,3
127.71610197222219,test-00000-of-00006_1059.png,500,500,3
47.31497500532622,test-00000-of-00006_1059.png,500,500,3
111.55927960848888,test-00000-of-00006_1059.png,500,500,3
65.10015083974399,test-00000-of-00006_1059.png,500,500,3
11.686358662398224,test-00000-of-00006_1059.png,500,500,3
129.16574369062224,test-00000-of-00006_1059.png,500,500,3
1.1662933333333334,test-00000-of-00006_1059.png,500,500,3
51.43651258602491,test-00000-of-00006_1059.png,500,500,3
413.1920976016426,test-00000-of-00006_1059.png,500,500,3
19.831691906771542,test-00000-of-00006_1059.png,500,500,3
299.9493639957316,test-00000-of-00006_1059.png,500,500,3
253.45926492426676,test-00000-of-00006_1059.png,500,500,3
203.24794337463288,test-00000-of-00006_1059.png,500,500,3
4.9711358378595545,test-00000-of-00006_1059.png,500,500,3
2317.270169610025,test-00000-of-00006_1059.png,500,500,3
12.882174662042663,test-00000-of-00006_1059.png,500,500,3
0.9449333333333333,test-00000-of-00006_1059.png,500,500,3
336.3896484366222,test-00000-of-00006_1059.png,500,500,3
25.756109417939555,test-00000-of-00006_1059.png,500,500,3
258.2221712564888,test-00000-of-00006_1059.png,500,500,3
462.74685151722485,test-00000-of-00006_1059.png,500,500,3
134.98555548426668,test-00000-of-00006_1059.png,500,500,3
2.253061333333333,test-00000-of-00006_1059.png,500,500,3
508.85373813714506,test-00000-of-00006_1059.png,500,500,3
10.899895787171552,test-00000-of-00006_1059.png,500,500,3
469.9521585528731,test-00000-of-00006_1059.png,500,500,3
18.719911674339553,test-00000-of-00006_1059.png,500,500,3
10.984994664362665,test-00000-of-00006_1059.png,500,500,3
19.445395923823998,test-00000-of-00006_1059.png,500,500,3
9.799953236819551,test-00000-of-00006_1059.png,500,500,3
432.66563727018473,test-00000-of-00006_1059.png,500,500,3
24.38616900940622,test-00000-of-00006_1059.png,500,500,3
471.62307772705947,test-00000-of-00006_1059.png,500,500,3
22.463243785939554,test-00000-of-00006_1059.png,500,500,3
290.35195847189146,test-00000-of-00006_1059.png,500,500,3
1.4379653333333333,test-00000-of-00006_1059.png,500,500,3
41.50302000622934,test-00000-of-00006_1059.png,500,500,3
712.8573845724728,test-00000-of-00006_1059.png,500,500,3
7.294280673989333,test-00000-of-00006_1059.png,500,500,3
40.62857450128889,test-00000-of-00006_1059.png,500,500,3
68.81536573345956,test-00000-of-00006_1059.png,500,500,3
316.98788169863815,test-00000-of-00006_1059.png,500,500,3
45.79278863626668,test-00000-of-00006_1059.png,500,500,3
34.378953333317355,test-00000-of-00006_1059.png,500,500,3
714.8235079995998,test-00000-of-00006_1059.png,500,500,3
300.4021397910115,test-00000-of-00006_1059.png,500,500,3
114.06355807891732,test-00000-of-00006_1059.png,500,500,3
48.24830757489604,test-00000-of-00006_1059.png,500,500,3
5.162917333333334,test-00000-of-00006_1059.png,500,500,3
43.364298407246196,test-00000-of-00006_1059.png,500,500,3
262.7186398643893,test-00000-of-00006_1059.png,500,500,3
240.43260231303822,test-00000-of-00006_1059.png,500,500,3
119.72417938325158,test-00000-of-00006_1059.png,500,500,3
104.51520890124623,test-00000-of-00006_1059.png,500,500,3
3.291318653210667,test-00000-of-00006_1059.png,500,500,3
14.10306110802489,test-00000-of-00006_1059.png,500,500,3
18.191070541822217,test-00000-of-00006_1059.png,500,500,3
9.080523869438224,test-00000-of-00006_1059.png,500,500,3
111.01221463329954,test-00000-of-00006_1059.png,500,500,3
3.156734648531555,test-00000-of-00006_1059.png,500,500,3
103.3675844493582,test-00000-of-00006_1059.png,500,500,3
115.1876042638916,test-00000-of-00006_1059.png,500,500,3
1.2943786666666666,test-00000-of-00006_1059.png,500,500,3
14.864559346851555,test-00000-of-00006_1059.png,500,500,3
88.38943659143821,test-00000-of-00006_1059.png,500,500,3
418.24671408906664,test-00000-of-00006_1059.png,500,500,3
368.3451892292195,test-00000-of-00006_1059.png,500,500,3
1606.3597855706387,test-00000-of-00006_1059.png,500,500,3
201.99022076782938,test-00000-of-00006_1059.png,500,500,3
67.47646311884621,test-00000-of-00006_1059.png,500,500,3
85.36859718803734,test-00000-of-00006_1059.png,500,500,3
99.75242854269158,test-00000-of-00006_1059.png,500,500,3
70.15113279430933,test-00000-of-00006_1059.png,500,500,3
2.9605253333333335,test-00000-of-00006_1059.png,500,500,3
25.199833119272892,test-00000-of-00006_1059.png,500,500,3
317.6724719534062,test-00000-of-00006_1059.png,500,500,3
49.812586204266665,test-00000-of-00006_1059.png,500,500,3
413.80962057414945,test-00000-of-00006_1059.png,500,500,3
16.962755984624007,test-00000-of-00006_1059.png,500,500,3
17.446059994224004,test-00000-of-00006_1059.png,500,500,3
14.790015201955551,test-00000-of-00006_1059.png,500,500,3
138.0220350784782,test-00000-of-00006_1059.png,500,500,3
329.4109730601529,test-00000-of-00006_1059.png,500,500,3
19.831691906771542,test-00000-of-00006_1059.png,500,500,3
27.300370960490653,test-00000-of-00006_1059.png,500,500,3
23.836235660499558,test-00000-of-00006_1059.png,500,500,3
12.014122618851557,test-00000-of-00006_1059.png,500,500,3
72.27004431462224,test-00000-of-00006_1059.png,500,500,3
409.4063666728959,test-00000-of-00006_1059.png,500,500,3
276.98958285542403,test-00000-of-00006_1059.png,500,500,3
344.66409195838395,test-00000-of-00006_1059.png,500,500,3
152.60763869755735,test-00000-of-00006_1059.png,500,500,3
45.70577866026667,test-00000-of-00006_1059.png,500,500,3
61.53180261284264,test-00000-of-00006_1059.png,500,500,3
353.8052991665493,test-00000-of-00006_1059.png,500,500,3
14.10306110802489,test-00000-of-00006_1059.png,500,500,3
29.058228663288876,test-00000-of-00006_1059.png,500,500,3
40.10206662001067,test-00000-of-00006_1059.png,500,500,3
197.39068556782215,test-00000-of-00006_1059.png,500,500,3
150.87871733333333,test-00000-of-00006_1059.png,500,500,3
872.4695567714915,test-00000-of-00006_1059.png,500,500,3
114.206952,test-00000-of-00006_1059.png,500,500,3
12.387306921171556,test-00000-of-00006_1059.png,500,500,3
293.8426611979094,test-00000-of-00006_1059.png,500,500,3
473.7116096788892,test-00000-of-00006_1059.png,500,500,3
111.63085188129953,test-00000-of-00006_1059.png,500,500,3
117.597408,test-00000-of-00006_1059.png,500,500,3
1595.0599368358382,test-00000-of-00006_1059.png,500,500,3
262.7186398643893,test-00000-of-00006_1059.png,500,500,3
74.65550455031287,test-00000-of-00006_1059.png,500,500,3
568.9847601471555,test-00000-of-00006_1059.png,500,500,3
372.6369159208515,test-00000-of-00006_1059.png,500,500,3
282.7282597590596,test-00000-of-00006_1059.png,500,500,3
12.389653298488883,test-00000-of-00006_1059.png,500,500,3
267.6938133333333,test-00000-of-00006_1059.png,500,500,3
15.558041815352894,test-00000-of-00006_1059.png,500,500,3
375.0860639597492,test-00000-of-00006_1059.png,500,500,3
148.3984585456,test-00000-of-00006_1059.png,500,500,3
424.96528921244266,test-00000-of-00006_1059.png,500,500,3
250.4041510592694,test-00000-of-00006_1059.png,500,500,3
117.69087159000006,test-00000-of-00006_1059.png,500,500,3
4.06908,test-00000-of-00006_1059.png,500,500,3
44.26686295351289,test-00000-of-00006_1059.png,500,500,3
4.394122666666667,test-00000-of-00006_1059.png,500,500,3
47.29881550928888,test-00000-of-00006_1059.png,500,500,3
43.364298407246196,test-00000-of-00006_1059.png,500,500,3
70.6614608526222,test-00000-of-00006_1059.png,500,500,3
10.06756933222222,test-00000-of-00006_1059.png,500,500,3
6.301161280126221,test-00000-of-00006_1059.png,500,500,3
1162.3789248177334,test-00000-of-00006_1059.png,500,500,3
171.49636661141162,test-00000-of-00006_1059.png,500,500,3
113.53543188371737,test-00000-of-00006_1059.png,500,500,3
263.29959467199825,test-00000-of-00006_1059.png,500,500,3
1171.727708994046,test-00000-of-00006_1059.png,500,500,3
368.5908675642862,test-00000-of-00006_1059.png,500,500,3
24.15895463017066,test-00000-of-00006_1059.png,500,500,3
682.6857213439985,test-00000-of-00006_1059.png,500,500,3
608.1143102253441,test-00000-of-00006_1059.png,500,500,3
10.76029852728889,test-00000-of-00006_1059.png,500,500,3
59.93103333203732,test-00000-of-00006_1059.png,500,500,3
30.612850646526212,test-00000-of-00006_1059.png,500,500,3
37.917621481726236,test-00000-of-00006_1059.png,500,500,3
89.00344798077157,test-00000-of-00006_1059.png,500,500,3
37.97637190014402,test-00000-of-00006_1059.png,500,500,3
60.29976376574401,test-00000-of-00006_1059.png,500,500,3
37.215165333219566,test-00000-of-00006_1059.png,500,500,3
7.7415346352195575,test-00000-of-00006_1059.png,500,500,3
7.25664,test-00000-of-00006_1059.png,500,500,3
47.75822666621153,test-00000-of-00006_1059.png,500,500,3
329.3324250330294,test-00000-of-00006_1059.png,500,500,3
61.23116949449955,test-00000-of-00006_1059.png,500,500,3
10.096758661672888,test-00000-of-00006_1059.png,500,500,3
83.94126666666666,test-00000-of-00006_1059.png,500,500,3
66.45933866322486,test-00000-of-00006_1059.png,500,500,3
469.9521585528731,test-00000-of-00006_1059.png,500,500,3
142.9240643318827,test-00000-of-00006_1059.png,500,500,3
452.08144728089593,test-00000-of-00006_1059.png,500,500,3
508.377419635184,test-00000-of-00006_1059.png,500,500,3
238.96266459831284,test-00000-of-00006_1059.png,500,500,3
259.888813084473,test-00000-of-00006_1059.png,500,500,3
10.295121329733334,test-00000-of-00006_1059.png,500,500,3
197.422944,test-00000-of-00006_1059.png,500,500,3
387.6318926232462,test-00000-of-00006_1059.png,500,500,3
10.809279971775998,test-00000-of-00006_1059.png,500,500,3
3.55652,test-00000-of-00006_1059.png,500,500,3
162.9418267647929,test-00000-of-00006_1059.png,500,500,3
540.0494513434862,test-00000-of-00006_1059.png,500,500,3
848.1700699891182,test-00000-of-00006_1059.png,500,500,3
71.89998953862936,test-00000-of-00006_1059.png,500,500,3
270.9749064936106,test-00000-of-00006_1059.png,500,500,3
12.90566075715556,test-00000-of-00006_1059.png,500,500,3
116.4715531461529,test-00000-of-00006_1059.png,500,500,3
5.022646636158222,test-00000-of-00006_1059.png,500,500,3
4.970763999998222,test-00000-of-00006_1059.png,500,500,3
9.657755988336,test-00000-of-00006_1059.png,500,500,3
22.276529579512886,test-00000-of-00006_1059.png,500,500,3
4.71647329062222,test-00000-of-00006_1059.png,500,500,3
199.9174632084463,test-00000-of-00006_1059.png,500,500,3
236.80114639903292,test-00000-of-00006_1059.png,500,500,3
110.27012060160001,test-00000-of-00006_1059.png,500,500,3
149.69181854648883,test-00000-of-00006_1059.png,500,500,3
38.73527466609068,test-00000-of-00006_1059.png,500,500,3
30.732086628250652,test-00000-of-00006_1059.png,500,500,3
15.337950180392893,test-00000-of-00006_1059.png,500,500,3
36.39152922487288,test-00000-of-00006_1059.png,500,500,3
41.5965283988889,test-00000-of-00006_1059.png,500,500,3
57.382658002424876,test-00000-of-00006_1059.png,500,500,3
3.971870630312887,test-00000-of-00006_1059.png,500,500,3
16.03467333281955,test-00000-of-00006_1059.png,500,500,3
22.71082912539733,test-00000-of-00006_1059.png,500,500,3
148.82893270004615,test-00000-of-00006_1059.png,500,500,3
195.15145402407822,test-00000-of-00006_1059.png,500,500,3
403.14990226559996,test-00000-of-00006_1059.png,500,500,3
99.3532172556782,test-00000-of-00006_1059.png,500,500,3
198.05471250772626,test-00000-of-00006_1059.png,500,500,3
94.54917057905067,test-00000-of-00006_1059.png,500,500,3
11.937109981082667,test-00000-of-00006_1059.png,500,500,3
32.10848514207288,test-00000-of-00006_1059.png,500,500,3
365.6630759796461,test-00000-of-00006_1059.png,500,500,3
106.5586093330329,test-00000-of-00006_1059.png,500,500,3
57.95583931448892,test-00000-of-00006_1059.png,500,500,3
379.26848234409954,test-00000-of-00006_1059.png,500,500,3
53.263878997459564,test-00000-of-00006_1059.png,500,500,3
120.3176333129796,test-00000-of-00006_1059.png,500,500,3
41.365330666666665,test-00000-of-00006_1059.png,500,500,3
1170.9933066090664,test-00000-of-00006_1059.png,500,500,3
261.91096978328903,test-00000-of-00006_1059.png,500,500,3
391.80317688353966,test-00000-of-00006_1059.png,500,500,3
229.52384171928898,test-00000-of-00006_1059.png,500,500,3
15.922805917864881,test-00000-of-00006_1059.png,500,500,3
275.18736571669166,test-00000-of-00006_1059.png,500,500,3
117.25396605290486,test-00000-of-00006_1059.png,500,500,3
29.06276798002488,test-00000-of-00006_1059.png,500,500,3
346.1752092046913,test-00000-of-00006_1059.png,500,500,3
253.45926492426676,test-00000-of-00006_1059.png,500,500,3
297.8053325070062,test-00000-of-00006_1059.png,500,500,3
164.9989519595449,test-00000-of-00006_1059.png,500,500,3
148.89851506508617,test-00000-of-00006_1059.png,500,500,3
14.739110653822225,test-00000-of-00006_1059.png,500,500,3
142.04955690662226,test-00000-of-00006_1059.png,500,500,3
20.667759031744,test-00000-of-00006_1059.png,500,500,3
59.68400730777599,test-00000-of-00006_1059.png,500,500,3
396.1174131578863,test-00000-of-00006_1059.png,500,500,3
35.623145991166226,test-00000-of-00006_1059.png,500,500,3
44.91356233073598,test-00000-of-00006_1059.png,500,500,3
381.1279628859449,test-00000-of-00006_1059.png,500,500,3
4.494018650958225,test-00000-of-00006_1059.png,500,500,3
95.32656879089596,test-00000-of-00006_1059.png,500,500,3
118.273823659456,test-00000-of-00006_1059.png,500,500,3
2.6980026666666665,test-00000-of-00006_1059.png,500,500,3
4.130826666666667,test-00000-of-00006_1059.png,500,500,3
55.88165227861157,test-00000-of-00006_1059.png,500,500,3
42.07083555411734,test-00000-of-00006_1059.png,500,500,3
202.5859368942062,test-00000-of-00006_1059.png,500,500,3
236.66988679551832,test-00000-of-00006_1059.png,500,500,3
305.4027875155556,test-00000-of-00006_1059.png,500,500,3
3.0735306666666666,test-00000-of-00006_1059.png,500,500,3
54.02068548511289,test-00000-of-00006_1059.png,500,500,3
44.47970165631822,test-00000-of-00006_1059.png,500,500,3
49.36330942796626,test-00000-of-00006_1059.png,500,500,3
57.48482665130489,test-00000-of-00006_1059.png,500,500,3
1.6568506666666667,test-00000-of-00006_1059.png,500,500,3
32.336817284933346,test-00000-of-00006_1059.png,500,500,3
69.57318706662225,test-00000-of-00006_1059.png,500,500,3
46.090421022712874,test-00000-of-00006_1059.png,500,500,3
344.1257258826223,test-00000-of-00006_1059.png,500,500,3
500.1869461666117,test-00000-of-00006_1059.png,500,500,3
81.89006386847292,test-00000-of-00006_1059.png,500,500,3
459.6676685453581,test-00000-of-00006_1059.png,500,500,3
4.851185331624889,test-00000-of-00006_1059.png,500,500,3
1921.2607430562111,test-00000-of-00006_1059.png,500,500,3
10.224759813376002,test-00000-of-00006_1059.png,500,500,3
263.7739017166915,test-00000-of-00006_1059.png,500,500,3
9.149471813375998,test-00000-of-00006_1059.png,500,500,3
201.58982796949164,test-00000-of-00006_1059.png,500,500,3
367.65160292117156,test-00000-of-00006_1059.png,500,500,3
338.90182413493335,test-00000-of-00006_1059.png,500,500,3
111.89827733330488,test-00000-of-00006_1059.png,500,500,3
473.7116096788892,test-00000-of-00006_1059.png,500,500,3
339.62906184105964,test-00000-of-00006_1059.png,500,500,3
237.58737596105948,test-00000-of-00006_1059.png,500,500,3
15.822550150399993,test-00000-of-00006_1059.png,500,500,3
158.36279144248877,test-00000-of-00006_1059.png,500,500,3
4.9711358378595545,test-00000-of-00006_1059.png,500,500,3
138.18504949516617,test-00000-of-00006_1059.png,500,500,3
469.9521585528731,test-00000-of-00006_1059.png,500,500,3
38.54163194740621,test-00000-of-00006_1059.png,500,500,3
2.827064,test-00000-of-00006_1059.png,500,500,3
82.03106415317156,test-00000-of-00006_1059.png,500,500,3
1872.6815577190669,test-00000-of-00006_1059.png,500,500,3
24.775886962318218,test-00000-of-00006_1059.png,500,500,3
1992.3192255330118,test-00000-of-00006_1059.png,500,500,3
23.70500773236622,test-00000-of-00006_1059.png,500,500,3
23.865090666666667,test-00000-of-00006_1059.png,500,500,3
278.20348730777596,test-00000-of-00006_1059.png,500,500,3
236.9084888168515,test-00000-of-00006_1059.png,500,500,3
17.916465316606228,test-00000-of-00006_1059.png,500,500,3
119.2866699428249,test-00000-of-00006_1059.png,500,500,3
1921.2607430562111,test-00000-of-00006_1059.png,500,500,3
36.415021616063996,test-00000-of-00006_1059.png,500,500,3
19.226807927459546,test-00000-of-00006_1059.png,500,500,3
1578.224759906639,test-00000-of-00006_1059.png,500,500,3
4.793,test-00000-of-00006_1059.png,500,500,3
74.77639820607823,test-00000-of-00006_1059.png,500,500,3
22.411983410176003,test-00000-of-00006_1059.png,500,500,3
11.516789333326226,test-00000-of-00006_1059.png,500,500,3
12.509941292259555,test-00000-of-00006_1059.png,500,500,3
174.88273598150403,test-00000-of-00006_1059.png,500,500,3
21.146149062933336,test-00000-of-00006_1059.png,500,500,3
287.5628758576907,test-00000-of-00006_1059.png,500,500,3
64.88375367742401,test-00000-of-00006_1059.png,500,500,3
41.926577821424004,test-00000-of-00006_1059.png,500,500,3
60.0288999115929,test-00000-of-00006_1059.png,500,500,3
5.505558198810667,test-00000-of-00006_1059.png,500,500,3
16.40401724333334,test-00000-of-00006_1059.png,500,500,3
82.52957064106667,test-00000-of-00006_1059.png,500,500,3
2971.355377836656,test-00000-of-00006_1059.png,500,500,3
6.301161280126221,test-00000-of-00006_1059.png,500,500,3
29.17439319521956,test-00000-of-00006_1059.png,500,500,3
12.277846397822223,test-00000-of-00006_1059.png,500,500,3
1674.7775236090288,test-00000-of-00006_1059.png,500,500,3
848.1700699891182,test-00000-of-00006_1059.png,500,500,3
173.88015644556629,test-00000-of-00006_1059.png,500,500,3
49.983118816255974,test-00000-of-00006_1059.png,500,500,3
307.20804585010495,test-00000-of-00006_1059.png,500,500,3
9.149471813375998,test-00000-of-00006_1059.png,500,500,3
1252.856357582677,test-00000-of-00006_1059.png,500,500,3
16.78302123093334,test-00000-of-00006_1059.png,500,500,3
365.730047772153,test-00000-of-00006_1059.png,500,500,3
582.5079751357847,test-00000-of-00006_1059.png,500,500,3
70.15398649361065,test-00000-of-00006_1059.png,500,500,3
2.8096,test-00000-of-00006_1059.png,500,500,3
24.12062266555555,test-00000-of-00006_1059.png,500,500,3
152.34583022222228,test-00000-of-00006_1059.png,500,500,3
3.927341256419555,test-00000-of-00006_1059.png,500,500,3
103.3675844493582,test-00000-of-00006_1059.png,500,500,3
54.27804665500266,test-00000-of-00006_1059.png,500,500,3
33.88183902698489,test-00000-of-00006_1059.png,500,500,3
14.8084159936,test-00000-of-00006_1059.png,500,500,3
281.84000179774387,test-00000-of-00006_1059.png,500,500,3
41.631055569664014,test-00000-of-00006_1059.png,500,500,3
11.490093333333334,test-00000-of-00006_1059.png,500,500,3
1.389432,test-00000-of-00006_1059.png,500,500,3
160.13871597397156,test-00000-of-00006_1059.png,500,500,3
20.206299874069334,test-00000-of-00006_1059.png,500,500,3
2083.281845054064,test-00000-of-00006_1059.png,500,500,3
914.7754718858507,test-00000-of-00006_1059.png,500,500,3
10.928243999216004,test-00000-of-00006_1059.png,500,500,3
42.977792589822215,test-00000-of-00006_1059.png,500,500,3
31.878981102933338,test-00000-of-00006_1059.png,500,500,3
38.58280522921956,test-00000-of-00006_1059.png,500,500,3
25.95419895687821,test-00000-of-00006_1059.png,500,500,3
19.632082297002658,test-00000-of-00006_1059.png,500,500,3
651.9980009523131,test-00000-of-00006_1059.png,500,500,3
19.464958605822225,test-00000-of-00006_1059.png,500,500,3
38.38452890609601,test-00000-of-00006_1059.png,500,500,3
67.20394018875731,test-00000-of-00006_1059.png,500,500,3
32.362145196926235,test-00000-of-00006_1059.png,500,500,3
117.12144414654402,test-00000-of-00006_1059.png,500,500,3
5.149773333333333,test-00000-of-00006_1059.png,500,500,3
110.293679864576,test-00000-of-00006_1059.png,500,500,3
235.35152701222216,test-00000-of-00006_1059.png,500,500,3
287.2064820548194,test-00000-of-00006_1059.png,500,500,3
263.7739017166915,test-00000-of-00006_1059.png,500,500,3
60.97611589510932,test-00000-of-00006_1059.png,500,500,3
135.52627733333333,test-00000-of-00006_1059.png,500,500,3
63.39729299050487,test-00000-of-00006_1059.png,500,500,3
376.57682948048887,test-00000-of-00006_1059.png,500,500,3
134.98555548426668,test-00000-of-00006_1059.png,500,500,3
446.9860821316195,test-00000-of-00006_1059.png,500,500,3
32.362145196926235,test-00000-of-00006_1059.png,500,500,3
4.962993311429336,test-00000-of-00006_1059.png,500,500,3
464.85440763468637,test-00000-of-00006_1059.png,500,500,3
230.45828666517167,test-00000-of-00006_1059.png,500,500,3
145.658608,test-00000-of-00006_1059.png,500,500,3
64.17581473941158,test-00000-of-00006_1059.png,500,500,3
33.88183902698489,test-00000-of-00006_1059.png,500,500,3
24.684034794410668,test-00000-of-00006_1059.png,500,500,3
12.065338446392891,test-00000-of-00006_1059.png,500,500,3
456.175585055344,test-00000-of-00006_1059.png,500,500,3
125.655448675184,test-00000-of-00006_1059.png,500,500,3
12.965449790570666,test-00000-of-00006_1059.png,500,500,3
95.87599502293337,test-00000-of-00006_1059.png,500,500,3
279.7282286543572,test-00000-of-00006_1059.png,500,500,3
5.505558198810667,test-00000-of-00006_1059.png,500,500,3
276.6727441066668,test-00000-of-00006_1059.png,500,500,3
603.6452092046916,test-00000-of-00006_1059.png,500,500,3
11.496444558933332,test-00000-of-00006_1059.png,500,500,3
172.91067466666667,test-00000-of-00006_1059.png,500,500,3
258.66359409714494,test-00000-of-00006_1059.png,500,500,3
6.658190543699555,test-00000-of-00006_1059.png,500,500,3
3.334346633784888,test-00000-of-00006_1059.png,500,500,3
83.2526946660249,test-00000-of-00006_1059.png,500,500,3
7.589502722730668,test-00000-of-00006_1059.png,500,500,3
272.3759888667574,test-00000-of-00006_1059.png,500,500,3
1865.7910961149842,test-00000-of-00006_1059.png,500,500,3
7.273221186552887,test-00000-of-00006_1059.png,500,500,3
36.56784426830933,test-00000-of-00006_1059.png,500,500,3
94.03951125156262,test-00000-of-00006_1059.png,500,500,3
21.021970236330674,test-00000-of-00006_1059.png,500,500,3
3.156734648531555,test-00000-of-00006_1059.png,500,500,3
67.10784319713956,test-00000-of-00006_1059.png,500,500,3
35.16987412492621,test-00000-of-00006_1059.png,500,500,3
11.047765423486233,test-00000-of-00006_1059.png,500,500,3
1992.3192255330118,test-00000-of-00006_1059.png,500,500,3
172.9436898135449,test-00000-of-00006_1059.png,500,500,3
294.74928646143815,test-00000-of-00006_1059.png,500,500,3
868.2525907250064,test-00000-of-00006_1059.png,500,500,3
956.2450508400004,test-00000-of-00006_1059.png,500,500,3
269.76189882666677,test-00000-of-00006_1059.png,500,500,3
19.993691638398225,test-00000-of-00006_1059.png,500,500,3
0.928048,test-00000-of-00006_1059.png,500,500,3
18.74549733324622,test-00000-of-00006_1059.png,500,500,3
35.80123865129065,test-00000-of-00006_1059.png,500,500,3
2.2319013333333335,test-00000-of-00006_1059.png,500,500,3
234.828174568873,test-00000-of-00006_1059.png,500,500,3
2600.558996904505,test-00000-of-00006_1059.png,500,500,3
5.190062653822222,test-00000-of-00006_1059.png,500,500,3
902.0089821277795,test-00000-of-00006_1059.png,500,500,3
38.91637406491732,test-00000-of-00006_1059.png,500,500,3
382.8957330951893,test-00000-of-00006_1059.png,500,500,3
3.291318653210667,test-00000-of-00006_1059.png,500,500,3
285.08550788074473,test-00000-of-00006_1059.png,500,500,3
38.54163194740621,test-00000-of-00006_1059.png,500,500,3
353.35592421217956,test-00000-of-00006_1059.png,500,500,3
410.7881959359717,test-00000-of-00006_1059.png,500,500,3
471.62307772705947,test-00000-of-00006_1059.png,500,500,3
1842.2673305150868,test-00000-of-00006_1059.png,500,500,3
76.70832909239289,test-00000-of-00006_1059.png,500,500,3
193.62971578247826,test-00000-of-00006_1059.png,500,500,3
71.89998953862936,test-00000-of-00006_1059.png,500,500,3
20.548995928176,test-00000-of-00006_1059.png,500,500,3
50.49340472888889,test-00000-of-00006_1059.png,500,500,3
333.9644043078381,test-00000-of-00006_1059.png,500,500,3
29.06276798002488,test-00000-of-00006_1059.png,500,500,3
99.3530368563129,test-00000-of-00006_1059.png,500,500,3
73.48016499538492,test-00000-of-00006_1059.png,500,500,3
127.71610197222219,test-00000-of-00006_1059.png,500,500,3
71.30461715693336,test-00000-of-00006_1059.png,500,500,3
24.12062266555555,test-00000-of-00006_1059.png,500,500,3
210.81337059412627,test-00000-of-00006_1059.png,500,500,3
197.37360667049953,test-00000-of-00006_1059.png,500,500,3
136.16934931022934,test-00000-of-00006_1059.png,500,500,3
76.35204378820266,test-00000-of-00006_1059.png,500,500,3
201.99022076782938,test-00000-of-00006_1059.png,500,500,3
5.162917333333334,test-00000-of-00006_1059.png,500,500,3
229.6797290891305,test-00000-of-00006_1059.png,500,500,3
9.349366641491553,test-00000-of-00006_1059.png,500,500,3
5.5401559996000005,test-00000-of-00006_1059.png,500,500,3
1.1033626666666667,test-00000-of-00006_1059.png,500,500,3
62.607172000709326,test-00000-of-00006_1059.png,500,500,3
101.48665281876623,test-00000-of-00006_1059.png,500,500,3
41.323907690864004,test-00000-of-00006_1059.png,500,500,3
381.9055092234649,test-00000-of-00006_1059.png,500,500,3
44.29371461528889,test-00000-of-00006_1059.png,500,500,3
297.74562000702406,test-00000-of-00006_1059.png,500,500,3
576.5990197532731,test-00000-of-00006_1059.png,500,500,3
20.180978645155555,test-00000-of-00006_1059.png,500,500,3
283.2608360388106,test-00000-of-00006_1059.png,500,500,3
120.3176333129796,test-00000-of-00006_1059.png,500,500,3
17.253418420650664,test-00000-of-00006_1059.png,500,500,3
28.603288226629346,test-00000-of-00006_1059.png,500,500,3
17.57666131410489,test-00000-of-00006_1059.png,500,500,3
419.0519225386221,test-00000-of-00006_1059.png,500,500,3
69.82840433079285,test-00000-of-00006_1059.png,500,500,3
19.226807927459546,test-00000-of-00006_1059.png,500,500,3
108.28966754310936,test-00000-of-00006_1059.png,500,500,3
14.699085333333333,test-00000-of-00006_1059.png,500,500,3
18.994321168490657,test-00000-of-00006_1059.png,500,500,3
8.464339923824,test-00000-of-00006_1059.png,500,500,3
95.87599502293337,test-00000-of-00006_1059.png,500,500,3
37.433971867619555,test-00000-of-00006_1059.png,500,500,3
7.293588701838224,test-00000-of-00006_1059.png,500,500,3
294.8483306138863,test-00000-of-00006_1059.png,500,500,3
11.58543464356267,test-00000-of-00006_1059.png,500,500,3
40.10206662001067,test-00000-of-00006_1059.png,500,500,3
47.53292424617952,test-00000-of-00006_1059.png,500,500,3
2.6980026666666665,test-00000-of-00006_1059.png,500,500,3
8.44771763711822,test-00000-of-00006_1059.png,500,500,3
68.31030505030932,test-00000-of-00006_1059.png,500,500,3
432.68114572447286,test-00000-of-00006_1059.png,500,500,3
11.61090266636622,test-00000-of-00006_1059.png,500,500,3
12.680301832488885,test-00000-of-00006_1059.png,500,500,3
473.7116096788892,test-00000-of-00006_1059.png,500,500,3
3.9992519516000007,test-00000-of-00006_1059.png,500,500,3
30.73433580873957,test-00000-of-00006_1059.png,500,500,3
378.9588849009048,test-00000-of-00006_1059.png,500,500,3
438.870356881776,test-00000-of-00006_1059.png,500,500,3
264.2789332037333,test-00000-of-00006_1059.png,500,500,3
6.283018665066667,test-00000-of-00006_1059.png,500,500,3
186.8520931998649,test-00000-of-00006_1059.png,500,500,3
27.391548998383993,test-00000-of-00006_1059.png,500,500,3
21.871849933930676,test-00000-of-00006_1059.png,500,500,3
464.86645466448897,test-00000-of-00006_1059.png,500,500,3
473.4619121517795,test-00000-of-00006_1059.png,500,500,3
800.101000543771,test-00000-of-00006_1059.png,500,500,3
65.66295932102398,test-00000-of-00006_1059.png,500,500,3
12.256867991038218,test-00000-of-00006_1059.png,500,500,3
2123.062541139156,test-00000-of-00006_1059.png,500,500,3
147.05177813702397,test-00000-of-00006_1059.png,500,500,3
1141.8667778683996,test-00000-of-00006_1059.png,500,500,3
37.97637190014402,test-00000-of-00006_1059.png,500,500,3
75.98302694939731,test-00000-of-00006_1059.png,500,500,3
6.645877332309334,test-00000-of-00006_1059.png,500,500,3
300.3984487594382,test-00000-of-00006_1059.png,500,500,3
201.75551585761957,test-00000-of-00006_1059.png,500,500,3
190.1975433835448,test-00000-of-00006_1059.png,500,500,3
173.66146369002493,test-00000-of-00006_1059.png,500,500,3
10.295121329733334,test-00000-of-00006_1059.png,500,500,3
76.15059803114492,test-00000-of-00006_1059.png,500,500,3
81.75185683654934,test-00000-of-00006_1059.png,500,500,3
258.52813555633594,test-00000-of-00006_1059.png,500,500,3
10.823619479678221,test-00000-of-00006_1059.png,500,500,3
58.198845823955565,test-00000-of-00006_1059.png,500,500,3
100.67843935145062,test-00000-of-00006_1059.png,500,500,3
44.966362529272885,test-00000-of-00006_1059.png,500,500,3
190.23230058683737,test-00000-of-00006_1059.png,500,500,3
246.57802380404618,test-00000-of-00006_1059.png,500,500,3
345.0856176071395,test-00000-of-00006_1059.png,500,500,3
376.54979351073956,test-00000-of-00006_1059.png,500,500,3
22.533468144922672,test-00000-of-00006_1059.png,500,500,3
20.977362225770666,test-00000-of-00006_1059.png,500,500,3
11.005981333333333,test-00000-of-00006_1059.png,500,500,3
42.28881267615287,test-00000-of-00006_1059.png,500,500,3
80.02710434662221,test-00000-of-00006_1059.png,500,500,3
16.469724885326226,test-00000-of-00006_1059.png,500,500,3
22.00193599686401,test-00000-of-00006_1059.png,500,500,3
50.45793118305957,test-00000-of-00006_1059.png,500,500,3
22.702795891539562,test-00000-of-00006_1059.png,500,500,3
5.483334369278223,test-00000-of-00006_1059.png,500,500,3
47.29881550928888,test-00000-of-00006_1059.png,500,500,3
52.09105837073067,test-00000-of-00006_1059.png,500,500,3
258.2221712564888,test-00000-of-00006_1059.png,500,500,3
96.97364533298489,test-00000-of-00006_1059.png,500,500,3
347.76536372862404,test-00000-of-00006_1059.png,500,500,3
126.00617961556624,test-00000-of-00006_1059.png,500,500,3
53.6819253304889,test-00000-of-00006_1059.png,500,500,3
101.48665281876623,test-00000-of-00006_1059.png,500,500,3
17.84570385661156,test-00000-of-00006_1059.png,500,500,3
231.89963320326925,test-00000-of-00006_1059.png,500,500,3
419.25812064332627,test-00000-of-00006_1059.png,500,500,3
32.798401321669346,test-00000-of-00006_1059.png,500,500,3
9.492231393678226,test-00000-of-00006_1059.png,500,500,3
38.54163194740621,test-00000-of-00006_1059.png,500,500,3
71.30461715693336,test-00000-of-00006_1059.png,500,500,3
6.266181333155555,test-00000-of-00006_1059.png,500,500,3
228.07049990677166,test-00000-of-00006_1059.png,500,500,3
86.74350960439288,test-00000-of-00006_1059.png,500,500,3
188.61683361809068,test-00000-of-00006_1059.png,500,500,3
258.2221712564888,test-00000-of-00006_1059.png,500,500,3
1745.846952651776,test-00000-of-00006_1059.png,500,500,3
2600.558996904505,test-00000-of-00006_1059.png,500,500,3
198.07830458879818,test-00000-of-00006_1059.png,500,500,3
3.5648066660248903,test-00000-of-00006_1059.png,500,500,3
2.8032293333333334,test-00000-of-00006_1059.png,500,500,3
50.75372481108625,test-00000-of-00006_1059.png,500,500,3
47.14672743849954,test-00000-of-00006_1059.png,500,500,3
56.96318982535822,test-00000-of-00006_1059.png,500,500,3
184.11106342681603,test-00000-of-00006_1059.png,500,500,3
342.5896441059556,test-00000-of-00006_1059.png,500,500,3
180.31369705595557,test-00000-of-00006_1059.png,500,500,3
232.57301822577597,test-00000-of-00006_1059.png,500,500,3
370.5363139976372,test-00000-of-00006_1059.png,500,500,3
139.6850130315663,test-00000-of-00006_1059.png,500,500,3
242.2814089542382,test-00000-of-00006_1059.png,500,500,3
104.68125381289057,test-00000-of-00006_1059.png,500,500,3
292.7012290015574,test-00000-of-00006_1059.png,500,500,3
196.22567574909164,test-00000-of-00006_1059.png,500,500,3
36.56784426830933,test-00000-of-00006_1059.png,500,500,3
209.74012935182225,test-00000-of-00006_1059.png,500,500,3
2324.13838206929,test-00000-of-00006_1059.png,500,500,3
304.8208140505315,test-00000-of-00006_1059.png,500,500,3
203.5319908565263,test-00000-of-00006_1059.png,500,500,3
424.96528921244266,test-00000-of-00006_1059.png,500,500,3
6.996341141155555,test-00000-of-00006_1059.png,500,500,3
240.4107510268516,test-00000-of-00006_1059.png,500,500,3
57.930327613944876,test-00000-of-00006_1059.png,500,500,3
311.3766545582063,test-00000-of-00006_1059.png,500,500,3
0.928048,test-00000-of-00006_1059.png,500,500,3
193.62971578247826,test-00000-of-00006_1059.png,500,500,3
137.2545568480427,test-00000-of-00006_1059.png,500,500,3
34.32115232533157,test-00000-of-00006_1059.png,500,500,3
188.61683361809068,test-00000-of-00006_1059.png,500,500,3
3.5648066660248903,test-00000-of-00006_1059.png,500,500,3
201.99022076782938,test-00000-of-00006_1059.png,500,500,3
7.7415346352195575,test-00000-of-00006_1059.png,500,500,3
45.47401559719822,test-00000-of-00006_1059.png,500,500,3
126.08307993446398,test-00000-of-00006_1059.png,500,500,3
17.000912987589334,test-00000-of-00006_1059.png,500,500,3
414.1357460870667,test-00000-of-00006_1059.png,500,500,3
22.308258425912886,test-00000-of-00006_1059.png,500,500,3
786.4191729731399,test-00000-of-00006_1059.png,500,500,3
202.81109342121064,test-00000-of-00006_1059.png,500,500,3
30.47532,test-00000-of-00006_1059.png,500,500,3
14.699085333333333,test-00000-of-00006_1059.png,500,500,3
4.973664,test-00000-of-00006_1059.png,500,500,3
403.14990226559996,test-00000-of-00006_1059.png,500,500,3
667.7476686244106,test-00000-of-00006_1059.png,500,500,3
286.78747022932623,test-00000-of-00006_1059.png,500,500,3
1487.0701238788959,test-00000-of-00006_1059.png,500,500,3
119.41201235982221,test-00000-of-00006_1059.png,500,500,3
60.185402658922655,test-00000-of-00006_1059.png,500,500,3
216.45828451946488,test-00000-of-00006_1059.png,500,500,3
461.9917755155837,test-00000-of-00006_1059.png,500,500,3
40.95841934065602,test-00000-of-00006_1059.png,500,500,3
68.32376497012626,test-00000-of-00006_1059.png,500,500,3
135.33360131861156,test-00000-of-00006_1059.png,500,500,3
71.25340082449067,test-00000-of-00006_1059.png,500,500,3
28.69141095389154,test-00000-of-00006_1059.png,500,500,3
39.56876595882489,test-00000-of-00006_1059.png,500,500,3
11.470850006357336,test-00000-of-00006_1059.png,500,500,3
19.59323308333334,test-00000-of-00006_1059.png,500,500,3
2.4743626666666665,test-00000-of-00006_1059.png,500,500,3
54.38226926796625,test-00000-of-00006_1059.png,500,500,3
193.62971578247826,test-00000-of-00006_1059.png,500,500,3
39.565537863850665,test-00000-of-00006_1059.png,500,500,3
97.5235669072782,test-00000-of-00006_1059.png,500,500,3
229.6797290891305,test-00000-of-00006_1059.png,500,500,3
24.644875996712894,test-00000-of-00006_1059.png,500,500,3
42.53338063860622,test-00000-of-00006_1059.png,500,500,3
6.266181333155555,test-00000-of-00006_1059.png,500,500,3
289.1802858992907,test-00000-of-00006_1059.png,500,500,3
87.05617922751821,test-00000-of-00006_1059.png,500,500,3
23.00755465844623,test-00000-of-00006_1059.png,500,500,3
267.019279182784,test-00000-of-00006_1059.png,500,500,3
371.82296196842486,test-00000-of-00006_1059.png,500,500,3
160.3841862078863,test-00000-of-00006_1059.png,500,500,3
40.789363991536,test-00000-of-00006_1059.png,500,500,3
14.148862662739557,test-00000-of-00006_1059.png,500,500,3
11.58543464356267,test-00000-of-00006_1059.png,500,500,3
564.1224679786385,test-00000-of-00006_1059.png,500,500,3
78.66600571148624,test-00000-of-00006_1059.png,500,500,3
9.598708855352886,test-00000-of-00006_1059.png,500,500,3
177.84071066423292,test-00000-of-00006_1059.png,500,500,3
21.021970236330674,test-00000-of-00006_1059.png,500,500,3
16.772603905136,test-00000-of-00006_1059.png,500,500,3
11.516789333326226,test-00000-of-00006_1059.png,500,500,3
384.7282413122116,test-00000-of-00006_1059.png,500,500,3
311.02947630107724,test-00000-of-00006_1059.png,500,500,3
27.03242374540623,test-00000-of-00006_1059.png,500,500,3
13.166771956179558,test-00000-of-00006_1059.png,500,500,3
205.65264258975287,test-00000-of-00006_1059.png,500,500,3
665.1879243132995,test-00000-of-00006_1059.png,500,500,3
52.09105837073067,test-00000-of-00006_1059.png,500,500,3
44.66787399116623,test-00000-of-00006_1059.png,500,500,3
27.345357330330664,test-00000-of-00006_1059.png,500,500,3
78.7902776532889,test-00000-of-00006_1059.png,500,500,3
246.57802380404618,test-00000-of-00006_1059.png,500,500,3
36.39152922487288,test-00000-of-00006_1059.png,500,500,3
395.4851585599997,test-00000-of-00006_1059.png,500,500,3
66.46098132511288,test-00000-of-00006_1059.png,500,500,3
152.5272626478649,test-00000-of-00006_1059.png,500,500,3
925.5358405845315,test-00000-of-00006_1059.png,500,500,3
51.57278663933155,test-00000-of-00006_1059.png,500,500,3
528.9666968515397,test-00000-of-00006_1059.png,500,500,3
17.184593329064885,test-00000-of-00006_1059.png,500,500,3
170.27590342156623,test-00000-of-00006_1059.png,500,500,3
3.201003999984,test-00000-of-00006_1059.png,500,500,3
6.52105060383289,test-00000-of-00006_1059.png,500,500,3
39.086929399288884,test-00000-of-00006_1059.png,500,500,3
118.86217679837154,test-00000-of-00006_1059.png,500,500,3
67.47646311884621,test-00000-of-00006_1059.png,500,500,3
4.393586546488889,test-00000-of-00006_1059.png,500,500,3
56.71980303911823,test-00000-of-00006_1059.png,500,500,3
117.25396605290486,test-00000-of-00006_1059.png,500,500,3
9.080523869438224,test-00000-of-00006_1059.png,500,500,3
56.96318982535822,test-00000-of-00006_1059.png,500,500,3
13.444351956736005,test-00000-of-00006_1059.png,500,500,3
244.90920444722494,test-00000-of-00006_1059.png,500,500,3
9.492231393678226,test-00000-of-00006_1059.png,500,500,3
353.35592421217956,test-00000-of-00006_1059.png,500,500,3
141.41885642111825,test-00000-of-00006_1059.png,500,500,3
16.550454488019557,test-00000-of-00006_1059.png,500,500,3
259.51689258222217,test-00000-of-00006_1059.png,500,500,3
206.3837405038063,test-00000-of-00006_1059.png,500,500,3
113.53543188371737,test-00000-of-00006_1059.png,500,500,3
22.405944801406214,test-00000-of-00006_1059.png,500,500,3
73.19655948010488,test-00000-of-00006_1059.png,500,500,3
67.85697437217956,test-00000-of-00006_1059.png,500,500,3
222.9024103850595,test-00000-of-00006_1059.png,500,500,3
66.46098132511288,test-00000-of-00006_1059.png,500,500,3
3.146752,test-00000-of-00006_1059.png,500,500,3
17.8074066292889,test-00000-of-00006_1059.png,500,500,3
276.5854984891449,test-00000-of-00006_1059.png,500,500,3
32.10848514207288,test-00000-of-00006_1059.png,500,500,3
99.19609359671293,test-00000-of-00006_1059.png,500,500,3
22.70157306293333,test-00000-of-00006_1059.png,500,500,3
290.35195847189146,test-00000-of-00006_1059.png,500,500,3
9.448685333333334,test-00000-of-00006_1059.png,500,500,3
51.122325115555554,test-00000-of-00006_1059.png,500,500,3
1136.496260189509,test-00000-of-00006_1059.png,500,500,3
209.66637592888887,test-00000-of-00006_1059.png,500,500,3
616.4012868956,test-00000-of-00006_1059.png,500,500,3
4.557871740579555,test-00000-of-00006_1059.png,500,500,3
32.362145196926235,test-00000-of-00006_1059.png,500,500,3
71.92634150666667,test-00000-of-00006_1059.png,500,500,3
96.2871010599182,test-00000-of-00006_1059.png,500,500,3
414.55625186359293,test-00000-of-00006_1059.png,500,500,3
13.418073327557336,test-00000-of-00006_1059.png,500,500,3
994.8941035128731,test-00000-of-00006_1059.png,500,500,3
10.13543840283733,test-00000-of-00006_1059.png,500,500,3
4.091647999886224,test-00000-of-00006_1059.png,500,500,3
142.13174887381157,test-00000-of-00006_1059.png,500,500,3
111.62624737273596,test-00000-of-00006_1059.png,500,500,3
24.045669158051574,test-00000-of-00006_1059.png,500,500,3
66.46098132511288,test-00000-of-00006_1059.png,500,500,3
57.77718174762487,test-00000-of-00006_1059.png,500,500,3
207.4343706115982,test-00000-of-00006_1059.png,500,500,3
73.03660846470935,test-00000-of-00006_1059.png,500,500,3
64.37696848690489,test-00000-of-00006_1059.png,500,500,3
78.21712332071822,test-00000-of-00006_1059.png,500,500,3
369.4036398958863,test-00000-of-00006_1059.png,500,500,3
19.341704537669337,test-00000-of-00006_1059.png,500,500,3
7.548216,test-00000-of-00006_1059.png,500,500,3
113.52253066666667,test-00000-of-00006_1059.png,500,500,3
318.2533923068515,test-00000-of-00006_1059.png,500,500,3
30.612850646526212,test-00000-of-00006_1059.png,500,500,3
2123.062541139156,test-00000-of-00006_1059.png,500,500,3
108.60500618780266,test-00000-of-00006_1059.png,500,500,3
1.318304,test-00000-of-00006_1059.png,500,500,3
119.6125537592889,test-00000-of-00006_1059.png,500,500,3
139.5372282858222,test-00000-of-00006_1059.png,500,500,3
27.066958202451566,test-00000-of-00006_1059.png,500,500,3
2.483125333333333,test-00000-of-00006_1059.png,500,500,3
42.32745097045156,test-00000-of-00006_1059.png,500,500,3
1669.4486387406914,test-00000-of-00006_1059.png,500,500,3
64.88375367742401,test-00000-of-00006_1059.png,500,500,3
85.86142041173333,test-00000-of-00006_1059.png,500,500,3
359.8441370752693,test-00000-of-00006_1059.png,500,500,3
197.37360667049953,test-00000-of-00006_1059.png,500,500,3
394.34810925949137,test-00000-of-00006_1059.png,500,500,3
169.52534630023828,test-00000-of-00006_1059.png,500,500,3
38.38029897045154,test-00000-of-00006_1059.png,500,500,3
319.18411922502935,test-00000-of-00006_1059.png,500,500,3
353.0777442600373,test-00000-of-00006_1059.png,500,500,3
258.601992729086,test-00000-of-00006_1059.png,500,500,3
1371.024044541945,test-00000-of-00006_1059.png,500,500,3
33.332087389518215,test-00000-of-00006_1059.png,500,500,3
7.611112699717331,test-00000-of-00006_1059.png,500,500,3
154.6199052788889,test-00000-of-00006_1059.png,500,500,3
9.360017333032888,test-00000-of-00006_1059.png,500,500,3
47.28064930555556,test-00000-of-00006_1059.png,500,500,3
3.786117333155557,test-00000-of-00006_1059.png,500,500,3
87.05617922751821,test-00000-of-00006_1059.png,500,500,3
278.92678613668267,test-00000-of-00006_1059.png,500,500,3
2600.558996904505,test-00000-of-00006_1059.png,500,500,3
250.5000938253582,test-00000-of-00006_1059.png,500,500,3
33.332087389518215,test-00000-of-00006_1059.png,500,500,3
304.8208140505315,test-00000-of-00006_1059.png,500,500,3
192.2904550369849,test-00000-of-00006_1059.png,500,500,3
47.29881550928888,test-00000-of-00006_1059.png,500,500,3
58.51336930188623,test-00000-of-00006_1059.png,500,500,3
336.7503225711627,test-00000-of-00006_1059.png,500,500,3
1620.302393162745,test-00000-of-00006_1059.png,500,500,3
12.777295971776,test-00000-of-00006_1059.png,500,500,3
603.6452092046916,test-00000-of-00006_1059.png,500,500,3
61.94624099383286,test-00000-of-00006_1059.png,500,500,3
5.817925333333333,test-00000-of-00006_1059.png,500,500,3
36.96426694395554,test-00000-of-00006_1059.png,500,500,3
20.630559359139557,test-00000-of-00006_1059.png,500,500,3
17.777001331838232,test-00000-of-00006_1059.png,500,500,3
39.81460999000001,test-00000-of-00006_1059.png,500,500,3
20.40155581452622,test-00000-of-00006_1059.png,500,500,3
3.5753626606862214,test-00000-of-00006_1059.png,500,500,3
6.89825730282489,test-00000-of-00006_1059.png,500,500,3
15.27974396415289,test-00000-of-00006_1059.png,500,500,3
106.27731584106493,test-00000-of-00006_1059.png,500,500,3
581.0814142574864,test-00000-of-00006_1059.png,500,500,3
236.66988679551832,test-00000-of-00006_1059.png,500,500,3
297.21445866222217,test-00000-of-00006_1059.png,500,500,3
94.89984533648891,test-00000-of-00006_1059.png,500,500,3
517.9214334259893,test-00000-of-00006_1059.png,500,500,3
76.31286815960001,test-00000-of-00006_1059.png,500,500,3
29.75437163839822,test-00000-of-00006_1059.png,500,500,3
222.5847986916249,test-00000-of-00006_1059.png,500,500,3
63.22586460839825,test-00000-of-00006_1059.png,500,500,3
1842.2673305150868,test-00000-of-00006_1059.png,500,500,3
294.0897679744001,test-00000-of-00006_1059.png,500,500,3
213.8233952588729,test-00000-of-00006_1059.png,500,500,3
4.494018650958225,test-00000-of-00006_1059.png,500,500,3
35.31992402676624,test-00000-of-00006_1059.png,500,500,3
441.69467062937593,test-00000-of-00006_1059.png,500,500,3
317.6819385709794,test-00000-of-00006_1059.png,500,500,3
80.3260291717529,test-00000-of-00006_1059.png,500,500,3
42.67075733127823,test-00000-of-00006_1059.png,500,500,3
94.89984533648891,test-00000-of-00006_1059.png,500,500,3
33.31127535426668,test-00000-of-00006_1059.png,500,500,3
16.664951633066668,test-00000-of-00006_1059.png,500,500,3
19.698919462222218,test-00000-of-00006_1059.png,500,500,3
22.463014520232896,test-00000-of-00006_1059.png,500,500,3
89.49499661203733,test-00000-of-00006_1059.png,500,500,3
25.096483119189347,test-00000-of-00006_1059.png,500,500,3
3.0735306666666666,test-00000-of-00006_1059.png,500,500,3
329.57515714439813,test-00000-of-00006_1059.png,500,500,3
45.41659768524623,test-00000-of-00006_1059.png,500,500,3
143.54213240518405,test-00000-of-00006_1059.png,500,500,3
573.6103143010915,test-00000-of-00006_1059.png,500,500,3
174.96713077725155,test-00000-of-00006_1059.png,500,500,3
5.767464,test-00000-of-00006_1059.png,500,500,3
5.519154666666667,test-00000-of-00006_1059.png,500,500,3
34.82296984370486,test-00000-of-00006_1059.png,500,500,3
932.2278844735981,test-00000-of-00006_1059.png,500,500,3
243.8143640729528,test-00000-of-00006_1059.png,500,500,3
38.38029897045154,test-00000-of-00006_1059.png,500,500,3
366.4633136469332,test-00000-of-00006_1059.png,500,500,3
36.40393556977599,test-00000-of-00006_1059.png,500,500,3
462.42768863840007,test-00000-of-00006_1059.png,500,500,3
154.27282710997153,test-00000-of-00006_1059.png,500,500,3
71.039691553776,test-00000-of-00006_1059.png,500,500,3
270.73159332671815,test-00000-of-00006_1059.png,500,500,3
11.048874500202666,test-00000-of-00006_1059.png,500,500,3
17.8074066292889,test-00000-of-00006_1059.png,500,500,3
374.8164114314648,test-00000-of-00006_1059.png,500,500,3
413.80962057414945,test-00000-of-00006_1059.png,500,500,3
278.92678613668267,test-00000-of-00006_1059.png,500,500,3
91.83671376597157,test-00000-of-00006_1059.png,500,500,3
1413.9980541794914,test-00000-of-00006_1059.png,500,500,3
204.52468679551816,test-00000-of-00006_1059.png,500,500,3
126.33830257820263,test-00000-of-00006_1059.png,500,500,3
51.33176256765154,test-00000-of-00006_1059.png,500,500,3
103.54019410431822,test-00000-of-00006_1059.png,500,500,3
39.5026870913262,test-00000-of-00006_1059.png,500,500,3
12.112726663066665,test-00000-of-00006_1059.png,500,500,3
490.14287934293174,test-00000-of-00006_1059.png,500,500,3
42.10770945382222,test-00000-of-00006_1059.png,500,500,3
668.778102328825,test-00000-of-00006_1059.png,500,500,3
1206.9827670163897,test-00000-of-00006_1059.png,500,500,3
374.357342159273,test-00000-of-00006_1059.png,500,500,3
13.13570666609067,test-00000-of-00006_1059.png,500,500,3
19.803156913429333,test-00000-of-00006_1059.png,500,500,3
7.611112699717331,test-00000-of-00006_1059.png,500,500,3
80.63672222928889,test-00000-of-00006_1059.png,500,500,3
11.270574665882663,test-00000-of-00006_1059.png,500,500,3
23.55623854911823,test-00000-of-00006_1059.png,500,500,3
105.60872749394493,test-00000-of-00006_1059.png,500,500,3
323.94693061885164,test-00000-of-00006_1059.png,500,500,3
925.3468237119555,test-00000-of-00006_1059.png,500,500,3
297.26119456082483,test-00000-of-00006_1059.png,500,500,3
17.446059994224004,test-00000-of-00006_1059.png,500,500,3
1578.224759906639,test-00000-of-00006_1059.png,500,500,3
38.73129173674489,test-00000-of-00006_1059.png,500,500,3
369.9240532922596,test-00000-of-00006_1059.png,500,500,3
48.61710732321956,test-00000-of-00006_1059.png,500,500,3
263.4903306666667,test-00000-of-00006_1059.png,500,500,3
71.72433461303291,test-00000-of-00006_1059.png,500,500,3
371.06949306845155,test-00000-of-00006_1059.png,500,500,3
50.48827601848886,test-00000-of-00006_1059.png,500,500,3
313.853906900025,test-00000-of-00006_1059.png,500,500,3
493.86031796243725,test-00000-of-00006_1059.png,500,500,3
267.019279182784,test-00000-of-00006_1059.png,500,500,3
297.21445866222217,test-00000-of-00006_1059.png,500,500,3
237.1153906492426,test-00000-of-00006_1059.png,500,500,3
252.70270259767295,test-00000-of-00006_1059.png,500,500,3
508.377419635184,test-00000-of-00006_1059.png,500,500,3
13.651978367822228,test-00000-of-00006_1059.png,500,500,3
9.567633318611556,test-00000-of-00006_1059.png,500,500,3
552.391736,test-00000-of-00006_1059.png,500,500,3
12.90566075715556,test-00000-of-00006_1059.png,500,500,3
70.6614608526222,test-00000-of-00006_1059.png,500,500,3
7.235710666451556,test-00000-of-00006_1059.png,500,500,3
228.64874163169952,test-00000-of-00006_1059.png,500,500,3
1.448264,test-00000-of-00006_1059.png,500,500,3
332.940303488624,test-00000-of-00006_1059.png,500,500,3
173.88015644556629,test-00000-of-00006_1059.png,500,500,3
24.47238922346489,test-00000-of-00006_1059.png,500,500,3
119.8987804270293,test-00000-of-00006_1059.png,500,500,3
284.0188570145851,test-00000-of-00006_1059.png,500,500,3
157.39566526293157,test-00000-of-00006_1059.png,500,500,3
1.7454213333333333,test-00000-of-00006_1059.png,500,500,3
154.6199052788889,test-00000-of-00006_1059.png,500,500,3
21.838579739219547,test-00000-of-00006_1059.png,500,500,3
226.09515995101165,test-00000-of-00006_1059.png,500,500,3
11.122889296979555,test-00000-of-00006_1059.png,500,500,3
11.170611722010664,test-00000-of-00006_1059.png,500,500,3
179.97912238505953,test-00000-of-00006_1059.png,500,500,3
16.12774666660267,test-00000-of-00006_1059.png,500,500,3
166.58521499447292,test-00000-of-00006_1059.png,500,500,3
256.6657397834648,test-00000-of-00006_1059.png,500,500,3
125.12362886791827,test-00000-of-00006_1059.png,500,500,3
149.65611981623286,test-00000-of-00006_1059.png,500,500,3
294.6355749568782,test-00000-of-00006_1059.png,500,500,3
2583.007630738317,test-00000-of-00006_1059.png,500,500,3
6.648778666552888,test-00000-of-00006_1059.png,500,500,3
55.88165227861157,test-00000-of-00006_1059.png,500,500,3
69.29810966823824,test-00000-of-00006_1059.png,500,500,3
8.925891997566222,test-00000-of-00006_1059.png,500,500,3
5.770531861155557,test-00000-of-00006_1059.png,500,500,3
61.55852986862222,test-00000-of-00006_1059.png,500,500,3
123.56160447888891,test-00000-of-00006_1059.png,500,500,3
74.63863990758401,test-00000-of-00006_1059.png,500,500,3
154.1578146292889,test-00000-of-00006_1059.png,500,500,3
30.73433580873957,test-00000-of-00006_1059.png,500,500,3
275.40226605118403,test-00000-of-00006_1059.png,500,500,3
5.519154666666667,test-00000-of-00006_1059.png,500,500,3
1141.8667778683996,test-00000-of-00006_1059.png,500,500,3
78.21712332071822,test-00000-of-00006_1059.png,500,500,3
6.658190543699555,test-00000-of-00006_1059.png,500,500,3
2324.13838206929,test-00000-of-00006_1059.png,500,500,3
6.278827995376002,test-00000-of-00006_1059.png,500,500,3
12.236670660890669,test-00000-of-00006_1059.png,500,500,3
6.996341141155555,test-00000-of-00006_1059.png,500,500,3
2051.1310853909335,test-00000-of-00006_1059.png,500,500,3
52.323078649912915,test-00000-of-00006_1059.png,500,500,3
371.02219907840015,test-00000-of-00006_1059.png,500,500,3
204.18259251057597,test-00000-of-00006_1059.png,500,500,3
384.0666600033847,test-00000-of-00006_1059.png,500,500,3
384.60451474118406,test-00000-of-00006_1059.png,500,500,3
134.3008468880427,test-00000-of-00006_1059.png,500,500,3
419.0519225386221,test-00000-of-00006_1059.png,500,500,3
750.352841391572,test-00000-of-00006_1059.png,500,500,3
66.33585803758933,test-00000-of-00006_1059.png,500,500,3
7.643038627198226,test-00000-of-00006_1059.png,500,500,3
6.050474666666666,test-00000-of-00006_1059.png,500,500,3
16.647326617023996,test-00000-of-00006_1059.png,500,500,3
667.0730834324888,test-00000-of-00006_1059.png,500,500,3
538.0994209345262,test-00000-of-00006_1059.png,500,500,3
9.403624416666666,test-00000-of-00006_1059.png,500,500,3
8.927581298488892,test-00000-of-00006_1059.png,500,500,3
389.62680166040025,test-00000-of-00006_1059.png,500,500,3
41.996820262099554,test-00000-of-00006_1059.png,500,500,3
5.811893118037334,test-00000-of-00006_1059.png,500,500,3
115.64180029641955,test-00000-of-00006_1059.png,500,500,3
383.05150264315574,test-00000-of-00006_1059.png,500,500,3
96.97364533298489,test-00000-of-00006_1059.png,500,500,3
461.9917755155837,test-00000-of-00006_1059.png,500,500,3
94.54917057905067,test-00000-of-00006_1059.png,500,500,3
43.10064092543823,test-00000-of-00006_1059.png,500,500,3
91.3210780665581,test-00000-of-00006_1059.png,500,500,3
43.10064092543823,test-00000-of-00006_1059.png,500,500,3
32.336817284933346,test-00000-of-00006_1059.png,500,500,3
2024.6446819074822,test-00000-of-00006_1059.png,500,500,3
315.9634497296428,test-00000-of-00006_1059.png,500,500,3
86.80476230305953,test-00000-of-00006_1059.png,500,500,3
37.01861860106668,test-00000-of-00006_1059.png,500,500,3
13.838215996997329,test-00000-of-00006_1059.png,500,500,3
3.5347305823128887,test-00000-of-00006_1059.png,500,500,3
17.989156892442672,test-00000-of-00006_1059.png,500,500,3
172.9436898135449,test-00000-of-00006_1059.png,500,500,3
28.15352649026667,test-00000-of-00006_1059.png,500,500,3
24.684034794410668,test-00000-of-00006_1059.png,500,500,3
269.76189882666677,test-00000-of-00006_1059.png,500,500,3
25.158194519886226,test-00000-of-00006_1059.png,500,500,3
59.39565636436623,test-00000-of-00006_1059.png,500,500,3
142.9240643318827,test-00000-of-00006_1059.png,500,500,3
462.74685151722485,test-00000-of-00006_1059.png,500,500,3
295.9587348046223,test-00000-of-00006_1059.png,500,500,3
3.95712,test-00000-of-00006_1059.png,500,500,3
20.180978645155555,test-00000-of-00006_1059.png,500,500,3
16.403991956735997,test-00000-of-00006_1059.png,500,500,3
369.9240532922596,test-00000-of-00006_1059.png,500,500,3
63.73716257905066,test-00000-of-00006_1059.png,500,500,3
285.08550788074473,test-00000-of-00006_1059.png,500,500,3
143.54213240518405,test-00000-of-00006_1059.png,500,500,3
21.277271969023996,test-00000-of-00006_1059.png,500,500,3
371.06949306845155,test-00000-of-00006_1059.png,500,500,3
81.89006386847292,test-00000-of-00006_1059.png,500,500,3
256.80392799128884,test-00000-of-00006_1059.png,500,500,3
180.32611574811736,test-00000-of-00006_1059.png,500,500,3
27.27531598113955,test-00000-of-00006_1059.png,500,500,3
16.03467333281955,test-00000-of-00006_1059.png,500,500,3
324.5392915394115,test-00000-of-00006_1059.png,500,500,3
18.529263385344002,test-00000-of-00006_1059.png,500,500,3
4.761448,test-00000-of-00006_1059.png,500,500,3
419.25812064332627,test-00000-of-00006_1059.png,500,500,3
106.95664445723735,test-00000-of-00006_1059.png,500,500,3
11.270574665882663,test-00000-of-00006_1059.png,500,500,3
70.51844192477157,test-00000-of-00006_1059.png,500,500,3
12.009556950584885,test-00000-of-00006_1059.png,500,500,3
47.10417418034488,test-00000-of-00006_1059.png,500,500,3
443.72080669735806,test-00000-of-00006_1059.png,500,500,3
98.61458496338489,test-00000-of-00006_1059.png,500,500,3
21.867763456339553,test-00000-of-00006_1059.png,500,500,3
302.25609256829154,test-00000-of-00006_1059.png,500,500,3
11.191203985278223,test-00000-of-00006_1059.png,500,500,3
273.76015178828624,test-00000-of-00006_1059.png,500,500,3
263.1697920639555,test-00000-of-00006_1059.png,500,500,3
88.62871243575285,test-00000-of-00006_1059.png,500,500,3
22.155175385344,test-00000-of-00006_1059.png,500,500,3
1921.2607430562111,test-00000-of-00006_1059.png,500,500,3
11.500017233477335,test-00000-of-00006_1059.png,500,500,3
139.3391296559716,test-00000-of-00006_1059.png,500,500,3
19.831691906771542,test-00000-of-00006_1059.png,500,500,3
47.712202911784885,test-00000-of-00006_1059.png,500,500,3
15.04542927700622,test-00000-of-00006_1059.png,500,500,3
4.130826666666667,test-00000-of-00006_1059.png,500,500,3
51.034815035077315,test-00000-of-00006_1059.png,500,500,3
55.38614679686934,test-00000-of-00006_1059.png,500,500,3
74.3201479999982,test-00000-of-00006_1059.png,500,500,3
418.2843939964514,test-00000-of-00006_1059.png,500,500,3
233.04638389315556,test-00000-of-00006_1059.png,500,500,3
6.648778666552888,test-00000-of-00006_1059.png,500,500,3
443.72080669735806,test-00000-of-00006_1059.png,500,500,3
18.752021165224896,test-00000-of-00006_1059.png,500,500,3
6.278827995376002,test-00000-of-00006_1059.png,500,500,3
60.490260589224874,test-00000-of-00006_1059.png,500,500,3
72.1408715303182,test-00000-of-00006_1059.png,500,500,3
44.19961453993066,test-00000-of-00006_1059.png,500,500,3
374.93638924177066,test-00000-of-00006_1059.png,500,500,3
106.93830070633064,test-00000-of-00006_1059.png,500,500,3
107.81924105030936,test-00000-of-00006_1059.png,500,500,3
244.39117832871815,test-00000-of-00006_1059.png,500,500,3
403.5992189619128,test-00000-of-00006_1059.png,500,500,3
726.6121705721587,test-00000-of-00006_1059.png,500,500,3
763.1332729289314,test-00000-of-00006_1059.png,500,500,3
66.11013598121956,test-00000-of-00006_1059.png,500,500,3
582.5079751357847,test-00000-of-00006_1059.png,500,500,3
75.91216170982221,test-00000-of-00006_1059.png,500,500,3
33.60293291342934,test-00000-of-00006_1059.png,500,500,3
44.1224562552889,test-00000-of-00006_1059.png,500,500,3
29.821483920851563,test-00000-of-00006_1059.png,500,500,3
51.43651258602491,test-00000-of-00006_1059.png,500,500,3
44.8996899524249,test-00000-of-00006_1059.png,500,500,3
73.63649974909157,test-00000-of-00006_1059.png,500,500,3
131.13236840959289,test-00000-of-00006_1059.png,500,500,3
41.5965283988889,test-00000-of-00006_1059.png,500,500,3
1162.3789248177334,test-00000-of-00006_1059.png,500,500,3
34.32115232533157,test-00000-of-00006_1059.png,500,500,3
16.771201915555555,test-00000-of-00006_1059.png,500,500,3
4.793,test-00000-of-00006_1059.png,500,500,3
158.36279144248877,test-00000-of-00006_1059.png,500,500,3
43.329605283157335,test-00000-of-00006_1059.png,500,500,3
283.01002176,test-00000-of-00006_1059.png,500,500,3
1.8923733333333332,test-00000-of-00006_1059.png,500,500,3
279.5019514378222,test-00000-of-00006_1059.png,500,500,3
150.19207466666666,test-00000-of-00006_1059.png,500,500,3
146.490528,test-00000-of-00006_1059.png,500,500,3
300.26714647497954,test-00000-of-00006_1059.png,500,500,3
243.07884726726414,test-00000-of-00006_1059.png,500,500,3
119.6125537592889,test-00000-of-00006_1059.png,500,500,3
5.196082656398222,test-00000-of-00006_1059.png,500,500,3
12.225435365859559,test-00000-of-00006_1059.png,500,500,3
515.8775427253763,test-00000-of-00006_1059.png,500,500,3
1136.496260189509,test-00000-of-00006_1059.png,500,500,3
11.470850006357336,test-00000-of-00006_1059.png,500,500,3
27.10962266204267,test-00000-of-00006_1059.png,500,500,3
45.06404182516623,test-00000-of-00006_1059.png,500,500,3
394.34810925949137,test-00000-of-00006_1059.png,500,500,3
54.02068548511289,test-00000-of-00006_1059.png,500,500,3
15.317060223822224,test-00000-of-00006_1059.png,500,500,3
207.8234244698862,test-00000-of-00006_1059.png,500,500,3
12.225435365859559,test-00000-of-00006_1059.png,500,500,3
288.90655578111813,test-00000-of-00006_1059.png,500,500,3
230.20460131069163,test-00000-of-00006_1059.png,500,500,3
3.7775253332693333,test-00000-of-00006_1059.png,500,500,3
47.712202911784885,test-00000-of-00006_1059.png,500,500,3
516.984292732713,test-00000-of-00006_1059.png,500,500,3
457.392379961584,test-00000-of-00006_1059.png,500,500,3
187.28988830847828,test-00000-of-00006_1059.png,500,500,3
4.851185331624889,test-00000-of-00006_1059.png,500,500,3
27.28649542395555,test-00000-of-00006_1059.png,500,500,3
113.53543188371737,test-00000-of-00006_1059.png,500,500,3
14.46546527116622,test-00000-of-00006_1059.png,500,500,3
353.8482667242667,test-00000-of-00006_1059.png,500,500,3
705.0822140792893,test-00000-of-00006_1059.png,500,500,3
449.7130580854826,test-00000-of-00006_1059.png,500,500,3
1026.4559011293848,test-00000-of-00006_1059.png,500,500,3
160.3841862078863,test-00000-of-00006_1059.png,500,500,3
43.254148037624894,test-00000-of-00006_1059.png,500,500,3
160.91974799729604,test-00000-of-00006_1059.png,500,500,3
172.73295814634488,test-00000-of-00006_1059.png,500,500,3
174.18368657983817,test-00000-of-00006_1059.png,500,500,3
224.16084266026667,test-00000-of-00006_1059.png,500,500,3
12.566882440659553,test-00000-of-00006_1059.png,500,500,3
17.006959996864005,test-00000-of-00006_1059.png,500,500,3
244.39117832871815,test-00000-of-00006_1059.png,500,500,3
68.94673027316621,test-00000-of-00006_1059.png,500,500,3
201.75551585761957,test-00000-of-00006_1059.png,500,500,3
1026.4559011293848,test-00000-of-00006_1059.png,500,500,3
255.80762400929956,test-00000-of-00006_1059.png,500,500,3
217.89634399225596,test-00000-of-00006_1059.png,500,500,3
18.447073333189337,test-00000-of-00006_1059.png,500,500,3
419.25812064332627,test-00000-of-00006_1059.png,500,500,3
59.93103333203732,test-00000-of-00006_1059.png,500,500,3
12.960211996072886,test-00000-of-00006_1059.png,500,500,3
718.1351213238597,test-00000-of-00006_1059.png,500,500,3
76.35204378820266,test-00000-of-00006_1059.png,500,500,3
17.006959996864005,test-00000-of-00006_1059.png,500,500,3
137.85847806233605,test-00000-of-00006_1059.png,500,500,3
178.23871237826665,test-00000-of-00006_1059.png,500,500,3
29.058228663288876,test-00000-of-00006_1059.png,500,500,3
309.6282265897529,test-00000-of-00006_1059.png,500,500,3
3.8058426666666665,test-00000-of-00006_1059.png,500,500,3
160.91974799729604,test-00000-of-00006_1059.png,500,500,3
184.90166422604625,test-00000-of-00006_1059.png,500,500,3
541.0831488405317,test-00000-of-00006_1059.png,500,500,3
198.05471250772626,test-00000-of-00006_1059.png,500,500,3
46.948733201066666,test-00000-of-00006_1059.png,500,500,3
249.91848523625075,test-00000-of-00006_1059.png,500,500,3
88.38943659143821,test-00000-of-00006_1059.png,500,500,3
19.87844133222221,test-00000-of-00006_1059.png,500,500,3
270.73159332671815,test-00000-of-00006_1059.png,500,500,3
159.4211069156249,test-00000-of-00006_1059.png,500,500,3
5.9789411912515575,test-00000-of-00006_1059.png,500,500,3
97.09912956870403,test-00000-of-00006_1059.png,500,500,3
1059.8798986234024,test-00000-of-00006_1059.png,500,500,3
26.82279175398399,test-00000-of-00006_1059.png,500,500,3
67.40101829108625,test-00000-of-00006_1059.png,500,500,3
204.98266091369064,test-00000-of-00006_1059.png,500,500,3
15.381787802864007,test-00000-of-00006_1059.png,500,500,3
283.2608360388106,test-00000-of-00006_1059.png,500,500,3
13.622070967744,test-00000-of-00006_1059.png,500,500,3
48.436574478888886,test-00000-of-00006_1059.png,500,500,3
191.26726480140618,test-00000-of-00006_1059.png,500,500,3
69.29810966823824,test-00000-of-00006_1059.png,500,500,3
103.95679133414401,test-00000-of-00006_1059.png,500,500,3
13.418073327557336,test-00000-of-00006_1059.png,500,500,3
75.00901793393069,test-00000-of-00006_1059.png,500,500,3
93.26160666086402,test-00000-of-00006_1059.png,500,500,3
89.54945466005152,test-00000-of-00006_1059.png,500,500,3
5.816503877966222,test-00000-of-00006_1059.png,500,500,3
62.349717295912924,test-00000-of-00006_1059.png,500,500,3
201.99022076782938,test-00000-of-00006_1059.png,500,500,3
24.36575083935288,test-00000-of-00006_1059.png,500,500,3
67.10784319713956,test-00000-of-00006_1059.png,500,500,3
516.3203373187984,test-00000-of-00006_1059.png,500,500,3
111.18033282793068,test-00000-of-00006_1059.png,500,500,3
72.26232001193955,test-00000-of-00006_1059.png,500,500,3
4.448512,test-00000-of-00006_1059.png,500,500,3
763.1332729289314,test-00000-of-00006_1059.png,500,500,3
28.88566336,test-00000-of-00006_1059.png,500,500,3
320.7108577259362,test-00000-of-00006_1059.png,500,500,3
549.1016372564196,test-00000-of-00006_1059.png,500,500,3
10.241111751331555,test-00000-of-00006_1059.png,500,500,3
48.59586657364623,test-00000-of-00006_1059.png,500,500,3
250.5000938253582,test-00000-of-00006_1059.png,500,500,3
232.27030779084623,test-00000-of-00006_1059.png,500,500,3
283.5526165155556,test-00000-of-00006_1059.png,500,500,3
4.761448,test-00000-of-00006_1059.png,500,500,3
369.1364288567448,test-00000-of-00006_1059.png,500,500,3
25.096483119189347,test-00000-of-00006_1059.png,500,500,3
1.699528,test-00000-of-00006_1059.png,500,500,3
22.71082912539733,test-00000-of-00006_1059.png,500,500,3
97.65858087417597,test-00000-of-00006_1059.png,500,500,3
11.086138025806225,test-00000-of-00006_1059.png,500,500,3
197.39068556782215,test-00000-of-00006_1059.png,500,500,3
360.9933146012995,test-00000-of-00006_1059.png,500,500,3
19.415222532222224,test-00000-of-00006_1059.png,500,500,3
33.17432284073066,test-00000-of-00006_1059.png,500,500,3
193.62971578247826,test-00000-of-00006_1059.png,500,500,3
71.72433461303291,test-00000-of-00006_1059.png,500,500,3
194.22770686506485,test-00000-of-00006_1059.png,500,500,3
278.3623870713174,test-00000-of-00006_1059.png,500,500,3
324.5392915394115,test-00000-of-00006_1059.png,500,500,3
113.94465464063819,test-00000-of-00006_1059.png,500,500,3
592.8378412322064,test-00000-of-00006_1059.png,500,500,3
215.29476686790395,test-00000-of-00006_1059.png,500,500,3
230.45828666517167,test-00000-of-00006_1059.png,500,500,3
59.30558753542934,test-00000-of-00006_1059.png,500,500,3
19.26991848873955,test-00000-of-00006_1059.png,500,500,3
269.7212055592889,test-00000-of-00006_1059.png,500,500,3
285.08550788074473,test-00000-of-00006_1059.png,500,500,3
261.91096978328903,test-00000-of-00006_1059.png,500,500,3
68.94673027316621,test-00000-of-00006_1059.png,500,500,3
12.657057213838227,test-00000-of-00006_1059.png,500,500,3
469.9521585528731,test-00000-of-00006_1059.png,500,500,3
298.77810397353966,test-00000-of-00006_1059.png,500,500,3
17.20523238052267,test-00000-of-00006_1059.png,500,500,3
6.52105060383289,test-00000-of-00006_1059.png,500,500,3
80.24315501461157,test-00000-of-00006_1059.png,500,500,3
38.83916533364622,test-00000-of-00006_1059.png,500,500,3
47.712202911784885,test-00000-of-00006_1059.png,500,500,3
110.71349130555551,test-00000-of-00006_1059.png,500,500,3
47.53292424617952,test-00000-of-00006_1059.png,500,500,3
51.59961363155732,test-00000-of-00006_1059.png,500,500,3
577.947132228905,test-00000-of-00006_1059.png,500,500,3
125.12362886791827,test-00000-of-00006_1059.png,500,500,3
234.0283930538222,test-00000-of-00006_1059.png,500,500,3
157.42898107817956,test-00000-of-00006_1059.png,500,500,3
12.906677325112886,test-00000-of-00006_1059.png,500,500,3
9.448685333333334,test-00000-of-00006_1059.png,500,500,3
163.19824782915552,test-00000-of-00006_1059.png,500,500,3
5.519154666666667,test-00000-of-00006_1059.png,500,500,3
65.10015083974399,test-00000-of-00006_1059.png,500,500,3
235.6600705064516,test-00000-of-00006_1059.png,500,500,3
288.4697878280515,test-00000-of-00006_1059.png,500,500,3
598.6404265759554,test-00000-of-00006_1059.png,500,500,3
438.870356881776,test-00000-of-00006_1059.png,500,500,3
193.4200900933334,test-00000-of-00006_1059.png,500,500,3
226.09515995101165,test-00000-of-00006_1059.png,500,500,3
283.1419478575714,test-00000-of-00006_1059.png,500,500,3
7.0739713276,test-00000-of-00006_1059.png,500,500,3
11.500017233477335,test-00000-of-00006_1059.png,500,500,3
6.794434322488891,test-00000-of-00006_1059.png,500,500,3
19.63480895223289,test-00000-of-00006_1059.png,500,500,3
553.6736282956516,test-00000-of-00006_1059.png,500,500,3
206.3837405038063,test-00000-of-00006_1059.png,500,500,3
223.7851493332196,test-00000-of-00006_1059.png,500,500,3
232.46663846194497,test-00000-of-00006_1059.png,500,500,3
221.82789153983808,test-00000-of-00006_1059.png,500,500,3
800.101000543771,test-00000-of-00006_1059.png,500,500,3
36.39152922487288,test-00000-of-00006_1059.png,500,500,3
483.7127724770916,test-00000-of-00006_1059.png,500,500,3
385.3244954774114,test-00000-of-00006_1059.png,500,500,3
74.63863990758401,test-00000-of-00006_1059.png,500,500,3
371.8598958655555,test-00000-of-00006_1059.png,500,500,3
20.198237284117337,test-00000-of-00006_1059.png,500,500,3
333.9644043078381,test-00000-of-00006_1059.png,500,500,3
204.3393106639627,test-00000-of-00006_1059.png,500,500,3
122.59640390513597,test-00000-of-00006_1059.png,500,500,3
38.73129173674489,test-00000-of-00006_1059.png,500,500,3
10.142002144419555,test-00000-of-00006_1059.png,500,500,3
50.04541216884621,test-00000-of-00006_1059.png,500,500,3
107.56147535786485,test-00000-of-00006_1059.png,500,500,3
16.436938527288888,test-00000-of-00006_1059.png,500,500,3
414.55625186359293,test-00000-of-00006_1059.png,500,500,3
50.75372481108625,test-00000-of-00006_1059.png,500,500,3
370.5363139976372,test-00000-of-00006_1059.png,500,500,3
750.352841391572,test-00000-of-00006_1059.png,500,500,3
448.4186820686222,test-00000-of-00006_1059.png,500,500,3
178.23871237826665,test-00000-of-00006_1059.png,500,500,3
755.9548533235989,test-00000-of-00006_1059.png,500,500,3
71.64937681471822,test-00000-of-00006_1059.png,500,500,3
114.06355807891732,test-00000-of-00006_1059.png,500,500,3
119.04722557041063,test-00000-of-00006_1059.png,500,500,3
221.11804011745963,test-00000-of-00006_1059.png,500,500,3
149.10084848415286,test-00000-of-00006_1059.png,500,500,3
231.58196659906682,test-00000-of-00006_1059.png,500,500,3
423.84574651815814,test-00000-of-00006_1059.png,500,500,3
14.739110653822225,test-00000-of-00006_1059.png,500,500,3
2.6980026666666665,test-00000-of-00006_1059.png,500,500,3
8.162751986851555,test-00000-of-00006_1059.png,500,500,3
48.149461052072894,test-00000-of-00006_1059.png,500,500,3
34.73356831457955,test-00000-of-00006_1059.png,500,500,3
104.68125381289057,test-00000-of-00006_1059.png,500,500,3
14.686719937166224,test-00000-of-00006_1059.png,500,500,3
28.74790078790932,test-00000-of-00006_1059.png,500,500,3
11.170611722010664,test-00000-of-00006_1059.png,500,500,3
713.9531916072516,test-00000-of-00006_1059.png,500,500,3
846.7485280511554,test-00000-of-00006_1059.png,500,500,3
4.973664,test-00000-of-00006_1059.png,500,500,3
121.28921333333334,test-00000-of-00006_1059.png,500,500,3
18.428561839779558,test-00000-of-00006_1059.png,500,500,3
83.72215497403735,test-00000-of-00006_1059.png,500,500,3
409.4063666728959,test-00000-of-00006_1059.png,500,500,3
1294.3075166520243,test-00000-of-00006_1059.png,500,500,3
14.148862662739557,test-00000-of-00006_1059.png,500,500,3
37.01861860106668,test-00000-of-00006_1059.png,500,500,3
130.5559944046293,test-00000-of-00006_1059.png,500,500,3
97.23310740337594,test-00000-of-00006_1059.png,500,500,3
10.662042615288886,test-00000-of-00006_1059.png,500,500,3
30.892658433699552,test-00000-of-00006_1059.png,500,500,3
186.8520931998649,test-00000-of-00006_1059.png,500,500,3
29.821483920851563,test-00000-of-00006_1059.png,500,500,3
387.35591166805125,test-00000-of-00006_1059.png,500,500,3
73.12593844888883,test-00000-of-00006_1059.png,500,500,3
20.180978645155555,test-00000-of-00006_1059.png,500,500,3
60.29976376574401,test-00000-of-00006_1059.png,500,500,3
7.293588701838224,test-00000-of-00006_1059.png,500,500,3
13.838215996997329,test-00000-of-00006_1059.png,500,500,3
258.66359409714494,test-00000-of-00006_1059.png,500,500,3
85.0121292656907,test-00000-of-00006_1059.png,500,500,3
486.6840709305582,test-00000-of-00006_1059.png,500,500,3
9.956448212933331,test-00000-of-00006_1059.png,500,500,3
1.1033626666666667,test-00000-of-00006_1059.png,500,500,3
287.5628758576907,test-00000-of-00006_1059.png,500,500,3
3.761186663664,test-00000-of-00006_1059.png,500,500,3
17.205294236416,test-00000-of-00006_1059.png,500,500,3
309.1649690359449,test-00000-of-00006_1059.png,500,500,3
67.41526377915557,test-00000-of-00006_1059.png,500,500,3
97.20452909328891,test-00000-of-00006_1059.png,500,500,3
2.9605253333333335,test-00000-of-00006_1059.png,500,500,3
82.94415622943288,test-00000-of-00006_1059.png,500,500,3
104.68125381289057,test-00000-of-00006_1059.png,500,500,3
9.673653752730669,test-00000-of-00006_1059.png,500,500,3
209.11814676479293,test-00000-of-00006_1059.png,500,500,3
84.7167920538862,test-00000-of-00006_1059.png,500,500,3
42.85726219148622,test-00000-of-00006_1059.png,500,500,3
155.80153928820616,test-00000-of-00006_1059.png,500,500,3
141.41885642111825,test-00000-of-00006_1059.png,500,500,3
221.82789153983808,test-00000-of-00006_1059.png,500,500,3
193.33333019715568,test-00000-of-00006_1059.png,500,500,3
61.22851066517156,test-00000-of-00006_1059.png,500,500,3
5.767464,test-00000-of-00006_1059.png,500,500,3
406.34442230729945,test-00000-of-00006_1059.png,500,500,3
652.4066021212428,test-00000-of-00006_1059.png,500,500,3
214.18126714128877,test-00000-of-00006_1059.png,500,500,3
38.14261428556622,test-00000-of-00006_1059.png,500,500,3
78.3583709584782,test-00000-of-00006_1059.png,500,500,3
7.567190644762667,test-00000-of-00006_1059.png,500,500,3
9.536766492499556,test-00000-of-00006_1059.png,500,500,3
318.81741563033614,test-00000-of-00006_1059.png,500,500,3
1.7470266666666667,test-00000-of-00006_1059.png,500,500,3
166.58521499447292,test-00000-of-00006_1059.png,500,500,3
106.95664445723735,test-00000-of-00006_1059.png,500,500,3
381.5144665288248,test-00000-of-00006_1059.png,500,500,3
140.33835261196623,test-00000-of-00006_1059.png,500,500,3
279.7282286543572,test-00000-of-00006_1059.png,500,500,3
33.60293291342934,test-00000-of-00006_1059.png,500,500,3
68.81536573345956,test-00000-of-00006_1059.png,500,500,3
2220.3970244403126,test-00000-of-00006_1059.png,500,500,3
15.822550150399993,test-00000-of-00006_1059.png,500,500,3
449.7130580854826,test-00000-of-00006_1059.png,500,500,3
236.66988679551832,test-00000-of-00006_1059.png,500,500,3
5.259785312211554,test-00000-of-00006_1059.png,500,500,3
19.59323308333334,test-00000-of-00006_1059.png,500,500,3
147.90287458975297,test-00000-of-00006_1059.png,500,500,3
11.122889296979555,test-00000-of-00006_1059.png,500,500,3
18.898066658922666,test-00000-of-00006_1059.png,500,500,3
85.86142041173333,test-00000-of-00006_1059.png,500,500,3
1340.5497587095042,test-00000-of-00006_1059.png,500,500,3
68.94673027316621,test-00000-of-00006_1059.png,500,500,3
684.225344184489,test-00000-of-00006_1059.png,500,500,3
140.96574508065956,test-00000-of-00006_1059.png,500,500,3
30.892658433699552,test-00000-of-00006_1059.png,500,500,3
107.81924105030936,test-00000-of-00006_1059.png,500,500,3
73.54068846058489,test-00000-of-00006_1059.png,500,500,3
78.27480542290489,test-00000-of-00006_1059.png,500,500,3
67.20394018875731,test-00000-of-00006_1059.png,500,500,3
5.770531861155557,test-00000-of-00006_1059.png,500,500,3
5.196082656398222,test-00000-of-00006_1059.png,500,500,3
4.448512,test-00000-of-00006_1059.png,500,500,3
190.1975433835448,test-00000-of-00006_1059.png,500,500,3
215.29476686790395,test-00000-of-00006_1059.png,500,500,3
486.0962505483305,test-00000-of-00006_1059.png,500,500,3
314.9030586598329,test-00000-of-00006_1059.png,500,500,3
1026.4559011293848,test-00000-of-00006_1059.png,500,500,3
288.69270117966937,test-00000-of-00006_1059.png,500,500,3
7.64983332714489,test-00000-of-00006_1059.png,500,500,3
10.271190666579551,test-00000-of-00006_1059.png,500,500,3
157.39566526293157,test-00000-of-00006_1059.png,500,500,3
8.842184938622221,test-00000-of-00006_1059.png,500,500,3
18.719911674339553,test-00000-of-00006_1059.png,500,500,3
77.43387381964621,test-00000-of-00006_1059.png,500,500,3
3.971870630312887,test-00000-of-00006_1059.png,500,500,3
318.8952700540994,test-00000-of-00006_1059.png,500,500,3
43.4542508823449,test-00000-of-00006_1059.png,500,500,3
318.9522157822222,test-00000-of-00006_1059.png,500,500,3
385.45845547047816,test-00000-of-00006_1059.png,500,500,3
23.865090666666667,test-00000-of-00006_1059.png,500,500,3
2301.4790398993,test-00000-of-00006_1059.png,500,500,3
202.20947327379739,test-00000-of-00006_1059.png,500,500,3
63.2558878492996,test-00000-of-00006_1059.png,500,500,3
21.867763456339553,test-00000-of-00006_1059.png,500,500,3
263.1697920639555,test-00000-of-00006_1059.png,500,500,3
76.26996796699733,test-00000-of-00006_1059.png,500,500,3
30.860697260072893,test-00000-of-00006_1059.png,500,500,3
15.27974396415289,test-00000-of-00006_1059.png,500,500,3
7.90806799905956,test-00000-of-00006_1059.png,500,500,3
1.2589226666666666,test-00000-of-00006_1059.png,500,500,3
10.848373248846226,test-00000-of-00006_1059.png,500,500,3
244.3198230673051,test-00000-of-00006_1059.png,500,500,3
18.57855999999289,test-00000-of-00006_1059.png,500,500,3
62.69354689140622,test-00000-of-00006_1059.png,500,500,3
68.31030505030932,test-00000-of-00006_1059.png,500,500,3
1771.039093028628,test-00000-of-00006_1059.png,500,500,3
41.365330666666665,test-00000-of-00006_1059.png,500,500,3
41.26566560425956,test-00000-of-00006_1059.png,500,500,3
17.389996885326216,test-00000-of-00006_1059.png,500,500,3
255.0939798818063,test-00000-of-00006_1059.png,500,500,3
76.31286815960001,test-00000-of-00006_1059.png,500,500,3
70.15113279430933,test-00000-of-00006_1059.png,500,500,3
232.9516518280515,test-00000-of-00006_1059.png,500,500,3
11.93149066655289,test-00000-of-00006_1059.png,500,500,3
483.7127724770916,test-00000-of-00006_1059.png,500,500,3
11.481345987690672,test-00000-of-00006_1059.png,500,500,3
63.22586460839825,test-00000-of-00006_1059.png,500,500,3
42.04324411667732,test-00000-of-00006_1059.png,500,500,3
32.45871454395557,test-00000-of-00006_1059.png,500,500,3
18.15958768490488,test-00000-of-00006_1059.png,500,500,3
349.4176930857796,test-00000-of-00006_1059.png,500,500,3
121.28921333333334,test-00000-of-00006_1059.png,500,500,3
182.23047899465962,test-00000-of-00006_1059.png,500,500,3
17.38774934931733,test-00000-of-00006_1059.png,500,500,3
146.490528,test-00000-of-00006_1059.png,500,500,3
4.050781333155558,test-00000-of-00006_1059.png,500,500,3
1578.224759906639,test-00000-of-00006_1059.png,500,500,3
44.28780399806401,test-00000-of-00006_1059.png,500,500,3
333.9644043078381,test-00000-of-00006_1059.png,500,500,3
2.327558386472889,test-00000-of-00006_1059.png,500,500,3
152.60763869755735,test-00000-of-00006_1059.png,500,500,3
11.04274399982222,test-00000-of-00006_1059.png,500,500,3
188.61683361809068,test-00000-of-00006_1059.png,500,500,3
29.155284982869336,test-00000-of-00006_1059.png,500,500,3
56.770992767955555,test-00000-of-00006_1059.png,500,500,3
9.598708855352886,test-00000-of-00006_1059.png,500,500,3
23.902177333118225,test-00000-of-00006_1059.png,500,500,3
33.49826196223288,test-00000-of-00006_1059.png,500,500,3
108.95066209915552,test-00000-of-00006_1059.png,500,500,3
240.43260231303822,test-00000-of-00006_1059.png,500,500,3
9.360017333032888,test-00000-of-00006_1059.png,500,500,3
13.622070967744,test-00000-of-00006_1059.png,500,500,3
113.96876160993955,test-00000-of-00006_1059.png,500,500,3
6.266181333155555,test-00000-of-00006_1059.png,500,500,3
73.19655948010488,test-00000-of-00006_1059.png,500,500,3
36.56784426830933,test-00000-of-00006_1059.png,500,500,3
1595.0599368358382,test-00000-of-00006_1059.png,500,500,3
86.08313654857957,test-00000-of-00006_1059.png,500,500,3
264.2714615697333,test-00000-of-00006_1059.png,500,500,3
381.49976175248884,test-00000-of-00006_1059.png,500,500,3
7.0739713276,test-00000-of-00006_1059.png,500,500,3
25.18362979804267,test-00000-of-00006_1059.png,500,500,3
445.3101902133316,test-00000-of-00006_1059.png,500,500,3
355.58559538743293,test-00000-of-00006_1059.png,500,500,3
932.2278844735981,test-00000-of-00006_1059.png,500,500,3
321.62924257097967,test-00000-of-00006_1059.png,500,500,3
22.111739999998225,test-00000-of-00006_1059.png,500,500,3
1288.5002093926387,test-00000-of-00006_1059.png,500,500,3
132.08515960728883,test-00000-of-00006_1059.png,500,500,3
74.84804957648892,test-00000-of-00006_1059.png,500,500,3
372.6369159208515,test-00000-of-00006_1059.png,500,500,3
4.973664,test-00000-of-00006_1059.png,500,500,3
5.614494660890667,test-00000-of-00006_1059.png,500,500,3
249.91848523625075,test-00000-of-00006_1059.png,500,500,3
11.937109981082667,test-00000-of-00006_1059.png,500,500,3
5.067464,test-00000-of-00006_1059.png,500,500,3
512.4507103988892,test-00000-of-00006_1059.png,500,500,3
1064.6154485610668,test-00000-of-00006_1059.png,500,500,3
38.91637406491732,test-00000-of-00006_1059.png,500,500,3
204.52468679551816,test-00000-of-00006_1059.png,500,500,3
171.1490248871094,test-00000-of-00006_1059.png,500,500,3
45.36194434002489,test-00000-of-00006_1059.png,500,500,3
111.27993938602488,test-00000-of-00006_1059.png,500,500,3
5.162917333333334,test-00000-of-00006_1059.png,500,500,3
27.715423824718222,test-00000-of-00006_1059.png,500,500,3
23.70500773236622,test-00000-of-00006_1059.png,500,500,3
418.2843939964514,test-00000-of-00006_1059.png,500,500,3
744.0804564558223,test-00000-of-00006_1059.png,500,500,3
453.85011668905935,test-00000-of-00006_1059.png,500,500,3
20.918622625050673,test-00000-of-00006_1059.png,500,500,3
277.82702460839806,test-00000-of-00006_1059.png,500,500,3
243.8143640729528,test-00000-of-00006_1059.png,500,500,3
40.94887591,test-00000-of-00006_1059.png,500,500,3
198.30159183785955,test-00000-of-00006_1059.png,500,500,3
69.64430241399289,test-00000-of-00006_1059.png,500,500,3
15.381787802864007,test-00000-of-00006_1059.png,500,500,3
43.364298407246196,test-00000-of-00006_1059.png,500,500,3
42.10770945382222,test-00000-of-00006_1059.png,500,500,3
13.487269964622222,test-00000-of-00006_1059.png,500,500,3
1288.5002093926387,test-00000-of-00006_1059.png,500,500,3
193.4200900933334,test-00000-of-00006_1059.png,500,500,3
283.05245283515546,test-00000-of-00006_1059.png,500,500,3
122.72007464436625,test-00000-of-00006_1059.png,500,500,3
8.281021309411555,test-00000-of-00006_1059.png,500,500,3
9.652582539930666,test-00000-of-00006_1059.png,500,500,3
134.98555548426668,test-00000-of-00006_1059.png,500,500,3
63.01628180052621,test-00000-of-00006_1059.png,500,500,3
29.058228663288876,test-00000-of-00006_1059.png,500,500,3
286.02397515849947,test-00000-of-00006_1059.png,500,500,3
80.64758442218486,test-00000-of-00006_1059.png,500,500,3
17.899204472149336,test-00000-of-00006_1059.png,500,500,3
135.33360131861156,test-00000-of-00006_1059.png,500,500,3
88.95949018225068,test-00000-of-00006_1059.png,500,500,3
755.9548533235989,test-00000-of-00006_1059.png,500,500,3
152.87266275956625,test-00000-of-00006_1059.png,500,500,3
64.17581473941158,test-00000-of-00006_1059.png,500,500,3
21.520386508792892,test-00000-of-00006_1059.png,500,500,3
286.78747022932623,test-00000-of-00006_1059.png,500,500,3
256.1521545867663,test-00000-of-00006_1059.png,500,500,3
49.49009988074487,test-00000-of-00006_1059.png,500,500,3
673.8197736799552,test-00000-of-00006_1059.png,500,500,3
1584.66336332322,test-00000-of-00006_1059.png,500,500,3
7.8813906423306666,test-00000-of-00006_1059.png,500,500,3
680.0507751764887,test-00000-of-00006_1059.png,500,500,3
233.7771086091662,test-00000-of-00006_1059.png,500,500,3
25.199833119272892,test-00000-of-00006_1059.png,500,500,3
343.1444583169262,test-00000-of-00006_1059.png,500,500,3
317.6819385709794,test-00000-of-00006_1059.png,500,500,3
12.112726663066665,test-00000-of-00006_1059.png,500,500,3
48.59586657364623,test-00000-of-00006_1059.png,500,500,3
290.53886120977074,test-00000-of-00006_1059.png,500,500,3
19.891401308158233,test-00000-of-00006_1059.png,500,500,3
110.66367595724618,test-00000-of-00006_1059.png,500,500,3
17.916465316606228,test-00000-of-00006_1059.png,500,500,3
784.1194596287128,test-00000-of-00006_1059.png,500,500,3
4.039473202771554,test-00000-of-00006_1059.png,500,500,3
394.3160130656994,test-00000-of-00006_1059.png,500,500,3
4.052402666666667,test-00000-of-00006_1059.png,500,500,3
1842.2673305150868,test-00000-of-00006_1059.png,500,500,3
28.74790078790932,test-00000-of-00006_1059.png,500,500,3
20.30969807785955,test-00000-of-00006_1059.png,500,500,3
64.37696848690489,test-00000-of-00006_1059.png,500,500,3
395.4851585599997,test-00000-of-00006_1059.png,500,500,3
114.63602631935291,test-00000-of-00006_1059.png,500,500,3
39.56876595882489,test-00000-of-00006_1059.png,500,500,3
163.4581564622222,test-00000-of-00006_1059.png,500,500,3
10.83482654463289,test-00000-of-00006_1059.png,500,500,3
19.341704537669337,test-00000-of-00006_1059.png,500,500,3
4.06908,test-00000-of-00006_1059.png,500,500,3
121.16559428215295,test-00000-of-00006_1059.png,500,500,3
18.067810521251552,test-00000-of-00006_1059.png,500,500,3
278.92236634105586,test-00000-of-00006_1059.png,500,500,3
272.3759888667574,test-00000-of-00006_1059.png,500,500,3
2.827064,test-00000-of-00006_1059.png,500,500,3
126.08307993446398,test-00000-of-00006_1059.png,500,500,3
76.15059803114492,test-00000-of-00006_1059.png,500,500,3
215.41000894229157,test-00000-of-00006_1059.png,500,500,3
150.19207466666666,test-00000-of-00006_1059.png,500,500,3
121.16559428215295,test-00000-of-00006_1059.png,500,500,3
55.50034659652268,test-00000-of-00006_1059.png,500,500,3
356.4806317746915,test-00000-of-00006_1059.png,500,500,3
568.9847601471555,test-00000-of-00006_1059.png,500,500,3
11.724373223464886,test-00000-of-00006_1059.png,500,500,3
5.280122666666666,test-00000-of-00006_1059.png,500,500,3
4.557871740579555,test-00000-of-00006_1059.png,500,500,3
29.728273752488896,test-00000-of-00006_1059.png,500,500,3
4.973664,test-00000-of-00006_1059.png,500,500,3
63.22586460839825,test-00000-of-00006_1059.png,500,500,3
8.065163635183996,test-00000-of-00006_1059.png,500,500,3
86.08313654857957,test-00000-of-00006_1059.png,500,500,3
15.337950180392893,test-00000-of-00006_1059.png,500,500,3
49.74909902911823,test-00000-of-00006_1059.png,500,500,3
94.89984533648891,test-00000-of-00006_1059.png,500,500,3
68.9704600000782,test-00000-of-00006_1059.png,500,500,3
54.60133454369957,test-00000-of-00006_1059.png,500,500,3
4.525704813011556,test-00000-of-00006_1059.png,500,500,3
287.15889975000005,test-00000-of-00006_1059.png,500,500,3
261.91096978328903,test-00000-of-00006_1059.png,500,500,3
41.40260012351822,test-00000-of-00006_1059.png,500,500,3
357.86229435157173,test-00000-of-00006_1059.png,500,500,3
21.838579739219547,test-00000-of-00006_1059.png,500,500,3
1357.2609726661963,test-00000-of-00006_1059.png,500,500,3
21.021970236330674,test-00000-of-00006_1059.png,500,500,3
427.96457999573175,test-00000-of-00006_1059.png,500,500,3
16.78302123093334,test-00000-of-00006_1059.png,500,500,3
35.30223690648889,test-00000-of-00006_1059.png,500,500,3
563.4005110681317,test-00000-of-00006_1059.png,500,500,3
201.89229591238404,test-00000-of-00006_1059.png,500,500,3
130.6470051662916,test-00000-of-00006_1059.png,500,500,3
133.63975455679824,test-00000-of-00006_1059.png,500,500,3
339.695681180713,test-00000-of-00006_1059.png,500,500,3
110.891303569664,test-00000-of-00006_1059.png,500,500,3
11.047765423486233,test-00000-of-00006_1059.png,500,500,3
47.15665020063287,test-00000-of-00006_1059.png,500,500,3
136.07807856848893,test-00000-of-00006_1059.png,500,500,3
9.764570853672884,test-00000-of-00006_1059.png,500,500,3
36.96426694395554,test-00000-of-00006_1059.png,500,500,3
4.761448,test-00000-of-00006_1059.png,500,500,3
3.156734648531555,test-00000-of-00006_1059.png,500,500,3
26.39641996158399,test-00000-of-00006_1059.png,500,500,3
597.5179327475181,test-00000-of-00006_1059.png,500,500,3
61.29854260582223,test-00000-of-00006_1059.png,500,500,3
254.50697230107733,test-00000-of-00006_1059.png,500,500,3
47.61150633489067,test-00000-of-00006_1059.png,500,500,3
283.1419478575714,test-00000-of-00006_1059.png,500,500,3
368.55354411745947,test-00000-of-00006_1059.png,500,500,3
218.01439197843743,test-00000-of-00006_1059.png,500,500,3
1103.1763051035305,test-00000-of-00006_1059.png,500,500,3
563.4005110681317,test-00000-of-00006_1059.png,500,500,3
362.9643095413759,test-00000-of-00006_1059.png,500,500,3
424.96528921244266,test-00000-of-00006_1059.png,500,500,3
23.59572197887288,test-00000-of-00006_1059.png,500,500,3
78.0860750749849,test-00000-of-00006_1059.png,500,500,3
153.83241866666665,test-00000-of-00006_1059.png,500,500,3
204.18259251057597,test-00000-of-00006_1059.png,500,500,3
86.80476230305953,test-00000-of-00006_1059.png,500,500,3
9.932823473891554,test-00000-of-00006_1059.png,500,500,3
135.52627733333333,test-00000-of-00006_1059.png,500,500,3
59.012833095822266,test-00000-of-00006_1059.png,500,500,3
4.796315986544001,test-00000-of-00006_1059.png,500,500,3
145.658608,test-00000-of-00006_1059.png,500,500,3
325.03068399978486,test-00000-of-00006_1059.png,500,500,3
39.81460999000001,test-00000-of-00006_1059.png,500,500,3
56.22939003305068,test-00000-of-00006_1059.png,500,500,3
67.00278229537955,test-00000-of-00006_1059.png,500,500,3
188.15618663569077,test-00000-of-00006_1059.png,500,500,3
101.43098304315554,test-00000-of-00006_1059.png,500,500,3
20.40155581452622,test-00000-of-00006_1059.png,500,500,3
42.720033305555546,test-00000-of-00006_1059.png,500,500,3
42.07083555411734,test-00000-of-00006_1059.png,500,500,3
49.2795374858649,test-00000-of-00006_1059.png,500,500,3
347.76536372862404,test-00000-of-00006_1059.png,500,500,3
2.827064,test-00000-of-00006_1059.png,500,500,3
30.612850646526212,test-00000-of-00006_1059.png,500,500,3
38.99192805188268,test-00000-of-00006_1059.png,500,500,3
10.580898609066665,test-00000-of-00006_1059.png,500,500,3
74.70884254463287,test-00000-of-00006_1059.png,500,500,3
143.94108791564622,test-00000-of-00006_1059.png,500,500,3
83.69773274751823,test-00000-of-00006_1059.png,500,500,3
73.63649974909157,test-00000-of-00006_1059.png,500,500,3
872.2972051261438,test-00000-of-00006_1059.png,500,500,3
178.3304984634862,test-00000-of-00006_1059.png,500,500,3
44.481880561379526,test-00000-of-00006_1059.png,500,500,3
29.75437163839822,test-00000-of-00006_1059.png,500,500,3
90.11263936417957,test-00000-of-00006_1059.png,500,500,3
1745.846952651776,test-00000-of-00006_1059.png,500,500,3
9.394379251269337,test-00000-of-00006_1059.png,500,500,3
7.033998637082666,test-00000-of-00006_1059.png,500,500,3
130.6470051662916,test-00000-of-00006_1059.png,500,500,3
377.19115779804275,test-00000-of-00006_1059.png,500,500,3
74.65550455031287,test-00000-of-00006_1059.png,500,500,3
360.06832489244255,test-00000-of-00006_1059.png,500,500,3
4.0276293333333335,test-00000-of-00006_1059.png,500,500,3
130.14050665938493,test-00000-of-00006_1059.png,500,500,3
62.15260195319289,test-00000-of-00006_1059.png,500,500,3
34.32115232533157,test-00000-of-00006_1059.png,500,500,3
4.0276293333333335,test-00000-of-00006_1059.png,500,500,3
88.39776956187737,test-00000-of-00006_1059.png,500,500,3
7.033998637082666,test-00000-of-00006_1059.png,500,500,3
300.3984487594382,test-00000-of-00006_1059.png,500,500,3
17.226710314622224,test-00000-of-00006_1059.png,500,500,3
3.156734648531555,test-00000-of-00006_1059.png,500,500,3
394.96163366928886,test-00000-of-00006_1059.png,500,500,3
78.7902776532889,test-00000-of-00006_1059.png,500,500,3
441.69467062937593,test-00000-of-00006_1059.png,500,500,3
532.2995578184247,test-00000-of-00006_1059.png,500,500,3
17.073302594842666,test-00000-of-00006_1059.png,500,500,3
33.332087389518215,test-00000-of-00006_1059.png,500,500,3
496.16164257905046,test-00000-of-00006_1059.png,500,500,3
240.06615746343826,test-00000-of-00006_1059.png,500,500,3
136.07807856848893,test-00000-of-00006_1059.png,500,500,3
517.305185751465,test-00000-of-00006_1059.png,500,500,3
276.6288826488889,test-00000-of-00006_1059.png,500,500,3
142.04955690662226,test-00000-of-00006_1059.png,500,500,3
35.623145991166226,test-00000-of-00006_1059.png,500,500,3
394.3160130656994,test-00000-of-00006_1059.png,500,500,3
234.0283930538222,test-00000-of-00006_1059.png,500,500,3
81.68259636308619,test-00000-of-00006_1059.png,500,500,3
5.199202666666666,test-00000-of-00006_1059.png,500,500,3
2.9793546666666666,test-00000-of-00006_1059.png,500,500,3
12.014122618851557,test-00000-of-00006_1059.png,500,500,3
246.44104931063293,test-00000-of-00006_1059.png,500,500,3
169.20338322188624,test-00000-of-00006_1059.png,500,500,3
30.860697260072893,test-00000-of-00006_1059.png,500,500,3
9.394379251269337,test-00000-of-00006_1059.png,500,500,3
28.71042532582223,test-00000-of-00006_1059.png,500,500,3
19.464958605822225,test-00000-of-00006_1059.png,500,500,3
5.899173333304892,test-00000-of-00006_1059.png,500,500,3
722.3806436471184,test-00000-of-00006_1059.png,500,500,3
12.882174662042663,test-00000-of-00006_1059.png,500,500,3
554.9799249237333,test-00000-of-00006_1059.png,500,500,3
198.07830458879818,test-00000-of-00006_1059.png,500,500,3
2.9605253333333335,test-00000-of-00006_1059.png,500,500,3
16.740831794488898,test-00000-of-00006_1059.png,500,500,3
9.956448212933331,test-00000-of-00006_1059.png,500,500,3
384.60451474118406,test-00000-of-00006_1059.png,500,500,3
28.19314891687824,test-00000-of-00006_1059.png,500,500,3
192.33462344646406,test-00000-of-00006_1059.png,500,500,3
45.546430450131545,test-00000-of-00006_1059.png,500,500,3
293.4686473210242,test-00000-of-00006_1059.png,500,500,3
27.066958202451566,test-00000-of-00006_1059.png,500,500,3
82.11769026128886,test-00000-of-00006_1059.png,500,500,3
292.7012290015574,test-00000-of-00006_1059.png,500,500,3
115.64180029641955,test-00000-of-00006_1059.png,500,500,3
13.651978367822228,test-00000-of-00006_1059.png,500,500,3
157.39566526293157,test-00000-of-00006_1059.png,500,500,3
325.73828326040007,test-00000-of-00006_1059.png,500,500,3
18.03938786359289,test-00000-of-00006_1059.png,500,500,3
323.94693061885164,test-00000-of-00006_1059.png,500,500,3
11.248664055118217,test-00000-of-00006_1059.png,500,500,3
172.73295814634488,test-00000-of-00006_1059.png,500,500,3
224.04186283925156,test-00000-of-00006_1059.png,500,500,3
11.270574665882663,test-00000-of-00006_1059.png,500,500,3
287.2079251350114,test-00000-of-00006_1059.png,500,500,3
423.15614266306665,test-00000-of-00006_1059.png,500,500,3
23.70500773236622,test-00000-of-00006_1059.png,500,500,3
444.1572253297332,test-00000-of-00006_1059.png,500,500,3
70.59220051057599,test-00000-of-00006_1059.png,500,500,3
49.187700356933334,test-00000-of-00006_1059.png,500,500,3
8.925891997566222,test-00000-of-00006_1059.png,500,500,3
968.0610871033174,test-00000-of-00006_1059.png,500,500,3
30.612850646526212,test-00000-of-00006_1059.png,500,500,3
58.85567857777602,test-00000-of-00006_1059.png,500,500,3
35.49703851612267,test-00000-of-00006_1059.png,500,500,3
22.074318594842655,test-00000-of-00006_1059.png,500,500,3
247.2937318770328,test-00000-of-00006_1059.png,500,500,3
119.41201235982221,test-00000-of-00006_1059.png,500,500,3
22.405944801406214,test-00000-of-00006_1059.png,500,500,3
95.22567439626665,test-00000-of-00006_1059.png,500,500,3
355.8676786663662,test-00000-of-00006_1059.png,500,500,3
8.927581298488892,test-00000-of-00006_1059.png,500,500,3
49.03619129887288,test-00000-of-00006_1059.png,500,500,3
452.08144728089593,test-00000-of-00006_1059.png,500,500,3
651.9980009523131,test-00000-of-00006_1059.png,500,500,3
218.01439197843743,test-00000-of-00006_1059.png,500,500,3
109.80625470921952,test-00000-of-00006_1059.png,500,500,3
356.4806317746915,test-00000-of-00006_1059.png,500,500,3
13.808623846335994,test-00000-of-00006_1059.png,500,500,3
333.9644043078381,test-00000-of-00006_1059.png,500,500,3
2010.4820259876903,test-00000-of-00006_1059.png,500,500,3
101.43098304315554,test-00000-of-00006_1059.png,500,500,3
304.8208140505315,test-00000-of-00006_1059.png,500,500,3
22.70157306293333,test-00000-of-00006_1059.png,500,500,3
86.74350960439288,test-00000-of-00006_1059.png,500,500,3
254.50697230107733,test-00000-of-00006_1059.png,500,500,3
42.28881267615287,test-00000-of-00006_1059.png,500,500,3
354.4083659452996,test-00000-of-00006_1059.png,500,500,3
75.93761072187732,test-00000-of-00006_1059.png,500,500,3
2.0207226666666664,test-00000-of-00006_1059.png,500,500,3
233.04638389315556,test-00000-of-00006_1059.png,500,500,3
39.086929399288884,test-00000-of-00006_1059.png,500,500,3
221.11804011745963,test-00000-of-00006_1059.png,500,500,3
89.99284316582221,test-00000-of-00006_1059.png,500,500,3
294.74928646143815,test-00000-of-00006_1059.png,500,500,3
26.39641996158399,test-00000-of-00006_1059.png,500,500,3
19.87844133222221,test-00000-of-00006_1059.png,500,500,3
83.72215497403735,test-00000-of-00006_1059.png,500,500,3
9.799953236819551,test-00000-of-00006_1059.png,500,500,3
268.3039293316249,test-00000-of-00006_1059.png,500,500,3
10.207555998888893,test-00000-of-00006_1059.png,500,500,3
6.838056783557333,test-00000-of-00006_1059.png,500,500,3
45.06404182516623,test-00000-of-00006_1059.png,500,500,3
31.33690514555555,test-00000-of-00006_1059.png,500,500,3
221.12570572964276,test-00000-of-00006_1059.png,500,500,3
33.79788266409957,test-00000-of-00006_1059.png,500,500,3
17.7971883279929,test-00000-of-00006_1059.png,500,500,3
21.867763456339553,test-00000-of-00006_1059.png,500,500,3
262.4989747406916,test-00000-of-00006_1059.png,500,500,3
3.499247892416001,test-00000-of-00006_1059.png,500,500,3
14.93716355733156,test-00000-of-00006_1059.png,500,500,3
23.09330522133155,test-00000-of-00006_1059.png,500,500,3
5.817925333333333,test-00000-of-00006_1059.png,500,500,3
126.33830257820263,test-00000-of-00006_1059.png,500,500,3
441.69467062937593,test-00000-of-00006_1059.png,500,500,3
2.8096,test-00000-of-00006_1059.png,500,500,3
130.5559944046293,test-00000-of-00006_1059.png,500,500,3
607.4642438697795,test-00000-of-00006_1059.png,500,500,3
24.15895463017066,test-00000-of-00006_1059.png,500,500,3
11.851307644784,test-00000-of-00006_1059.png,500,500,3
342.74920660316263,test-00000-of-00006_1059.png,500,500,3
2.9793546666666666,test-00000-of-00006_1059.png,500,500,3
110.33386224349155,test-00000-of-00006_1059.png,500,500,3
2234.5217949740363,test-00000-of-00006_1059.png,500,500,3
318.8952700540994,test-00000-of-00006_1059.png,500,500,3
45.66612188842488,test-00000-of-00006_1059.png,500,500,3
3.971870630312887,test-00000-of-00006_1059.png,500,500,3
229.52384171928898,test-00000-of-00006_1059.png,500,500,3
9.657755988336,test-00000-of-00006_1059.png,500,500,3
202.17449333333334,test-00000-of-00006_1059.png,500,500,3
18.328570185955556,test-00000-of-00006_1059.png,500,500,3
199.10693223537066,test-00000-of-00006_1059.png,500,500,3
38.72962382694399,test-00000-of-00006_1059.png,500,500,3
205.38078933333333,test-00000-of-00006_1059.png,500,500,3
10.271190666579551,test-00000-of-00006_1059.png,500,500,3
374.357342159273,test-00000-of-00006_1059.png,500,500,3
7.251870267135999,test-00000-of-00006_1059.png,500,500,3
24.644875996712894,test-00000-of-00006_1059.png,500,500,3
335.3088437084001,test-00000-of-00006_1059.png,500,500,3
42.977792589822215,test-00000-of-00006_1059.png,500,500,3
25.95419895687821,test-00000-of-00006_1059.png,500,500,3
267.85494701817595,test-00000-of-00006_1059.png,500,500,3
260.35731804031826,test-00000-of-00006_1059.png,500,500,3
2234.5217949740363,test-00000-of-00006_1059.png,500,500,3
122.72007464436625,test-00000-of-00006_1059.png,500,500,3
148.89851506508617,test-00000-of-00006_1059.png,500,500,3
242.2814089542382,test-00000-of-00006_1059.png,500,500,3
152.6216964604515,test-00000-of-00006_1059.png,500,500,3
349.4176930857796,test-00000-of-00006_1059.png,500,500,3
490.14287934293174,test-00000-of-00006_1059.png,500,500,3
10.580898609066665,test-00000-of-00006_1059.png,500,500,3
12.906677325112886,test-00000-of-00006_1059.png,500,500,3
14.238773271829329,test-00000-of-00006_1059.png,500,500,3
26.796363958384006,test-00000-of-00006_1059.png,500,500,3
423.15614266306665,test-00000-of-00006_1059.png,500,500,3
164.8358785341707,test-00000-of-00006_1059.png,500,500,3
336.6399178149262,test-00000-of-00006_1059.png,500,500,3
270.9749064936106,test-00000-of-00006_1059.png,500,500,3
37.672361473166205,test-00000-of-00006_1059.png,500,500,3
8.972036807224889,test-00000-of-00006_1059.png,500,500,3
846.7485280511554,test-00000-of-00006_1059.png,500,500,3
209.74012935182225,test-00000-of-00006_1059.png,500,500,3
10.01956357085156,test-00000-of-00006_1059.png,500,500,3
193.25971812684602,test-00000-of-00006_1059.png,500,500,3
136.16934931022934,test-00000-of-00006_1059.png,500,500,3
325.2970664524641,test-00000-of-00006_1059.png,500,500,3
676.7279994289333,test-00000-of-00006_1059.png,500,500,3
240.06615746343826,test-00000-of-00006_1059.png,500,500,3
3.4167373313973335,test-00000-of-00006_1059.png,500,500,3
3.201003999984,test-00000-of-00006_1059.png,500,500,3
11.481345987690672,test-00000-of-00006_1059.png,500,500,3
18.719911674339553,test-00000-of-00006_1059.png,500,500,3
56.22939003305068,test-00000-of-00006_1059.png,500,500,3
115.1876042638916,test-00000-of-00006_1059.png,500,500,3
213.79317362514493,test-00000-of-00006_1059.png,500,500,3
365.8954371979092,test-00000-of-00006_1059.png,500,500,3
46.89568038240001,test-00000-of-00006_1059.png,500,500,3
204.56691464669157,test-00000-of-00006_1059.png,500,500,3
18.06930683271822,test-00000-of-00006_1059.png,500,500,3
15.460449330899566,test-00000-of-00006_1059.png,500,500,3
316.98788169863815,test-00000-of-00006_1059.png,500,500,3
147.10547061468267,test-00000-of-00006_1059.png,500,500,3
132.49813675519823,test-00000-of-00006_1059.png,500,500,3
339.8972716463716,test-00000-of-00006_1059.png,500,500,3
1288.5002093926387,test-00000-of-00006_1059.png,500,500,3
38.83916533364622,test-00000-of-00006_1059.png,500,500,3
13.166771956179558,test-00000-of-00006_1059.png,500,500,3
297.8053325070062,test-00000-of-00006_1059.png,500,500,3
221.82789153983808,test-00000-of-00006_1059.png,500,500,3
7.25664,test-00000-of-00006_1059.png,500,500,3
368.5908675642862,test-00000-of-00006_1059.png,500,500,3
40.62857450128889,test-00000-of-00006_1059.png,500,500,3
651.9980009523131,test-00000-of-00006_1059.png,500,500,3
28.095434319352893,test-00000-of-00006_1059.png,500,500,3
131.13236840959289,test-00000-of-00006_1059.png,500,500,3
9.498494763456,test-00000-of-00006_1059.png,500,500,3
62.012115660499546,test-00000-of-00006_1059.png,500,500,3
15.913989331733328,test-00000-of-00006_1059.png,500,500,3
486.0962505483305,test-00000-of-00006_1059.png,500,500,3
359.8441370752693,test-00000-of-00006_1059.png,500,500,3
5.136675851518222,test-00000-of-00006_1059.png,500,500,3
44.83064854673066,test-00000-of-00006_1059.png,500,500,3
392.1831537399396,test-00000-of-00006_1059.png,500,500,3
59.012833095822266,test-00000-of-00006_1059.png,500,500,3
608.1143102253441,test-00000-of-00006_1059.png,500,500,3
308.5460183900428,test-00000-of-00006_1059.png,500,500,3
51.59961363155732,test-00000-of-00006_1059.png,500,500,3
136.07807856848893,test-00000-of-00006_1059.png,500,500,3
207.8234244698862,test-00000-of-00006_1059.png,500,500,3
1.389432,test-00000-of-00006_1059.png,500,500,3
274.85274918587754,test-00000-of-00006_1059.png,500,500,3
88.62871243575285,test-00000-of-00006_1059.png,500,500,3
1.3215946666666667,test-00000-of-00006_1059.png,500,500,3
19.445395923823998,test-00000-of-00006_1059.png,500,500,3
81.53548992765157,test-00000-of-00006_1059.png,500,500,3
308.619511620544,test-00000-of-00006_1059.png,500,500,3
9.358266666666667,test-00000-of-00006_1059.png,500,500,3
26.553763963646233,test-00000-of-00006_1059.png,500,500,3
785.4735533421795,test-00000-of-00006_1059.png,500,500,3
403.5992189619128,test-00000-of-00006_1059.png,500,500,3
45.326409648291566,test-00000-of-00006_1059.png,500,500,3
174.88273598150403,test-00000-of-00006_1059.png,500,500,3
345.7397510784,test-00000-of-00006_1059.png,500,500,3
353.8052991665493,test-00000-of-00006_1059.png,500,500,3
16.403991956735997,test-00000-of-00006_1059.png,500,500,3
1.4379653333333333,test-00000-of-00006_1059.png,500,500,3
38.20619732605156,test-00000-of-00006_1059.png,500,500,3
353.8052991665493,test-00000-of-00006_1059.png,500,500,3
204.47895596053158,test-00000-of-00006_1059.png,500,500,3
105.0123566045796,test-00000-of-00006_1059.png,500,500,3
11.21837864817067,test-00000-of-00006_1059.png,500,500,3
545.2694947048517,test-00000-of-00006_1059.png,500,500,3
233.6571301540249,test-00000-of-00006_1059.png,500,500,3
346.1752092046913,test-00000-of-00006_1059.png,500,500,3
3.5648066660248903,test-00000-of-00006_1059.png,500,500,3
4.9711358378595545,test-00000-of-00006_1059.png,500,500,3
283.1419478575714,test-00000-of-00006_1059.png,500,500,3
49.812586204266665,test-00000-of-00006_1059.png,500,500,3
374.357342159273,test-00000-of-00006_1059.png,500,500,3
245.89515695846407,test-00000-of-00006_1059.png,500,500,3
275.18736571669166,test-00000-of-00006_1059.png,500,500,3
162.6985303962667,test-00000-of-00006_1059.png,500,500,3
25.64729863474489,test-00000-of-00006_1059.png,500,500,3
29.386969119272884,test-00000-of-00006_1059.png,500,500,3
68.90673498630936,test-00000-of-00006_1059.png,500,500,3
136.16934931022934,test-00000-of-00006_1059.png,500,500,3
315.9634497296428,test-00000-of-00006_1059.png,500,500,3
1.76928,test-00000-of-00006_1059.png,500,500,3
288.69270117966937,test-00000-of-00006_1059.png,500,500,3
5.577413333333333,test-00000-of-00006_1059.png,500,500,3
28.302826013779555,test-00000-of-00006_1059.png,500,500,3
60.145054594842655,test-00000-of-00006_1059.png,500,500,3
164.17835055106664,test-00000-of-00006_1059.png,500,500,3
548.8275867988464,test-00000-of-00006_1059.png,500,500,3
82.94415622943288,test-00000-of-00006_1059.png,500,500,3
212.4121136126222,test-00000-of-00006_1059.png,500,500,3
99.19609359671293,test-00000-of-00006_1059.png,500,500,3
83.69773274751823,test-00000-of-00006_1059.png,500,500,3
142.13174887381157,test-00000-of-00006_1059.png,500,500,3
45.70577866026667,test-00000-of-00006_1059.png,500,500,3
11.54957464706667,test-00000-of-00006_1059.png,500,500,3
478.5714588593761,test-00000-of-00006_1059.png,500,500,3
487.07549248021166,test-00000-of-00006_1059.png,500,500,3
29.774250718576027,test-00000-of-00006_1059.png,500,500,3
62.012115660499546,test-00000-of-00006_1059.png,500,500,3
336.7503225711627,test-00000-of-00006_1059.png,500,500,3
107.81924105030936,test-00000-of-00006_1059.png,500,500,3
255.0939798818063,test-00000-of-00006_1059.png,500,500,3
329.33617363711295,test-00000-of-00006_1059.png,500,500,3
585.5214880810028,test-00000-of-00006_1059.png,500,500,3
65.40496100614934,test-00000-of-00006_1059.png,500,500,3
106.93830070633064,test-00000-of-00006_1059.png,500,500,3
3.0138066653706654,test-00000-of-00006_1059.png,500,500,3
65.10015083974399,test-00000-of-00006_1059.png,500,500,3
105.89326142715554,test-00000-of-00006_1059.png,500,500,3
18.249157332472887,test-00000-of-00006_1059.png,500,500,3
297.6274266366223,test-00000-of-00006_1059.png,500,500,3
1595.0599368358382,test-00000-of-00006_1059.png,500,500,3
51.034815035077315,test-00000-of-00006_1059.png,500,500,3
6.52105060383289,test-00000-of-00006_1059.png,500,500,3
16.12774666660267,test-00000-of-00006_1059.png,500,500,3
298.21873451612265,test-00000-of-00006_1059.png,500,500,3
5.400665327557334,test-00000-of-00006_1059.png,500,500,3
3.962498666666667,test-00000-of-00006_1059.png,500,500,3
12.447670664730666,test-00000-of-00006_1059.png,500,500,3
5.50195985143289,test-00000-of-00006_1059.png,500,500,3
35.391300432099555,test-00000-of-00006_1059.png,500,500,3
711.3461505954116,test-00000-of-00006_1059.png,500,500,3
14.972469309411556,test-00000-of-00006_1059.png,500,500,3
329.57515714439813,test-00000-of-00006_1059.png,500,500,3
3.5347305823128887,test-00000-of-00006_1059.png,500,500,3
355.58559538743293,test-00000-of-00006_1059.png,500,500,3
2813.6496734057787,test-00000-of-00006_1059.png,500,500,3
78.0560845224889,test-00000-of-00006_1059.png,500,500,3
56.96385819807288,test-00000-of-00006_1059.png,500,500,3
71.25340082449067,test-00000-of-00006_1059.png,500,500,3
11.516789333326226,test-00000-of-00006_1059.png,500,500,3
177.55459065557153,test-00000-of-00006_1059.png,500,500,3
1992.3192255330118,test-00000-of-00006_1059.png,500,500,3
384.7282413122116,test-00000-of-00006_1059.png,500,500,3
245.89515695846407,test-00000-of-00006_1059.png,500,500,3
43.4542508823449,test-00000-of-00006_1059.png,500,500,3
362.0811239764889,test-00000-of-00006_1059.png,500,500,3
342.9182548679041,test-00000-of-00006_1059.png,500,500,3
28.19314891687824,test-00000-of-00006_1059.png,500,500,3
30.732086628250652,test-00000-of-00006_1059.png,500,500,3
188.8765401267128,test-00000-of-00006_1059.png,500,500,3
71.30461715693336,test-00000-of-00006_1059.png,500,500,3
40.20063351448891,test-00000-of-00006_1059.png,500,500,3
148.89851506508617,test-00000-of-00006_1059.png,500,500,3
37.917621481726236,test-00000-of-00006_1059.png,500,500,3
47.53292424617952,test-00000-of-00006_1059.png,500,500,3
59.68400730777599,test-00000-of-00006_1059.png,500,500,3
644.6211492844373,test-00000-of-00006_1059.png,500,500,3
3.5347305823128887,test-00000-of-00006_1059.png,500,500,3
29.47271502911823,test-00000-of-00006_1059.png,500,500,3
60.145054594842655,test-00000-of-00006_1059.png,500,500,3
237.58737596105948,test-00000-of-00006_1059.png,500,500,3
114.45384776445154,test-00000-of-00006_1059.png,500,500,3
332.940303488624,test-00000-of-00006_1059.png,500,500,3
28.302826013779555,test-00000-of-00006_1059.png,500,500,3
17.38774934931733,test-00000-of-00006_1059.png,500,500,3
778.301316841465,test-00000-of-00006_1059.png,500,500,3
309.6481056979556,test-00000-of-00006_1059.png,500,500,3
27.28649542395555,test-00000-of-00006_1059.png,500,500,3
29.47271502911823,test-00000-of-00006_1059.png,500,500,3
149.69181854648883,test-00000-of-00006_1059.png,500,500,3
126.44019598527825,test-00000-of-00006_1059.png,500,500,3
162.14888507391296,test-00000-of-00006_1059.png,500,500,3
890.1910693332197,test-00000-of-00006_1059.png,500,500,3
2.253061333333333,test-00000-of-00006_1059.png,500,500,3
121.16559428215295,test-00000-of-00006_1059.png,500,500,3
487.7300173210865,test-00000-of-00006_1059.png,500,500,3
23.69568108913066,test-00000-of-00006_1059.png,500,500,3
42.53338063860622,test-00000-of-00006_1059.png,500,500,3
11.4508399936,test-00000-of-00006_1059.png,500,500,3
293.8426611979094,test-00000-of-00006_1059.png,500,500,3
4.250650624504888,test-00000-of-00006_1059.png,500,500,3
149.10084848415286,test-00000-of-00006_1059.png,500,500,3
194.75901625705066,test-00000-of-00006_1059.png,500,500,3
67.20394018875731,test-00000-of-00006_1059.png,500,500,3
5.505558198810667,test-00000-of-00006_1059.png,500,500,3
244.37910042333147,test-00000-of-00006_1059.png,500,500,3
54.27804665500266,test-00000-of-00006_1059.png,500,500,3
35.30223690648889,test-00000-of-00006_1059.png,500,500,3
13.55578088532622,test-00000-of-00006_1059.png,500,500,3
99.3530368563129,test-00000-of-00006_1059.png,500,500,3
357.86229435157173,test-00000-of-00006_1059.png,500,500,3
173.64102007765158,test-00000-of-00006_1059.png,500,500,3
33.86330236373333,test-00000-of-00006_1059.png,500,500,3
66.33585803758933,test-00000-of-00006_1059.png,500,500,3
22.276529579512886,test-00000-of-00006_1059.png,500,500,3
72.63748089420622,test-00000-of-00006_1059.png,500,500,3
717.3071742068906,test-00000-of-00006_1059.png,500,500,3
8.445877504682663,test-00000-of-00006_1059.png,500,500,3
51.43651258602491,test-00000-of-00006_1059.png,500,500,3
197.422944,test-00000-of-00006_1059.png,500,500,3
35.30296932714488,test-00000-of-00006_1059.png,500,500,3
265.94778933333333,test-00000-of-00006_1059.png,500,500,3
432.66563727018473,test-00000-of-00006_1059.png,500,500,3
167.8045626138862,test-00000-of-00006_1059.png,500,500,3
229.03947537905597,test-00000-of-00006_1059.png,500,500,3
293.4686473210242,test-00000-of-00006_1059.png,500,500,3
33.86330236373333,test-00000-of-00006_1059.png,500,500,3
429.1881610806595,test-00000-of-00006_1059.png,500,500,3
27.10962266204267,test-00000-of-00006_1059.png,500,500,3
15.381787802864007,test-00000-of-00006_1059.png,500,500,3
47.10417418034488,test-00000-of-00006_1059.png,500,500,3
7.670221265038222,test-00000-of-00006_1059.png,500,500,3
12.387306921171556,test-00000-of-00006_1059.png,500,500,3
23.635178482339548,test-00000-of-00006_1059.png,500,500,3
17.777001331838232,test-00000-of-00006_1059.png,500,500,3
4.525704813011556,test-00000-of-00006_1059.png,500,500,3
14.686719937166224,test-00000-of-00006_1059.png,500,500,3
267.14933287106663,test-00000-of-00006_1059.png,500,500,3
51.034815035077315,test-00000-of-00006_1059.png,500,500,3
5.804127999936001,test-00000-of-00006_1059.png,500,500,3
15.758587206819557,test-00000-of-00006_1059.png,500,500,3
80.4438800643129,test-00000-of-00006_1059.png,500,500,3
49.2795374858649,test-00000-of-00006_1059.png,500,500,3
286.4956530107095,test-00000-of-00006_1059.png,500,500,3
19.26991848873955,test-00000-of-00006_1059.png,500,500,3
713.9531916072516,test-00000-of-00006_1059.png,500,500,3
167.54387005409953,test-00000-of-00006_1059.png,500,500,3
41.996820262099554,test-00000-of-00006_1059.png,500,500,3
166.79689463615827,test-00000-of-00006_1059.png,500,500,3
41.926577821424004,test-00000-of-00006_1059.png,500,500,3
18.067810521251552,test-00000-of-00006_1059.png,500,500,3
9.521189315555558,test-00000-of-00006_1059.png,500,500,3
11.4508399936,test-00000-of-00006_1059.png,500,500,3
455.9705487311575,test-00000-of-00006_1059.png,500,500,3
5.138368,test-00000-of-00006_1059.png,500,500,3
241.055578642745,test-00000-of-00006_1059.png,500,500,3
308.5460183900428,test-00000-of-00006_1059.png,500,500,3
42.32745097045156,test-00000-of-00006_1059.png,500,500,3
186.18428730777606,test-00000-of-00006_1059.png,500,500,3
318.2533923068515,test-00000-of-00006_1059.png,500,500,3
202.81109342121064,test-00000-of-00006_1059.png,500,500,3
242.51373238553612,test-00000-of-00006_1059.png,500,500,3
34.32115232533157,test-00000-of-00006_1059.png,500,500,3
199.10693223537066,test-00000-of-00006_1059.png,500,500,3
11.307457557155557,test-00000-of-00006_1059.png,500,500,3
14.10306110802489,test-00000-of-00006_1059.png,500,500,3
18.74549733324622,test-00000-of-00006_1059.png,500,500,3
35.16987412492621,test-00000-of-00006_1059.png,500,500,3
364.9740843238328,test-00000-of-00006_1059.png,500,500,3
83.72215497403735,test-00000-of-00006_1059.png,500,500,3
8.162751986851555,test-00000-of-00006_1059.png,500,500,3
47.29881550928888,test-00000-of-00006_1059.png,500,500,3
68.31030505030932,test-00000-of-00006_1059.png,500,500,3
98.32687863977068,test-00000-of-00006_1059.png,500,500,3
167.54387005409953,test-00000-of-00006_1059.png,500,500,3
66.45933866322486,test-00000-of-00006_1059.png,500,500,3
130.72640798495286,test-00000-of-00006_1059.png,500,500,3
1.699528,test-00000-of-00006_1059.png,500,500,3
129.16574369062224,test-00000-of-00006_1059.png,500,500,3
254.48120915148615,test-00000-of-00006_1059.png,500,500,3
119.72417938325158,test-00000-of-00006_1059.png,500,500,3
3.5648066660248903,test-00000-of-00006_1059.png,500,500,3
137.89510715728886,test-00000-of-00006_1059.png,500,500,3
22.97427715128889,test-00000-of-00006_1059.png,500,500,3
16.740831794488898,test-00000-of-00006_1059.png,500,500,3
127.70060533333333,test-00000-of-00006_1059.png,500,500,3
27.50827060842489,test-00000-of-00006_1059.png,500,500,3
185.6072448423662,test-00000-of-00006_1059.png,500,500,3
522.5579146337847,test-00000-of-00006_1059.png,500,500,3
3.156734648531555,test-00000-of-00006_1059.png,500,500,3
332.95627301523723,test-00000-of-00006_1059.png,500,500,3
77.04860162898488,test-00000-of-00006_1059.png,500,500,3
370.38648488174925,test-00000-of-00006_1059.png,500,500,3
148.83565137333335,test-00000-of-00006_1059.png,500,500,3
364.0332105439556,test-00000-of-00006_1059.png,500,500,3
154.40915626921952,test-00000-of-00006_1059.png,500,500,3
256.6150018325317,test-00000-of-00006_1059.png,500,500,3
95.22567439626665,test-00000-of-00006_1059.png,500,500,3
137.89510715728886,test-00000-of-00006_1059.png,500,500,3
20.461227460264897,test-00000-of-00006_1059.png,500,500,3
51.544474627726196,test-00000-of-00006_1059.png,500,500,3
83.2526946660249,test-00000-of-00006_1059.png,500,500,3
305.0301776430916,test-00000-of-00006_1059.png,500,500,3
11.850795999059555,test-00000-of-00006_1059.png,500,500,3
147.90287458975297,test-00000-of-00006_1059.png,500,500,3
8.925891997566222,test-00000-of-00006_1059.png,500,500,3
687.9658024478648,test-00000-of-00006_1059.png,500,500,3
8.111636826389335,test-00000-of-00006_1059.png,500,500,3
96.51283264073955,test-00000-of-00006_1059.png,500,500,3
18.529263385344002,test-00000-of-00006_1059.png,500,500,3
42.28881267615287,test-00000-of-00006_1059.png,500,500,3
42.53338063860622,test-00000-of-00006_1059.png,500,500,3
106.71019399799293,test-00000-of-00006_1059.png,500,500,3
18.851842331811554,test-00000-of-00006_1059.png,500,500,3
323.94693061885164,test-00000-of-00006_1059.png,500,500,3
56.55091752604265,test-00000-of-00006_1059.png,500,500,3
376.57682948048887,test-00000-of-00006_1059.png,500,500,3
39.086929399288884,test-00000-of-00006_1059.png,500,500,3
100.67843935145062,test-00000-of-00006_1059.png,500,500,3
148.7531019602329,test-00000-of-00006_1059.png,500,500,3
2301.4790398993,test-00000-of-00006_1059.png,500,500,3
162.66745199729598,test-00000-of-00006_1059.png,500,500,3
70.21252067788623,test-00000-of-00006_1059.png,500,500,3
773.5895087104003,test-00000-of-00006_1059.png,500,500,3
99.11143717757156,test-00000-of-00006_1059.png,500,500,3
22.074318594842655,test-00000-of-00006_1059.png,500,500,3
172.73295814634488,test-00000-of-00006_1059.png,500,500,3
36.832587836784,test-00000-of-00006_1059.png,500,500,3
173.64102007765158,test-00000-of-00006_1059.png,500,500,3
365.3856233122063,test-00000-of-00006_1059.png,500,500,3
13.694123867504004,test-00000-of-00006_1059.png,500,500,3
90.15355971555555,test-00000-of-00006_1059.png,500,500,3
11.294342664730666,test-00000-of-00006_1059.png,500,500,3
91.3210780665581,test-00000-of-00006_1059.png,500,500,3
69.64430241399289,test-00000-of-00006_1059.png,500,500,3
607.4642438697795,test-00000-of-00006_1059.png,500,500,3
59.93103333203732,test-00000-of-00006_1059.png,500,500,3
8.199466356046221,test-00000-of-00006_1059.png,500,500,3
27.692406856176,test-00000-of-00006_1059.png,500,500,3
5.929341945299557,test-00000-of-00006_1059.png,500,500,3
13.694123867504004,test-00000-of-00006_1059.png,500,500,3
36.832587836784,test-00000-of-00006_1059.png,500,500,3
9.080523869438224,test-00000-of-00006_1059.png,500,500,3
18.898066658922666,test-00000-of-00006_1059.png,500,500,3
890.1910693332197,test-00000-of-00006_1059.png,500,500,3
382.8957330951893,test-00000-of-00006_1059.png,500,500,3
54.91761323598934,test-00000-of-00006_1059.png,500,500,3
95.07699009364619,test-00000-of-00006_1059.png,500,500,3
67.20394018875731,test-00000-of-00006_1059.png,500,500,3
1340.9867529078592,test-00000-of-00006_1059.png,500,500,3
236.6815624339182,test-00000-of-00006_1059.png,500,500,3
126.44019598527825,test-00000-of-00006_1059.png,500,500,3
167.8045626138862,test-00000-of-00006_1059.png,500,500,3
26.039813323598224,test-00000-of-00006_1059.png,500,500,3
33.19301186662222,test-00000-of-00006_1059.png,500,500,3
11.04274399982222,test-00000-of-00006_1059.png,500,500,3
39.490827735637346,test-00000-of-00006_1059.png,500,500,3
57.585820764095985,test-00000-of-00006_1059.png,500,500,3
383.4286789110596,test-00000-of-00006_1059.png,500,500,3
781.605987906105,test-00000-of-00006_1059.png,500,500,3
25.95419895687821,test-00000-of-00006_1059.png,500,500,3
33.62320573234489,test-00000-of-00006_1059.png,500,500,3
419.0519225386221,test-00000-of-00006_1059.png,500,500,3
106.5586093330329,test-00000-of-00006_1059.png,500,500,3
143.0064754122507,test-00000-of-00006_1059.png,500,500,3
67.00278229537955,test-00000-of-00006_1059.png,500,500,3
13.857567787171556,test-00000-of-00006_1059.png,500,500,3
841.2580516415982,test-00000-of-00006_1059.png,500,500,3
305.0301776430916,test-00000-of-00006_1059.png,500,500,3
332.1479894023663,test-00000-of-00006_1059.png,500,500,3
68.94673027316621,test-00000-of-00006_1059.png,500,500,3
254.48120915148615,test-00000-of-00006_1059.png,500,500,3
209.74012935182225,test-00000-of-00006_1059.png,500,500,3
158.36279144248877,test-00000-of-00006_1059.png,500,500,3
7.311615971776,test-00000-of-00006_1059.png,500,500,3
17.45638275751822,test-00000-of-00006_1059.png,500,500,3
17.608071997696,test-00000-of-00006_1059.png,500,500,3
9.998865298984892,test-00000-of-00006_1059.png,500,500,3
5.614494660890667,test-00000-of-00006_1059.png,500,500,3
13.838215996997329,test-00000-of-00006_1059.png,500,500,3
110.71349130555551,test-00000-of-00006_1059.png,500,500,3
2.4743626666666665,test-00000-of-00006_1059.png,500,500,3
164.8358785341707,test-00000-of-00006_1059.png,500,500,3
11.995513333317334,test-00000-of-00006_1059.png,500,500,3
1136.496260189509,test-00000-of-00006_1059.png,500,500,3
25.64729863474489,test-00000-of-00006_1059.png,500,500,3
38.97319365060266,test-00000-of-00006_1059.png,500,500,3
317.6724719534062,test-00000-of-00006_1059.png,500,500,3
173.66146369002493,test-00000-of-00006_1059.png,500,500,3
193.33333019715568,test-00000-of-00006_1059.png,500,500,3
40.10206662001067,test-00000-of-00006_1059.png,500,500,3
44.12672588364623,test-00000-of-00006_1059.png,500,500,3
236.3960894937582,test-00000-of-00006_1059.png,500,500,3
236.3960894937582,test-00000-of-00006_1059.png,500,500,3
9.673653752730669,test-00000-of-00006_1059.png,500,500,3
10.01956357085156,test-00000-of-00006_1059.png,500,500,3
365.8954371979092,test-00000-of-00006_1059.png,500,500,3
240.4107510268516,test-00000-of-00006_1059.png,500,500,3
213.8233952588729,test-00000-of-00006_1059.png,500,500,3
44.19961453993066,test-00000-of-00006_1059.png,500,500,3
66.11013598121956,test-00000-of-00006_1059.png,500,500,3
1674.7775236090288,test-00000-of-00006_1059.png,500,500,3
138.18504949516617,test-00000-of-00006_1059.png,500,500,3
16.962755984624007,test-00000-of-00006_1059.png,500,500,3
152.5272626478649,test-00000-of-00006_1059.png,500,500,3
298.77810397353966,test-00000-of-00006_1059.png,500,500,3
55.11282299916622,test-00000-of-00006_1059.png,500,500,3
381.5144665288248,test-00000-of-00006_1059.png,500,500,3
263.3881941896462,test-00000-of-00006_1059.png,500,500,3
62.69354689140622,test-00000-of-00006_1059.png,500,500,3
64.37696848690489,test-00000-of-00006_1059.png,500,500,3
5.986161447850664,test-00000-of-00006_1059.png,500,500,3
224.12238762871306,test-00000-of-00006_1059.png,500,500,3
71.64937681471822,test-00000-of-00006_1059.png,500,500,3
62.15260195319289,test-00000-of-00006_1059.png,500,500,3
18.57855999999289,test-00000-of-00006_1059.png,500,500,3
31.878981102933338,test-00000-of-00006_1059.png,500,500,3
11.022282666602672,test-00000-of-00006_1059.png,500,500,3
377.19115779804275,test-00000-of-00006_1059.png,500,500,3
152.11161599982225,test-00000-of-00006_1059.png,500,500,3
15.645162390691551,test-00000-of-00006_1059.png,500,500,3
233.92903859906673,test-00000-of-00006_1059.png,500,500,3
6.412090985066667,test-00000-of-00006_1059.png,500,500,3
994.8941035128731,test-00000-of-00006_1059.png,500,500,3
66.85765327377067,test-00000-of-00006_1059.png,500,500,3
92.09208900094397,test-00000-of-00006_1059.png,500,500,3
63.22586460839825,test-00000-of-00006_1059.png,500,500,3
51.122325115555554,test-00000-of-00006_1059.png,500,500,3
32.336817284933346,test-00000-of-00006_1059.png,500,500,3
470.00931720441605,test-00000-of-00006_1059.png,500,500,3
68.94673027316621,test-00000-of-00006_1059.png,500,500,3
138.0220350784782,test-00000-of-00006_1059.png,500,500,3
51.57278663933155,test-00000-of-00006_1059.png,500,500,3
33.332087389518215,test-00000-of-00006_1059.png,500,500,3
8.44771763711822,test-00000-of-00006_1059.png,500,500,3
180.9375810197333,test-00000-of-00006_1059.png,500,500,3
15.558041815352894,test-00000-of-00006_1059.png,500,500,3
242.32742647230398,test-00000-of-00006_1059.png,500,500,3
9.012334661288888,test-00000-of-00006_1059.png,500,500,3
128.5073265422063,test-00000-of-00006_1059.png,500,500,3
167.54387005409953,test-00000-of-00006_1059.png,500,500,3
243.07884726726414,test-00000-of-00006_1059.png,500,500,3
144.806191515584,test-00000-of-00006_1059.png,500,500,3
244.3198230673051,test-00000-of-00006_1059.png,500,500,3
20.35099183135289,test-00000-of-00006_1059.png,500,500,3
9.719286600446221,test-00000-of-00006_1059.png,500,500,3
22.71082912539733,test-00000-of-00006_1059.png,500,500,3
1664.569162840489,test-00000-of-00006_1059.png,500,500,3
354.4083659452996,test-00000-of-00006_1059.png,500,500,3
3.156734648531555,test-00000-of-00006_1059.png,500,500,3
42.85726219148622,test-00000-of-00006_1059.png,500,500,3
394.87508209348255,test-00000-of-00006_1059.png,500,500,3
854.8086048458241,test-00000-of-00006_1059.png,500,500,3
43.364298407246196,test-00000-of-00006_1059.png,500,500,3
54.91761323598934,test-00000-of-00006_1059.png,500,500,3
634.7713464929849,test-00000-of-00006_1059.png,500,500,3
167.8045626138862,test-00000-of-00006_1059.png,500,500,3
37.672361473166205,test-00000-of-00006_1059.png,500,500,3
49.44750597222224,test-00000-of-00006_1059.png,500,500,3
347.39904804487827,test-00000-of-00006_1059.png,500,500,3
317.6724719534062,test-00000-of-00006_1059.png,500,500,3
27.27531598113955,test-00000-of-00006_1059.png,500,500,3
92.2399364510649,test-00000-of-00006_1059.png,500,500,3
148.83565137333335,test-00000-of-00006_1059.png,500,500,3
2.8032293333333334,test-00000-of-00006_1059.png,500,500,3
295.9587348046223,test-00000-of-00006_1059.png,500,500,3
13.561109316259557,test-00000-of-00006_1059.png,500,500,3
92.2399364510649,test-00000-of-00006_1059.png,500,500,3
6.148672,test-00000-of-00006_1059.png,500,500,3
785.4735533421795,test-00000-of-00006_1059.png,500,500,3
238.96266459831284,test-00000-of-00006_1059.png,500,500,3
271.0020193363182,test-00000-of-00006_1059.png,500,500,3
122.72007464436625,test-00000-of-00006_1059.png,500,500,3
3.8058426666666665,test-00000-of-00006_1059.png,500,500,3
373.68329482849964,test-00000-of-00006_1059.png,500,500,3
23.09330522133155,test-00000-of-00006_1059.png,500,500,3
9.358266666666667,test-00000-of-00006_1059.png,500,500,3
69.82840433079285,test-00000-of-00006_1059.png,500,500,3
93.41711676782931,test-00000-of-00006_1059.png,500,500,3
6.838056783557333,test-00000-of-00006_1059.png,500,500,3
192.81671587553961,test-00000-of-00006_1059.png,500,500,3
18.316675999216002,test-00000-of-00006_1059.png,500,500,3
19.63480895223289,test-00000-of-00006_1059.png,500,500,3
3.786117333155557,test-00000-of-00006_1059.png,500,500,3
35.49703851612267,test-00000-of-00006_1059.png,500,500,3
23.793442300229337,test-00000-of-00006_1059.png,500,500,3
184.11106342681603,test-00000-of-00006_1059.png,500,500,3
35.391300432099555,test-00000-of-00006_1059.png,500,500,3
64.71246262928888,test-00000-of-00006_1059.png,500,500,3
267.14933287106663,test-00000-of-00006_1059.png,500,500,3
325.2970664524641,test-00000-of-00006_1059.png,500,500,3
18.57855999999289,test-00000-of-00006_1059.png,500,500,3
7.64983332714489,test-00000-of-00006_1059.png,500,500,3
299.9493639957316,test-00000-of-00006_1059.png,500,500,3
100.61923082062934,test-00000-of-00006_1059.png,500,500,3
140.33835261196623,test-00000-of-00006_1059.png,500,500,3
173.88015644556629,test-00000-of-00006_1059.png,500,500,3
180.74632514900617,test-00000-of-00006_1059.png,500,500,3
3.201003999984,test-00000-of-00006_1059.png,500,500,3
12.711779318824885,test-00000-of-00006_1059.png,500,500,3
135.33360131861156,test-00000-of-00006_1059.png,500,500,3
14.148862662739557,test-00000-of-00006_1059.png,500,500,3
356.4806317746915,test-00000-of-00006_1059.png,500,500,3
63.59412403069157,test-00000-of-00006_1059.png,500,500,3
147.10547061468267,test-00000-of-00006_1059.png,500,500,3
6.645877332309334,test-00000-of-00006_1059.png,500,500,3
3.927341256419555,test-00000-of-00006_1059.png,500,500,3
62.607172000709326,test-00000-of-00006_1059.png,500,500,3
9.012334661288888,test-00000-of-00006_1059.png,500,500,3
11.500017233477335,test-00000-of-00006_1059.png,500,500,3
17.899204472149336,test-00000-of-00006_1059.png,500,500,3
2126.6111665902054,test-00000-of-00006_1059.png,500,500,3
318.9522157822222,test-00000-of-00006_1059.png,500,500,3
528.9666968515397,test-00000-of-00006_1059.png,500,500,3
33.17432284073066,test-00000-of-00006_1059.png,500,500,3
352.16138399965155,test-00000-of-00006_1059.png,500,500,3
22.70157306293333,test-00000-of-00006_1059.png,500,500,3
198.05471250772626,test-00000-of-00006_1059.png,500,500,3
42.854448702798216,test-00000-of-00006_1059.png,500,500,3
20.17294933102933,test-00000-of-00006_1059.png,500,500,3
7.273221186552887,test-00000-of-00006_1059.png,500,500,3
28.19314891687824,test-00000-of-00006_1059.png,500,500,3
234.828174568873,test-00000-of-00006_1059.png,500,500,3
11.93149066655289,test-00000-of-00006_1059.png,500,500,3
54.99535052023293,test-00000-of-00006_1059.png,500,500,3
116.4715531461529,test-00000-of-00006_1059.png,500,500,3
219.9727564655999,test-00000-of-00006_1059.png,500,500,3
22.276529579512886,test-00000-of-00006_1059.png,500,500,3
212.4121136126222,test-00000-of-00006_1059.png,500,500,3
5.376149333333333,test-00000-of-00006_1059.png,500,500,3
213.79317362514493,test-00000-of-00006_1059.png,500,500,3
41.47210248327823,test-00000-of-00006_1059.png,500,500,3
217.65978253802498,test-00000-of-00006_1059.png,500,500,3
414.1357460870667,test-00000-of-00006_1059.png,500,500,3
634.7713464929849,test-00000-of-00006_1059.png,500,500,3
100.67843935145062,test-00000-of-00006_1059.png,500,500,3
59.012833095822266,test-00000-of-00006_1059.png,500,500,3
24.916208287486224,test-00000-of-00006_1059.png,500,500,3
585.5214880810028,test-00000-of-00006_1059.png,500,500,3
267.14933287106663,test-00000-of-00006_1059.png,500,500,3
35.30296932714488,test-00000-of-00006_1059.png,500,500,3
676.7279994289333,test-00000-of-00006_1059.png,500,500,3
4.851185331624889,test-00000-of-00006_1059.png,500,500,3
252.21221062924627,test-00000-of-00006_1059.png,500,500,3
13.55578088532622,test-00000-of-00006_1059.png,500,500,3
164.8358785341707,test-00000-of-00006_1059.png,500,500,3
169.54577743604625,test-00000-of-00006_1059.png,500,500,3
105.79064980565154,test-00000-of-00006_1059.png,500,500,3
10.01956357085156,test-00000-of-00006_1059.png,500,500,3
541.0831488405317,test-00000-of-00006_1059.png,500,500,3
32.39112097811734,test-00000-of-00006_1059.png,500,500,3
276.6727441066668,test-00000-of-00006_1059.png,500,500,3
90.15355971555555,test-00000-of-00006_1059.png,500,500,3
78.21712332071822,test-00000-of-00006_1059.png,500,500,3
37.765371672816,test-00000-of-00006_1059.png,500,500,3
232.27030779084623,test-00000-of-00006_1059.png,500,500,3
59.803176159224876,test-00000-of-00006_1059.png,500,500,3
319.18411922502935,test-00000-of-00006_1059.png,500,500,3
23.77324038924623,test-00000-of-00006_1059.png,500,500,3
49.983118816255974,test-00000-of-00006_1059.png,500,500,3
8.500589316259552,test-00000-of-00006_1059.png,500,500,3
19.632082297002658,test-00000-of-00006_1059.png,500,500,3
43.10064092543823,test-00000-of-00006_1059.png,500,500,3
113.0381792138222,test-00000-of-00006_1059.png,500,500,3
144.7291658266667,test-00000-of-00006_1059.png,500,500,3
10.354765333333333,test-00000-of-00006_1059.png,500,500,3
35.10452168743822,test-00000-of-00006_1059.png,500,500,3
1.5604213333333334,test-00000-of-00006_1059.png,500,500,3
360.06832489244255,test-00000-of-00006_1059.png,500,500,3
255.44391840041052,test-00000-of-00006_1059.png,500,500,3
319.18411922502935,test-00000-of-00006_1059.png,500,500,3
325.03068399978486,test-00000-of-00006_1059.png,500,500,3
1001.9175134788195,test-00000-of-00006_1059.png,500,500,3
17.285087999424004,test-00000-of-00006_1059.png,500,500,3
1663.4403388150592,test-00000-of-00006_1059.png,500,500,3
110.891303569664,test-00000-of-00006_1059.png,500,500,3
59.20248132166933,test-00000-of-00006_1059.png,500,500,3
891.0587274935185,test-00000-of-00006_1059.png,500,500,3
98.61458496338489,test-00000-of-00006_1059.png,500,500,3
78.66600571148624,test-00000-of-00006_1059.png,500,500,3
26.796363958384006,test-00000-of-00006_1059.png,500,500,3
671.1608931433171,test-00000-of-00006_1059.png,500,500,3
258.68437439765165,test-00000-of-00006_1059.png,500,500,3
39.491290569584,test-00000-of-00006_1059.png,500,500,3
5.986161447850664,test-00000-of-00006_1059.png,500,500,3
790.5929094865048,test-00000-of-00006_1059.png,500,500,3
294.08257492393955,test-00000-of-00006_1059.png,500,500,3
173.6694451278222,test-00000-of-00006_1059.png,500,500,3
184.90166422604625,test-00000-of-00006_1059.png,500,500,3
22.702795891539562,test-00000-of-00006_1059.png,500,500,3
27.687723770878225,test-00000-of-00006_1059.png,500,500,3
384.9023058446222,test-00000-of-00006_1059.png,500,500,3
1710.1138977655442,test-00000-of-00006_1059.png,500,500,3
238.96266459831284,test-00000-of-00006_1059.png,500,500,3
59.93103333203732,test-00000-of-00006_1059.png,500,500,3
78.30368078573335,test-00000-of-00006_1059.png,500,500,3
1.7454213333333333,test-00000-of-00006_1059.png,500,500,3
93.26160666086402,test-00000-of-00006_1059.png,500,500,3
55.262094299584,test-00000-of-00006_1059.png,500,500,3
45.79278863626668,test-00000-of-00006_1059.png,500,500,3
6.278827995376002,test-00000-of-00006_1059.png,500,500,3
12.965449790570666,test-00000-of-00006_1059.png,500,500,3
12.065338446392891,test-00000-of-00006_1059.png,500,500,3
98.61458496338489,test-00000-of-00006_1059.png,500,500,3
1064.1899027142665,test-00000-of-00006_1059.png,500,500,3
2.2319013333333335,test-00000-of-00006_1059.png,500,500,3
213.8233952588729,test-00000-of-00006_1059.png,500,500,3
16.536533046606227,test-00000-of-00006_1059.png,500,500,3
62.26677786950935,test-00000-of-00006_1059.png,500,500,3
5.520942593406224,test-00000-of-00006_1059.png,500,500,3
45.41659768524623,test-00000-of-00006_1059.png,500,500,3
63.22586460839825,test-00000-of-00006_1059.png,500,500,3
1386.815254301753,test-00000-of-00006_1059.png,500,500,3
365.6630759796461,test-00000-of-00006_1059.png,500,500,3
968.0610871033174,test-00000-of-00006_1059.png,500,500,3
7.0739713276,test-00000-of-00006_1059.png,500,500,3
11.39722259484267,test-00000-of-00006_1059.png,500,500,3
48.149461052072894,test-00000-of-00006_1059.png,500,500,3
554.9799249237333,test-00000-of-00006_1059.png,500,500,3
336.6399178149262,test-00000-of-00006_1059.png,500,500,3
346.1752092046913,test-00000-of-00006_1059.png,500,500,3
281.84000179774387,test-00000-of-00006_1059.png,500,500,3
70.59220051057599,test-00000-of-00006_1059.png,500,500,3
172.91067466666667,test-00000-of-00006_1059.png,500,500,3
417.96299993849595,test-00000-of-00006_1059.png,500,500,3
224.12238762871306,test-00000-of-00006_1059.png,500,500,3
141.41885642111825,test-00000-of-00006_1059.png,500,500,3
278.92236634105586,test-00000-of-00006_1059.png,500,500,3
32.336817284933346,test-00000-of-00006_1059.png,500,500,3
106.95664445723735,test-00000-of-00006_1059.png,500,500,3
16.092939878896004,test-00000-of-00006_1059.png,500,500,3
11.170611722010664,test-00000-of-00006_1059.png,500,500,3
23.793442300229337,test-00000-of-00006_1059.png,500,500,3
47.61150633489067,test-00000-of-00006_1059.png,500,500,3
54.60133454369957,test-00000-of-00006_1059.png,500,500,3
65.40496100614934,test-00000-of-00006_1059.png,500,500,3
15.317060223822224,test-00000-of-00006_1059.png,500,500,3
144.806191515584,test-00000-of-00006_1059.png,500,500,3
28.583228608504886,test-00000-of-00006_1059.png,500,500,3
246.18104747001607,test-00000-of-00006_1059.png,500,500,3
9.764570853672884,test-00000-of-00006_1059.png,500,500,3
19.00736652828266,test-00000-of-00006_1059.png,500,500,3
12.720616,test-00000-of-00006_1059.png,500,500,3
9.453661314104888,test-00000-of-00006_1059.png,500,500,3
343.1444583169262,test-00000-of-00006_1059.png,500,500,3
12.236670660890669,test-00000-of-00006_1059.png,500,500,3
66.32720782471823,test-00000-of-00006_1059.png,500,500,3
318.301027896745,test-00000-of-00006_1059.png,500,500,3
47.47525801522488,test-00000-of-00006_1059.png,500,500,3
778.6882442171446,test-00000-of-00006_1059.png,500,500,3
16.647326617023996,test-00000-of-00006_1059.png,500,500,3
18.74549733324622,test-00000-of-00006_1059.png,500,500,3
14.148862662739557,test-00000-of-00006_1059.png,500,500,3
718.1351213238597,test-00000-of-00006_1059.png,500,500,3
26.796363958384006,test-00000-of-00006_1059.png,500,500,3
55.11282299916622,test-00000-of-00006_1059.png,500,500,3
35.75721090525157,test-00000-of-00006_1059.png,500,500,3
3.0018453333333333,test-00000-of-00006_1059.png,500,500,3
144.7291658266667,test-00000-of-00006_1059.png,500,500,3
235.6600705064516,test-00000-of-00006_1059.png,500,500,3
5.9789411912515575,test-00000-of-00006_1059.png,500,500,3
128.09350113023288,test-00000-of-00006_1059.png,500,500,3
15.922805917864881,test-00000-of-00006_1059.png,500,500,3
555.2917048871096,test-00000-of-00006_1059.png,500,500,3
50.37221865892266,test-00000-of-00006_1059.png,500,500,3
4.091647999886224,test-00000-of-00006_1059.png,500,500,3
70.59220051057599,test-00000-of-00006_1059.png,500,500,3
44.66787399116623,test-00000-of-00006_1059.png,500,500,3
195.15145402407822,test-00000-of-00006_1059.png,500,500,3
94.35441033958399,test-00000-of-00006_1059.png,500,500,3
49.49009988074487,test-00000-of-00006_1059.png,500,500,3
77.04860162898488,test-00000-of-00006_1059.png,500,500,3
12.960211996072886,test-00000-of-00006_1059.png,500,500,3
299.9493639957316,test-00000-of-00006_1059.png,500,500,3
366.76506867615296,test-00000-of-00006_1059.png,500,500,3
140.89218182395553,test-00000-of-00006_1059.png,500,500,3
22.300927912384005,test-00000-of-00006_1059.png,500,500,3
1340.9867529078592,test-00000-of-00006_1059.png,500,500,3
16.772603905136,test-00000-of-00006_1059.png,500,500,3
142.4656293599556,test-00000-of-00006_1059.png,500,500,3
256.6657397834648,test-00000-of-00006_1059.png,500,500,3
6.412090985066667,test-00000-of-00006_1059.png,500,500,3
448.4186820686222,test-00000-of-00006_1059.png,500,500,3
434.8307959646562,test-00000-of-00006_1059.png,500,500,3
117.597408,test-00000-of-00006_1059.png,500,500,3
99.31940266322495,test-00000-of-00006_1059.png,500,500,3
857.3123939896251,test-00000-of-00006_1059.png,500,500,3
16.03467333281955,test-00000-of-00006_1059.png,500,500,3
148.7531019602329,test-00000-of-00006_1059.png,500,500,3
19.00736652828266,test-00000-of-00006_1059.png,500,500,3
14.93716355733156,test-00000-of-00006_1059.png,500,500,3
4.962993311429336,test-00000-of-00006_1059.png,500,500,3
268.34509526269164,test-00000-of-00006_1059.png,500,500,3
9.932823473891554,test-00000-of-00006_1059.png,500,500,3
58.39535995892623,test-00000-of-00006_1059.png,500,500,3
70.15113279430933,test-00000-of-00006_1059.png,500,500,3
139.3391296559716,test-00000-of-00006_1059.png,500,500,3
517.305185751465,test-00000-of-00006_1059.png,500,500,3
41.996820262099554,test-00000-of-00006_1059.png,500,500,3
206.55319643519817,test-00000-of-00006_1059.png,500,500,3
540.0494513434862,test-00000-of-00006_1059.png,500,500,3
12.965449790570666,test-00000-of-00006_1059.png,500,500,3
158.69913333333332,test-00000-of-00006_1059.png,500,500,3
222.24372548041958,test-00000-of-00006_1059.png,500,500,3
485.25049127506503,test-00000-of-00006_1059.png,500,500,3
114.206952,test-00000-of-00006_1059.png,500,500,3
18.898066658922666,test-00000-of-00006_1059.png,500,500,3
39.56876595882489,test-00000-of-00006_1059.png,500,500,3
38.91637406491732,test-00000-of-00006_1059.png,500,500,3
387.4521599534916,test-00000-of-00006_1059.png,500,500,3
39.491290569584,test-00000-of-00006_1059.png,500,500,3
434.8307959646562,test-00000-of-00006_1059.png,500,500,3
63.734449129029336,test-00000-of-00006_1059.png,500,500,3
17.777001331838232,test-00000-of-00006_1059.png,500,500,3
13.119699999983997,test-00000-of-00006_1059.png,500,500,3
95.24223733230934,test-00000-of-00006_1059.png,500,500,3
276.5854984891449,test-00000-of-00006_1059.png,500,500,3
78.7902776532889,test-00000-of-00006_1059.png,500,500,3
7.273221186552887,test-00000-of-00006_1059.png,500,500,3
1103.1763051035305,test-00000-of-00006_1059.png,500,500,3
321.29346938588264,test-00000-of-00006_1059.png,500,500,3
317.6819385709794,test-00000-of-00006_1059.png,500,500,3
6.658190543699555,test-00000-of-00006_1059.png,500,500,3
318.8952700540994,test-00000-of-00006_1059.png,500,500,3
45.34953626003733,test-00000-of-00006_1059.png,500,500,3
379.26848234409954,test-00000-of-00006_1059.png,500,500,3
271.0020193363182,test-00000-of-00006_1059.png,500,500,3
1835.0978863734827,test-00000-of-00006_1059.png,500,500,3
228.43345463329956,test-00000-of-00006_1059.png,500,500,3
27.50827060842489,test-00000-of-00006_1059.png,500,500,3
122.20920654556265,test-00000-of-00006_1059.png,500,500,3
5.136675851518222,test-00000-of-00006_1059.png,500,500,3
370.5363139976372,test-00000-of-00006_1059.png,500,500,3
60.042220328531556,test-00000-of-00006_1059.png,500,500,3
9.448685333333334,test-00000-of-00006_1059.png,500,500,3
1413.9980541794914,test-00000-of-00006_1059.png,500,500,3
29.68081866322489,test-00000-of-00006_1059.png,500,500,3
2.6980026666666665,test-00000-of-00006_1059.png,500,500,3
253.04280666204266,test-00000-of-00006_1059.png,500,500,3
2971.355377836656,test-00000-of-00006_1059.png,500,500,3
57.95583931448892,test-00000-of-00006_1059.png,500,500,3
70.59220051057599,test-00000-of-00006_1059.png,500,500,3
61.23116949449955,test-00000-of-00006_1059.png,500,500,3
148.82893270004615,test-00000-of-00006_1059.png,500,500,3
10.790611366384002,test-00000-of-00006_1059.png,500,500,3
20.25906124253156,test-00000-of-00006_1059.png,500,500,3
15.337950180392893,test-00000-of-00006_1059.png,500,500,3
10.224759813376002,test-00000-of-00006_1059.png,500,500,3
105.89326142715554,test-00000-of-00006_1059.png,500,500,3
80.64758442218486,test-00000-of-00006_1059.png,500,500,3
167.0634773712782,test-00000-of-00006_1059.png,500,500,3
435.9457784391665,test-00000-of-00006_1059.png,500,500,3
1702.6260231416159,test-00000-of-00006_1059.png,500,500,3
17.620869316259554,test-00000-of-00006_1059.png,500,500,3
555.2917048871096,test-00000-of-00006_1059.png,500,500,3
288.90655578111813,test-00000-of-00006_1059.png,500,500,3
261.91096978328903,test-00000-of-00006_1059.png,500,500,3
316.98788169863815,test-00000-of-00006_1059.png,500,500,3
356.2663288282862,test-00000-of-00006_1059.png,500,500,3
18.428561839779558,test-00000-of-00006_1059.png,500,500,3
30.595195629112894,test-00000-of-00006_1059.png,500,500,3
24.045669158051574,test-00000-of-00006_1059.png,500,500,3
85.86142041173333,test-00000-of-00006_1059.png,500,500,3
18.752021165224896,test-00000-of-00006_1059.png,500,500,3
44.07921883647824,test-00000-of-00006_1059.png,500,500,3
413.80962057414945,test-00000-of-00006_1059.png,500,500,3
51.45327543969957,test-00000-of-00006_1059.png,500,500,3
147.90287458975297,test-00000-of-00006_1059.png,500,500,3
857.3123939896251,test-00000-of-00006_1059.png,500,500,3
59.803176159224876,test-00000-of-00006_1059.png,500,500,3
119.72417938325158,test-00000-of-00006_1059.png,500,500,3
146.490528,test-00000-of-00006_1059.png,500,500,3
108.60500618780266,test-00000-of-00006_1059.png,500,500,3
829.960283989326,test-00000-of-00006_1059.png,500,500,3
349.4176930857796,test-00000-of-00006_1059.png,500,500,3
10.207555998888893,test-00000-of-00006_1059.png,500,500,3
682.6857213439985,test-00000-of-00006_1059.png,500,500,3
339.695681180713,test-00000-of-00006_1059.png,500,500,3
114.06355807891732,test-00000-of-00006_1059.png,500,500,3
254.48120915148615,test-00000-of-00006_1059.png,500,500,3
222.77160987812277,test-00000-of-00006_1059.png,500,500,3
5.767464,test-00000-of-00006_1059.png,500,500,3
42.04324411667732,test-00000-of-00006_1059.png,500,500,3
7.293588701838224,test-00000-of-00006_1059.png,500,500,3
42.28881267615287,test-00000-of-00006_1059.png,500,500,3
145.4652672312889,test-00000-of-00006_1059.png,500,500,3
96.18750846395558,test-00000-of-00006_1059.png,500,500,3
11.307457557155557,test-00000-of-00006_1059.png,500,500,3
103.3675844493582,test-00000-of-00006_1059.png,500,500,3
1.3215946666666667,test-00000-of-00006_1059.png,500,500,3
64.28246697585598,test-00000-of-00006_1059.png,500,500,3
325.09665858231295,test-00000-of-00006_1059.png,500,500,3
256.6657397834648,test-00000-of-00006_1059.png,500,500,3
304.75344093222225,test-00000-of-00006_1059.png,500,500,3
1606.3597855706387,test-00000-of-00006_1059.png,500,500,3
61.53180261284264,test-00000-of-00006_1059.png,500,500,3
44.14398412423823,test-00000-of-00006_1059.png,500,500,3
4.761448,test-00000-of-00006_1059.png,500,500,3
56.35745932827735,test-00000-of-00006_1059.png,500,500,3
4.761448,test-00000-of-00006_1059.png,500,500,3
92.77635421149155,test-00000-of-00006_1059.png,500,500,3
10.72545199948622,test-00000-of-00006_1059.png,500,500,3
473.4619121517795,test-00000-of-00006_1059.png,500,500,3
234.0283930538222,test-00000-of-00006_1059.png,500,500,3
5.816503877966222,test-00000-of-00006_1059.png,500,500,3
173.66787160649955,test-00000-of-00006_1059.png,500,500,3
9.567633318611556,test-00000-of-00006_1059.png,500,500,3
299.14462065026675,test-00000-of-00006_1059.png,500,500,3
16.78302123093334,test-00000-of-00006_1059.png,500,500,3
1.448264,test-00000-of-00006_1059.png,500,500,3
890.1910693332197,test-00000-of-00006_1059.png,500,500,3
376.57682948048887,test-00000-of-00006_1059.png,500,500,3
231.89963320326925,test-00000-of-00006_1059.png,500,500,3
363.9177417833526,test-00000-of-00006_1059.png,500,500,3
37.356989541375995,test-00000-of-00006_1059.png,500,500,3
233.6571301540249,test-00000-of-00006_1059.png,500,500,3
8.925891997566222,test-00000-of-00006_1059.png,500,500,3
174.43771990431284,test-00000-of-00006_1059.png,500,500,3
61.197107156051565,test-00000-of-00006_1059.png,500,500,3
598.6404265759554,test-00000-of-00006_1059.png,500,500,3
435.78527421508267,test-00000-of-00006_1059.png,500,500,3
35.349344780622225,test-00000-of-00006_1059.png,500,500,3
163.19824782915552,test-00000-of-00006_1059.png,500,500,3
219.9727564655999,test-00000-of-00006_1059.png,500,500,3
5.5401559996000005,test-00000-of-00006_1059.png,500,500,3
276.6288826488889,test-00000-of-00006_1059.png,500,500,3
705.0822140792893,test-00000-of-00006_1059.png,500,500,3
275.7810671191893,test-00000-of-00006_1059.png,500,500,3
57.382658002424876,test-00000-of-00006_1059.png,500,500,3
585.5214880810028,test-00000-of-00006_1059.png,500,500,3
376.54979351073956,test-00000-of-00006_1059.png,500,500,3
38.38452890609601,test-00000-of-00006_1059.png,500,500,3
11.68874789153955,test-00000-of-00006_1059.png,500,500,3
13.694123867504004,test-00000-of-00006_1059.png,500,500,3
346.25227675204263,test-00000-of-00006_1059.png,500,500,3
366.76506867615296,test-00000-of-00006_1059.png,500,500,3
119.41201235982221,test-00000-of-00006_1059.png,500,500,3
840.5114011042117,test-00000-of-00006_1059.png,500,500,3
96.18750846395558,test-00000-of-00006_1059.png,500,500,3
13.260315981139554,test-00000-of-00006_1059.png,500,500,3
80.60989432426487,test-00000-of-00006_1059.png,500,500,3
2.8096,test-00000-of-00006_1059.png,500,500,3
1842.2673305150868,test-00000-of-00006_1059.png,500,500,3
44.07921883647824,test-00000-of-00006_1059.png,500,500,3
516.3203373187984,test-00000-of-00006_1059.png,500,500,3
58.35110476300622,test-00000-of-00006_1059.png,500,500,3
36.55282389653156,test-00000-of-00006_1059.png,500,500,3
13.119626620010672,test-00000-of-00006_1059.png,500,500,3
451.34237197222217,test-00000-of-00006_1059.png,500,500,3
54.99535052023293,test-00000-of-00006_1059.png,500,500,3
51.45327543969957,test-00000-of-00006_1059.png,500,500,3
263.29959467199825,test-00000-of-00006_1059.png,500,500,3
103.95679133414401,test-00000-of-00006_1059.png,500,500,3
109.39084417026665,test-00000-of-00006_1059.png,500,500,3
109.72827733333334,test-00000-of-00006_1059.png,500,500,3
320.7108577259362,test-00000-of-00006_1059.png,500,500,3
47.148019784810664,test-00000-of-00006_1059.png,500,500,3
5.817925333333333,test-00000-of-00006_1059.png,500,500,3
279.7282286543572,test-00000-of-00006_1059.png,500,500,3
207.4343706115982,test-00000-of-00006_1059.png,500,500,3
176.6549480852889,test-00000-of-00006_1059.png,500,500,3
62.76345999537603,test-00000-of-00006_1059.png,500,500,3
68.9704600000782,test-00000-of-00006_1059.png,500,500,3
255.80762400929956,test-00000-of-00006_1059.png,500,500,3
222.5847986916249,test-00000-of-00006_1059.png,500,500,3
375.0860639597492,test-00000-of-00006_1059.png,500,500,3
31.68278443945957,test-00000-of-00006_1059.png,500,500,3
1.2364773333333334,test-00000-of-00006_1059.png,500,500,3
28.263978932222212,test-00000-of-00006_1059.png,500,500,3
66.61559323347734,test-00000-of-00006_1059.png,500,500,3
9.178115543535998,test-00000-of-00006_1059.png,500,500,3
353.35592421217956,test-00000-of-00006_1059.png,500,500,3
204.3211088730863,test-00000-of-00006_1059.png,500,500,3
652.0920796266669,test-00000-of-00006_1059.png,500,500,3
717.0981422484888,test-00000-of-00006_1059.png,500,500,3
891.0587274935185,test-00000-of-00006_1059.png,500,500,3
319.0036426579556,test-00000-of-00006_1059.png,500,500,3
42.977792589822215,test-00000-of-00006_1059.png,500,500,3
71.800111971776,test-00000-of-00006_1059.png,500,500,3
12.960211996072886,test-00000-of-00006_1059.png,500,500,3
93.14918291893333,test-00000-of-00006_1059.png,500,500,3
868.2525907250064,test-00000-of-00006_1059.png,500,500,3
22.308258425912886,test-00000-of-00006_1059.png,500,500,3
38.73527466609068,test-00000-of-00006_1059.png,500,500,3
23.00755465844623,test-00000-of-00006_1059.png,500,500,3
290.020189490944,test-00000-of-00006_1059.png,500,500,3
20.461227460264897,test-00000-of-00006_1059.png,500,500,3
153.83241866666665,test-00000-of-00006_1059.png,500,500,3
359.8441370752693,test-00000-of-00006_1059.png,500,500,3
112.76306108358399,test-00000-of-00006_1059.png,500,500,3
209.66637592888887,test-00000-of-00006_1059.png,500,500,3
942.3520491802668,test-00000-of-00006_1059.png,500,500,3
106.71019399799293,test-00000-of-00006_1059.png,500,500,3
3.146752,test-00000-of-00006_1059.png,500,500,3
323.94693061885164,test-00000-of-00006_1059.png,500,500,3
1.7470266666666667,test-00000-of-00006_1059.png,500,500,3
317.3766506399556,test-00000-of-00006_1059.png,500,500,3
11.58543464356267,test-00000-of-00006_1059.png,500,500,3
228.43345463329956,test-00000-of-00006_1059.png,500,500,3
67.37136628564629,test-00000-of-00006_1059.png,500,500,3
8.370791957838225,test-00000-of-00006_1059.png,500,500,3
278.5978493210862,test-00000-of-00006_1059.png,500,500,3
49.22718483206933,test-00000-of-00006_1059.png,500,500,3
114.45384776445154,test-00000-of-00006_1059.png,500,500,3
9.998865298984892,test-00000-of-00006_1059.png,500,500,3
162.6985303962667,test-00000-of-00006_1059.png,500,500,3
231.89963320326925,test-00000-of-00006_1059.png,500,500,3
30.530838632318222,test-00000-of-00006_1059.png,500,500,3
11.086138025806225,test-00000-of-00006_1059.png,500,500,3
111.55927960848888,test-00000-of-00006_1059.png,500,500,3
5.9310866639626685,test-00000-of-00006_1059.png,500,500,3
363.68836014915547,test-00000-of-00006_1059.png,500,500,3
192.33462344646406,test-00000-of-00006_1059.png,500,500,3
552.391736,test-00000-of-00006_1059.png,500,500,3
9.956448212933331,test-00000-of-00006_1059.png,500,500,3
11.481345987690672,test-00000-of-00006_1059.png,500,500,3
7.882119281066666,test-00000-of-00006_1059.png,500,500,3
57.41397446715557,test-00000-of-00006_1059.png,500,500,3
67.40101829108625,test-00000-of-00006_1059.png,500,500,3
1745.846952651776,test-00000-of-00006_1059.png,500,500,3
181.898051778473,test-00000-of-00006_1059.png,500,500,3
455.9705487311575,test-00000-of-00006_1059.png,500,500,3
270.9749064936106,test-00000-of-00006_1059.png,500,500,3
11.54957464706667,test-00000-of-00006_1059.png,500,500,3
724.2017049724001,test-00000-of-00006_1059.png,500,500,3
872.2972051261438,test-00000-of-00006_1059.png,500,500,3
28.40542402154489,test-00000-of-00006_1059.png,500,500,3
1584.66336332322,test-00000-of-00006_1059.png,500,500,3
41.631055569664014,test-00000-of-00006_1059.png,500,500,3
388.3769477884001,test-00000-of-00006_1059.png,500,500,3
12.447670664730666,test-00000-of-00006_1059.png,500,500,3
363.68836014915547,test-00000-of-00006_1059.png,500,500,3
242.2814089542382,test-00000-of-00006_1059.png,500,500,3
496.16164257905046,test-00000-of-00006_1059.png,500,500,3
104.68125381289057,test-00000-of-00006_1059.png,500,500,3
60.48140136402489,test-00000-of-00006_1059.png,500,500,3
1798.4341791700456,test-00000-of-00006_1059.png,500,500,3
81.1791692544,test-00000-of-00006_1059.png,500,500,3
10.805774665882662,test-00000-of-00006_1059.png,500,500,3
32.206084558933334,test-00000-of-00006_1059.png,500,500,3
369.9240532922596,test-00000-of-00006_1059.png,500,500,3
8.842184938622221,test-00000-of-00006_1059.png,500,500,3
8.360065400291557,test-00000-of-00006_1059.png,500,500,3
286.02397515849947,test-00000-of-00006_1059.png,500,500,3
18.191070541822217,test-00000-of-00006_1059.png,500,500,3
2253.846663570686,test-00000-of-00006_1059.png,500,500,3
8.925891997566222,test-00000-of-00006_1059.png,500,500,3
194.75901625705066,test-00000-of-00006_1059.png,500,500,3
115.40641543047819,test-00000-of-00006_1059.png,500,500,3
250.4041510592694,test-00000-of-00006_1059.png,500,500,3
14.10306110802489,test-00000-of-00006_1059.png,500,500,3
4.7683493332693345,test-00000-of-00006_1059.png,500,500,3
10.142002144419555,test-00000-of-00006_1059.png,500,500,3
283.05245283515546,test-00000-of-00006_1059.png,500,500,3
1.6568506666666667,test-00000-of-00006_1059.png,500,500,3
5.067464,test-00000-of-00006_1059.png,500,500,3
18.328570185955556,test-00000-of-00006_1059.png,500,500,3
94.03951125156262,test-00000-of-00006_1059.png,500,500,3
1059.8798986234024,test-00000-of-00006_1059.png,500,500,3
9.358266666666667,test-00000-of-00006_1059.png,500,500,3
294.08257492393955,test-00000-of-00006_1059.png,500,500,3
7.670221265038222,test-00000-of-00006_1059.png,500,500,3
20.548995928176,test-00000-of-00006_1059.png,500,500,3
29.821483920851563,test-00000-of-00006_1059.png,500,500,3
1584.66336332322,test-00000-of-00006_1059.png,500,500,3
93.14918291893333,test-00000-of-00006_1059.png,500,500,3
27.715423824718222,test-00000-of-00006_1059.png,500,500,3
42.04324411667732,test-00000-of-00006_1059.png,500,500,3
237.1153906492426,test-00000-of-00006_1059.png,500,500,3
39.491290569584,test-00000-of-00006_1059.png,500,500,3
304.0214327512107,test-00000-of-00006_1059.png,500,500,3
148.89851506508617,test-00000-of-00006_1059.png,500,500,3
20.796415997944887,test-00000-of-00006_1059.png,500,500,3
23.77324038924623,test-00000-of-00006_1059.png,500,500,3
99.31940266322495,test-00000-of-00006_1059.png,500,500,3
30.904571395752885,test-00000-of-00006_1059.png,500,500,3
962.0131636522595,test-00000-of-00006_1059.png,500,500,3
308.5460183900428,test-00000-of-00006_1059.png,500,500,3
279.5019514378222,test-00000-of-00006_1059.png,500,500,3
387.6318926232462,test-00000-of-00006_1059.png,500,500,3
11.248664055118217,test-00000-of-00006_1059.png,500,500,3
307.8848595361262,test-00000-of-00006_1059.png,500,500,3
550.9689159299398,test-00000-of-00006_1059.png,500,500,3
40.95841934065602,test-00000-of-00006_1059.png,500,500,3
2600.558996904505,test-00000-of-00006_1059.png,500,500,3
77.04860162898488,test-00000-of-00006_1059.png,500,500,3
253.45926492426676,test-00000-of-00006_1059.png,500,500,3
592.8210489969335,test-00000-of-00006_1059.png,500,500,3
404.7406089322223,test-00000-of-00006_1059.png,500,500,3
17.000912987589334,test-00000-of-00006_1059.png,500,500,3
165.37333637375286,test-00000-of-00006_1059.png,500,500,3
15.822550150399993,test-00000-of-00006_1059.png,500,500,3
1024.72897442722,test-00000-of-00006_1059.png,500,500,3
43.55693844888888,test-00000-of-00006_1059.png,500,500,3
288.90655578111813,test-00000-of-00006_1059.png,500,500,3
33.20613606911823,test-00000-of-00006_1059.png,500,500,3
92.43956822604619,test-00000-of-00006_1059.png,500,500,3
11.294342664730666,test-00000-of-00006_1059.png,500,500,3
13.487269964622222,test-00000-of-00006_1059.png,500,500,3
115.64180029641955,test-00000-of-00006_1059.png,500,500,3
14.699085333333333,test-00000-of-00006_1059.png,500,500,3
9.916144,test-00000-of-00006_1059.png,500,500,3
17.7971883279929,test-00000-of-00006_1059.png,500,500,3
11.93149066655289,test-00000-of-00006_1059.png,500,500,3
362.0811239764889,test-00000-of-00006_1059.png,500,500,3
245.89515695846407,test-00000-of-00006_1059.png,500,500,3
17.20523238052267,test-00000-of-00006_1059.png,500,500,3
5.519154666666667,test-00000-of-00006_1059.png,500,500,3
44.481880561379526,test-00000-of-00006_1059.png,500,500,3
19.34382266645156,test-00000-of-00006_1059.png,500,500,3
222.5847986916249,test-00000-of-00006_1059.png,500,500,3
13.674131699696005,test-00000-of-00006_1059.png,500,500,3
339.8972716463716,test-00000-of-00006_1059.png,500,500,3
64.28246697585598,test-00000-of-00006_1059.png,500,500,3
178.3304984634862,test-00000-of-00006_1059.png,500,500,3
16.647326617023996,test-00000-of-00006_1059.png,500,500,3
5.5401559996000005,test-00000-of-00006_1059.png,500,500,3
160.270538452464,test-00000-of-00006_1059.png,500,500,3
2024.6446819074822,test-00000-of-00006_1059.png,500,500,3
51.122325115555554,test-00000-of-00006_1059.png,500,500,3
496.16164257905046,test-00000-of-00006_1059.png,500,500,3
310.95707315242487,test-00000-of-00006_1059.png,500,500,3
9.916144,test-00000-of-00006_1059.png,500,500,3
96.97364533298489,test-00000-of-00006_1059.png,500,500,3
146.9725906525849,test-00000-of-00006_1059.png,500,500,3
17.8074066292889,test-00000-of-00006_1059.png,500,500,3
4.494018650958225,test-00000-of-00006_1059.png,500,500,3
426.7269559083928,test-00000-of-00006_1059.png,500,500,3
64.88375367742401,test-00000-of-00006_1059.png,500,500,3
243.07884726726414,test-00000-of-00006_1059.png,500,500,3
833.9903226217792,test-00000-of-00006_1059.png,500,500,3
9.080523869438224,test-00000-of-00006_1059.png,500,500,3
17.20523238052267,test-00000-of-00006_1059.png,500,500,3
33.79788266409957,test-00000-of-00006_1059.png,500,500,3
71.25340082449067,test-00000-of-00006_1059.png,500,500,3
81.68259636308619,test-00000-of-00006_1059.png,500,500,3
195.14127863329952,test-00000-of-00006_1059.png,500,500,3
297.8352327365973,test-00000-of-00006_1059.png,500,500,3
13.694123867504004,test-00000-of-00006_1059.png,500,500,3
458.98214137185954,test-00000-of-00006_1059.png,500,500,3
41.365330666666665,test-00000-of-00006_1059.png,500,500,3
204.56691464669157,test-00000-of-00006_1059.png,500,500,3
12.256867991038218,test-00000-of-00006_1059.png,500,500,3
21.787602064490677,test-00000-of-00006_1059.png,500,500,3
10.844425661326225,test-00000-of-00006_1059.png,500,500,3
486.8068179753795,test-00000-of-00006_1059.png,500,500,3
283.5526165155556,test-00000-of-00006_1059.png,500,500,3
221.12570572964276,test-00000-of-00006_1059.png,500,500,3
204.6959597566222,test-00000-of-00006_1059.png,500,500,3
110.72821409268622,test-00000-of-00006_1059.png,500,500,3
161.33293977342396,test-00000-of-00006_1059.png,500,500,3
373.68329482849964,test-00000-of-00006_1059.png,500,500,3
82.94415622943288,test-00000-of-00006_1059.png,500,500,3
253.04280666204266,test-00000-of-00006_1059.png,500,500,3
152.9343621635129,test-00000-of-00006_1059.png,500,500,3
27.715423824718222,test-00000-of-00006_1059.png,500,500,3
342.2774584072463,test-00000-of-00006_1059.png,500,500,3
202.81109342121064,test-00000-of-00006_1059.png,500,500,3
111.99422121863824,test-00000-of-00006_1059.png,500,500,3
114.63602631935291,test-00000-of-00006_1059.png,500,500,3
99.19609359671293,test-00000-of-00006_1059.png,500,500,3
13.561109316259557,test-00000-of-00006_1059.png,500,500,3
163.59580509780614,test-00000-of-00006_1059.png,500,500,3
20.40155581452622,test-00000-of-00006_1059.png,500,500,3
1.7730586666666666,test-00000-of-00006_1059.png,500,500,3
244.5482776153582,test-00000-of-00006_1059.png,500,500,3
205.65264258975287,test-00000-of-00006_1059.png,500,500,3
3.55652,test-00000-of-00006_1059.png,500,500,3
405.70555363441053,test-00000-of-00006_1059.png,500,500,3
114.06355807891732,test-00000-of-00006_1059.png,500,500,3
10.805774665882662,test-00000-of-00006_1059.png,500,500,3
165.37333637375286,test-00000-of-00006_1059.png,500,500,3
108.60500618780266,test-00000-of-00006_1059.png,500,500,3
17.40116926982934,test-00000-of-00006_1059.png,500,500,3
778.6882442171446,test-00000-of-00006_1059.png,500,500,3
8.972036807224889,test-00000-of-00006_1059.png,500,500,3
86.08313654857957,test-00000-of-00006_1059.png,500,500,3
95.32656879089596,test-00000-of-00006_1059.png,500,500,3
39.086929399288884,test-00000-of-00006_1059.png,500,500,3
9.169519913955554,test-00000-of-00006_1059.png,500,500,3
483.7127724770916,test-00000-of-00006_1059.png,500,500,3
62.776787546622224,test-00000-of-00006_1059.png,500,500,3
14.148862662739557,test-00000-of-00006_1059.png,500,500,3
126.48310480169062,test-00000-of-00006_1059.png,500,500,3
17.195452433832894,test-00000-of-00006_1059.png,500,500,3
157.42898107817956,test-00000-of-00006_1059.png,500,500,3
224.51417130740623,test-00000-of-00006_1059.png,500,500,3
6.996341141155555,test-00000-of-00006_1059.png,500,500,3
12.969700359822221,test-00000-of-00006_1059.png,500,500,3
206.17149625450492,test-00000-of-00006_1059.png,500,500,3
3.7775253332693333,test-00000-of-00006_1059.png,500,500,3
9.696730589752889,test-00000-of-00006_1059.png,500,500,3
177.31726666665958,test-00000-of-00006_1059.png,500,500,3
120.3176333129796,test-00000-of-00006_1059.png,500,500,3
1487.0701238788959,test-00000-of-00006_1059.png,500,500,3
13.694123867504004,test-00000-of-00006_1059.png,500,500,3
16.052239158499557,test-00000-of-00006_1059.png,500,500,3
27.066958202451566,test-00000-of-00006_1059.png,500,500,3
74.24016870182223,test-00000-of-00006_1059.png,500,500,3
381.1433208617796,test-00000-of-00006_1059.png,500,500,3
5.315408,test-00000-of-00006_1059.png,500,500,3
3.927341256419555,test-00000-of-00006_1059.png,500,500,3
258.601992729086,test-00000-of-00006_1059.png,500,500,3
22.285605333333333,test-00000-of-00006_1059.png,500,500,3
74.84804957648892,test-00000-of-00006_1059.png,500,500,3
384.98199156757164,test-00000-of-00006_1059.png,500,500,3
66.45933866322486,test-00000-of-00006_1059.png,500,500,3
82.31954561809067,test-00000-of-00006_1059.png,500,500,3
16.664951633066668,test-00000-of-00006_1059.png,500,500,3
107.80940161973324,test-00000-of-00006_1059.png,500,500,3
45.41659768524623,test-00000-of-00006_1059.png,500,500,3
15.774866478888894,test-00000-of-00006_1059.png,500,500,3
1.1594373333333334,test-00000-of-00006_1059.png,500,500,3
2253.846663570686,test-00000-of-00006_1059.png,500,500,3
20.40155581452622,test-00000-of-00006_1059.png,500,500,3
214.2621554982667,test-00000-of-00006_1059.png,500,500,3
20.219013312597333,test-00000-of-00006_1059.png,500,500,3
603.6452092046916,test-00000-of-00006_1059.png,500,500,3
92.43956822604619,test-00000-of-00006_1059.png,500,500,3
44.19961453993066,test-00000-of-00006_1059.png,500,500,3
203.24794337463288,test-00000-of-00006_1059.png,500,500,3
355.00838799756616,test-00000-of-00006_1059.png,500,500,3
38.99192805188268,test-00000-of-00006_1059.png,500,500,3
1.7730586666666666,test-00000-of-00006_1059.png,500,500,3
209.74012935182225,test-00000-of-00006_1059.png,500,500,3
216.91150130687294,test-00000-of-00006_1059.png,500,500,3
292.7012290015574,test-00000-of-00006_1059.png,500,500,3
228.07049990677166,test-00000-of-00006_1059.png,500,500,3
446.9860821316195,test-00000-of-00006_1059.png,500,500,3
243.39570903448904,test-00000-of-00006_1059.png,500,500,3
1663.4403388150592,test-00000-of-00006_1059.png,500,500,3
277.82702460839806,test-00000-of-00006_1059.png,500,500,3
31.702462191486223,test-00000-of-00006_1059.png,500,500,3
109.80625470921952,test-00000-of-00006_1059.png,500,500,3
37.765371672816,test-00000-of-00006_1059.png,500,500,3
116.90794208848888,test-00000-of-00006_1059.png,500,500,3
429.0339038462863,test-00000-of-00006_1059.png,500,500,3
42.32745097045156,test-00000-of-00006_1059.png,500,500,3
388.4895843020515,test-00000-of-00006_1059.png,500,500,3
47.04583601066491,test-00000-of-00006_1059.png,500,500,3
47.712202911784885,test-00000-of-00006_1059.png,500,500,3
258.68437439765165,test-00000-of-00006_1059.png,500,500,3
202.17449333333334,test-00000-of-00006_1059.png,500,500,3
41.18047105121957,test-00000-of-00006_1059.png,500,500,3
30.530838632318222,test-00000-of-00006_1059.png,500,500,3
11.04274399982222,test-00000-of-00006_1059.png,500,500,3
27.97473041911289,test-00000-of-00006_1059.png,500,500,3
31.699741311032895,test-00000-of-00006_1059.png,500,500,3
136.7268706512907,test-00000-of-00006_1059.png,500,500,3
71.72433461303291,test-00000-of-00006_1059.png,500,500,3
113.94465464063819,test-00000-of-00006_1059.png,500,500,3
309.1649690359449,test-00000-of-00006_1059.png,500,500,3
188.61683361809068,test-00000-of-00006_1059.png,500,500,3
25.95419895687821,test-00000-of-00006_1059.png,500,500,3
67.10784319713956,test-00000-of-00006_1059.png,500,500,3
99.31940266322495,test-00000-of-00006_1059.png,500,500,3
423.84574651815814,test-00000-of-00006_1059.png,500,500,3
44.14398412423823,test-00000-of-00006_1059.png,500,500,3
152.8801507882667,test-00000-of-00006_1059.png,500,500,3
17.20523238052267,test-00000-of-00006_1059.png,500,500,3
303.7821379868727,test-00000-of-00006_1059.png,500,500,3
8.360065400291557,test-00000-of-00006_1059.png,500,500,3
332.1479894023663,test-00000-of-00006_1059.png,500,500,3
23.635178482339548,test-00000-of-00006_1059.png,500,500,3
172.9436898135449,test-00000-of-00006_1059.png,500,500,3
73.76218607888887,test-00000-of-00006_1059.png,500,500,3
11.170611722010664,test-00000-of-00006_1059.png,500,500,3
70.63131633865954,test-00000-of-00006_1059.png,500,500,3
744.0804564558223,test-00000-of-00006_1059.png,500,500,3
3.156734648531555,test-00000-of-00006_1059.png,500,500,3
9.149471813375998,test-00000-of-00006_1059.png,500,500,3
784.1194596287128,test-00000-of-00006_1059.png,500,500,3
11.294342664730666,test-00000-of-00006_1059.png,500,500,3
10.271190666579551,test-00000-of-00006_1059.png,500,500,3
17.205294236416,test-00000-of-00006_1059.png,500,500,3
2051.1310853909335,test-00000-of-00006_1059.png,500,500,3
14.790015201955551,test-00000-of-00006_1059.png,500,500,3
201.99022076782938,test-00000-of-00006_1059.png,500,500,3
956.2450508400004,test-00000-of-00006_1059.png,500,500,3
126.08307993446398,test-00000-of-00006_1059.png,500,500,3
30.904571395752885,test-00000-of-00006_1059.png,500,500,3
25.11989999969956,test-00000-of-00006_1059.png,500,500,3
36.832587836784,test-00000-of-00006_1059.png,500,500,3
27.79234363999999,test-00000-of-00006_1059.png,500,500,3
7.446581310229334,test-00000-of-00006_1059.png,500,500,3
674.7541246232463,test-00000-of-00006_1059.png,500,500,3
279.5019514378222,test-00000-of-00006_1059.png,500,500,3
402.70437032871826,test-00000-of-00006_1059.png,500,500,3
204.6959597566222,test-00000-of-00006_1059.png,500,500,3
68.24389372995556,test-00000-of-00006_1059.png,500,500,3
28.15352649026667,test-00000-of-00006_1059.png,500,500,3
190.1975433835448,test-00000-of-00006_1059.png,500,500,3
387.6318926232462,test-00000-of-00006_1059.png,500,500,3
8.500589316259552,test-00000-of-00006_1059.png,500,500,3
63.73716257905066,test-00000-of-00006_1059.png,500,500,3
11.39722259484267,test-00000-of-00006_1059.png,500,500,3
228.64874163169952,test-00000-of-00006_1059.png,500,500,3
253.7007401887572,test-00000-of-00006_1059.png,500,500,3
15.922805917864881,test-00000-of-00006_1059.png,500,500,3
47.04140000031291,test-00000-of-00006_1059.png,500,500,3
10.120187957219557,test-00000-of-00006_1059.png,500,500,3
45.47401559719822,test-00000-of-00006_1059.png,500,500,3
7.273221186552887,test-00000-of-00006_1059.png,500,500,3
185.6072448423662,test-00000-of-00006_1059.png,500,500,3
445.3101902133316,test-00000-of-00006_1059.png,500,500,3
22.074318594842655,test-00000-of-00006_1059.png,500,500,3
67.37136628564629,test-00000-of-00006_1059.png,500,500,3
1064.1899027142665,test-00000-of-00006_1059.png,500,500,3
130.6296476011929,test-00000-of-00006_1059.png,500,500,3
8.842184938622221,test-00000-of-00006_1059.png,500,500,3
229.03947537905597,test-00000-of-00006_1059.png,500,500,3
304.75344093222225,test-00000-of-00006_1059.png,500,500,3
24.197633332933332,test-00000-of-00006_1059.png,500,500,3
4.851185331624889,test-00000-of-00006_1059.png,500,500,3
9.536766492499556,test-00000-of-00006_1059.png,500,500,3
237.55155679888895,test-00000-of-00006_1059.png,500,500,3
3.4167373313973335,test-00000-of-00006_1059.png,500,500,3
646.9442219993315,test-00000-of-00006_1059.png,500,500,3
262.7186398643893,test-00000-of-00006_1059.png,500,500,3
194.8178109563448,test-00000-of-00006_1059.png,500,500,3
1511.6984113355925,test-00000-of-00006_1059.png,500,500,3
513.4145636575984,test-00000-of-00006_1059.png,500,500,3
122.72007464436625,test-00000-of-00006_1059.png,500,500,3
6.301161280126221,test-00000-of-00006_1059.png,500,500,3
272.3759888667574,test-00000-of-00006_1059.png,500,500,3
57.586359820223976,test-00000-of-00006_1059.png,500,500,3
103.4716669896516,test-00000-of-00006_1059.png,500,500,3
5.136675851518222,test-00000-of-00006_1059.png,500,500,3
237.58737596105948,test-00000-of-00006_1059.png,500,500,3
34.26139168937954,test-00000-of-00006_1059.png,500,500,3
158.69913333333332,test-00000-of-00006_1059.png,500,500,3
136.35172264359826,test-00000-of-00006_1059.png,500,500,3
18.067810521251552,test-00000-of-00006_1059.png,500,500,3
177.31726666665958,test-00000-of-00006_1059.png,500,500,3
4.924375477752889,test-00000-of-00006_1059.png,500,500,3
162.66745199729598,test-00000-of-00006_1059.png,500,500,3
44.91356233073598,test-00000-of-00006_1059.png,500,500,3
73.48016499538492,test-00000-of-00006_1059.png,500,500,3
14.238773271829329,test-00000-of-00006_1059.png,500,500,3
188.3314599249848,test-00000-of-00006_1059.png,500,500,3
250.5000938253582,test-00000-of-00006_1059.png,500,500,3
103.3675844493582,test-00000-of-00006_1059.png,500,500,3
199.10693223537066,test-00000-of-00006_1059.png,500,500,3
31.976003983955547,test-00000-of-00006_1059.png,500,500,3
3.5753626606862214,test-00000-of-00006_1059.png,500,500,3
52.43612238222222,test-00000-of-00006_1059.png,500,500,3
6.141987973971558,test-00000-of-00006_1059.png,500,500,3
99.3532172556782,test-00000-of-00006_1059.png,500,500,3
671.1608931433171,test-00000-of-00006_1059.png,500,500,3
200.64191894527823,test-00000-of-00006_1059.png,500,500,3
11.586968,test-00000-of-00006_1059.png,500,500,3
968.0610871033174,test-00000-of-00006_1059.png,500,500,3
722.3806436471184,test-00000-of-00006_1059.png,500,500,3
92.2399364510649,test-00000-of-00006_1059.png,500,500,3
6.278827995376002,test-00000-of-00006_1059.png,500,500,3
82.99985293863823,test-00000-of-00006_1059.png,500,500,3
332.95627301523723,test-00000-of-00006_1059.png,500,500,3
325.09665858231295,test-00000-of-00006_1059.png,500,500,3
56.770992767955555,test-00000-of-00006_1059.png,500,500,3
311.1429850022666,test-00000-of-00006_1059.png,500,500,3
29.058228663288876,test-00000-of-00006_1059.png,500,500,3
11.915405333155551,test-00000-of-00006_1059.png,500,500,3
224.12238762871306,test-00000-of-00006_1059.png,500,500,3
60.4619779832889,test-00000-of-00006_1059.png,500,500,3
23.77324038924623,test-00000-of-00006_1059.png,500,500,3
11.915405333155551,test-00000-of-00006_1059.png,500,500,3
307.20804585010495,test-00000-of-00006_1059.png,500,500,3
1865.7910961149842,test-00000-of-00006_1059.png,500,500,3
336.3896484366222,test-00000-of-00006_1059.png,500,500,3
243.8143640729528,test-00000-of-00006_1059.png,500,500,3
50.48827601848886,test-00000-of-00006_1059.png,500,500,3
286.90156263753966,test-00000-of-00006_1059.png,500,500,3
1294.3075166520243,test-00000-of-00006_1059.png,500,500,3
76.95437485277155,test-00000-of-00006_1059.png,500,500,3
48.149461052072894,test-00000-of-00006_1059.png,500,500,3
388.088130505385,test-00000-of-00006_1059.png,500,500,3
13.323607132266662,test-00000-of-00006_1059.png,500,500,3
840.9518609922775,test-00000-of-00006_1059.png,500,500,3
78.30368078573335,test-00000-of-00006_1059.png,500,500,3
57.95583931448892,test-00000-of-00006_1059.png,500,500,3
1.7470266666666667,test-00000-of-00006_1059.png,500,500,3
185.6072448423662,test-00000-of-00006_1059.png,500,500,3
660.2280798525439,test-00000-of-00006_1059.png,500,500,3
11.83936961262222,test-00000-of-00006_1059.png,500,500,3
44.66787399116623,test-00000-of-00006_1059.png,500,500,3
15.381787802864007,test-00000-of-00006_1059.png,500,500,3
2.817208,test-00000-of-00006_1059.png,500,500,3
239.39137999500628,test-00000-of-00006_1059.png,500,500,3
175.56640767095288,test-00000-of-00006_1059.png,500,500,3
38.73129173674489,test-00000-of-00006_1059.png,500,500,3
57.95583931448892,test-00000-of-00006_1059.png,500,500,3
160.3841862078863,test-00000-of-00006_1059.png,500,500,3
457.392379961584,test-00000-of-00006_1059.png,500,500,3
14.980649327557325,test-00000-of-00006_1059.png,500,500,3
374.93638924177066,test-00000-of-00006_1059.png,500,500,3
233.70330060885146,test-00000-of-00006_1059.png,500,500,3
711.3461505954116,test-00000-of-00006_1059.png,500,500,3
188.3314599249848,test-00000-of-00006_1059.png,500,500,3
261.91096978328903,test-00000-of-00006_1059.png,500,500,3
75.2422373583573,test-00000-of-00006_1059.png,500,500,3
36.71011401380267,test-00000-of-00006_1059.png,500,500,3
10.72545199948622,test-00000-of-00006_1059.png,500,500,3
112.76306108358399,test-00000-of-00006_1059.png,500,500,3
430.1056303721794,test-00000-of-00006_1059.png,500,500,3
12.724081328709334,test-00000-of-00006_1059.png,500,500,3
242.38617338524267,test-00000-of-00006_1059.png,500,500,3
381.9055092234649,test-00000-of-00006_1059.png,500,500,3
5.315408,test-00000-of-00006_1059.png,500,500,3
99.3532172556782,test-00000-of-00006_1059.png,500,500,3
15.04542927700622,test-00000-of-00006_1059.png,500,500,3
19.226807927459546,test-00000-of-00006_1059.png,500,500,3
9.380227865555556,test-00000-of-00006_1059.png,500,500,3
67.64747927182223,test-00000-of-00006_1059.png,500,500,3
121.28921333333334,test-00000-of-00006_1059.png,500,500,3
9.403624416666666,test-00000-of-00006_1059.png,500,500,3
38.91637406491732,test-00000-of-00006_1059.png,500,500,3
17.184593329064885,test-00000-of-00006_1059.png,500,500,3
34.46263979448889,test-00000-of-00006_1059.png,500,500,3
18.529263385344002,test-00000-of-00006_1059.png,500,500,3
230.20460131069163,test-00000-of-00006_1059.png,500,500,3
44.966362529272885,test-00000-of-00006_1059.png,500,500,3
233.59507285153958,test-00000-of-00006_1059.png,500,500,3
1064.6154485610668,test-00000-of-00006_1059.png,500,500,3
10.745175971776002,test-00000-of-00006_1059.png,500,500,3
58.60971871025599,test-00000-of-00006_1059.png,500,500,3
43.41421836728889,test-00000-of-00006_1059.png,500,500,3
12.631758660890672,test-00000-of-00006_1059.png,500,500,3
288.90655578111813,test-00000-of-00006_1059.png,500,500,3
22.290375976896,test-00000-of-00006_1059.png,500,500,3
1771.039093028628,test-00000-of-00006_1059.png,500,500,3
1663.4403388150592,test-00000-of-00006_1059.png,500,500,3
14.430914666090663,test-00000-of-00006_1059.png,500,500,3
136.83214427448894,test-00000-of-00006_1059.png,500,500,3
694.4790317896247,test-00000-of-00006_1059.png,500,500,3
3.4167373313973335,test-00000-of-00006_1059.png,500,500,3
308.5460183900428,test-00000-of-00006_1059.png,500,500,3
20.25906124253156,test-00000-of-00006_1059.png,500,500,3
67.10784319713956,test-00000-of-00006_1059.png,500,500,3
18.03938786359289,test-00000-of-00006_1059.png,500,500,3
77.80151063465955,test-00000-of-00006_1059.png,500,500,3
295.9587348046223,test-00000-of-00006_1059.png,500,500,3
67.41526377915557,test-00000-of-00006_1059.png,500,500,3
20.977362225770666,test-00000-of-00006_1059.png,500,500,3
33.49826196223288,test-00000-of-00006_1059.png,500,500,3
5.811893118037334,test-00000-of-00006_1059.png,500,500,3
303.7821379868727,test-00000-of-00006_1059.png,500,500,3
75.98302694939731,test-00000-of-00006_1059.png,500,500,3
41.26566560425956,test-00000-of-00006_1059.png,500,500,3
62.776787546622224,test-00000-of-00006_1059.png,500,500,3
73.63649974909157,test-00000-of-00006_1059.png,500,500,3
365.730047772153,test-00000-of-00006_1059.png,500,500,3
166.58521499447292,test-00000-of-00006_1059.png,500,500,3
14.8084159936,test-00000-of-00006_1059.png,500,500,3
37.215165333219566,test-00000-of-00006_1059.png,500,500,3
22.276529579512886,test-00000-of-00006_1059.png,500,500,3
294.8714121855983,test-00000-of-00006_1059.png,500,500,3
47.65623040315555,test-00000-of-00006_1059.png,500,500,3
232.88717650886937,test-00000-of-00006_1059.png,500,500,3
1386.815254301753,test-00000-of-00006_1059.png,500,500,3
283.05245283515546,test-00000-of-00006_1059.png,500,500,3
763.1332729289314,test-00000-of-00006_1059.png,500,500,3
9.998865298984892,test-00000-of-00006_1059.png,500,500,3
173.66787160649955,test-00000-of-00006_1059.png,500,500,3
1.448264,test-00000-of-00006_1059.png,500,500,3
7.235710666451556,test-00000-of-00006_1059.png,500,500,3
63.17344921926932,test-00000-of-00006_1059.png,500,500,3
74.54564378129069,test-00000-of-00006_1059.png,500,500,3
152.6216964604515,test-00000-of-00006_1059.png,500,500,3
62.26677786950935,test-00000-of-00006_1059.png,500,500,3
130.14050665938493,test-00000-of-00006_1059.png,500,500,3
55.65586969161958,test-00000-of-00006_1059.png,500,500,3
374.8164114314648,test-00000-of-00006_1059.png,500,500,3
485.25049127506503,test-00000-of-00006_1059.png,500,500,3
146.9725906525849,test-00000-of-00006_1059.png,500,500,3
955.0343106532109,test-00000-of-00006_1059.png,500,500,3
32.362145196926235,test-00000-of-00006_1059.png,500,500,3
508.377419635184,test-00000-of-00006_1059.png,500,500,3
17.503339978096008,test-00000-of-00006_1059.png,500,500,3
68.32376497012626,test-00000-of-00006_1059.png,500,500,3
18.74549733324622,test-00000-of-00006_1059.png,500,500,3
271.39494666666667,test-00000-of-00006_1059.png,500,500,3
5.080701333333334,test-00000-of-00006_1059.png,500,500,3
117.597408,test-00000-of-00006_1059.png,500,500,3
28.40542402154489,test-00000-of-00006_1059.png,500,500,3
196.0943142222222,test-00000-of-00006_1059.png,500,500,3
26.039813323598224,test-00000-of-00006_1059.png,500,500,3
67.65713507185066,test-00000-of-00006_1059.png,500,500,3
31.459438375066664,test-00000-of-00006_1059.png,500,500,3
361.4402916689333,test-00000-of-00006_1059.png,500,500,3
127.70060533333333,test-00000-of-00006_1059.png,500,500,3
10.224759813376002,test-00000-of-00006_1059.png,500,500,3
3.334346633784888,test-00000-of-00006_1059.png,500,500,3
9.883777332933336,test-00000-of-00006_1059.png,500,500,3
410.74307197848884,test-00000-of-00006_1059.png,500,500,3
8.281021309411555,test-00000-of-00006_1059.png,500,500,3
8.065163635183996,test-00000-of-00006_1059.png,500,500,3
12.256867991038218,test-00000-of-00006_1059.png,500,500,3
294.8483306138863,test-00000-of-00006_1059.png,500,500,3
82.94415622943288,test-00000-of-00006_1059.png,500,500,3
59.20248132166933,test-00000-of-00006_1059.png,500,500,3
829.960283989326,test-00000-of-00006_1059.png,500,500,3
26.039813323598224,test-00000-of-00006_1059.png,500,500,3
15.460449330899566,test-00000-of-00006_1059.png,500,500,3
406.34442230729945,test-00000-of-00006_1059.png,500,500,3
114.74818473158399,test-00000-of-00006_1059.png,500,500,3
165.08426301673072,test-00000-of-00006_1059.png,500,500,3
1.1033626666666667,test-00000-of-00006_1059.png,500,500,3
268.17005141503273,test-00000-of-00006_1059.png,500,500,3
955.0343106532109,test-00000-of-00006_1059.png,500,500,3
448.4186820686222,test-00000-of-00006_1059.png,500,500,3
173.66146369002493,test-00000-of-00006_1059.png,500,500,3
58.698954519864884,test-00000-of-00006_1059.png,500,500,3
41.365330666666665,test-00000-of-00006_1059.png,500,500,3
75.00901793393069,test-00000-of-00006_1059.png,500,500,3
31.459438375066664,test-00000-of-00006_1059.png,500,500,3
41.926577821424004,test-00000-of-00006_1059.png,500,500,3
52.773342342526234,test-00000-of-00006_1059.png,500,500,3
19.831691906771542,test-00000-of-00006_1059.png,500,500,3
47.96840798973156,test-00000-of-00006_1059.png,500,500,3
91.83671376597157,test-00000-of-00006_1059.png,500,500,3
237.47879768159999,test-00000-of-00006_1059.png,500,500,3
137.2545568480427,test-00000-of-00006_1059.png,500,500,3
2.440224,test-00000-of-00006_1059.png,500,500,3
36.42310398495289,test-00000-of-00006_1059.png,500,500,3
27.27531598113955,test-00000-of-00006_1059.png,500,500,3
10.06292399103822,test-00000-of-00006_1059.png,500,500,3
555.2917048871096,test-00000-of-00006_1059.png,500,500,3
221.43289754555556,test-00000-of-00006_1059.png,500,500,3
8.162751986851555,test-00000-of-00006_1059.png,500,500,3
87.05617922751821,test-00000-of-00006_1059.png,500,500,3
31.883208411704892,test-00000-of-00006_1059.png,500,500,3
1.7730586666666666,test-00000-of-00006_1059.png,500,500,3
198.30159183785955,test-00000-of-00006_1059.png,500,500,3
267.019279182784,test-00000-of-00006_1059.png,500,500,3
872.4695567714915,test-00000-of-00006_1059.png,500,500,3
288.90655578111813,test-00000-of-00006_1059.png,500,500,3
241.5071817114863,test-00000-of-00006_1059.png,500,500,3
5.196082656398222,test-00000-of-00006_1059.png,500,500,3
284.0188570145851,test-00000-of-00006_1059.png,500,500,3
63.17344921926932,test-00000-of-00006_1059.png,500,500,3
127.70060533333333,test-00000-of-00006_1059.png,500,500,3
891.0069786516198,test-00000-of-00006_1059.png,500,500,3
110.47889828391826,test-00000-of-00006_1059.png,500,500,3
94.03951125156262,test-00000-of-00006_1059.png,500,500,3
1.7470266666666667,test-00000-of-00006_1059.png,500,500,3
153.60690861874494,test-00000-of-00006_1059.png,500,500,3
93.12485906328891,test-00000-of-00006_1059.png,500,500,3
152.11161599982225,test-00000-of-00006_1059.png,500,500,3
10.844425661326225,test-00000-of-00006_1059.png,500,500,3
29.06276798002488,test-00000-of-00006_1059.png,500,500,3
175.57407622057073,test-00000-of-00006_1059.png,500,500,3
191.26726480140618,test-00000-of-00006_1059.png,500,500,3
363.64502495928883,test-00000-of-00006_1059.png,500,500,3
684.225344184489,test-00000-of-00006_1059.png,500,500,3
8.842184938622221,test-00000-of-00006_1059.png,500,500,3
19.445395923823998,test-00000-of-00006_1059.png,500,500,3
163.59580509780614,test-00000-of-00006_1059.png,500,500,3
34.73356831457955,test-00000-of-00006_1059.png,500,500,3
276.3482783134649,test-00000-of-00006_1059.png,500,500,3
37.356989541375995,test-00000-of-00006_1059.png,500,500,3
800.101000543771,test-00000-of-00006_1059.png,500,500,3
40.789363991536,test-00000-of-00006_1059.png,500,500,3
2083.281845054064,test-00000-of-00006_1059.png,500,500,3
267.6938133333333,test-00000-of-00006_1059.png,500,500,3
13.55578088532622,test-00000-of-00006_1059.png,500,500,3
496.16164257905046,test-00000-of-00006_1059.png,500,500,3
20.461227460264897,test-00000-of-00006_1059.png,500,500,3
6.050474666666666,test-00000-of-00006_1059.png,500,500,3
136.9410384179893,test-00000-of-00006_1059.png,500,500,3
192.81671587553961,test-00000-of-00006_1059.png,500,500,3
33.58228900614934,test-00000-of-00006_1059.png,500,500,3
295.5827948191556,test-00000-of-00006_1059.png,500,500,3
12.777295971776,test-00000-of-00006_1059.png,500,500,3
545.2694947048517,test-00000-of-00006_1059.png,500,500,3
55.93179865915557,test-00000-of-00006_1059.png,500,500,3
51.57278663933155,test-00000-of-00006_1059.png,500,500,3
77.1892802698222,test-00000-of-00006_1059.png,500,500,3
548.8275867988464,test-00000-of-00006_1059.png,500,500,3
528.9666968515397,test-00000-of-00006_1059.png,500,500,3
210.81337059412627,test-00000-of-00006_1059.png,500,500,3
240.06615746343826,test-00000-of-00006_1059.png,500,500,3
91.31127398115555,test-00000-of-00006_1059.png,500,500,3
13.453622191486222,test-00000-of-00006_1059.png,500,500,3
6.645877332309334,test-00000-of-00006_1059.png,500,500,3
215.29476686790395,test-00000-of-00006_1059.png,500,500,3
1595.0599368358382,test-00000-of-00006_1059.png,500,500,3
9.696730589752889,test-00000-of-00006_1059.png,500,500,3
412.88224294638945,test-00000-of-00006_1059.png,500,500,3
66.11013598121956,test-00000-of-00006_1059.png,500,500,3
429.0339038462863,test-00000-of-00006_1059.png,500,500,3
1669.4486387406914,test-00000-of-00006_1059.png,500,500,3
16.431244618744888,test-00000-of-00006_1059.png,500,500,3
474.85183854717144,test-00000-of-00006_1059.png,500,500,3
462.74685151722485,test-00000-of-00006_1059.png,500,500,3
13.487269964622222,test-00000-of-00006_1059.png,500,500,3
62.66961371502935,test-00000-of-00006_1059.png,500,500,3
890.1910693332197,test-00000-of-00006_1059.png,500,500,3
10.471841332549332,test-00000-of-00006_1059.png,500,500,3
7.033998637082666,test-00000-of-00006_1059.png,500,500,3
1.76928,test-00000-of-00006_1059.png,500,500,3
2.440224,test-00000-of-00006_1059.png,500,500,3
410.74307197848884,test-00000-of-00006_1059.png,500,500,3
49.03619129887288,test-00000-of-00006_1059.png,500,500,3
347.0658248544693,test-00000-of-00006_1059.png,500,500,3
550.9689159299398,test-00000-of-00006_1059.png,500,500,3
155.71609537666671,test-00000-of-00006_1059.png,500,500,3
418.24671408906664,test-00000-of-00006_1059.png,500,500,3
65.66295932102398,test-00000-of-00006_1059.png,500,500,3
36.71011401380267,test-00000-of-00006_1059.png,500,500,3
184.07657388991817,test-00000-of-00006_1059.png,500,500,3
75.93761072187732,test-00000-of-00006_1059.png,500,500,3
1.2943786666666666,test-00000-of-00006_1059.png,500,500,3
58.975786167288916,test-00000-of-00006_1059.png,500,500,3
98.88972671426664,test-00000-of-00006_1059.png,500,500,3
4.761448,test-00000-of-00006_1059.png,500,500,3
39.490827735637346,test-00000-of-00006_1059.png,500,500,3
22.405944801406214,test-00000-of-00006_1059.png,500,500,3
6.148672,test-00000-of-00006_1059.png,500,500,3
35.30223690648889,test-00000-of-00006_1059.png,500,500,3
239.39137999500628,test-00000-of-00006_1059.png,500,500,3
34.77785032248889,test-00000-of-00006_1059.png,500,500,3
135.86921197310403,test-00000-of-00006_1059.png,500,500,3
329.57515714439813,test-00000-of-00006_1059.png,500,500,3
57.22900422943289,test-00000-of-00006_1059.png,500,500,3
22.448227998703995,test-00000-of-00006_1059.png,500,500,3
45.70577866026667,test-00000-of-00006_1059.png,500,500,3
34.26139168937954,test-00000-of-00006_1059.png,500,500,3
339.29441191782234,test-00000-of-00006_1059.png,500,500,3
57.55156007594488,test-00000-of-00006_1059.png,500,500,3
12.16081466666489,test-00000-of-00006_1059.png,500,500,3
17.86606266588266,test-00000-of-00006_1059.png,500,500,3
57.95583931448892,test-00000-of-00006_1059.png,500,500,3
33.28336250196623,test-00000-of-00006_1059.png,500,500,3
48.80156121222932,test-00000-of-00006_1059.png,500,500,3
345.2782514658115,test-00000-of-00006_1059.png,500,500,3
41.47210248327823,test-00000-of-00006_1059.png,500,500,3
10.844425661326225,test-00000-of-00006_1059.png,500,500,3
394.96163366928886,test-00000-of-00006_1059.png,500,500,3
172.73295814634488,test-00000-of-00006_1059.png,500,500,3
192.81671587553961,test-00000-of-00006_1059.png,500,500,3
355.8676786663662,test-00000-of-00006_1059.png,500,500,3
241.43611662420622,test-00000-of-00006_1059.png,500,500,3
22.276529579512886,test-00000-of-00006_1059.png,500,500,3
167.86025821247827,test-00000-of-00006_1059.png,500,500,3
349.4176930857796,test-00000-of-00006_1059.png,500,500,3
11.83936961262222,test-00000-of-00006_1059.png,500,500,3
12.01711333139733,test-00000-of-00006_1059.png,500,500,3
2.8096,test-00000-of-00006_1059.png,500,500,3
92.77635421149155,test-00000-of-00006_1059.png,500,500,3
652.4066021212428,test-00000-of-00006_1059.png,500,500,3
367.41363451160004,test-00000-of-00006_1059.png,500,500,3
28.583228608504886,test-00000-of-00006_1059.png,500,500,3
68.90673498630936,test-00000-of-00006_1059.png,500,500,3
646.9442219993315,test-00000-of-00006_1059.png,500,500,3
545.2694947048517,test-00000-of-00006_1059.png,500,500,3
1.31916,test-00000-of-00006_1059.png,500,500,3
21.636715999215994,test-00000-of-00006_1059.png,500,500,3
23.70500773236622,test-00000-of-00006_1059.png,500,500,3
18.03938786359289,test-00000-of-00006_1059.png,500,500,3
339.62906184105964,test-00000-of-00006_1059.png,500,500,3
300.4021397910115,test-00000-of-00006_1059.png,500,500,3
308.619511620544,test-00000-of-00006_1059.png,500,500,3
192.82144403677157,test-00000-of-00006_1059.png,500,500,3
47.04583601066491,test-00000-of-00006_1059.png,500,500,3
72.63748089420622,test-00000-of-00006_1059.png,500,500,3
1256.4548449891554,test-00000-of-00006_1059.png,500,500,3
38.54163194740621,test-00000-of-00006_1059.png,500,500,3
840.5114011042117,test-00000-of-00006_1059.png,500,500,3
180.9375810197333,test-00000-of-00006_1059.png,500,500,3
1064.6154485610668,test-00000-of-00006_1059.png,500,500,3
419.0519225386221,test-00000-of-00006_1059.png,500,500,3
242.2814089542382,test-00000-of-00006_1059.png,500,500,3
180.4695998173226,test-00000-of-00006_1059.png,500,500,3
266.36533721309155,test-00000-of-00006_1059.png,500,500,3
214.95354237793958,test-00000-of-00006_1059.png,500,500,3
7.733874665272893,test-00000-of-00006_1059.png,500,500,3
300.3984487594382,test-00000-of-00006_1059.png,500,500,3
286.02397515849947,test-00000-of-00006_1059.png,500,500,3
37.100401520424896,test-00000-of-00006_1059.png,500,500,3
299.2208984230383,test-00000-of-00006_1059.png,500,500,3
56.96385819807288,test-00000-of-00006_1059.png,500,500,3
27.79234363999999,test-00000-of-00006_1059.png,500,500,3
123.56160447888891,test-00000-of-00006_1059.png,500,500,3
259.2443789034648,test-00000-of-00006_1059.png,500,500,3
44.07921883647824,test-00000-of-00006_1059.png,500,500,3
9.19848,test-00000-of-00006_1059.png,500,500,3
388.3769477884001,test-00000-of-00006_1059.png,500,500,3
207.4343706115982,test-00000-of-00006_1059.png,500,500,3
363.9177417833526,test-00000-of-00006_1059.png,500,500,3
124.23870090662228,test-00000-of-00006_1059.png,500,500,3
32.39112097811734,test-00000-of-00006_1059.png,500,500,3
9.498494763456,test-00000-of-00006_1059.png,500,500,3
20.57983599969955,test-00000-of-00006_1059.png,500,500,3
522.5579146337847,test-00000-of-00006_1059.png,500,500,3
165.08426301673072,test-00000-of-00006_1059.png,500,500,3
9.178115543535998,test-00000-of-00006_1059.png,500,500,3
61.23116949449955,test-00000-of-00006_1059.png,500,500,3
313.853906900025,test-00000-of-00006_1059.png,500,500,3
10.096758661672888,test-00000-of-00006_1059.png,500,500,3
8.925891997566222,test-00000-of-00006_1059.png,500,500,3
26.55651064820622,test-00000-of-00006_1059.png,500,500,3
384.60451474118406,test-00000-of-00006_1059.png,500,500,3
4.130826666666667,test-00000-of-00006_1059.png,500,500,3
1252.856357582677,test-00000-of-00006_1059.png,500,500,3
222.9024103850595,test-00000-of-00006_1059.png,500,500,3
74.65550455031287,test-00000-of-00006_1059.png,500,500,3
431.90510360119305,test-00000-of-00006_1059.png,500,500,3
44.83064854673066,test-00000-of-00006_1059.png,500,500,3
135.52627733333333,test-00000-of-00006_1059.png,500,500,3
667.7476686244106,test-00000-of-00006_1059.png,500,500,3
27.79234363999999,test-00000-of-00006_1059.png,500,500,3
139.5372282858222,test-00000-of-00006_1059.png,500,500,3
713.9531916072516,test-00000-of-00006_1059.png,500,500,3
283.5485201066667,test-00000-of-00006_1059.png,500,500,3
166.79689463615827,test-00000-of-00006_1059.png,500,500,3
597.5179327475181,test-00000-of-00006_1059.png,500,500,3
90.85734639903288,test-00000-of-00006_1059.png,500,500,3
12.302853260792883,test-00000-of-00006_1059.png,500,500,3
2.0207226666666664,test-00000-of-00006_1059.png,500,500,3
576.4631279139554,test-00000-of-00006_1059.png,500,500,3
192.81671587553961,test-00000-of-00006_1059.png,500,500,3
282.29377178911295,test-00000-of-00006_1059.png,500,500,3
26.200178563198218,test-00000-of-00006_1059.png,500,500,3
288.89752465783283,test-00000-of-00006_1059.png,500,500,3
140.0910968942062,test-00000-of-00006_1059.png,500,500,3
35.80123865129065,test-00000-of-00006_1059.png,500,500,3
1771.039093028628,test-00000-of-00006_1059.png,500,500,3
110.66367595724618,test-00000-of-00006_1059.png,500,500,3
224.04186283925156,test-00000-of-00006_1059.png,500,500,3
7.032561333331557,test-00000-of-00006_1059.png,500,500,3
12.236670660890669,test-00000-of-00006_1059.png,500,500,3
327.2377019130241,test-00000-of-00006_1059.png,500,500,3
344.66409195838395,test-00000-of-00006_1059.png,500,500,3
25.12088419473067,test-00000-of-00006_1059.png,500,500,3
14.972469309411556,test-00000-of-00006_1059.png,500,500,3
286.02397515849947,test-00000-of-00006_1059.png,500,500,3
52.43612238222222,test-00000-of-00006_1059.png,500,500,3
704.5113154178773,test-00000-of-00006_1059.png,500,500,3
144.610119334144,test-00000-of-00006_1059.png,500,500,3
24.045669158051574,test-00000-of-00006_1059.png,500,500,3
363.23319178962475,test-00000-of-00006_1059.png,500,500,3
425.0697023750667,test-00000-of-00006_1059.png,500,500,3
221.12570572964276,test-00000-of-00006_1059.png,500,500,3
1.1594373333333334,test-00000-of-00006_1059.png,500,500,3
294.2269584504889,test-00000-of-00006_1059.png,500,500,3
175.73511621879288,test-00000-of-00006_1059.png,500,500,3
27.50827060842489,test-00000-of-00006_1059.png,500,500,3
13.674131699696005,test-00000-of-00006_1059.png,500,500,3
5.50195985143289,test-00000-of-00006_1059.png,500,500,3
1383.9407882517337,test-00000-of-00006_1059.png,500,500,3
23.11904393783289,test-00000-of-00006_1059.png,500,500,3
38.38029897045154,test-00000-of-00006_1059.png,500,500,3
536.5386841226223,test-00000-of-00006_1059.png,500,500,3
363.23319178962475,test-00000-of-00006_1059.png,500,500,3
262.72837986115553,test-00000-of-00006_1059.png,500,500,3
93.26160666086402,test-00000-of-00006_1059.png,500,500,3
57.0005129185973,test-00000-of-00006_1059.png,500,500,3
722.3806436471184,test-00000-of-00006_1059.png,500,500,3
50.57310666257067,test-00000-of-00006_1059.png,500,500,3
350.93503437493337,test-00000-of-00006_1059.png,500,500,3
16.664951633066668,test-00000-of-00006_1059.png,500,500,3
32.336817284933346,test-00000-of-00006_1059.png,500,500,3
28.88566336,test-00000-of-00006_1059.png,500,500,3
14.864559346851555,test-00000-of-00006_1059.png,500,500,3
14.326263965155555,test-00000-of-00006_1059.png,500,500,3
4.924375477752889,test-00000-of-00006_1059.png,500,500,3
47.04583601066491,test-00000-of-00006_1059.png,500,500,3
25.096483119189347,test-00000-of-00006_1059.png,500,500,3
4.7683493332693345,test-00000-of-00006_1059.png,500,500,3
955.5989137841756,test-00000-of-00006_1059.png,500,500,3
40.22796568524623,test-00000-of-00006_1059.png,500,500,3
174.43771990431284,test-00000-of-00006_1059.png,500,500,3
32.798401321669346,test-00000-of-00006_1059.png,500,500,3
306.3914332657334,test-00000-of-00006_1059.png,500,500,3
0.9449333333333333,test-00000-of-00006_1059.png,500,500,3
29.386969119272884,test-00000-of-00006_1059.png,500,500,3
5.505558198810667,test-00000-of-00006_1059.png,500,500,3
160.13871597397156,test-00000-of-00006_1059.png,500,500,3
157.03323965268623,test-00000-of-00006_1059.png,500,500,3
51.968387663600005,test-00000-of-00006_1059.png,500,500,3
57.586359820223976,test-00000-of-00006_1059.png,500,500,3
47.04140000031291,test-00000-of-00006_1059.png,500,500,3
184.18141354973162,test-00000-of-00006_1059.png,500,500,3
28.095434319352893,test-00000-of-00006_1059.png,500,500,3
25.18362979804267,test-00000-of-00006_1059.png,500,500,3
2685.374165549866,test-00000-of-00006_1059.png,500,500,3
135.52627733333333,test-00000-of-00006_1059.png,500,500,3
684.225344184489,test-00000-of-00006_1059.png,500,500,3
194.22770686506485,test-00000-of-00006_1059.png,500,500,3
71.92634150666667,test-00000-of-00006_1059.png,500,500,3
15.460449330899566,test-00000-of-00006_1059.png,500,500,3
48.40914785108623,test-00000-of-00006_1059.png,500,500,3
14.525460503322677,test-00000-of-00006_1059.png,500,500,3
49.03373590758399,test-00000-of-00006_1059.png,500,500,3
538.0994209345262,test-00000-of-00006_1059.png,500,500,3
237.55155679888895,test-00000-of-00006_1059.png,500,500,3
7.52217098538489,test-00000-of-00006_1059.png,500,500,3
33.31127535426668,test-00000-of-00006_1059.png,500,500,3
27.50827060842489,test-00000-of-00006_1059.png,500,500,3
162.14888507391296,test-00000-of-00006_1059.png,500,500,3
247.2937318770328,test-00000-of-00006_1059.png,500,500,3
20.40155581452622,test-00000-of-00006_1059.png,500,500,3
149.69181854648883,test-00000-of-00006_1059.png,500,500,3
10.143730144419557,test-00000-of-00006_1059.png,500,500,3
160.91974799729604,test-00000-of-00006_1059.png,500,500,3
43.55693844888888,test-00000-of-00006_1059.png,500,500,3
414.1357460870667,test-00000-of-00006_1059.png,500,500,3
13.622070967744,test-00000-of-00006_1059.png,500,500,3
13.45478132888889,test-00000-of-00006_1059.png,500,500,3
2.0955199856,test-00000-of-00006_1059.png,500,500,3
247.52159121618485,test-00000-of-00006_1059.png,500,500,3
85.86142041173333,test-00000-of-00006_1059.png,500,500,3
363.68836014915547,test-00000-of-00006_1059.png,500,500,3
126.33830257820263,test-00000-of-00006_1059.png,500,500,3
44.1224562552889,test-00000-of-00006_1059.png,500,500,3
23.548577245802665,test-00000-of-00006_1059.png,500,500,3
377.19115779804275,test-00000-of-00006_1059.png,500,500,3
29.16367483647823,test-00000-of-00006_1059.png,500,500,3
70.34593062442488,test-00000-of-00006_1059.png,500,500,3
32.51141999391289,test-00000-of-00006_1059.png,500,500,3
369.9240532922596,test-00000-of-00006_1059.png,500,500,3
175.73511621879288,test-00000-of-00006_1059.png,500,500,3
27.50827060842489,test-00000-of-00006_1059.png,500,500,3
126.44019598527825,test-00000-of-00006_1059.png,500,500,3
597.5179327475181,test-00000-of-00006_1059.png,500,500,3
229.9688344206506,test-00000-of-00006_1059.png,500,500,3
141.41885642111825,test-00000-of-00006_1059.png,500,500,3
371.82296196842486,test-00000-of-00006_1059.png,500,500,3
114.206952,test-00000-of-00006_1059.png,500,500,3
21.838579739219547,test-00000-of-00006_1059.png,500,500,3
44.29371461528889,test-00000-of-00006_1059.png,500,500,3
12.960211996072886,test-00000-of-00006_1059.png,500,500,3
9.625438409038221,test-00000-of-00006_1059.png,500,500,3
378.00836879359275,test-00000-of-00006_1059.png,500,500,3
74.31561732108622,test-00000-of-00006_1059.png,500,500,3
5.199202666666666,test-00000-of-00006_1059.png,500,500,3
126.36290472908622,test-00000-of-00006_1059.png,500,500,3
17.073302594842666,test-00000-of-00006_1059.png,500,500,3
10.271190666579551,test-00000-of-00006_1059.png,500,500,3
912.2419580245315,test-00000-of-00006_1059.png,500,500,3
205.38078933333333,test-00000-of-00006_1059.png,500,500,3
1383.9407882517337,test-00000-of-00006_1059.png,500,500,3
426.7269559083928,test-00000-of-00006_1059.png,500,500,3
19.632082297002658,test-00000-of-00006_1059.png,500,500,3
937.5489130266668,test-00000-of-00006_1059.png,500,500,3
2600.558996904505,test-00000-of-00006_1059.png,500,500,3
1620.302393162745,test-00000-of-00006_1059.png,500,500,3
272.3759888667574,test-00000-of-00006_1059.png,500,500,3
332.69034774483725,test-00000-of-00006_1059.png,500,500,3
27.97473041911289,test-00000-of-00006_1059.png,500,500,3
654.5913219146224,test-00000-of-00006_1059.png,500,500,3
24.90046935395556,test-00000-of-00006_1059.png,500,500,3
177.84071066423292,test-00000-of-00006_1059.png,500,500,3
4.448512,test-00000-of-00006_1059.png,500,500,3
35.18140789759999,test-00000-of-00006_1059.png,500,500,3
4.924375477752889,test-00000-of-00006_1059.png,500,500,3
275.0976426388889,test-00000-of-00006_1059.png,500,500,3
11.022282666602672,test-00000-of-00006_1059.png,500,500,3
278.92236634105586,test-00000-of-00006_1059.png,500,500,3
16.40401724333334,test-00000-of-00006_1059.png,500,500,3
288.69270117966937,test-00000-of-00006_1059.png,500,500,3
290.53886120977074,test-00000-of-00006_1059.png,500,500,3
28.095434319352893,test-00000-of-00006_1059.png,500,500,3
83.69773274751823,test-00000-of-00006_1059.png,500,500,3
45.326409648291566,test-00000-of-00006_1059.png,500,500,3
243.87094570982214,test-00000-of-00006_1059.png,500,500,3
31.33690514555555,test-00000-of-00006_1059.png,500,500,3
33.57392644009067,test-00000-of-00006_1059.png,500,500,3
115.40641543047819,test-00000-of-00006_1059.png,500,500,3
11.086138025806225,test-00000-of-00006_1059.png,500,500,3
99.19609359671293,test-00000-of-00006_1059.png,500,500,3
108.60500618780266,test-00000-of-00006_1059.png,500,500,3
28.583228608504886,test-00000-of-00006_1059.png,500,500,3
430.1056303721794,test-00000-of-00006_1059.png,500,500,3
92.70967307361957,test-00000-of-00006_1059.png,500,500,3
6.645877332309334,test-00000-of-00006_1059.png,500,500,3
74.54564378129069,test-00000-of-00006_1059.png,500,500,3
25.919138908798217,test-00000-of-00006_1059.png,500,500,3
223.7851493332196,test-00000-of-00006_1059.png,500,500,3
9.568979999984002,test-00000-of-00006_1059.png,500,500,3
35.30296932714488,test-00000-of-00006_1059.png,500,500,3
91.83671376597157,test-00000-of-00006_1059.png,500,500,3
50.75372481108625,test-00000-of-00006_1059.png,500,500,3
397.9277952367627,test-00000-of-00006_1059.png,500,500,3
80.60989432426487,test-00000-of-00006_1059.png,500,500,3
29.17439319521956,test-00000-of-00006_1059.png,500,500,3
77.97729718151821,test-00000-of-00006_1059.png,500,500,3
1835.0978863734827,test-00000-of-00006_1059.png,500,500,3
198.15126927751822,test-00000-of-00006_1059.png,500,500,3
111.27993938602488,test-00000-of-00006_1059.png,500,500,3
237.55155679888895,test-00000-of-00006_1059.png,500,500,3
94.89984533648891,test-00000-of-00006_1059.png,500,500,3
216.45828451946488,test-00000-of-00006_1059.png,500,500,3
23.635178482339548,test-00000-of-00006_1059.png,500,500,3
345.30020359559825,test-00000-of-00006_1059.png,500,500,3
10.984994664362665,test-00000-of-00006_1059.png,500,500,3
62.91676385151823,test-00000-of-00006_1059.png,500,500,3
0.9074533333333333,test-00000-of-00006_1059.png,500,500,3
188.15618663569077,test-00000-of-00006_1059.png,500,500,3
164.52868657505957,test-00000-of-00006_1059.png,500,500,3
38.54163194740621,test-00000-of-00006_1059.png,500,500,3
173.66787160649955,test-00000-of-00006_1059.png,500,500,3
9.770050959599999,test-00000-of-00006_1059.png,500,500,3
163.19824782915552,test-00000-of-00006_1059.png,500,500,3
154.40915626921952,test-00000-of-00006_1059.png,500,500,3
17.20523238052267,test-00000-of-00006_1059.png,500,500,3
840.4243963013048,test-00000-of-00006_1059.png,500,500,3
162.14888507391296,test-00000-of-00006_1059.png,500,500,3
367.65160292117156,test-00000-of-00006_1059.png,500,500,3
192.2904550369849,test-00000-of-00006_1059.png,500,500,3
49.49009988074487,test-00000-of-00006_1059.png,500,500,3
272.3759888667574,test-00000-of-00006_1059.png,500,500,3
724.2017049724001,test-00000-of-00006_1059.png,500,500,3
68.90673498630936,test-00000-of-00006_1059.png,500,500,3
92.75178088532623,test-00000-of-00006_1059.png,500,500,3
55.38614679686934,test-00000-of-00006_1059.png,500,500,3
240.4107510268516,test-00000-of-00006_1059.png,500,500,3
108.28966754310936,test-00000-of-00006_1059.png,500,500,3
68.90673498630936,test-00000-of-00006_1059.png,500,500,3
355.58559538743293,test-00000-of-00006_1059.png,500,500,3
7.446581310229334,test-00000-of-00006_1059.png,500,500,3
1340.9867529078592,test-00000-of-00006_1059.png,500,500,3
19.891401308158233,test-00000-of-00006_1059.png,500,500,3
143.0064754122507,test-00000-of-00006_1059.png,500,500,3
166.58521499447292,test-00000-of-00006_1059.png,500,500,3
12.960211996072886,test-00000-of-00006_1059.png,500,500,3
438.870356881776,test-00000-of-00006_1059.png,500,500,3
577.947132228905,test-00000-of-00006_1059.png,500,500,3
1314.2770807454558,test-00000-of-00006_1059.png,500,500,3
11.851307644784,test-00000-of-00006_1059.png,500,500,3
270.9749064936106,test-00000-of-00006_1059.png,500,500,3
173.66787160649955,test-00000-of-00006_1059.png,500,500,3
307.8848595361262,test-00000-of-00006_1059.png,500,500,3
29.47271502911823,test-00000-of-00006_1059.png,500,500,3
68.94673027316621,test-00000-of-00006_1059.png,500,500,3
307.3686279594649,test-00000-of-00006_1059.png,500,500,3
41.94519199401957,test-00000-of-00006_1059.png,500,500,3
105.0123566045796,test-00000-of-00006_1059.png,500,500,3
116.90794208848888,test-00000-of-00006_1059.png,500,500,3
5.483334369278223,test-00000-of-00006_1059.png,500,500,3
47.148019784810664,test-00000-of-00006_1059.png,500,500,3
318.9522157822222,test-00000-of-00006_1059.png,500,500,3
27.391548998383993,test-00000-of-00006_1059.png,500,500,3
7.235710666451556,test-00000-of-00006_1059.png,500,500,3
19.00736652828266,test-00000-of-00006_1059.png,500,500,3
277.82702460839806,test-00000-of-00006_1059.png,500,500,3
47.148019784810664,test-00000-of-00006_1059.png,500,500,3
5.199202666666666,test-00000-of-00006_1059.png,500,500,3
9.536766492499556,test-00000-of-00006_1059.png,500,500,3
366.4633136469332,test-00000-of-00006_1059.png,500,500,3
15.566865322238222,test-00000-of-00006_1059.png,500,500,3
3.0138066653706654,test-00000-of-00006_1059.png,500,500,3
354.4083659452996,test-00000-of-00006_1059.png,500,500,3
14.790015201955551,test-00000-of-00006_1059.png,500,500,3
538.0994209345262,test-00000-of-00006_1059.png,500,500,3
27.715423824718222,test-00000-of-00006_1059.png,500,500,3
412.6913585455626,test-00000-of-00006_1059.png,500,500,3
36.56784426830933,test-00000-of-00006_1059.png,500,500,3
7.916295329784892,test-00000-of-00006_1059.png,500,500,3
205.65264258975287,test-00000-of-00006_1059.png,500,500,3
26.200178563198218,test-00000-of-00006_1059.png,500,500,3
130.59952926982942,test-00000-of-00006_1059.png,500,500,3
201.58982796949164,test-00000-of-00006_1059.png,500,500,3
89.49499661203733,test-00000-of-00006_1059.png,500,500,3
432.68114572447286,test-00000-of-00006_1059.png,500,500,3
10.809279971775998,test-00000-of-00006_1059.png,500,500,3
7.64983332714489,test-00000-of-00006_1059.png,500,500,3
294.08257492393955,test-00000-of-00006_1059.png,500,500,3
46.89568038240001,test-00000-of-00006_1059.png,500,500,3
171.1490248871094,test-00000-of-00006_1059.png,500,500,3
81.53548992765157,test-00000-of-00006_1059.png,500,500,3
401.8298909246296,test-00000-of-00006_1059.png,500,500,3
10.745175971776002,test-00000-of-00006_1059.png,500,500,3
26.200178563198218,test-00000-of-00006_1059.png,500,500,3
8.370791957838225,test-00000-of-00006_1059.png,500,500,3
13.119626620010672,test-00000-of-00006_1059.png,500,500,3
41.631055569664014,test-00000-of-00006_1059.png,500,500,3
350.291065902393,test-00000-of-00006_1059.png,500,500,3
64.18639339428266,test-00000-of-00006_1059.png,500,500,3
244.5482776153582,test-00000-of-00006_1059.png,500,500,3
204.98266091369064,test-00000-of-00006_1059.png,500,500,3
67.39519443831291,test-00000-of-00006_1059.png,500,500,3
241.71021664127838,test-00000-of-00006_1059.png,500,500,3
69.24788826737603,test-00000-of-00006_1059.png,500,500,3
429.0339038462863,test-00000-of-00006_1059.png,500,500,3
31.459438375066664,test-00000-of-00006_1059.png,500,500,3
290.35195847189146,test-00000-of-00006_1059.png,500,500,3
31.33690514555555,test-00000-of-00006_1059.png,500,500,3
1206.9827670163897,test-00000-of-00006_1059.png,500,500,3
143.14382028281605,test-00000-of-00006_1059.png,500,500,3
79.91185127829154,test-00000-of-00006_1059.png,500,500,3
16.12774666660267,test-00000-of-00006_1059.png,500,500,3
298.77810397353966,test-00000-of-00006_1059.png,500,500,3
11.341651768318213,test-00000-of-00006_1059.png,500,500,3
66.85765327377067,test-00000-of-00006_1059.png,500,500,3
2583.007630738317,test-00000-of-00006_1059.png,500,500,3
1.699528,test-00000-of-00006_1059.png,500,500,3
4.688013333333333,test-00000-of-00006_1059.png,500,500,3
59.20248132166933,test-00000-of-00006_1059.png,500,500,3
126.00617961556624,test-00000-of-00006_1059.png,500,500,3
455.9705487311575,test-00000-of-00006_1059.png,500,500,3
6.996341141155555,test-00000-of-00006_1059.png,500,500,3
28.69141095389154,test-00000-of-00006_1059.png,500,500,3
421.5387133329334,test-00000-of-00006_1059.png,500,500,3
11.122889296979555,test-00000-of-00006_1059.png,500,500,3
295.5827948191556,test-00000-of-00006_1059.png,500,500,3
92.70967307361957,test-00000-of-00006_1059.png,500,500,3
68.81536573345956,test-00000-of-00006_1059.png,500,500,3
95.07699009364619,test-00000-of-00006_1059.png,500,500,3
50.49340472888889,test-00000-of-00006_1059.png,500,500,3
98.32687863977068,test-00000-of-00006_1059.png,500,500,3
344.1257258826223,test-00000-of-00006_1059.png,500,500,3
24.197633332933332,test-00000-of-00006_1059.png,500,500,3
90.39771457917156,test-00000-of-00006_1059.png,500,500,3
424.28806353057973,test-00000-of-00006_1059.png,500,500,3
9.916144,test-00000-of-00006_1059.png,500,500,3
61.41402478177956,test-00000-of-00006_1059.png,500,500,3
5.520942593406224,test-00000-of-00006_1059.png,500,500,3
410.74307197848884,test-00000-of-00006_1059.png,500,500,3
8.84003733127822,test-00000-of-00006_1059.png,500,500,3
410.7881959359717,test-00000-of-00006_1059.png,500,500,3
381.5144665288248,test-00000-of-00006_1059.png,500,500,3
38.58280522921956,test-00000-of-00006_1059.png,500,500,3
71.30461715693336,test-00000-of-00006_1059.png,500,500,3
4.440222615891555,test-00000-of-00006_1059.png,500,500,3
368.3451892292195,test-00000-of-00006_1059.png,500,500,3
140.3770193322222,test-00000-of-00006_1059.png,500,500,3
466.2944453182861,test-00000-of-00006_1059.png,500,500,3
778.6882442171446,test-00000-of-00006_1059.png,500,500,3
17.389996885326216,test-00000-of-00006_1059.png,500,500,3
38.025050831864895,test-00000-of-00006_1059.png,500,500,3
90.15355971555555,test-00000-of-00006_1059.png,500,500,3
35.31992402676624,test-00000-of-00006_1059.png,500,500,3
100.22385311701153,test-00000-of-00006_1059.png,500,500,3
13.166771956179558,test-00000-of-00006_1059.png,500,500,3
5.376149333333333,test-00000-of-00006_1059.png,500,500,3
247.95370388888892,test-00000-of-00006_1059.png,500,500,3
184.07657388991817,test-00000-of-00006_1059.png,500,500,3
1921.2607430562111,test-00000-of-00006_1059.png,500,500,3
416.40272,test-00000-of-00006_1059.png,500,500,3
336.5982593035662,test-00000-of-00006_1059.png,500,500,3
26.58046664479289,test-00000-of-00006_1059.png,500,500,3
1511.6984113355925,test-00000-of-00006_1059.png,500,500,3
84.64166487995554,test-00000-of-00006_1059.png,500,500,3
878.2407125670119,test-00000-of-00006_1059.png,500,500,3
110.27012060160001,test-00000-of-00006_1059.png,500,500,3
30.487197856666665,test-00000-of-00006_1059.png,500,500,3
73.76218607888887,test-00000-of-00006_1059.png,500,500,3
59.20248132166933,test-00000-of-00006_1059.png,500,500,3
419.0519225386221,test-00000-of-00006_1059.png,500,500,3
486.0962505483305,test-00000-of-00006_1059.png,500,500,3
3.156734648531555,test-00000-of-00006_1059.png,500,500,3
14.559829105486225,test-00000-of-00006_1059.png,500,500,3
980.9348546664378,test-00000-of-00006_1059.png,500,500,3
1.7470266666666667,test-00000-of-00006_1059.png,500,500,3
75.49802450505953,test-00000-of-00006_1059.png,500,500,3
7.670221265038222,test-00000-of-00006_1059.png,500,500,3
6.658190543699555,test-00000-of-00006_1059.png,500,500,3
10.143730144419557,test-00000-of-00006_1059.png,500,500,3
42.854448702798216,test-00000-of-00006_1059.png,500,500,3
16.655113329733343,test-00000-of-00006_1059.png,500,500,3
15.913989331733328,test-00000-of-00006_1059.png,500,500,3
10.120187957219557,test-00000-of-00006_1059.png,500,500,3
262.7186398643893,test-00000-of-00006_1059.png,500,500,3
27.97473041911289,test-00000-of-00006_1059.png,500,500,3
346.22035664995565,test-00000-of-00006_1059.png,500,500,3
17.253418420650664,test-00000-of-00006_1059.png,500,500,3
12.152999995903988,test-00000-of-00006_1059.png,500,500,3
4.039473202771554,test-00000-of-00006_1059.png,500,500,3
11.048874500202666,test-00000-of-00006_1059.png,500,500,3
52.773342342526234,test-00000-of-00006_1059.png,500,500,3
17.446059994224004,test-00000-of-00006_1059.png,500,500,3
195.14127863329952,test-00000-of-00006_1059.png,500,500,3
68.81536573345956,test-00000-of-00006_1059.png,500,500,3
22.111739999998225,test-00000-of-00006_1059.png,500,500,3
548.8275867988464,test-00000-of-00006_1059.png,500,500,3
11.516789333326226,test-00000-of-00006_1059.png,500,500,3
237.73562624893154,test-00000-of-00006_1059.png,500,500,3
278.92236634105586,test-00000-of-00006_1059.png,500,500,3
367.41363451160004,test-00000-of-00006_1059.png,500,500,3
21.787602064490677,test-00000-of-00006_1059.png,500,500,3
152.5272626478649,test-00000-of-00006_1059.png,500,500,3
14.262267444478226,test-00000-of-00006_1059.png,500,500,3
3.761186663664,test-00000-of-00006_1059.png,500,500,3
163.03027557489602,test-00000-of-00006_1059.png,500,500,3
16.092939878896004,test-00000-of-00006_1059.png,500,500,3
464.85440763468637,test-00000-of-00006_1059.png,500,500,3
364.9740843238328,test-00000-of-00006_1059.png,500,500,3
145.4652672312889,test-00000-of-00006_1059.png,500,500,3
47.31497500532622,test-00000-of-00006_1059.png,500,500,3
685.0004813809335,test-00000-of-00006_1059.png,500,500,3
311.0225261803931,test-00000-of-00006_1059.png,500,500,3
140.33835261196623,test-00000-of-00006_1059.png,500,500,3
19.26991848873955,test-00000-of-00006_1059.png,500,500,3
1.3215946666666667,test-00000-of-00006_1059.png,500,500,3
462.74685151722485,test-00000-of-00006_1059.png,500,500,3
283.5485201066667,test-00000-of-00006_1059.png,500,500,3
2600.558996904505,test-00000-of-00006_1059.png,500,500,3
7.300591949823999,test-00000-of-00006_1059.png,500,500,3
86.15737387100263,test-00000-of-00006_1059.png,500,500,3
50.57310666257067,test-00000-of-00006_1059.png,500,500,3
9.349366641491553,test-00000-of-00006_1059.png,500,500,3
4.494018650958225,test-00000-of-00006_1059.png,500,500,3
7.733874665272893,test-00000-of-00006_1059.png,500,500,3
47.14672743849954,test-00000-of-00006_1059.png,500,500,3
37.433971867619555,test-00000-of-00006_1059.png,500,500,3
26.796363958384006,test-00000-of-00006_1059.png,500,500,3
56.088970991955556,test-00000-of-00006_1059.png,500,500,3
204.3393106639627,test-00000-of-00006_1059.png,500,500,3
321.166192659513,test-00000-of-00006_1059.png,500,500,3
164.63686769676625,test-00000-of-00006_1059.png,500,500,3
27.687723770878225,test-00000-of-00006_1059.png,500,500,3
10.13543840283733,test-00000-of-00006_1059.png,500,500,3
38.482088499882636,test-00000-of-00006_1059.png,500,500,3
17.39489711927289,test-00000-of-00006_1059.png,500,500,3
294.9056847228516,test-00000-of-00006_1059.png,500,500,3
135.86921197310403,test-00000-of-00006_1059.png,500,500,3
184.18141354973162,test-00000-of-00006_1059.png,500,500,3
300.3984487594382,test-00000-of-00006_1059.png,500,500,3
9.521189315555558,test-00000-of-00006_1059.png,500,500,3
154.40915626921952,test-00000-of-00006_1059.png,500,500,3
195.15145402407822,test-00000-of-00006_1059.png,500,500,3
11.61090266636622,test-00000-of-00006_1059.png,500,500,3
9.625438409038221,test-00000-of-00006_1059.png,500,500,3
453.85011668905935,test-00000-of-00006_1059.png,500,500,3
29.386969119272884,test-00000-of-00006_1059.png,500,500,3
1.204608,test-00000-of-00006_1059.png,500,500,3
11.022282666602672,test-00000-of-00006_1059.png,500,500,3
4.394122666666667,test-00000-of-00006_1059.png,500,500,3
2.483125333333333,test-00000-of-00006_1059.png,500,500,3
289.1802858992907,test-00000-of-00006_1059.png,500,500,3
9.380227865555556,test-00000-of-00006_1059.png,500,500,3
113.0381792138222,test-00000-of-00006_1059.png,500,500,3
891.0587274935185,test-00000-of-00006_1059.png,500,500,3
413.1920976016426,test-00000-of-00006_1059.png,500,500,3
1664.569162840489,test-00000-of-00006_1059.png,500,500,3
241.71021664127838,test-00000-of-00006_1059.png,500,500,3
5.149773333333333,test-00000-of-00006_1059.png,500,500,3
7.643038627198226,test-00000-of-00006_1059.png,500,500,3
61.53180261284264,test-00000-of-00006_1059.png,500,500,3
11.724373223464886,test-00000-of-00006_1059.png,500,500,3
785.4735533421795,test-00000-of-00006_1059.png,500,500,3
154.6199052788889,test-00000-of-00006_1059.png,500,500,3
368.5908675642862,test-00000-of-00006_1059.png,500,500,3
9.358266666666667,test-00000-of-00006_1059.png,500,500,3
2051.1310853909335,test-00000-of-00006_1059.png,500,500,3
426.7269559083928,test-00000-of-00006_1059.png,500,500,3
83.3323290444729,test-00000-of-00006_1059.png,500,500,3
69.64430241399289,test-00000-of-00006_1059.png,500,500,3
31.68278443945957,test-00000-of-00006_1059.png,500,500,3
39.28946390291733,test-00000-of-00006_1059.png,500,500,3
1620.302393162745,test-00000-of-00006_1059.png,500,500,3
182.23047899465962,test-00000-of-00006_1059.png,500,500,3
298.419634354624,test-00000-of-00006_1059.png,500,500,3
4.250650624504888,test-00000-of-00006_1059.png,500,500,3
1820.192866126678,test-00000-of-00006_1059.png,500,500,3
255.0939798818063,test-00000-of-00006_1059.png,500,500,3
1383.9407882517337,test-00000-of-00006_1059.png,500,500,3
6.645877332309334,test-00000-of-00006_1059.png,500,500,3
9.453661314104888,test-00000-of-00006_1059.png,500,500,3
773.5895087104003,test-00000-of-00006_1059.png,500,500,3
23.793442300229337,test-00000-of-00006_1059.png,500,500,3
180.74632514900617,test-00000-of-00006_1059.png,500,500,3
10.83482654463289,test-00000-of-00006_1059.png,500,500,3
21.66893733331733,test-00000-of-00006_1059.png,500,500,3
5.950177327557334,test-00000-of-00006_1059.png,500,500,3
57.48482665130489,test-00000-of-00006_1059.png,500,500,3
347.39904804487827,test-00000-of-00006_1059.png,500,500,3
40.99036458153067,test-00000-of-00006_1059.png,500,500,3
299.14462065026675,test-00000-of-00006_1059.png,500,500,3
38.72962382694399,test-00000-of-00006_1059.png,500,500,3
59.30558753542934,test-00000-of-00006_1059.png,500,500,3
2.612639978437333,test-00000-of-00006_1059.png,500,500,3
88.36103966514489,test-00000-of-00006_1059.png,500,500,3
2099.515951116622,test-00000-of-00006_1059.png,500,500,3
421.895079376953,test-00000-of-00006_1059.png,500,500,3
206.55319643519817,test-00000-of-00006_1059.png,500,500,3
93.14918291893333,test-00000-of-00006_1059.png,500,500,3
84.7167920538862,test-00000-of-00006_1059.png,500,500,3
14.304475997295995,test-00000-of-00006_1059.png,500,500,3
60.29976376574401,test-00000-of-00006_1059.png,500,500,3
6.794434322488891,test-00000-of-00006_1059.png,500,500,3
3.761186663664,test-00000-of-00006_1059.png,500,500,3
93.41711676782931,test-00000-of-00006_1059.png,500,500,3
51.59961363155732,test-00000-of-00006_1059.png,500,500,3
441.69467062937593,test-00000-of-00006_1059.png,500,500,3
48.436574478888886,test-00000-of-00006_1059.png,500,500,3
275.40226605118403,test-00000-of-00006_1059.png,500,500,3
104.51520890124623,test-00000-of-00006_1059.png,500,500,3
17.40116926982934,test-00000-of-00006_1059.png,500,500,3
332.62616187511287,test-00000-of-00006_1059.png,500,500,3
48.3582005389582,test-00000-of-00006_1059.png,500,500,3
62.76345999537603,test-00000-of-00006_1059.png,500,500,3
67.47646311884621,test-00000-of-00006_1059.png,500,500,3
980.9348546664378,test-00000-of-00006_1059.png,500,500,3
97.91400775133157,test-00000-of-00006_1059.png,500,500,3
105.0123566045796,test-00000-of-00006_1059.png,500,500,3
1487.0701238788959,test-00000-of-00006_1059.png,500,500,3
62.69354689140622,test-00000-of-00006_1059.png,500,500,3
63.734449129029336,test-00000-of-00006_1059.png,500,500,3
163.08116313727822,test-00000-of-00006_1059.png,500,500,3
278.3623870713174,test-00000-of-00006_1059.png,500,500,3
11.724373223464886,test-00000-of-00006_1059.png,500,500,3
325.09665858231295,test-00000-of-00006_1059.png,500,500,3
44.14398412423823,test-00000-of-00006_1059.png,500,500,3
69.58339753173155,test-00000-of-00006_1059.png,500,500,3
7.033998637082666,test-00000-of-00006_1059.png,500,500,3
6.412090985066667,test-00000-of-00006_1059.png,500,500,3
91.31127398115555,test-00000-of-00006_1059.png,500,500,3
439.18260208500607,test-00000-of-00006_1059.png,500,500,3
152.5272626478649,test-00000-of-00006_1059.png,500,500,3
11.83936961262222,test-00000-of-00006_1059.png,500,500,3
259.02067895406935,test-00000-of-00006_1059.png,500,500,3
161.33293977342396,test-00000-of-00006_1059.png,500,500,3
38.38452890609601,test-00000-of-00006_1059.png,500,500,3
362.0811239764889,test-00000-of-00006_1059.png,500,500,3
438.870356881776,test-00000-of-00006_1059.png,500,500,3
199.56235823106658,test-00000-of-00006_1059.png,500,500,3
717.3071742068906,test-00000-of-00006_1059.png,500,500,3
108.83652330110405,test-00000-of-00006_1059.png,500,500,3
80.02710434662221,test-00000-of-00006_1059.png,500,500,3
0.9074533333333333,test-00000-of-00006_1059.png,500,500,3
27.300370960490653,test-00000-of-00006_1059.png,500,500,3
644.6211492844373,test-00000-of-00006_1059.png,500,500,3
391.80317688353966,test-00000-of-00006_1059.png,500,500,3
202.17449333333334,test-00000-of-00006_1059.png,500,500,3
79.91185127829154,test-00000-of-00006_1059.png,500,500,3
12.302853260792883,test-00000-of-00006_1059.png,500,500,3
96.18750846395558,test-00000-of-00006_1059.png,500,500,3
57.44854100818485,test-00000-of-00006_1059.png,500,500,3
209.74012935182225,test-00000-of-00006_1059.png,500,500,3
1487.0701238788959,test-00000-of-00006_1059.png,500,500,3
12.225435365859559,test-00000-of-00006_1059.png,500,500,3
5.259785312211554,test-00000-of-00006_1059.png,500,500,3
130.4456519572889,test-00000-of-00006_1059.png,500,500,3
378.00836879359275,test-00000-of-00006_1059.png,500,500,3
134.05499747361958,test-00000-of-00006_1059.png,500,500,3
445.3101902133316,test-00000-of-00006_1059.png,500,500,3
311.1429850022666,test-00000-of-00006_1059.png,500,500,3
75.00901793393069,test-00000-of-00006_1059.png,500,500,3
287.2064820548194,test-00000-of-00006_1059.png,500,500,3
106.5586093330329,test-00000-of-00006_1059.png,500,500,3
10.295121329733334,test-00000-of-00006_1059.png,500,500,3
714.8235079995998,test-00000-of-00006_1059.png,500,500,3
11.58543464356267,test-00000-of-00006_1059.png,500,500,3
259.888813084473,test-00000-of-00006_1059.png,500,500,3
2.440224,test-00000-of-00006_1059.png,500,500,3
535.0987635357849,test-00000-of-00006_1059.png,500,500,3
9.19848,test-00000-of-00006_1059.png,500,500,3
214.95354237793958,test-00000-of-00006_1059.png,500,500,3
33.58228900614934,test-00000-of-00006_1059.png,500,500,3
149.10084848415286,test-00000-of-00006_1059.png,500,500,3
253.45926492426676,test-00000-of-00006_1059.png,500,500,3
94.89984533648891,test-00000-of-00006_1059.png,500,500,3
38.482088499882636,test-00000-of-00006_1059.png,500,500,3
45.66612188842488,test-00000-of-00006_1059.png,500,500,3
4.688013333333333,test-00000-of-00006_1059.png,500,500,3
13.487269964622222,test-00000-of-00006_1059.png,500,500,3
172.9436898135449,test-00000-of-00006_1059.png,500,500,3
15.27974396415289,test-00000-of-00006_1059.png,500,500,3
8.111636826389335,test-00000-of-00006_1059.png,500,500,3
13.55578088532622,test-00000-of-00006_1059.png,500,500,3
77.1892802698222,test-00000-of-00006_1059.png,500,500,3
965.114778629909,test-00000-of-00006_1059.png,500,500,3
3.146752,test-00000-of-00006_1059.png,500,500,3
86.74350960439288,test-00000-of-00006_1059.png,500,500,3
103.95679133414401,test-00000-of-00006_1059.png,500,500,3
9.956448212933331,test-00000-of-00006_1059.png,500,500,3
381.1433208617796,test-00000-of-00006_1059.png,500,500,3
28.603288226629346,test-00000-of-00006_1059.png,500,500,3
3.927341256419555,test-00000-of-00006_1059.png,500,500,3
8.581250645930671,test-00000-of-00006_1059.png,500,500,3
77.80151063465955,test-00000-of-00006_1059.png,500,500,3
300.3984487594382,test-00000-of-00006_1059.png,500,500,3
6.141987973971558,test-00000-of-00006_1059.png,500,500,3
49.983118816255974,test-00000-of-00006_1059.png,500,500,3
250.5000938253582,test-00000-of-00006_1059.png,500,500,3
45.47401559719822,test-00000-of-00006_1059.png,500,500,3
1.7470266666666667,test-00000-of-00006_1059.png,500,500,3
10.207555998888893,test-00000-of-00006_1059.png,500,500,3
10.725594013802667,test-00000-of-00006_1059.png,500,500,3
7.611112699717331,test-00000-of-00006_1059.png,500,500,3
76.35204378820266,test-00000-of-00006_1059.png,500,500,3
10.959887430478217,test-00000-of-00006_1059.png,500,500,3
1.2364773333333334,test-00000-of-00006_1059.png,500,500,3
394.3394007733975,test-00000-of-00006_1059.png,500,500,3
9.961539999998221,test-00000-of-00006_1059.png,500,500,3
24.045669158051574,test-00000-of-00006_1059.png,500,500,3
233.70330060885146,test-00000-of-00006_1059.png,500,500,3
45.34953626003733,test-00000-of-00006_1059.png,500,500,3
174.43771990431284,test-00000-of-00006_1059.png,500,500,3
388.4895843020515,test-00000-of-00006_1059.png,500,500,3
1413.9980541794914,test-00000-of-00006_1059.png,500,500,3
4.275093333333333,test-00000-of-00006_1059.png,500,500,3
107.80940161973324,test-00000-of-00006_1059.png,500,500,3
57.18708209714488,test-00000-of-00006_1059.png,500,500,3
270.8360291058329,test-00000-of-00006_1059.png,500,500,3
18.328570185955556,test-00000-of-00006_1059.png,500,500,3
28.302826013779555,test-00000-of-00006_1059.png,500,500,3
387.6318926232462,test-00000-of-00006_1059.png,500,500,3
713.9531916072516,test-00000-of-00006_1059.png,500,500,3
388.4895843020515,test-00000-of-00006_1059.png,500,500,3
177.84071066423292,test-00000-of-00006_1059.png,500,500,3
299.2208984230383,test-00000-of-00006_1059.png,500,500,3
668.7797378793226,test-00000-of-00006_1059.png,500,500,3
50.57310666257067,test-00000-of-00006_1059.png,500,500,3
1.7730586666666666,test-00000-of-00006_1059.png,500,500,3
29.058228663288876,test-00000-of-00006_1059.png,500,500,3
394.3394007733975,test-00000-of-00006_1059.png,500,500,3
158.36279144248877,test-00000-of-00006_1059.png,500,500,3
29.34218776574401,test-00000-of-00006_1059.png,500,500,3
4.394122666666667,test-00000-of-00006_1059.png,500,500,3
27.391548998383993,test-00000-of-00006_1059.png,500,500,3
744.0804564558223,test-00000-of-00006_1059.png,500,500,3
1.124968,test-00000-of-00006_1059.png,500,500,3
14.304475997295995,test-00000-of-00006_1059.png,500,500,3
955.0343106532109,test-00000-of-00006_1059.png,500,500,3
9.883777332933336,test-00000-of-00006_1059.png,500,500,3
2.9605253333333335,test-00000-of-00006_1059.png,500,500,3
403.5992189619128,test-00000-of-00006_1059.png,500,500,3
174.96713077725155,test-00000-of-00006_1059.png,500,500,3
466.2944453182861,test-00000-of-00006_1059.png,500,500,3
665.1879243132995,test-00000-of-00006_1059.png,500,500,3
32.798401321669346,test-00000-of-00006_1059.png,500,500,3
58.198845823955565,test-00000-of-00006_1059.png,500,500,3
360.9933146012995,test-00000-of-00006_1059.png,500,500,3
38.025050831864895,test-00000-of-00006_1059.png,500,500,3
13.13570666609067,test-00000-of-00006_1059.png,500,500,3
406.34442230729945,test-00000-of-00006_1059.png,500,500,3
829.960283989326,test-00000-of-00006_1059.png,500,500,3
232.27030779084623,test-00000-of-00006_1059.png,500,500,3
0.8879413333333334,test-00000-of-00006_1059.png,500,500,3
229.52384171928898,test-00000-of-00006_1059.png,500,500,3
74.31561732108622,test-00000-of-00006_1059.png,500,500,3
294.0897679744001,test-00000-of-00006_1059.png,500,500,3
220.70967333004614,test-00000-of-00006_1059.png,500,500,3
284.0188570145851,test-00000-of-00006_1059.png,500,500,3
62.66961371502935,test-00000-of-00006_1059.png,500,500,3
205.65264258975287,test-00000-of-00006_1059.png,500,500,3
392.1831537399396,test-00000-of-00006_1059.png,500,500,3
75.5869345734382,test-00000-of-00006_1059.png,500,500,3
20.535645278264887,test-00000-of-00006_1059.png,500,500,3
33.28336250196623,test-00000-of-00006_1059.png,500,500,3
10.241111751331555,test-00000-of-00006_1059.png,500,500,3
16.772603905136,test-00000-of-00006_1059.png,500,500,3
9.657755988336,test-00000-of-00006_1059.png,500,500,3
424.28806353057973,test-00000-of-00006_1059.png,500,500,3
652.0920796266669,test-00000-of-00006_1059.png,500,500,3
346.25227675204263,test-00000-of-00006_1059.png,500,500,3
40.99036458153067,test-00000-of-00006_1059.png,500,500,3
88.80787832038403,test-00000-of-00006_1059.png,500,500,3
4.250650624504888,test-00000-of-00006_1059.png,500,500,3
56.55091752604265,test-00000-of-00006_1059.png,500,500,3
242.96390919125145,test-00000-of-00006_1059.png,500,500,3
9.598708855352886,test-00000-of-00006_1059.png,500,500,3
169.34569753457066,test-00000-of-00006_1059.png,500,500,3
210.81337059412627,test-00000-of-00006_1059.png,500,500,3
169.20338322188624,test-00000-of-00006_1059.png,500,500,3
17.608071997696,test-00000-of-00006_1059.png,500,500,3
122.59640390513597,test-00000-of-00006_1059.png,500,500,3
5.816503877966222,test-00000-of-00006_1059.png,500,500,3
4.294149333333333,test-00000-of-00006_1059.png,500,500,3
204.3393106639627,test-00000-of-00006_1059.png,500,500,3
63.2558878492996,test-00000-of-00006_1059.png,500,500,3
61.29854260582223,test-00000-of-00006_1059.png,500,500,3
43.10064092543823,test-00000-of-00006_1059.png,500,500,3
22.290375976896,test-00000-of-00006_1059.png,500,500,3
105.79064980565154,test-00000-of-00006_1059.png,500,500,3
4.120427998291555,test-00000-of-00006_1059.png,500,500,3
1098.0846331171558,test-00000-of-00006_1059.png,500,500,3
137.85135297173156,test-00000-of-00006_1059.png,500,500,3
11.93149066655289,test-00000-of-00006_1059.png,500,500,3
22.276529579512886,test-00000-of-00006_1059.png,500,500,3
311.56723292543836,test-00000-of-00006_1059.png,500,500,3
424.28806353057973,test-00000-of-00006_1059.png,500,500,3
11.005981333333333,test-00000-of-00006_1059.png,500,500,3
45.050410515966234,test-00000-of-00006_1059.png,500,500,3
7.300591949823999,test-00000-of-00006_1059.png,500,500,3
500.1869461666117,test-00000-of-00006_1059.png,500,500,3
90.11263936417957,test-00000-of-00006_1059.png,500,500,3
53.88160055031289,test-00000-of-00006_1059.png,500,500,3
89.99284316582221,test-00000-of-00006_1059.png,500,500,3
19.913134408602662,test-00000-of-00006_1059.png,500,500,3
297.74562000702406,test-00000-of-00006_1059.png,500,500,3
55.93179865915557,test-00000-of-00006_1059.png,500,500,3
1872.6815577190669,test-00000-of-00006_1059.png,500,500,3
72.24785571555553,test-00000-of-00006_1059.png,500,500,3
99.75242854269158,test-00000-of-00006_1059.png,500,500,3
167.54387005409953,test-00000-of-00006_1059.png,500,500,3
152.8801507882667,test-00000-of-00006_1059.png,500,500,3
36.42310398495289,test-00000-of-00006_1059.png,500,500,3
157.42898107817956,test-00000-of-00006_1059.png,500,500,3
854.8086048458241,test-00000-of-00006_1059.png,500,500,3
33.19301186662222,test-00000-of-00006_1059.png,500,500,3
56.78305444778489,test-00000-of-00006_1059.png,500,500,3
12.90566075715556,test-00000-of-00006_1059.png,500,500,3
686.6637991070561,test-00000-of-00006_1059.png,500,500,3
467.1062233017583,test-00000-of-00006_1059.png,500,500,3
17.195452433832894,test-00000-of-00006_1059.png,500,500,3
339.8972716463716,test-00000-of-00006_1059.png,500,500,3
513.4145636575984,test-00000-of-00006_1059.png,500,500,3
31.33690514555555,test-00000-of-00006_1059.png,500,500,3
9.012334661288888,test-00000-of-00006_1059.png,500,500,3
407.5044132868248,test-00000-of-00006_1059.png,500,500,3
63.59412403069157,test-00000-of-00006_1059.png,500,500,3
209.11814676479293,test-00000-of-00006_1059.png,500,500,3
48.66772588782223,test-00000-of-00006_1059.png,500,500,3
33.31127535426668,test-00000-of-00006_1059.png,500,500,3
147.10547061468267,test-00000-of-00006_1059.png,500,500,3
16.664951633066668,test-00000-of-00006_1059.png,500,500,3
75.2422373583573,test-00000-of-00006_1059.png,500,500,3
2.9605253333333335,test-00000-of-00006_1059.png,500,500,3
0.9074533333333333,test-00000-of-00006_1059.png,500,500,3
449.7130580854826,test-00000-of-00006_1059.png,500,500,3
1865.7910961149842,test-00000-of-00006_1059.png,500,500,3
1669.4486387406914,test-00000-of-00006_1059.png,500,500,3
98.88972671426664,test-00000-of-00006_1059.png,500,500,3
0.8879413333333334,test-00000-of-00006_1059.png,500,500,3
13.13570666609067,test-00000-of-00006_1059.png,500,500,3
12.882174662042663,test-00000-of-00006_1059.png,500,500,3
368.5908675642862,test-00000-of-00006_1059.png,500,500,3
258.66359409714494,test-00000-of-00006_1059.png,500,500,3
23.09330522133155,test-00000-of-00006_1059.png,500,500,3
4.052402666666667,test-00000-of-00006_1059.png,500,500,3
18.994321168490657,test-00000-of-00006_1059.png,500,500,3
21.725519450949328,test-00000-of-00006_1059.png,500,500,3
12.01711333139733,test-00000-of-00006_1059.png,500,500,3
244.90920444722494,test-00000-of-00006_1059.png,500,500,3
25.756109417939555,test-00000-of-00006_1059.png,500,500,3
371.02219907840015,test-00000-of-00006_1059.png,500,500,3
16.794406856526223,test-00000-of-00006_1059.png,500,500,3
297.1357075955981,test-00000-of-00006_1059.png,500,500,3
241.71021664127838,test-00000-of-00006_1059.png,500,500,3
11.047765423486233,test-00000-of-00006_1059.png,500,500,3
10.844425661326225,test-00000-of-00006_1059.png,500,500,3
158.36279144248877,test-00000-of-00006_1059.png,500,500,3
344.66409195838395,test-00000-of-00006_1059.png,500,500,3
25.95419895687821,test-00000-of-00006_1059.png,500,500,3
9.568979999984002,test-00000-of-00006_1059.png,500,500,3
21.66893733331733,test-00000-of-00006_1059.png,500,500,3
222.9024103850595,test-00000-of-00006_1059.png,500,500,3
288.90655578111813,test-00000-of-00006_1059.png,500,500,3
332.940303488624,test-00000-of-00006_1059.png,500,500,3
1939.744398307199,test-00000-of-00006_1059.png,500,500,3
275.0976426388889,test-00000-of-00006_1059.png,500,500,3
290.020189490944,test-00000-of-00006_1059.png,500,500,3
101.22570987242489,test-00000-of-00006_1059.png,500,500,3
9.358266666666667,test-00000-of-00006_1059.png,500,500,3
367.98622701857954,test-00000-of-00006_1059.png,500,500,3
592.8210489969335,test-00000-of-00006_1059.png,500,500,3
47.59026261247291,test-00000-of-00006_1059.png,500,500,3
10.984994664362665,test-00000-of-00006_1059.png,500,500,3
187.85252992477155,test-00000-of-00006_1059.png,500,500,3
50.45793118305957,test-00000-of-00006_1059.png,500,500,3
32.944066664099566,test-00000-of-00006_1059.png,500,500,3
26.82279175398399,test-00000-of-00006_1059.png,500,500,3
216.45828451946488,test-00000-of-00006_1059.png,500,500,3
50.37221865892266,test-00000-of-00006_1059.png,500,500,3
418.24671408906664,test-00000-of-00006_1059.png,500,500,3
7.8813906423306666,test-00000-of-00006_1059.png,500,500,3
338.90182413493335,test-00000-of-00006_1059.png,500,500,3
161.33293977342396,test-00000-of-00006_1059.png,500,500,3
267.019279182784,test-00000-of-00006_1059.png,500,500,3
4.970763999998222,test-00000-of-00006_1059.png,500,500,3
29.68081866322489,test-00000-of-00006_1059.png,500,500,3
229.52384171928898,test-00000-of-00006_1059.png,500,500,3
195.15145402407822,test-00000-of-00006_1059.png,500,500,3
16.772603905136,test-00000-of-00006_1059.png,500,500,3
459.6676685453581,test-00000-of-00006_1059.png,500,500,3
9.719286600446221,test-00000-of-00006_1059.png,500,500,3
16.794406856526223,test-00000-of-00006_1059.png,500,500,3
375.0860639597492,test-00000-of-00006_1059.png,500,500,3
51.45327543969957,test-00000-of-00006_1059.png,500,500,3
242.38617338524267,test-00000-of-00006_1059.png,500,500,3
28.15352649026667,test-00000-of-00006_1059.png,500,500,3
18.987139018579555,test-00000-of-00006_1059.png,500,500,3
8.111636826389335,test-00000-of-00006_1059.png,500,500,3
67.85697437217956,test-00000-of-00006_1059.png,500,500,3
228.43345463329956,test-00000-of-00006_1059.png,500,500,3
53.24386725119823,test-00000-of-00006_1059.png,500,500,3
97.5235669072782,test-00000-of-00006_1059.png,500,500,3
12.268294625050656,test-00000-of-00006_1059.png,500,500,3
368.5908675642862,test-00000-of-00006_1059.png,500,500,3
152.03730933333333,test-00000-of-00006_1059.png,500,500,3
235.6600705064516,test-00000-of-00006_1059.png,500,500,3
17.810624226046222,test-00000-of-00006_1059.png,500,500,3
68.94673027316621,test-00000-of-00006_1059.png,500,500,3
9.961539999998221,test-00000-of-00006_1059.png,500,500,3
279.7282286543572,test-00000-of-00006_1059.png,500,500,3
9.271593333246225,test-00000-of-00006_1059.png,500,500,3
126.00617961556624,test-00000-of-00006_1059.png,500,500,3
19.26991848873955,test-00000-of-00006_1059.png,500,500,3
190.1975433835448,test-00000-of-00006_1059.png,500,500,3
14.46546527116622,test-00000-of-00006_1059.png,500,500,3
27.10962266204267,test-00000-of-00006_1059.png,500,500,3
13.808623846335994,test-00000-of-00006_1059.png,500,500,3
20.219013312597333,test-00000-of-00006_1059.png,500,500,3
78.7902776532889,test-00000-of-00006_1059.png,500,500,3
60.29976376574401,test-00000-of-00006_1059.png,500,500,3
27.28649542395555,test-00000-of-00006_1059.png,500,500,3
28.302826013779555,test-00000-of-00006_1059.png,500,500,3
32.206084558933334,test-00000-of-00006_1059.png,500,500,3
456.175585055344,test-00000-of-00006_1059.png,500,500,3
27.300370960490653,test-00000-of-00006_1059.png,500,500,3
287.5794874019555,test-00000-of-00006_1059.png,500,500,3
81.16125652333332,test-00000-of-00006_1059.png,500,500,3
415.34502923593925,test-00000-of-00006_1059.png,500,500,3
31.883208411704892,test-00000-of-00006_1059.png,500,500,3
23.548577245802665,test-00000-of-00006_1059.png,500,500,3
137.85135297173156,test-00000-of-00006_1059.png,500,500,3
246.6812873936782,test-00000-of-00006_1059.png,500,500,3
313.853906900025,test-00000-of-00006_1059.png,500,500,3
12.256867991038218,test-00000-of-00006_1059.png,500,500,3
10.094251647955558,test-00000-of-00006_1059.png,500,500,3
5.196082656398222,test-00000-of-00006_1059.png,500,500,3
1.2589226666666666,test-00000-of-00006_1059.png,500,500,3
16.536533046606227,test-00000-of-00006_1059.png,500,500,3
80.4438800643129,test-00000-of-00006_1059.png,500,500,3
130.59952926982942,test-00000-of-00006_1059.png,500,500,3
111.62624737273596,test-00000-of-00006_1059.png,500,500,3
83.3323290444729,test-00000-of-00006_1059.png,500,500,3
188.3314599249848,test-00000-of-00006_1059.png,500,500,3
89.49499661203733,test-00000-of-00006_1059.png,500,500,3
7.25664,test-00000-of-00006_1059.png,500,500,3
366.354330066046,test-00000-of-00006_1059.png,500,500,3
64.28246697585598,test-00000-of-00006_1059.png,500,500,3
48.149461052072894,test-00000-of-00006_1059.png,500,500,3
18.752021165224896,test-00000-of-00006_1059.png,500,500,3
12.51305197887822,test-00000-of-00006_1059.png,500,500,3
60.88230764778488,test-00000-of-00006_1059.png,500,500,3
51.122325115555554,test-00000-of-00006_1059.png,500,500,3
32.00594775,test-00000-of-00006_1059.png,500,500,3
496.16164257905046,test-00000-of-00006_1059.png,500,500,3
20.535645278264887,test-00000-of-00006_1059.png,500,500,3
5.022646636158222,test-00000-of-00006_1059.png,500,500,3
14.304475997295995,test-00000-of-00006_1059.png,500,500,3
290.53886120977074,test-00000-of-00006_1059.png,500,500,3
9.652582539930666,test-00000-of-00006_1059.png,500,500,3
300.94556259122487,test-00000-of-00006_1059.png,500,500,3
38.14261428556622,test-00000-of-00006_1059.png,500,500,3
10.295121329733334,test-00000-of-00006_1059.png,500,500,3
124.12078085631285,test-00000-of-00006_1059.png,500,500,3
63.2558878492996,test-00000-of-00006_1059.png,500,500,3
204.52468679551816,test-00000-of-00006_1059.png,500,500,3
121.55907791329957,test-00000-of-00006_1059.png,500,500,3
42.85726219148622,test-00000-of-00006_1059.png,500,500,3
230.78899922815825,test-00000-of-00006_1059.png,500,500,3
263.7739017166915,test-00000-of-00006_1059.png,500,500,3
42.07083555411734,test-00000-of-00006_1059.png,500,500,3
1340.9867529078592,test-00000-of-00006_1059.png,500,500,3
50.75372481108625,test-00000-of-00006_1059.png,500,500,3
388.3769477884001,test-00000-of-00006_1059.png,500,500,3
206.55319643519817,test-00000-of-00006_1059.png,500,500,3
15.558041815352894,test-00000-of-00006_1059.png,500,500,3
2234.5217949740363,test-00000-of-00006_1059.png,500,500,3
204.52468679551816,test-00000-of-00006_1059.png,500,500,3
128.09350113023288,test-00000-of-00006_1059.png,500,500,3
74.65550455031287,test-00000-of-00006_1059.png,500,500,3
45.326409648291566,test-00000-of-00006_1059.png,500,500,3
599.5463079994863,test-00000-of-00006_1059.png,500,500,3
69.82840433079285,test-00000-of-00006_1059.png,500,500,3
68.94673027316621,test-00000-of-00006_1059.png,500,500,3
188.15618663569077,test-00000-of-00006_1059.png,500,500,3
325.73828326040007,test-00000-of-00006_1059.png,500,500,3
38.99192805188268,test-00000-of-00006_1059.png,500,500,3
106.95664445723735,test-00000-of-00006_1059.png,500,500,3
221.82789153983808,test-00000-of-00006_1059.png,500,500,3
316.98788169863815,test-00000-of-00006_1059.png,500,500,3
384.8975652514062,test-00000-of-00006_1059.png,500,500,3
27.300370960490653,test-00000-of-00006_1059.png,500,500,3
34.73356831457955,test-00000-of-00006_1059.png,500,500,3
20.30969807785955,test-00000-of-00006_1059.png,500,500,3
206.96489393164615,test-00000-of-00006_1059.png,500,500,3
564.1224679786385,test-00000-of-00006_1059.png,500,500,3
163.08116313727822,test-00000-of-00006_1059.png,500,500,3
1596.1406053459561,test-00000-of-00006_1059.png,500,500,3
161.79339916338483,test-00000-of-00006_1059.png,500,500,3
199.10693223537066,test-00000-of-00006_1059.png,500,500,3
16.550454488019557,test-00000-of-00006_1059.png,500,500,3
83.2526946660249,test-00000-of-00006_1059.png,500,500,3
28.40542402154489,test-00000-of-00006_1059.png,500,500,3
22.074318594842655,test-00000-of-00006_1059.png,500,500,3
4.050781333155558,test-00000-of-00006_1059.png,500,500,3
313.853906900025,test-00000-of-00006_1059.png,500,500,3
300.3984487594382,test-00000-of-00006_1059.png,500,500,3
54.60133454369957,test-00000-of-00006_1059.png,500,500,3
551.1274819117226,test-00000-of-00006_1059.png,500,500,3
270.73159332671815,test-00000-of-00006_1059.png,500,500,3
209.11814676479293,test-00000-of-00006_1059.png,500,500,3
62.776787546622224,test-00000-of-00006_1059.png,500,500,3
263.4903306666667,test-00000-of-00006_1059.png,500,500,3
315.9634497296428,test-00000-of-00006_1059.png,500,500,3
30.530838632318222,test-00000-of-00006_1059.png,500,500,3
249.91848523625075,test-00000-of-00006_1059.png,500,500,3
236.3960894937582,test-00000-of-00006_1059.png,500,500,3
473.7116096788892,test-00000-of-00006_1059.png,500,500,3
3.0018453333333333,test-00000-of-00006_1059.png,500,500,3
59.20248132166933,test-00000-of-00006_1059.png,500,500,3
14.238773271829329,test-00000-of-00006_1059.png,500,500,3
67.41526377915557,test-00000-of-00006_1059.png,500,500,3
121.55907791329957,test-00000-of-00006_1059.png,500,500,3
43.592717038490676,test-00000-of-00006_1059.png,500,500,3
56.088970991955556,test-00000-of-00006_1059.png,500,500,3
423.84574651815814,test-00000-of-00006_1059.png,500,500,3
47.65623040315555,test-00000-of-00006_1059.png,500,500,3
548.8275867988464,test-00000-of-00006_1059.png,500,500,3
2.311624,test-00000-of-00006_1059.png,500,500,3
1065.6036112520464,test-00000-of-00006_1059.png,500,500,3
1206.9827670163897,test-00000-of-00006_1059.png,500,500,3
19.993691638398225,test-00000-of-00006_1059.png,500,500,3
12.965449790570666,test-00000-of-00006_1059.png,500,500,3
13.651978367822228,test-00000-of-00006_1059.png,500,500,3
5.950177327557334,test-00000-of-00006_1059.png,500,500,3
665.1879243132995,test-00000-of-00006_1059.png,500,500,3
550.9689159299398,test-00000-of-00006_1059.png,500,500,3
54.27804665500266,test-00000-of-00006_1059.png,500,500,3
4.411978666666666,test-00000-of-00006_1059.png,500,500,3
163.4581564622222,test-00000-of-00006_1059.png,500,500,3
372.6369159208515,test-00000-of-00006_1059.png,500,500,3
1.389432,test-00000-of-00006_1059.png,500,500,3
119.41201235982221,test-00000-of-00006_1059.png,500,500,3
7.882119281066666,test-00000-of-00006_1059.png,500,500,3
2.253061333333333,test-00000-of-00006_1059.png,500,500,3
19.831691906771542,test-00000-of-00006_1059.png,500,500,3
243.39570903448904,test-00000-of-00006_1059.png,500,500,3
387.35591166805125,test-00000-of-00006_1059.png,500,500,3
22.71082912539733,test-00000-of-00006_1059.png,500,500,3
28.603288226629346,test-00000-of-00006_1059.png,500,500,3
1014.926129303024,test-00000-of-00006_1059.png,500,500,3
11.496444558933332,test-00000-of-00006_1059.png,500,500,3
29.68081866322489,test-00000-of-00006_1059.png,500,500,3
233.34498666666667,test-00000-of-00006_1059.png,500,500,3
44.481880561379526,test-00000-of-00006_1059.png,500,500,3
33.31127535426668,test-00000-of-00006_1059.png,500,500,3
925.3468237119555,test-00000-of-00006_1059.png,500,500,3
110.66367595724618,test-00000-of-00006_1059.png,500,500,3
72.63748089420622,test-00000-of-00006_1059.png,500,500,3
14.448271948622219,test-00000-of-00006_1059.png,500,500,3
1.8881173333333334,test-00000-of-00006_1059.png,500,500,3
304.8208140505315,test-00000-of-00006_1059.png,500,500,3
259.888813084473,test-00000-of-00006_1059.png,500,500,3
11.851307644784,test-00000-of-00006_1059.png,500,500,3
38.54163194740621,test-00000-of-00006_1059.png,500,500,3
142.9240643318827,test-00000-of-00006_1059.png,500,500,3
342.2774584072463,test-00000-of-00006_1059.png,500,500,3
41.50302000622934,test-00000-of-00006_1059.png,500,500,3
233.190416,test-00000-of-00006_1059.png,500,500,3
117.69087159000006,test-00000-of-00006_1059.png,500,500,3
21.146149062933336,test-00000-of-00006_1059.png,500,500,3
7.670221265038222,test-00000-of-00006_1059.png,500,500,3
106.27731584106493,test-00000-of-00006_1059.png,500,500,3
1162.3789248177334,test-00000-of-00006_1059.png,500,500,3
73.48016499538492,test-00000-of-00006_1059.png,500,500,3
21.66708064774934,test-00000-of-00006_1059.png,500,500,3
455.9705487311575,test-00000-of-00006_1059.png,500,500,3
435.9457784391665,test-00000-of-00006_1059.png,500,500,3
105.01257590549154,test-00000-of-00006_1059.png,500,500,3
195.15145402407822,test-00000-of-00006_1059.png,500,500,3
123.82378632888891,test-00000-of-00006_1059.png,500,500,3
11.04274399982222,test-00000-of-00006_1059.png,500,500,3
13.694123867504004,test-00000-of-00006_1059.png,500,500,3
33.49826196223288,test-00000-of-00006_1059.png,500,500,3
9.492231393678226,test-00000-of-00006_1059.png,500,500,3
446.9860821316195,test-00000-of-00006_1059.png,500,500,3
2051.1310853909335,test-00000-of-00006_1059.png,500,500,3
8.883609262931556,test-00000-of-00006_1059.png,500,500,3
119.67776792455824,test-00000-of-00006_1059.png,500,500,3
125.655448675184,test-00000-of-00006_1059.png,500,500,3
27.50827060842489,test-00000-of-00006_1059.png,500,500,3
18.06930683271822,test-00000-of-00006_1059.png,500,500,3
11.704533333326221,test-00000-of-00006_1059.png,500,500,3
17.7971883279929,test-00000-of-00006_1059.png,500,500,3
49.983118816255974,test-00000-of-00006_1059.png,500,500,3
1992.3192255330118,test-00000-of-00006_1059.png,500,500,3
83.99016592850491,test-00000-of-00006_1059.png,500,500,3
35.31992402676624,test-00000-of-00006_1059.png,500,500,3
12.268294625050656,test-00000-of-00006_1059.png,500,500,3
395.4851585599997,test-00000-of-00006_1059.png,500,500,3
2234.5217949740363,test-00000-of-00006_1059.png,500,500,3
37.672361473166205,test-00000-of-00006_1059.png,500,500,3
55.49210519040003,test-00000-of-00006_1059.png,500,500,3
59.39565636436623,test-00000-of-00006_1059.png,500,500,3
66.32720782471823,test-00000-of-00006_1059.png,500,500,3
325.09665858231295,test-00000-of-00006_1059.png,500,500,3
7.033998637082666,test-00000-of-00006_1059.png,500,500,3
276.5854984891449,test-00000-of-00006_1059.png,500,500,3
5.816503877966222,test-00000-of-00006_1059.png,500,500,3
1764.922680274559,test-00000-of-00006_1059.png,500,500,3
42.07083555411734,test-00000-of-00006_1059.png,500,500,3
24.36575083935288,test-00000-of-00006_1059.png,500,500,3
48.3582005389582,test-00000-of-00006_1059.png,500,500,3
14.834623899299554,test-00000-of-00006_1059.png,500,500,3
8.581250645930671,test-00000-of-00006_1059.png,500,500,3
86.55764435401959,test-00000-of-00006_1059.png,500,500,3
890.1910693332197,test-00000-of-00006_1059.png,500,500,3
17.006959996864005,test-00000-of-00006_1059.png,500,500,3
164.63686769676625,test-00000-of-00006_1059.png,500,500,3
38.73129173674489,test-00000-of-00006_1059.png,500,500,3
48.59586657364623,test-00000-of-00006_1059.png,500,500,3
10.164306606478219,test-00000-of-00006_1059.png,500,500,3
29.06276798002488,test-00000-of-00006_1059.png,500,500,3
185.6072448423662,test-00000-of-00006_1059.png,500,500,3
31.976003983955547,test-00000-of-00006_1059.png,500,500,3
152.8801507882667,test-00000-of-00006_1059.png,500,500,3
22.276529579512886,test-00000-of-00006_1059.png,500,500,3
857.3123939896251,test-00000-of-00006_1059.png,500,500,3
421.895079376953,test-00000-of-00006_1059.png,500,500,3
286.90156263753966,test-00000-of-00006_1059.png,500,500,3
582.7701421501848,test-00000-of-00006_1059.png,500,500,3
32.10848514207288,test-00000-of-00006_1059.png,500,500,3
18.447073333189337,test-00000-of-00006_1059.png,500,500,3
9.349366641491553,test-00000-of-00006_1059.png,500,500,3
387.6318926232462,test-00000-of-00006_1059.png,500,500,3
222.9024103850595,test-00000-of-00006_1059.png,500,500,3
1001.9175134788195,test-00000-of-00006_1059.png,500,500,3
76.06863753318399,test-00000-of-00006_1059.png,500,500,3
47.29881550928888,test-00000-of-00006_1059.png,500,500,3
5.817925333333333,test-00000-of-00006_1059.png,500,500,3
180.31369705595557,test-00000-of-00006_1059.png,500,500,3
746.103427207067,test-00000-of-00006_1059.png,500,500,3
118.273823659456,test-00000-of-00006_1059.png,500,500,3
1.699528,test-00000-of-00006_1059.png,500,500,3
3.5462933333333333,test-00000-of-00006_1059.png,500,500,3
38.72962382694399,test-00000-of-00006_1059.png,500,500,3
5.315408,test-00000-of-00006_1059.png,500,500,3
113.52253066666667,test-00000-of-00006_1059.png,500,500,3
2083.281845054064,test-00000-of-00006_1059.png,500,500,3
354.4083659452996,test-00000-of-00006_1059.png,500,500,3
1204.9779003544459,test-00000-of-00006_1059.png,500,500,3
711.3461505954116,test-00000-of-00006_1059.png,500,500,3
140.33835261196623,test-00000-of-00006_1059.png,500,500,3
88.80787832038403,test-00000-of-00006_1059.png,500,500,3
179.97912238505953,test-00000-of-00006_1059.png,500,500,3
27.300370960490653,test-00000-of-00006_1059.png,500,500,3
46.85835440106488,test-00000-of-00006_1059.png,500,500,3
33.17432284073066,test-00000-of-00006_1059.png,500,500,3
12.236670660890669,test-00000-of-00006_1059.png,500,500,3
5.138368,test-00000-of-00006_1059.png,500,500,3
238.96266459831284,test-00000-of-00006_1059.png,500,500,3
432.68114572447286,test-00000-of-00006_1059.png,500,500,3
152.87266275956625,test-00000-of-00006_1059.png,500,500,3
68.31030505030932,test-00000-of-00006_1059.png,500,500,3
38.482088499882636,test-00000-of-00006_1059.png,500,500,3
5.767464,test-00000-of-00006_1059.png,500,500,3
18.915838666451553,test-00000-of-00006_1059.png,500,500,3
61.41402478177956,test-00000-of-00006_1059.png,500,500,3
73.54068846058489,test-00000-of-00006_1059.png,500,500,3
105.0123566045796,test-00000-of-00006_1059.png,500,500,3
17.285087999424004,test-00000-of-00006_1059.png,500,500,3
224.04186283925156,test-00000-of-00006_1059.png,500,500,3
40.22796568524623,test-00000-of-00006_1059.png,500,500,3
64.36485465382222,test-00000-of-00006_1059.png,500,500,3
135.52627733333333,test-00000-of-00006_1059.png,500,500,3
11.022282666602672,test-00000-of-00006_1059.png,500,500,3
12.387306921171556,test-00000-of-00006_1059.png,500,500,3
180.15768628757158,test-00000-of-00006_1059.png,500,500,3
1835.0978863734827,test-00000-of-00006_1059.png,500,500,3
16.469724885326226,test-00000-of-00006_1059.png,500,500,3
13.453622191486222,test-00000-of-00006_1059.png,500,500,3
10.809279971775998,test-00000-of-00006_1059.png,500,500,3
1066.9759067178222,test-00000-of-00006_1059.png,500,500,3
932.2278844735981,test-00000-of-00006_1059.png,500,500,3
14.8084159936,test-00000-of-00006_1059.png,500,500,3
205.2501234026223,test-00000-of-00006_1059.png,500,500,3
18.915838666451553,test-00000-of-00006_1059.png,500,500,3
377.265455026489,test-00000-of-00006_1059.png,500,500,3
300.4021397910115,test-00000-of-00006_1059.png,500,500,3
383.4286789110596,test-00000-of-00006_1059.png,500,500,3
87.05617922751821,test-00000-of-00006_1059.png,500,500,3
77.250941475584,test-00000-of-00006_1059.png,500,500,3
5.1592986666666665,test-00000-of-00006_1059.png,500,500,3
10.844425661326225,test-00000-of-00006_1059.png,500,500,3
17.20523238052267,test-00000-of-00006_1059.png,500,500,3
502.54410780380266,test-00000-of-00006_1059.png,500,500,3
255.0939798818063,test-00000-of-00006_1059.png,500,500,3
43.10064092543823,test-00000-of-00006_1059.png,500,500,3
1620.302393162745,test-00000-of-00006_1059.png,500,500,3
290.020189490944,test-00000-of-00006_1059.png,500,500,3
9.453661314104888,test-00000-of-00006_1059.png,500,500,3
305.4027875155556,test-00000-of-00006_1059.png,500,500,3
55.67751814634489,test-00000-of-00006_1059.png,500,500,3
20.180978645155555,test-00000-of-00006_1059.png,500,500,3
7.64983332714489,test-00000-of-00006_1059.png,500,500,3
228.07049990677166,test-00000-of-00006_1059.png,500,500,3
325.2970664524641,test-00000-of-00006_1059.png,500,500,3
77.80151063465955,test-00000-of-00006_1059.png,500,500,3
4.494018650958225,test-00000-of-00006_1059.png,500,500,3
24.15895463017066,test-00000-of-00006_1059.png,500,500,3
294.2269584504889,test-00000-of-00006_1059.png,500,500,3
233.70330060885146,test-00000-of-00006_1059.png,500,500,3
277.8072426466917,test-00000-of-00006_1059.png,500,500,3
39.490827735637346,test-00000-of-00006_1059.png,500,500,3
105.01257590549154,test-00000-of-00006_1059.png,500,500,3
130.6470051662916,test-00000-of-00006_1059.png,500,500,3
243.07884726726414,test-00000-of-00006_1059.png,500,500,3
5.190062653822222,test-00000-of-00006_1059.png,500,500,3
201.75551585761957,test-00000-of-00006_1059.png,500,500,3
73.54068846058489,test-00000-of-00006_1059.png,500,500,3
20.667759031744,test-00000-of-00006_1059.png,500,500,3
1.318304,test-00000-of-00006_1059.png,500,500,3
28.603288226629346,test-00000-of-00006_1059.png,500,500,3
152.9343621635129,test-00000-of-00006_1059.png,500,500,3
392.1831537399396,test-00000-of-00006_1059.png,500,500,3
201.99022076782938,test-00000-of-00006_1059.png,500,500,3
16.48957240660622,test-00000-of-00006_1059.png,500,500,3
11.341651768318213,test-00000-of-00006_1059.png,500,500,3
487.7300173210865,test-00000-of-00006_1059.png,500,500,3
389.62680166040025,test-00000-of-00006_1059.png,500,500,3
191.90289281079288,test-00000-of-00006_1059.png,500,500,3
28.69141095389154,test-00000-of-00006_1059.png,500,500,3
3.786117333155557,test-00000-of-00006_1059.png,500,500,3
191.6226450180106,test-00000-of-00006_1059.png,500,500,3
644.6211492844373,test-00000-of-00006_1059.png,500,500,3
331.29826017868623,test-00000-of-00006_1059.png,500,500,3
256.1521545867663,test-00000-of-00006_1059.png,500,500,3
38.73129173674489,test-00000-of-00006_1059.png,500,500,3
16.40401724333334,test-00000-of-00006_1059.png,500,500,3
2.4743626666666665,test-00000-of-00006_1059.png,500,500,3
57.586359820223976,test-00000-of-00006_1059.png,500,500,3
58.39535995892623,test-00000-of-00006_1059.png,500,500,3
353.0777442600373,test-00000-of-00006_1059.png,500,500,3
442.7164269584783,test-00000-of-00006_1059.png,500,500,3
104.68125381289057,test-00000-of-00006_1059.png,500,500,3
517.9214334259893,test-00000-of-00006_1059.png,500,500,3
162.66745199729598,test-00000-of-00006_1059.png,500,500,3
39.086929399288884,test-00000-of-00006_1059.png,500,500,3
15.758587206819557,test-00000-of-00006_1059.png,500,500,3
68.94673027316621,test-00000-of-00006_1059.png,500,500,3
355.58559538743293,test-00000-of-00006_1059.png,500,500,3
82.94415622943288,test-00000-of-00006_1059.png,500,500,3
900.5012572449261,test-00000-of-00006_1059.png,500,500,3
15.495586652266661,test-00000-of-00006_1059.png,500,500,3
55.50034659652268,test-00000-of-00006_1059.png,500,500,3
9.770050959599999,test-00000-of-00006_1059.png,500,500,3
4.9711358378595545,test-00000-of-00006_1059.png,500,500,3
29.155284982869336,test-00000-of-00006_1059.png,500,500,3
252.70270259767295,test-00000-of-00006_1059.png,500,500,3
10.241111751331555,test-00000-of-00006_1059.png,500,500,3
98.61458496338489,test-00000-of-00006_1059.png,500,500,3
38.54163194740621,test-00000-of-00006_1059.png,500,500,3
198.05471250772626,test-00000-of-00006_1059.png,500,500,3
339.62906184105964,test-00000-of-00006_1059.png,500,500,3
185.6072448423662,test-00000-of-00006_1059.png,500,500,3
1059.8798986234024,test-00000-of-00006_1059.png,500,500,3
26.200178563198218,test-00000-of-00006_1059.png,500,500,3
778.6882442171446,test-00000-of-00006_1059.png,500,500,3
143.19600196806397,test-00000-of-00006_1059.png,500,500,3
365.6630759796461,test-00000-of-00006_1059.png,500,500,3
297.26119456082483,test-00000-of-00006_1059.png,500,500,3
23.77324038924623,test-00000-of-00006_1059.png,500,500,3
163.08116313727822,test-00000-of-00006_1059.png,500,500,3
7.300591949823999,test-00000-of-00006_1059.png,500,500,3
88.63292019270934,test-00000-of-00006_1059.png,500,500,3
33.28336250196623,test-00000-of-00006_1059.png,500,500,3
17.726052439592895,test-00000-of-00006_1059.png,500,500,3
5.315408,test-00000-of-00006_1059.png,500,500,3
29.68081866322489,test-00000-of-00006_1059.png,500,500,3
1340.9867529078592,test-00000-of-00006_1059.png,500,500,3
374.35903321383825,test-00000-of-00006_1059.png,500,500,3
16.536533046606227,test-00000-of-00006_1059.png,500,500,3
232.88717650886937,test-00000-of-00006_1059.png,500,500,3
89.49499661203733,test-00000-of-00006_1059.png,500,500,3
43.254148037624894,test-00000-of-00006_1059.png,500,500,3
10.959887430478217,test-00000-of-00006_1059.png,500,500,3
848.1700699891182,test-00000-of-00006_1059.png,500,500,3
461.88930467788623,test-00000-of-00006_1059.png,500,500,3
15.922805917864881,test-00000-of-00006_1059.png,500,500,3
2.311624,test-00000-of-00006_1059.png,500,500,3
215.29476686790395,test-00000-of-00006_1059.png,500,500,3
36.39152922487288,test-00000-of-00006_1059.png,500,500,3
1065.6036112520464,test-00000-of-00006_1059.png,500,500,3
381.1279628859449,test-00000-of-00006_1059.png,500,500,3
3.786117333155557,test-00000-of-00006_1059.png,500,500,3
252.21221062924627,test-00000-of-00006_1059.png,500,500,3
34.32115232533157,test-00000-of-00006_1059.png,500,500,3
93.12485906328891,test-00000-of-00006_1059.png,500,500,3
4.793,test-00000-of-00006_1059.png,500,500,3
256.80392799128884,test-00000-of-00006_1059.png,500,500,3
10.13543840283733,test-00000-of-00006_1059.png,500,500,3
347.39904804487827,test-00000-of-00006_1059.png,500,500,3
11.122889296979555,test-00000-of-00006_1059.png,500,500,3
115.40641543047819,test-00000-of-00006_1059.png,500,500,3
287.8739305882666,test-00000-of-00006_1059.png,500,500,3
147.5511078515182,test-00000-of-00006_1059.png,500,500,3
343.1444583169262,test-00000-of-00006_1059.png,500,500,3
264.1860417788515,test-00000-of-00006_1059.png,500,500,3
110.27012060160001,test-00000-of-00006_1059.png,500,500,3
88.95949018225068,test-00000-of-00006_1059.png,500,500,3
74.77639820607823,test-00000-of-00006_1059.png,500,500,3
379.26848234409954,test-00000-of-00006_1059.png,500,500,3
250.4041510592694,test-00000-of-00006_1059.png,500,500,3
15.460449330899566,test-00000-of-00006_1059.png,500,500,3
10.662042615288886,test-00000-of-00006_1059.png,500,500,3
9.521189315555558,test-00000-of-00006_1059.png,500,500,3
259.2443789034648,test-00000-of-00006_1059.png,500,500,3
10.448628435198218,test-00000-of-00006_1059.png,500,500,3
373.68329482849964,test-00000-of-00006_1059.png,500,500,3
15.645162390691551,test-00000-of-00006_1059.png,500,500,3
5.080701333333334,test-00000-of-00006_1059.png,500,500,3
185.23261071103286,test-00000-of-00006_1059.png,500,500,3
48.40914785108623,test-00000-of-00006_1059.png,500,500,3
210.81337059412627,test-00000-of-00006_1059.png,500,500,3
365.3856233122063,test-00000-of-00006_1059.png,500,500,3
51.43651258602491,test-00000-of-00006_1059.png,500,500,3
39.65751859049066,test-00000-of-00006_1059.png,500,500,3
73.92584565734397,test-00000-of-00006_1059.png,500,500,3
17.899204472149336,test-00000-of-00006_1059.png,500,500,3
61.22851066517156,test-00000-of-00006_1059.png,500,500,3
9.567633318611556,test-00000-of-00006_1059.png,500,500,3
255.80762400929956,test-00000-of-00006_1059.png,500,500,3
634.7713464929849,test-00000-of-00006_1059.png,500,500,3
57.382658002424876,test-00000-of-00006_1059.png,500,500,3
375.0860639597492,test-00000-of-00006_1059.png,500,500,3
106.27731584106493,test-00000-of-00006_1059.png,500,500,3
62.66961371502935,test-00000-of-00006_1059.png,500,500,3
134.3087797932782,test-00000-of-00006_1059.png,500,500,3
449.7130580854826,test-00000-of-00006_1059.png,500,500,3
0.928048,test-00000-of-00006_1059.png,500,500,3
10.224759813376002,test-00000-of-00006_1059.png,500,500,3
43.506003926739545,test-00000-of-00006_1059.png,500,500,3
77.04860162898488,test-00000-of-00006_1059.png,500,500,3
218.01439197843743,test-00000-of-00006_1059.png,500,500,3
143.14382028281605,test-00000-of-00006_1059.png,500,500,3
75.49802450505953,test-00000-of-00006_1059.png,500,500,3
68.32376497012626,test-00000-of-00006_1059.png,500,500,3
2583.007630738317,test-00000-of-00006_1059.png,500,500,3
237.47879768159999,test-00000-of-00006_1059.png,500,500,3
247.52274907977952,test-00000-of-00006_1059.png,500,500,3
37.97637190014402,test-00000-of-00006_1059.png,500,500,3
355.8676786663662,test-00000-of-00006_1059.png,500,500,3
1.1033626666666667,test-00000-of-00006_1059.png,500,500,3
30.595195629112894,test-00000-of-00006_1059.png,500,500,3
203.5319908565263,test-00000-of-00006_1059.png,500,500,3
100.61923082062934,test-00000-of-00006_1059.png,500,500,3
9.673653752730669,test-00000-of-00006_1059.png,500,500,3
48.3582005389582,test-00000-of-00006_1059.png,500,500,3
483.7127724770916,test-00000-of-00006_1059.png,500,500,3
199.9174632084463,test-00000-of-00006_1059.png,500,500,3
942.3520491802668,test-00000-of-00006_1059.png,500,500,3
19.226807927459546,test-00000-of-00006_1059.png,500,500,3
28.11994044849601,test-00000-of-00006_1059.png,500,500,3
95.32656879089596,test-00000-of-00006_1059.png,500,500,3
57.382658002424876,test-00000-of-00006_1059.png,500,500,3
283.5526165155556,test-00000-of-00006_1059.png,500,500,3
12.065338446392891,test-00000-of-00006_1059.png,500,500,3
49.983118816255974,test-00000-of-00006_1059.png,500,500,3
34.73356831457955,test-00000-of-00006_1059.png,500,500,3
1357.2609726661963,test-00000-of-00006_1059.png,500,500,3
49.03373590758399,test-00000-of-00006_1059.png,500,500,3
75.50887183841958,test-00000-of-00006_1059.png,500,500,3
12.389653298488883,test-00000-of-00006_1059.png,500,500,3
196.11124086749157,test-00000-of-00006_1059.png,500,500,3
708.9969481086221,test-00000-of-00006_1059.png,500,500,3
103.4716669896516,test-00000-of-00006_1059.png,500,500,3
62.776787546622224,test-00000-of-00006_1059.png,500,500,3
57.18708209714488,test-00000-of-00006_1059.png,500,500,3
75.98302694939731,test-00000-of-00006_1059.png,500,500,3
193.62971578247826,test-00000-of-00006_1059.png,500,500,3
486.0962505483305,test-00000-of-00006_1059.png,500,500,3
52.02442111054934,test-00000-of-00006_1059.png,500,500,3
110.72821409268622,test-00000-of-00006_1059.png,500,500,3
13.651978367822228,test-00000-of-00006_1059.png,500,500,3
24.15895463017066,test-00000-of-00006_1059.png,500,500,3
152.6216964604515,test-00000-of-00006_1059.png,500,500,3
27.692406856176,test-00000-of-00006_1059.png,500,500,3
8.445877504682663,test-00000-of-00006_1059.png,500,500,3
684.225344184489,test-00000-of-00006_1059.png,500,500,3
123.82378632888891,test-00000-of-00006_1059.png,500,500,3
563.4005110681317,test-00000-of-00006_1059.png,500,500,3
376.36935197087297,test-00000-of-00006_1059.png,500,500,3
13.667865172264877,test-00000-of-00006_1059.png,500,500,3
800.101000543771,test-00000-of-00006_1059.png,500,500,3
1771.039093028628,test-00000-of-00006_1059.png,500,500,3
233.6571301540249,test-00000-of-00006_1059.png,500,500,3
667.0730834324888,test-00000-of-00006_1059.png,500,500,3
15.09953689599289,test-00000-of-00006_1059.png,500,500,3
263.7739017166915,test-00000-of-00006_1059.png,500,500,3
102.81442254924627,test-00000-of-00006_1059.png,500,500,3
350.93503437493337,test-00000-of-00006_1059.png,500,500,3
371.8598958655555,test-00000-of-00006_1059.png,500,500,3
28.71042532582223,test-00000-of-00006_1059.png,500,500,3
31.699741311032895,test-00000-of-00006_1059.png,500,500,3
7.64983332714489,test-00000-of-00006_1059.png,500,500,3
353.8482667242667,test-00000-of-00006_1059.png,500,500,3
11.191203985278223,test-00000-of-00006_1059.png,500,500,3
5.067464,test-00000-of-00006_1059.png,500,500,3
0.8879413333333334,test-00000-of-00006_1059.png,500,500,3
387.35591166805125,test-00000-of-00006_1059.png,500,500,3
325.73828326040007,test-00000-of-00006_1059.png,500,500,3
263.1697920639555,test-00000-of-00006_1059.png,500,500,3
73.96472385151823,test-00000-of-00006_1059.png,500,500,3
781.605987906105,test-00000-of-00006_1059.png,500,500,3
5.950177327557334,test-00000-of-00006_1059.png,500,500,3
4.7683493332693345,test-00000-of-00006_1059.png,500,500,3
4.557871740579555,test-00000-of-00006_1059.png,500,500,3
63.2558878492996,test-00000-of-00006_1059.png,500,500,3
259.2443789034648,test-00000-of-00006_1059.png,500,500,3
428.56178233554505,test-00000-of-00006_1059.png,500,500,3
69.53867321953955,test-00000-of-00006_1059.png,500,500,3
23.59572197887288,test-00000-of-00006_1059.png,500,500,3
60.4619779832889,test-00000-of-00006_1059.png,500,500,3
367.65160292117156,test-00000-of-00006_1059.png,500,500,3
134.05499747361958,test-00000-of-00006_1059.png,500,500,3
65.10015083974399,test-00000-of-00006_1059.png,500,500,3
9.673653752730669,test-00000-of-00006_1059.png,500,500,3
5.136675851518222,test-00000-of-00006_1059.png,500,500,3
56.96318982535822,test-00000-of-00006_1059.png,500,500,3
111.89827733330488,test-00000-of-00006_1059.png,500,500,3
4.275093333333333,test-00000-of-00006_1059.png,500,500,3
304.75344093222225,test-00000-of-00006_1059.png,500,500,3
242.2814089542382,test-00000-of-00006_1059.png,500,500,3
1702.6260231416159,test-00000-of-00006_1059.png,500,500,3
4.294149333333333,test-00000-of-00006_1059.png,500,500,3
147.90287458975297,test-00000-of-00006_1059.png,500,500,3
57.0005129185973,test-00000-of-00006_1059.png,500,500,3
16.660845046037352,test-00000-of-00006_1059.png,500,500,3
149.10084848415286,test-00000-of-00006_1059.png,500,500,3
61.29854260582223,test-00000-of-00006_1059.png,500,500,3
130.4456519572889,test-00000-of-00006_1059.png,500,500,3
103.95679133414401,test-00000-of-00006_1059.png,500,500,3
20.25906124253156,test-00000-of-00006_1059.png,500,500,3
57.44854100818485,test-00000-of-00006_1059.png,500,500,3
1669.4486387406914,test-00000-of-00006_1059.png,500,500,3
161.33293977342396,test-00000-of-00006_1059.png,500,500,3
1383.9407882517337,test-00000-of-00006_1059.png,500,500,3
955.5989137841756,test-00000-of-00006_1059.png,500,500,3
38.73527466609068,test-00000-of-00006_1059.png,500,500,3
1578.224759906639,test-00000-of-00006_1059.png,500,500,3
134.74048883605155,test-00000-of-00006_1059.png,500,500,3
105.79064980565154,test-00000-of-00006_1059.png,500,500,3
608.1143102253441,test-00000-of-00006_1059.png,500,500,3
45.050410515966234,test-00000-of-00006_1059.png,500,500,3
2.8096,test-00000-of-00006_1059.png,500,500,3
23.635178482339548,test-00000-of-00006_1059.png,500,500,3
24.775886962318218,test-00000-of-00006_1059.png,500,500,3
27.066958202451566,test-00000-of-00006_1059.png,500,500,3
215.41000894229157,test-00000-of-00006_1059.png,500,500,3
336.7503225711627,test-00000-of-00006_1059.png,500,500,3
195.15145402407822,test-00000-of-00006_1059.png,500,500,3
64.23891324333334,test-00000-of-00006_1059.png,500,500,3
9.961539999998221,test-00000-of-00006_1059.png,500,500,3
126.87207239250483,test-00000-of-00006_1059.png,500,500,3
1.6500026666666667,test-00000-of-00006_1059.png,500,500,3
68.01863203373334,test-00000-of-00006_1059.png,500,500,3
23.29666724193955,test-00000-of-00006_1059.png,500,500,3
78.16186844995556,test-00000-of-00006_1059.png,500,500,3
61.55852986862222,test-00000-of-00006_1059.png,500,500,3
140.96574508065956,test-00000-of-00006_1059.png,500,500,3
22.527681251155567,test-00000-of-00006_1059.png,500,500,3
180.32611574811736,test-00000-of-00006_1059.png,500,500,3
75.98302694939731,test-00000-of-00006_1059.png,500,500,3
9.696730589752889,test-00000-of-00006_1059.png,500,500,3
230.45828666517167,test-00000-of-00006_1059.png,500,500,3
8.925891997566222,test-00000-of-00006_1059.png,500,500,3
70.0585204893849,test-00000-of-00006_1059.png,500,500,3
289.53755454310397,test-00000-of-00006_1059.png,500,500,3
116.90794208848888,test-00000-of-00006_1059.png,500,500,3
70.59753183244624,test-00000-of-00006_1059.png,500,500,3
179.97912238505953,test-00000-of-00006_1059.png,500,500,3
418.2843939964514,test-00000-of-00006_1059.png,500,500,3
21.66893733331733,test-00000-of-00006_1059.png,500,500,3
9.19848,test-00000-of-00006_1059.png,500,500,3
1.8881173333333334,test-00000-of-00006_1059.png,500,500,3
94.35441033958399,test-00000-of-00006_1059.png,500,500,3
478.5714588593761,test-00000-of-00006_1059.png,500,500,3
412.6913585455626,test-00000-of-00006_1059.png,500,500,3
30.487197856666665,test-00000-of-00006_1059.png,500,500,3
167.38934596106662,test-00000-of-00006_1059.png,500,500,3
189.3768652177334,test-00000-of-00006_1059.png,500,500,3
9.625438409038221,test-00000-of-00006_1059.png,500,500,3
153.60690861874494,test-00000-of-00006_1059.png,500,500,3
93.12485906328891,test-00000-of-00006_1059.png,500,500,3
43.506003926739545,test-00000-of-00006_1059.png,500,500,3
123.18158603081962,test-00000-of-00006_1059.png,500,500,3
25.199833119272892,test-00000-of-00006_1059.png,500,500,3
32.798401321669346,test-00000-of-00006_1059.png,500,500,3
140.89218182395553,test-00000-of-00006_1059.png,500,500,3
833.9903226217792,test-00000-of-00006_1059.png,500,500,3
16.436938527288888,test-00000-of-00006_1059.png,500,500,3
14.864559346851555,test-00000-of-00006_1059.png,500,500,3
11.4508399936,test-00000-of-00006_1059.png,500,500,3
37.33479295692622,test-00000-of-00006_1059.png,500,500,3
103.95679133414401,test-00000-of-00006_1059.png,500,500,3
119.04722557041063,test-00000-of-00006_1059.png,500,500,3
16.12774666660267,test-00000-of-00006_1059.png,500,500,3
10.295121329733334,test-00000-of-00006_1059.png,500,500,3
18.048815537600003,test-00000-of-00006_1059.png,500,500,3
460.38273680528886,test-00000-of-00006_1059.png,500,500,3
59.803176159224876,test-00000-of-00006_1059.png,500,500,3
8.927581298488892,test-00000-of-00006_1059.png,500,500,3
30.732086628250652,test-00000-of-00006_1059.png,500,500,3
1.5877893333333333,test-00000-of-00006_1059.png,500,500,3
110.891303569664,test-00000-of-00006_1059.png,500,500,3
8.445877504682663,test-00000-of-00006_1059.png,500,500,3
94.54917057905067,test-00000-of-00006_1059.png,500,500,3
86.15737387100263,test-00000-of-00006_1059.png,500,500,3
646.9442219993315,test-00000-of-00006_1059.png,500,500,3
17.39489711927289,test-00000-of-00006_1059.png,500,500,3
7.032561333331557,test-00000-of-00006_1059.png,500,500,3
485.25049127506503,test-00000-of-00006_1059.png,500,500,3
71.72433461303291,test-00000-of-00006_1059.png,500,500,3
66.61559323347734,test-00000-of-00006_1059.png,500,500,3
115.64180029641955,test-00000-of-00006_1059.png,500,500,3
58.975786167288916,test-00000-of-00006_1059.png,500,500,3
140.96574508065956,test-00000-of-00006_1059.png,500,500,3
275.40226605118403,test-00000-of-00006_1059.png,500,500,3
318.8952700540994,test-00000-of-00006_1059.png,500,500,3
313.853906900025,test-00000-of-00006_1059.png,500,500,3
377.19115779804275,test-00000-of-00006_1059.png,500,500,3
17.989156892442672,test-00000-of-00006_1059.png,500,500,3
156.320268223216,test-00000-of-00006_1059.png,500,500,3
44.12672588364623,test-00000-of-00006_1059.png,500,500,3
2317.270169610025,test-00000-of-00006_1059.png,500,500,3
175.56640767095288,test-00000-of-00006_1059.png,500,500,3
85.86025167428267,test-00000-of-00006_1059.png,500,500,3
44.36641167585955,test-00000-of-00006_1059.png,500,500,3
148.82893270004615,test-00000-of-00006_1059.png,500,500,3
169.20338322188624,test-00000-of-00006_1059.png,500,500,3
144.610119334144,test-00000-of-00006_1059.png,500,500,3
374.357342159273,test-00000-of-00006_1059.png,500,500,3
243.8143640729528,test-00000-of-00006_1059.png,500,500,3
169.61139320277152,test-00000-of-00006_1059.png,500,500,3
17.38774934931733,test-00000-of-00006_1059.png,500,500,3
2024.6446819074822,test-00000-of-00006_1059.png,500,500,3
159.4211069156249,test-00000-of-00006_1059.png,500,500,3
1.6568506666666667,test-00000-of-00006_1059.png,500,500,3
5.505558198810667,test-00000-of-00006_1059.png,500,500,3
2253.846663570686,test-00000-of-00006_1059.png,500,500,3
9.975355982576,test-00000-of-00006_1059.png,500,500,3
1170.9933066090664,test-00000-of-00006_1059.png,500,500,3
244.3198230673051,test-00000-of-00006_1059.png,500,500,3
282.7282597590596,test-00000-of-00006_1059.png,500,500,3
3.4167373313973335,test-00000-of-00006_1059.png,500,500,3
224.12238762871306,test-00000-of-00006_1059.png,500,500,3
7.311615971776,test-00000-of-00006_1059.png,500,500,3
15.92685463799289,test-00000-of-00006_1059.png,500,500,3
142.9240643318827,test-00000-of-00006_1059.png,500,500,3
11.704533333326221,test-00000-of-00006_1059.png,500,500,3
2.817208,test-00000-of-00006_1059.png,500,500,3
201.58982796949164,test-00000-of-00006_1059.png,500,500,3
237.47879768159999,test-00000-of-00006_1059.png,500,500,3
4.394122666666667,test-00000-of-00006_1059.png,500,500,3
232.27030779084623,test-00000-of-00006_1059.png,500,500,3
185.23261071103286,test-00000-of-00006_1059.png,500,500,3
295.5827948191556,test-00000-of-00006_1059.png,500,500,3
15.495586652266661,test-00000-of-00006_1059.png,500,500,3
22.238645317624897,test-00000-of-00006_1059.png,500,500,3
250.4041510592694,test-00000-of-00006_1059.png,500,500,3
184.72113757873598,test-00000-of-00006_1059.png,500,500,3
10.72545199948622,test-00000-of-00006_1059.png,500,500,3
955.5989137841756,test-00000-of-00006_1059.png,500,500,3
70.63131633865954,test-00000-of-00006_1059.png,500,500,3
208.05805463231817,test-00000-of-00006_1059.png,500,500,3
14.93716355733156,test-00000-of-00006_1059.png,500,500,3
329.33617363711295,test-00000-of-00006_1059.png,500,500,3
18.067810521251552,test-00000-of-00006_1059.png,500,500,3
14.148862662739557,test-00000-of-00006_1059.png,500,500,3
121.55907791329957,test-00000-of-00006_1059.png,500,500,3
329.4109730601529,test-00000-of-00006_1059.png,500,500,3
86.55764435401959,test-00000-of-00006_1059.png,500,500,3
45.713761619155555,test-00000-of-00006_1059.png,500,500,3
17.86606266588266,test-00000-of-00006_1059.png,500,500,3
8.972036807224889,test-00000-of-00006_1059.png,500,500,3
133.4601141745049,test-00000-of-00006_1059.png,500,500,3
202.5859368942062,test-00000-of-00006_1059.png,500,500,3
1064.6154485610668,test-00000-of-00006_1059.png,500,500,3
124.23870090662228,test-00000-of-00006_1059.png,500,500,3
11.972143854584893,test-00000-of-00006_1059.png,500,500,3
388.088130505385,test-00000-of-00006_1059.png,500,500,3
62.76345999537603,test-00000-of-00006_1059.png,500,500,3
146.5458959784373,test-00000-of-00006_1059.png,500,500,3
17.777001331838232,test-00000-of-00006_1059.png,500,500,3
18.207922523278228,test-00000-of-00006_1059.png,500,500,3
173.6694451278222,test-00000-of-00006_1059.png,500,500,3
384.60451474118406,test-00000-of-00006_1059.png,500,500,3
78.30368078573335,test-00000-of-00006_1059.png,500,500,3
7.300591949823999,test-00000-of-00006_1059.png,500,500,3
71.30461715693336,test-00000-of-00006_1059.png,500,500,3
48.3582005389582,test-00000-of-00006_1059.png,500,500,3
1.31916,test-00000-of-00006_1059.png,500,500,3
195.15145402407822,test-00000-of-00006_1059.png,500,500,3
12.882174662042663,test-00000-of-00006_1059.png,500,500,3
351.5098930046223,test-00000-of-00006_1059.png,500,500,3
496.16164257905046,test-00000-of-00006_1059.png,500,500,3
104.68125381289057,test-00000-of-00006_1059.png,500,500,3
11.68874789153955,test-00000-of-00006_1059.png,500,500,3
388.088130505385,test-00000-of-00006_1059.png,500,500,3
94.03951125156262,test-00000-of-00006_1059.png,500,500,3
57.48482665130489,test-00000-of-00006_1059.png,500,500,3
80.4438800643129,test-00000-of-00006_1059.png,500,500,3
71.92634150666667,test-00000-of-00006_1059.png,500,500,3
19.803156913429333,test-00000-of-00006_1059.png,500,500,3
5.520942593406224,test-00000-of-00006_1059.png,500,500,3
20.918622625050673,test-00000-of-00006_1059.png,500,500,3
73.18580260383285,test-00000-of-00006_1059.png,500,500,3
55.11282299916622,test-00000-of-00006_1059.png,500,500,3
48.40914785108623,test-00000-of-00006_1059.png,500,500,3
49.85848530687287,test-00000-of-00006_1059.png,500,500,3
158.69913333333332,test-00000-of-00006_1059.png,500,500,3
49.850572361955535,test-00000-of-00006_1059.png,500,500,3
70.15113279430933,test-00000-of-00006_1059.png,500,500,3
2.817208,test-00000-of-00006_1059.png,500,500,3
45.326409648291566,test-00000-of-00006_1059.png,500,500,3
127.33009139160004,test-00000-of-00006_1059.png,500,500,3
9.625438409038221,test-00000-of-00006_1059.png,500,500,3
8.281021309411555,test-00000-of-00006_1059.png,500,500,3
38.54163194740621,test-00000-of-00006_1059.png,500,500,3
234.0283930538222,test-00000-of-00006_1059.png,500,500,3
694.4790317896247,test-00000-of-00006_1059.png,500,500,3
12.152999995903988,test-00000-of-00006_1059.png,500,500,3
198.30159183785955,test-00000-of-00006_1059.png,500,500,3
360.1114571635893,test-00000-of-00006_1059.png,500,500,3
713.9531916072516,test-00000-of-00006_1059.png,500,500,3
49.44750597222224,test-00000-of-00006_1059.png,500,500,3
47.31497500532622,test-00000-of-00006_1059.png,500,500,3
1.373904,test-00000-of-00006_1059.png,500,500,3
20.535645278264887,test-00000-of-00006_1059.png,500,500,3
105.01257590549154,test-00000-of-00006_1059.png,500,500,3
271.23068798804616,test-00000-of-00006_1059.png,500,500,3
86.08313654857957,test-00000-of-00006_1059.png,500,500,3
152.11161599982225,test-00000-of-00006_1059.png,500,500,3
67.39519443831291,test-00000-of-00006_1059.png,500,500,3
1162.3789248177334,test-00000-of-00006_1059.png,500,500,3
371.06949306845155,test-00000-of-00006_1059.png,500,500,3
187.28988830847828,test-00000-of-00006_1059.png,500,500,3
37.215165333219566,test-00000-of-00006_1059.png,500,500,3
118.273823659456,test-00000-of-00006_1059.png,500,500,3
148.7531019602329,test-00000-of-00006_1059.png,500,500,3
14.686719937166224,test-00000-of-00006_1059.png,500,500,3
88.36103966514489,test-00000-of-00006_1059.png,500,500,3
283.2608360388106,test-00000-of-00006_1059.png,500,500,3
7.946936987589332,test-00000-of-00006_1059.png,500,500,3
654.5913219146224,test-00000-of-00006_1059.png,500,500,3
868.2525907250064,test-00000-of-00006_1059.png,500,500,3
12.389653298488883,test-00000-of-00006_1059.png,500,500,3
356.2663288282862,test-00000-of-00006_1059.png,500,500,3
198.15126927751822,test-00000-of-00006_1059.png,500,500,3
18.994321168490657,test-00000-of-00006_1059.png,500,500,3
68.9704600000782,test-00000-of-00006_1059.png,500,500,3
106.71019399799293,test-00000-of-00006_1059.png,500,500,3
90.39771457917156,test-00000-of-00006_1059.png,500,500,3
134.3087797932782,test-00000-of-00006_1059.png,500,500,3
35.391300432099555,test-00000-of-00006_1059.png,500,500,3
26.553763963646233,test-00000-of-00006_1059.png,500,500,3
470.00931720441605,test-00000-of-00006_1059.png,500,500,3
318.81741563033614,test-00000-of-00006_1059.png,500,500,3
192.81671587553961,test-00000-of-00006_1059.png,500,500,3
30.904571395752885,test-00000-of-00006_1059.png,500,500,3
275.18736571669166,test-00000-of-00006_1059.png,500,500,3
39.5026870913262,test-00000-of-00006_1059.png,500,500,3
205.65264258975287,test-00000-of-00006_1059.png,500,500,3
12.009556950584885,test-00000-of-00006_1059.png,500,500,3
516.3203373187984,test-00000-of-00006_1059.png,500,500,3
405.690113240873,test-00000-of-00006_1059.png,500,500,3
14.834623899299554,test-00000-of-00006_1059.png,500,500,3
81.1791692544,test-00000-of-00006_1059.png,500,500,3
132.8604572124426,test-00000-of-00006_1059.png,500,500,3
394.87508209348255,test-00000-of-00006_1059.png,500,500,3
5.950177327557334,test-00000-of-00006_1059.png,500,500,3
70.15398649361065,test-00000-of-00006_1059.png,500,500,3
202.81109342121064,test-00000-of-00006_1059.png,500,500,3
49.18306931259735,test-00000-of-00006_1059.png,500,500,3
116.45752565929067,test-00000-of-00006_1059.png,500,500,3
70.15398649361065,test-00000-of-00006_1059.png,500,500,3
62.26677786950935,test-00000-of-00006_1059.png,500,500,3
67.85697437217956,test-00000-of-00006_1059.png,500,500,3
370.38648488174925,test-00000-of-00006_1059.png,500,500,3
325.09665858231295,test-00000-of-00006_1059.png,500,500,3
80.02710434662221,test-00000-of-00006_1059.png,500,500,3
1340.5497587095042,test-00000-of-00006_1059.png,500,500,3
11.457114666666667,test-00000-of-00006_1059.png,500,500,3
22.448227998703995,test-00000-of-00006_1059.png,500,500,3
24.38616900940622,test-00000-of-00006_1059.png,500,500,3
68.81536573345956,test-00000-of-00006_1059.png,500,500,3
29.386969119272884,test-00000-of-00006_1059.png,500,500,3
7.235710666451556,test-00000-of-00006_1059.png,500,500,3
14.739110653822225,test-00000-of-00006_1059.png,500,500,3
17.39489711927289,test-00000-of-00006_1059.png,500,500,3
367.33180745522475,test-00000-of-00006_1059.png,500,500,3
171.49636661141162,test-00000-of-00006_1059.png,500,500,3
27.391548998383993,test-00000-of-00006_1059.png,500,500,3
184.5340775317316,test-00000-of-00006_1059.png,500,500,3
97.91400775133157,test-00000-of-00006_1059.png,500,500,3
283.5526165155556,test-00000-of-00006_1059.png,500,500,3
48.24830757489604,test-00000-of-00006_1059.png,500,500,3
425.0697023750667,test-00000-of-00006_1059.png,500,500,3
4.393586546488889,test-00000-of-00006_1059.png,500,500,3
7.654010113130666,test-00000-of-00006_1059.png,500,500,3
62.66961371502935,test-00000-of-00006_1059.png,500,500,3
22.300927912384005,test-00000-of-00006_1059.png,500,500,3
12.236670660890669,test-00000-of-00006_1059.png,500,500,3
644.6211492844373,test-00000-of-00006_1059.png,500,500,3
39.490827735637346,test-00000-of-00006_1059.png,500,500,3
22.71082912539733,test-00000-of-00006_1059.png,500,500,3
119.23790875039289,test-00000-of-00006_1059.png,500,500,3
686.6637991070561,test-00000-of-00006_1059.png,500,500,3
457.392379961584,test-00000-of-00006_1059.png,500,500,3
7.654010113130666,test-00000-of-00006_1059.png,500,500,3
354.88453531195563,test-00000-of-00006_1059.png,500,500,3
263.4903306666667,test-00000-of-00006_1059.png,500,500,3
58.25430301092264,test-00000-of-00006_1059.png,500,500,3
667.0730834324888,test-00000-of-00006_1059.png,500,500,3
532.2995578184247,test-00000-of-00006_1059.png,500,500,3
538.0994209345262,test-00000-of-00006_1059.png,500,500,3
891.0069786516198,test-00000-of-00006_1059.png,500,500,3
25.096483119189347,test-00000-of-00006_1059.png,500,500,3
10.928243999216004,test-00000-of-00006_1059.png,500,500,3
18.851842331811554,test-00000-of-00006_1059.png,500,500,3
1386.815254301753,test-00000-of-00006_1059.png,500,500,3
241.055578642745,test-00000-of-00006_1059.png,500,500,3
62.69354689140622,test-00000-of-00006_1059.png,500,500,3
111.01221463329954,test-00000-of-00006_1059.png,500,500,3
554.9799249237333,test-00000-of-00006_1059.png,500,500,3
55.50034659652268,test-00000-of-00006_1059.png,500,500,3
96.18750846395558,test-00000-of-00006_1059.png,500,500,3
224.51417130740623,test-00000-of-00006_1059.png,500,500,3
12.965449790570666,test-00000-of-00006_1059.png,500,500,3
136.07807856848893,test-00000-of-00006_1059.png,500,500,3
774.5619804545267,test-00000-of-00006_1059.png,500,500,3
43.10064092543823,test-00000-of-00006_1059.png,500,500,3
359.8441370752693,test-00000-of-00006_1059.png,500,500,3
9.448685333333334,test-00000-of-00006_1059.png,500,500,3
24.775886962318218,test-00000-of-00006_1059.png,500,500,3
13.674131699696005,test-00000-of-00006_1059.png,500,500,3
300.26714647497954,test-00000-of-00006_1059.png,500,500,3
15.822550150399993,test-00000-of-00006_1059.png,500,500,3
10.248970947624885,test-00000-of-00006_1059.png,500,500,3
112.17848971409069,test-00000-of-00006_1059.png,500,500,3
287.2079251350114,test-00000-of-00006_1059.png,500,500,3
2099.515951116622,test-00000-of-00006_1059.png,500,500,3
173.66146369002493,test-00000-of-00006_1059.png,500,500,3
325.09665858231295,test-00000-of-00006_1059.png,500,500,3
676.7279994289333,test-00000-of-00006_1059.png,500,500,3
249.2345563064889,test-00000-of-00006_1059.png,500,500,3
12.16081466666489,test-00000-of-00006_1059.png,500,500,3
256.80392799128884,test-00000-of-00006_1059.png,500,500,3
80.63672222928889,test-00000-of-00006_1059.png,500,500,3
221.12570572964276,test-00000-of-00006_1059.png,500,500,3
73.74445475154488,test-00000-of-00006_1059.png,500,500,3
67.85697437217956,test-00000-of-00006_1059.png,500,500,3
512.4507103988892,test-00000-of-00006_1059.png,500,500,3
33.28336250196623,test-00000-of-00006_1059.png,500,500,3
164.17835055106664,test-00000-of-00006_1059.png,500,500,3
14.93716355733156,test-00000-of-00006_1059.png,500,500,3
1.31916,test-00000-of-00006_1059.png,500,500,3
162.6985303962667,test-00000-of-00006_1059.png,500,500,3
585.5214880810028,test-00000-of-00006_1059.png,500,500,3
384.0666600033847,test-00000-of-00006_1059.png,500,500,3
89.00344798077157,test-00000-of-00006_1059.png,500,500,3
152.87266275956625,test-00000-of-00006_1059.png,500,500,3
9.799953236819551,test-00000-of-00006_1059.png,500,500,3
25.218452062632892,test-00000-of-00006_1059.png,500,500,3
4.820706617678222,test-00000-of-00006_1059.png,500,500,3
149.65611981623286,test-00000-of-00006_1059.png,500,500,3
7.294280673989333,test-00000-of-00006_1059.png,500,500,3
379.5829630295449,test-00000-of-00006_1059.png,500,500,3
88.38943659143821,test-00000-of-00006_1059.png,500,500,3
937.5489130266668,test-00000-of-00006_1059.png,500,500,3
22.97427715128889,test-00000-of-00006_1059.png,500,500,3
35.30296932714488,test-00000-of-00006_1059.png,500,500,3
108.95066209915552,test-00000-of-00006_1059.png,500,500,3
163.4581564622222,test-00000-of-00006_1059.png,500,500,3
86.73863409868623,test-00000-of-00006_1059.png,500,500,3
17.45638275751822,test-00000-of-00006_1059.png,500,500,3
130.72640798495286,test-00000-of-00006_1059.png,500,500,3
49.03373590758399,test-00000-of-00006_1059.png,500,500,3
9.358266666666667,test-00000-of-00006_1059.png,500,500,3
22.155175385344,test-00000-of-00006_1059.png,500,500,3
20.667759031744,test-00000-of-00006_1059.png,500,500,3
146.18735063577603,test-00000-of-00006_1059.png,500,500,3
44.91356233073598,test-00000-of-00006_1059.png,500,500,3
13.838215996997329,test-00000-of-00006_1059.png,500,500,3
336.3896484366222,test-00000-of-00006_1059.png,500,500,3
137.2545568480427,test-00000-of-00006_1059.png,500,500,3
1.5877893333333333,test-00000-of-00006_1059.png,500,500,3
283.01002176,test-00000-of-00006_1059.png,500,500,3
11.972143854584893,test-00000-of-00006_1059.png,500,500,3
4.06908,test-00000-of-00006_1059.png,500,500,3
57.83687472055285,test-00000-of-00006_1059.png,500,500,3
11.83936961262222,test-00000-of-00006_1059.png,500,500,3
42.10770945382222,test-00000-of-00006_1059.png,500,500,3
58.975786167288916,test-00000-of-00006_1059.png,500,500,3
38.14261428556622,test-00000-of-00006_1059.png,500,500,3
1.2943786666666666,test-00000-of-00006_1059.png,500,500,3
258.2221712564888,test-00000-of-00006_1059.png,500,500,3
33.62320573234489,test-00000-of-00006_1059.png,500,500,3
269.76189882666677,test-00000-of-00006_1059.png,500,500,3
23.548577245802665,test-00000-of-00006_1059.png,500,500,3
11.972143854584893,test-00000-of-00006_1059.png,500,500,3
119.72417938325158,test-00000-of-00006_1059.png,500,500,3
24.775886962318218,test-00000-of-00006_1059.png,500,500,3
45.368968,test-00000-of-00006_1059.png,500,500,3
232.57301822577597,test-00000-of-00006_1059.png,500,500,3
755.9548533235989,test-00000-of-00006_1059.png,500,500,3
154.27282710997153,test-00000-of-00006_1059.png,500,500,3
297.8352327365973,test-00000-of-00006_1059.png,500,500,3
45.36194434002489,test-00000-of-00006_1059.png,500,500,3
186.91936266666667,test-00000-of-00006_1059.png,500,500,3
169.34569753457066,test-00000-of-00006_1059.png,500,500,3
134.12310875977948,test-00000-of-00006_1059.png,500,500,3
20.198237284117337,test-00000-of-00006_1059.png,500,500,3
12.268294625050656,test-00000-of-00006_1059.png,500,500,3
276.6727441066668,test-00000-of-00006_1059.png,500,500,3
13.444351956736005,test-00000-of-00006_1059.png,500,500,3
314.9030586598329,test-00000-of-00006_1059.png,500,500,3
202.81109342121064,test-00000-of-00006_1059.png,500,500,3
294.8714121855983,test-00000-of-00006_1059.png,500,500,3
134.12310875977948,test-00000-of-00006_1059.png,500,500,3
43.41421836728889,test-00000-of-00006_1059.png,500,500,3
7.251870267135999,test-00000-of-00006_1059.png,500,500,3
11.005981333333333,test-00000-of-00006_1059.png,500,500,3
160.13871597397156,test-00000-of-00006_1059.png,500,500,3
5.5401559996000005,test-00000-of-00006_1059.png,500,500,3
1413.9980541794914,test-00000-of-00006_1059.png,500,500,3
50.34479904315554,test-00000-of-00006_1059.png,500,500,3
104.51520890124623,test-00000-of-00006_1059.png,500,500,3
139.3391296559716,test-00000-of-00006_1059.png,500,500,3
174.43771990431284,test-00000-of-00006_1059.png,500,500,3
28.19314891687824,test-00000-of-00006_1059.png,500,500,3
24.12062266555555,test-00000-of-00006_1059.png,500,500,3
35.49703851612267,test-00000-of-00006_1059.png,500,500,3
64.36485465382222,test-00000-of-00006_1059.png,500,500,3
136.83214427448894,test-00000-of-00006_1059.png,500,500,3
68.94673027316621,test-00000-of-00006_1059.png,500,500,3
237.73562624893154,test-00000-of-00006_1059.png,500,500,3
144.15852754487287,test-00000-of-00006_1059.png,500,500,3
24.775886962318218,test-00000-of-00006_1059.png,500,500,3
67.64747927182223,test-00000-of-00006_1059.png,500,500,3
541.0831488405317,test-00000-of-00006_1059.png,500,500,3
279.7282286543572,test-00000-of-00006_1059.png,500,500,3
108.60500618780266,test-00000-of-00006_1059.png,500,500,3
660.2280798525439,test-00000-of-00006_1059.png,500,500,3
171.10211654598925,test-00000-of-00006_1059.png,500,500,3
350.93503437493337,test-00000-of-00006_1059.png,500,500,3
369.13672251300255,test-00000-of-00006_1059.png,500,500,3
53.439490795859555,test-00000-of-00006_1059.png,500,500,3
240.43260231303822,test-00000-of-00006_1059.png,500,500,3
304.0214327512107,test-00000-of-00006_1059.png,500,500,3
28.263978932222212,test-00000-of-00006_1059.png,500,500,3
124.23870090662228,test-00000-of-00006_1059.png,500,500,3
18.15958768490488,test-00000-of-00006_1059.png,500,500,3
353.35592421217956,test-00000-of-00006_1059.png,500,500,3
56.55091752604265,test-00000-of-00006_1059.png,500,500,3
398.21499636030404,test-00000-of-00006_1059.png,500,500,3
45.79278863626668,test-00000-of-00006_1059.png,500,500,3
30.860697260072893,test-00000-of-00006_1059.png,500,500,3
66.46098132511288,test-00000-of-00006_1059.png,500,500,3
17.073302594842666,test-00000-of-00006_1059.png,500,500,3
403.56664527700633,test-00000-of-00006_1059.png,500,500,3
241.5071817114863,test-00000-of-00006_1059.png,500,500,3
5.520942593406224,test-00000-of-00006_1059.png,500,500,3
123.82378632888891,test-00000-of-00006_1059.png,500,500,3
7.548216,test-00000-of-00006_1059.png,500,500,3
4.411978666666666,test-00000-of-00006_1059.png,500,500,3
12.236670660890669,test-00000-of-00006_1059.png,500,500,3
244.90920444722494,test-00000-of-00006_1059.png,500,500,3
8.257961275091558,test-00000-of-00006_1059.png,500,500,3
2.827064,test-00000-of-00006_1059.png,500,500,3
74.70884254463287,test-00000-of-00006_1059.png,500,500,3
2099.515951116622,test-00000-of-00006_1059.png,500,500,3
150.5129132684782,test-00000-of-00006_1059.png,500,500,3
2.817208,test-00000-of-00006_1059.png,500,500,3
64.20736762382221,test-00000-of-00006_1059.png,500,500,3
305.4027875155556,test-00000-of-00006_1059.png,500,500,3
384.7282413122116,test-00000-of-00006_1059.png,500,500,3
346.25227675204263,test-00000-of-00006_1059.png,500,500,3
294.8714121855983,test-00000-of-00006_1059.png,500,500,3
83.94126666666666,test-00000-of-00006_1059.png,500,500,3
361.4402916689333,test-00000-of-00006_1059.png,500,500,3
35.623145991166226,test-00000-of-00006_1059.png,500,500,3
262.72837986115553,test-00000-of-00006_1059.png,500,500,3
5.280122666666666,test-00000-of-00006_1059.png,500,500,3
100.61923082062934,test-00000-of-00006_1059.png,500,500,3
394.3160130656994,test-00000-of-00006_1059.png,500,500,3
232.57301822577597,test-00000-of-00006_1059.png,500,500,3
535.0987635357849,test-00000-of-00006_1059.png,500,500,3
11.496444558933332,test-00000-of-00006_1059.png,500,500,3
27.066958202451566,test-00000-of-00006_1059.png,500,500,3
283.01002176,test-00000-of-00006_1059.png,500,500,3
16.469533327352885,test-00000-of-00006_1059.png,500,500,3
51.931808092570655,test-00000-of-00006_1059.png,500,500,3
171.49636661141162,test-00000-of-00006_1059.png,500,500,3
76.95437485277155,test-00000-of-00006_1059.png,500,500,3
61.29854260582223,test-00000-of-00006_1059.png,500,500,3
1.7730586666666666,test-00000-of-00006_1059.png,500,500,3
258.66359409714494,test-00000-of-00006_1059.png,500,500,3
4.050781333155558,test-00000-of-00006_1059.png,500,500,3
257.2118175961315,test-00000-of-00006_1059.png,500,500,3
170.27590342156623,test-00000-of-00006_1059.png,500,500,3
17.7971883279929,test-00000-of-00006_1059.png,500,500,3
85.36859718803734,test-00000-of-00006_1059.png,500,500,3
57.382658002424876,test-00000-of-00006_1059.png,500,500,3
88.39776956187737,test-00000-of-00006_1059.png,500,500,3
36.42310398495289,test-00000-of-00006_1059.png,500,500,3
191.05708532137967,test-00000-of-00006_1059.png,500,500,3
4.411978666666666,test-00000-of-00006_1059.png,500,500,3
83.99016592850491,test-00000-of-00006_1059.png,500,500,3
9.568979999984002,test-00000-of-00006_1059.png,500,500,3
4.7683493332693345,test-00000-of-00006_1059.png,500,500,3
317.2207666544195,test-00000-of-00006_1059.png,500,500,3
66.32720782471823,test-00000-of-00006_1059.png,500,500,3
242.38617338524267,test-00000-of-00006_1059.png,500,500,3
45.36194434002489,test-00000-of-00006_1059.png,500,500,3
275.0976426388889,test-00000-of-00006_1059.png,500,500,3
73.92584565734397,test-00000-of-00006_1059.png,500,500,3
244.00629763441066,test-00000-of-00006_1059.png,500,500,3
385.45845547047816,test-00000-of-00006_1059.png,500,500,3
23.836235660499558,test-00000-of-00006_1059.png,500,500,3
5.767464,test-00000-of-00006_1059.png,500,500,3
214.18126714128877,test-00000-of-00006_1059.png,500,500,3
22.702795891539562,test-00000-of-00006_1059.png,500,500,3
45.79278863626668,test-00000-of-00006_1059.png,500,500,3
169.52534630023828,test-00000-of-00006_1059.png,500,500,3
96.18750846395558,test-00000-of-00006_1059.png,500,500,3
8.360065400291557,test-00000-of-00006_1059.png,500,500,3
432.68114572447286,test-00000-of-00006_1059.png,500,500,3
3.334346633784888,test-00000-of-00006_1059.png,500,500,3
142.13174887381157,test-00000-of-00006_1059.png,500,500,3
171.84962796364624,test-00000-of-00006_1059.png,500,500,3
2.440224,test-00000-of-00006_1059.png,500,500,3
281.84000179774387,test-00000-of-00006_1059.png,500,500,3
230.20460131069163,test-00000-of-00006_1059.png,500,500,3
164.9989519595449,test-00000-of-00006_1059.png,500,500,3
5.505558198810667,test-00000-of-00006_1059.png,500,500,3
4.71647329062222,test-00000-of-00006_1059.png,500,500,3
54.99535052023293,test-00000-of-00006_1059.png,500,500,3
45.368968,test-00000-of-00006_1059.png,500,500,3
215.29476686790395,test-00000-of-00006_1059.png,500,500,3
198.07830458879818,test-00000-of-00006_1059.png,500,500,3
71.039691553776,test-00000-of-00006_1059.png,500,500,3
162.6985303962667,test-00000-of-00006_1059.png,500,500,3
99.3530368563129,test-00000-of-00006_1059.png,500,500,3
150.35441420797156,test-00000-of-00006_1059.png,500,500,3
265.94778933333333,test-00000-of-00006_1059.png,500,500,3
15.64422263426666,test-00000-of-00006_1059.png,500,500,3
36.832587836784,test-00000-of-00006_1059.png,500,500,3
460.38273680528886,test-00000-of-00006_1059.png,500,500,3
190.23230058683737,test-00000-of-00006_1059.png,500,500,3
76.26996796699733,test-00000-of-00006_1059.png,500,500,3
375.0860639597492,test-00000-of-00006_1059.png,500,500,3
50.34479904315554,test-00000-of-00006_1059.png,500,500,3
379.26848234409954,test-00000-of-00006_1059.png,500,500,3
778.6882442171446,test-00000-of-00006_1059.png,500,500,3
402.70437032871826,test-00000-of-00006_1059.png,500,500,3
8.464339923824,test-00000-of-00006_1059.png,500,500,3
23.11904393783289,test-00000-of-00006_1059.png,500,500,3
10.248970947624885,test-00000-of-00006_1059.png,500,500,3
9.719286600446221,test-00000-of-00006_1059.png,500,500,3
11.273615999886221,test-00000-of-00006_1059.png,500,500,3
451.34237197222217,test-00000-of-00006_1059.png,500,500,3
204.98266091369064,test-00000-of-00006_1059.png,500,500,3
16.12774666660267,test-00000-of-00006_1059.png,500,500,3
724.2017049724001,test-00000-of-00006_1059.png,500,500,3
3.0735306666666666,test-00000-of-00006_1059.png,500,500,3
1136.496260189509,test-00000-of-00006_1059.png,500,500,3
242.38617338524267,test-00000-of-00006_1059.png,500,500,3
9.394379251269337,test-00000-of-00006_1059.png,500,500,3
220.70967333004614,test-00000-of-00006_1059.png,500,500,3
538.0994209345262,test-00000-of-00006_1059.png,500,500,3
375.0860639597492,test-00000-of-00006_1059.png,500,500,3
68.24389372995556,test-00000-of-00006_1059.png,500,500,3
92.77635421149155,test-00000-of-00006_1059.png,500,500,3
206.17631033026672,test-00000-of-00006_1059.png,500,500,3
88.62462515916624,test-00000-of-00006_1059.png,500,500,3
173.66146369002493,test-00000-of-00006_1059.png,500,500,3
34.73356831457955,test-00000-of-00006_1059.png,500,500,3
127.70060533333333,test-00000-of-00006_1059.png,500,500,3
5.1592986666666665,test-00000-of-00006_1059.png,500,500,3
299.2208984230383,test-00000-of-00006_1059.png,500,500,3
163.03027557489602,test-00000-of-00006_1059.png,500,500,3
9.380227865555556,test-00000-of-00006_1059.png,500,500,3
11.965047999935997,test-00000-of-00006_1059.png,500,500,3
9.625438409038221,test-00000-of-00006_1059.png,500,500,3
116.4715531461529,test-00000-of-00006_1059.png,500,500,3
21.021970236330674,test-00000-of-00006_1059.png,500,500,3
781.605987906105,test-00000-of-00006_1059.png,500,500,3
41.996820262099554,test-00000-of-00006_1059.png,500,500,3
31.635917031566223,test-00000-of-00006_1059.png,500,500,3
60.4619779832889,test-00000-of-00006_1059.png,500,500,3
12.268294625050656,test-00000-of-00006_1059.png,500,500,3
129.88965799871826,test-00000-of-00006_1059.png,500,500,3
72.1408715303182,test-00000-of-00006_1059.png,500,500,3
685.0004813809335,test-00000-of-00006_1059.png,500,500,3
580.5032351354861,test-00000-of-00006_1059.png,500,500,3
321.62924257097967,test-00000-of-00006_1059.png,500,500,3
18.95599007479289,test-00000-of-00006_1059.png,500,500,3
192.82144403677157,test-00000-of-00006_1059.png,500,500,3
2317.270169610025,test-00000-of-00006_1059.png,500,500,3
10.790611366384002,test-00000-of-00006_1059.png,500,500,3
11.61090266636622,test-00000-of-00006_1059.png,500,500,3
47.47525801522488,test-00000-of-00006_1059.png,500,500,3
58.85567857777602,test-00000-of-00006_1059.png,500,500,3
53.263878997459564,test-00000-of-00006_1059.png,500,500,3
80.02710434662221,test-00000-of-00006_1059.png,500,500,3
16.56846243754489,test-00000-of-00006_1059.png,500,500,3
453.85011668905935,test-00000-of-00006_1059.png,500,500,3
13.808623846335994,test-00000-of-00006_1059.png,500,500,3
418.2843939964514,test-00000-of-00006_1059.png,500,500,3
118.273823659456,test-00000-of-00006_1059.png,500,500,3
16.664951633066668,test-00000-of-00006_1059.png,500,500,3
258.601992729086,test-00000-of-00006_1059.png,500,500,3
75.93761072187732,test-00000-of-00006_1059.png,500,500,3
69.64430241399289,test-00000-of-00006_1059.png,500,500,3
53.88160055031289,test-00000-of-00006_1059.png,500,500,3
11.4508399936,test-00000-of-00006_1059.png,500,500,3
19.415222532222224,test-00000-of-00006_1059.png,500,500,3
4.039473202771554,test-00000-of-00006_1059.png,500,500,3
160.3841862078863,test-00000-of-00006_1059.png,500,500,3
778.301316841465,test-00000-of-00006_1059.png,500,500,3
310.95707315242487,test-00000-of-00006_1059.png,500,500,3
91.31127398115555,test-00000-of-00006_1059.png,500,500,3
264.1860417788515,test-00000-of-00006_1059.png,500,500,3
718.1351213238597,test-00000-of-00006_1059.png,500,500,3
6.266181333155555,test-00000-of-00006_1059.png,500,500,3
517.9214334259893,test-00000-of-00006_1059.png,500,500,3
38.54163194740621,test-00000-of-00006_1059.png,500,500,3
274.85274918587754,test-00000-of-00006_1059.png,500,500,3
268.34509526269164,test-00000-of-00006_1059.png,500,500,3
232.9516518280515,test-00000-of-00006_1059.png,500,500,3
13.622070967744,test-00000-of-00006_1059.png,500,500,3
321.62924257097967,test-00000-of-00006_1059.png,500,500,3
15.337950180392893,test-00000-of-00006_1059.png,500,500,3
82.31954561809067,test-00000-of-00006_1059.png,500,500,3
113.94465464063819,test-00000-of-00006_1059.png,500,500,3
1596.1406053459561,test-00000-of-00006_1059.png,500,500,3
127.33009139160004,test-00000-of-00006_1059.png,500,500,3
61.22851066517156,test-00000-of-00006_1059.png,500,500,3
30.487197856666665,test-00000-of-00006_1059.png,500,500,3
314.9030586598329,test-00000-of-00006_1059.png,500,500,3
44.66787399116623,test-00000-of-00006_1059.png,500,500,3
1.4379653333333333,test-00000-of-00006_1059.png,500,500,3
44.83064854673066,test-00000-of-00006_1059.png,500,500,3
17.726052439592895,test-00000-of-00006_1059.png,500,500,3
271.0020193363182,test-00000-of-00006_1059.png,500,500,3
14.739110653822225,test-00000-of-00006_1059.png,500,500,3
23.548577245802665,test-00000-of-00006_1059.png,500,500,3
309.6481056979556,test-00000-of-00006_1059.png,500,500,3
142.4656293599556,test-00000-of-00006_1059.png,500,500,3
25.12088419473067,test-00000-of-00006_1059.png,500,500,3
81.75185683654934,test-00000-of-00006_1059.png,500,500,3
878.2407125670119,test-00000-of-00006_1059.png,500,500,3
193.62971578247826,test-00000-of-00006_1059.png,500,500,3
5.9789411912515575,test-00000-of-00006_1059.png,500,500,3
17.85270517439822,test-00000-of-00006_1059.png,500,500,3
12.152999995903988,test-00000-of-00006_1059.png,500,500,3
69.53867321953955,test-00000-of-00006_1059.png,500,500,3
70.6614608526222,test-00000-of-00006_1059.png,500,500,3
94.03951125156262,test-00000-of-00006_1059.png,500,500,3
17.226710314622224,test-00000-of-00006_1059.png,500,500,3
4.120427998291555,test-00000-of-00006_1059.png,500,500,3
522.2791695565494,test-00000-of-00006_1059.png,500,500,3
21.725519450949328,test-00000-of-00006_1059.png,500,500,3
12.447670664730666,test-00000-of-00006_1059.png,500,500,3
1371.024044541945,test-00000-of-00006_1059.png,500,500,3
26.39641996158399,test-00000-of-00006_1059.png,500,500,3
36.42310398495289,test-00000-of-00006_1059.png,500,500,3
1710.1138977655442,test-00000-of-00006_1059.png,500,500,3
373.68329482849964,test-00000-of-00006_1059.png,500,500,3
4.525704813011556,test-00000-of-00006_1059.png,500,500,3
241.71021664127838,test-00000-of-00006_1059.png,500,500,3
186.18428730777606,test-00000-of-00006_1059.png,500,500,3
306.3914332657334,test-00000-of-00006_1059.png,500,500,3
464.85440763468637,test-00000-of-00006_1059.png,500,500,3
1584.66336332322,test-00000-of-00006_1059.png,500,500,3
15.27974396415289,test-00000-of-00006_1059.png,500,500,3
599.5463079994863,test-00000-of-00006_1059.png,500,500,3
694.4790317896247,test-00000-of-00006_1059.png,500,500,3
50.57310666257067,test-00000-of-00006_1059.png,500,500,3
17.777001331838232,test-00000-of-00006_1059.png,500,500,3
29.16367483647823,test-00000-of-00006_1059.png,500,500,3
1.7470266666666667,test-00000-of-00006_1059.png,500,500,3
102.74687911662221,test-00000-of-00006_1059.png,500,500,3
399.12683774357174,test-00000-of-00006_1059.png,500,500,3
13.674131699696005,test-00000-of-00006_1059.png,500,500,3
118.86217679837154,test-00000-of-00006_1059.png,500,500,3
345.2782514658115,test-00000-of-00006_1059.png,500,500,3
22.238645317624897,test-00000-of-00006_1059.png,500,500,3
13.487269964622222,test-00000-of-00006_1059.png,500,500,3
342.74920660316263,test-00000-of-00006_1059.png,500,500,3
33.57392644009067,test-00000-of-00006_1059.png,500,500,3
61.94624099383286,test-00000-of-00006_1059.png,500,500,3
72.26232001193955,test-00000-of-00006_1059.png,500,500,3
4.71647329062222,test-00000-of-00006_1059.png,500,500,3
11.965047999935997,test-00000-of-00006_1059.png,500,500,3
12.882174662042663,test-00000-of-00006_1059.png,500,500,3
156.320268223216,test-00000-of-00006_1059.png,500,500,3
51.33176256765154,test-00000-of-00006_1059.png,500,500,3
31.883208411704892,test-00000-of-00006_1059.png,500,500,3
317.2207666544195,test-00000-of-00006_1059.png,500,500,3
11.851307644784,test-00000-of-00006_1059.png,500,500,3
92.75178088532623,test-00000-of-00006_1059.png,500,500,3
278.3623870713174,test-00000-of-00006_1059.png,500,500,3
72.85440638364267,test-00000-of-00006_1059.png,500,500,3
7.916295329784892,test-00000-of-00006_1059.png,500,500,3
553.6736282956516,test-00000-of-00006_1059.png,500,500,3
198.07830458879818,test-00000-of-00006_1059.png,500,500,3
11.724373223464886,test-00000-of-00006_1059.png,500,500,3
365.8954371979092,test-00000-of-00006_1059.png,500,500,3
5.899173333304892,test-00000-of-00006_1059.png,500,500,3
8.199466356046221,test-00000-of-00006_1059.png,500,500,3
336.7503225711627,test-00000-of-00006_1059.png,500,500,3
15.566865322238222,test-00000-of-00006_1059.png,500,500,3
5.505558198810667,test-00000-of-00006_1059.png,500,500,3
135.86921197310403,test-00000-of-00006_1059.png,500,500,3
15.337950180392893,test-00000-of-00006_1059.png,500,500,3
16.56846243754489,test-00000-of-00006_1059.png,500,500,3
106.71019399799293,test-00000-of-00006_1059.png,500,500,3
243.8143640729528,test-00000-of-00006_1059.png,500,500,3
126.33830257820263,test-00000-of-00006_1059.png,500,500,3
16.647326617023996,test-00000-of-00006_1059.png,500,500,3
150.35441420797156,test-00000-of-00006_1059.png,500,500,3
205.38078933333333,test-00000-of-00006_1059.png,500,500,3
110.293679864576,test-00000-of-00006_1059.png,500,500,3
239.39137999500628,test-00000-of-00006_1059.png,500,500,3
150.87871733333333,test-00000-of-00006_1059.png,500,500,3
294.6355749568782,test-00000-of-00006_1059.png,500,500,3
27.300370960490653,test-00000-of-00006_1059.png,500,500,3
324.5392915394115,test-00000-of-00006_1059.png,500,500,3
143.54213240518405,test-00000-of-00006_1059.png,500,500,3
6.89825730282489,test-00000-of-00006_1059.png,500,500,3
7.302281129029332,test-00000-of-00006_1059.png,500,500,3
329.4109730601529,test-00000-of-00006_1059.png,500,500,3
671.1608931433171,test-00000-of-00006_1059.png,500,500,3
119.2866699428249,test-00000-of-00006_1059.png,500,500,3
198.30159183785955,test-00000-of-00006_1059.png,500,500,3
47.75822666621153,test-00000-of-00006_1059.png,500,500,3
119.72417938325158,test-00000-of-00006_1059.png,500,500,3
57.77718174762487,test-00000-of-00006_1059.png,500,500,3
243.39570903448904,test-00000-of-00006_1059.png,500,500,3
459.6676685453581,test-00000-of-00006_1059.png,500,500,3
46.89568038240001,test-00000-of-00006_1059.png,500,500,3
33.49826196223288,test-00000-of-00006_1059.png,500,500,3
1.448264,test-00000-of-00006_1059.png,500,500,3
77.250941475584,test-00000-of-00006_1059.png,500,500,3
73.18580260383285,test-00000-of-00006_1059.png,500,500,3
162.6985303962667,test-00000-of-00006_1059.png,500,500,3
68.01863203373334,test-00000-of-00006_1059.png,500,500,3
99.19609359671293,test-00000-of-00006_1059.png,500,500,3
553.6736282956516,test-00000-of-00006_1059.png,500,500,3
469.9521585528731,test-00000-of-00006_1059.png,500,500,3
194.75901625705066,test-00000-of-00006_1059.png,500,500,3
298.3302727822221,test-00000-of-00006_1059.png,500,500,3
14.980649327557325,test-00000-of-00006_1059.png,500,500,3
55.9537211338222,test-00000-of-00006_1059.png,500,500,3
3.95712,test-00000-of-00006_1059.png,500,500,3
64.28246697585598,test-00000-of-00006_1059.png,500,500,3
329.3324250330294,test-00000-of-00006_1059.png,500,500,3
6.794434322488891,test-00000-of-00006_1059.png,500,500,3
321.62924257097967,test-00000-of-00006_1059.png,500,500,3
68.94673027316621,test-00000-of-00006_1059.png,500,500,3
4.393586546488889,test-00000-of-00006_1059.png,500,500,3
27.300370960490653,test-00000-of-00006_1059.png,500,500,3
31.878981102933338,test-00000-of-00006_1059.png,500,500,3
1103.1763051035305,test-00000-of-00006_1059.png,500,500,3
22.702795891539562,test-00000-of-00006_1059.png,500,500,3
188.61683361809068,test-00000-of-00006_1059.png,500,500,3
34.32115232533157,test-00000-of-00006_1059.png,500,500,3
647.4414982100693,test-00000-of-00006_1059.png,500,500,3
278.92236634105586,test-00000-of-00006_1059.png,500,500,3
325.03068399978486,test-00000-of-00006_1059.png,500,500,3
70.6614608526222,test-00000-of-00006_1059.png,500,500,3
91.45081650921067,test-00000-of-00006_1059.png,500,500,3
171.06255982915556,test-00000-of-00006_1059.png,500,500,3
31.27058398222223,test-00000-of-00006_1059.png,500,500,3
88.36103966514489,test-00000-of-00006_1059.png,500,500,3
177.31726666665958,test-00000-of-00006_1059.png,500,500,3
41.926577821424004,test-00000-of-00006_1059.png,500,500,3
92.09208900094397,test-00000-of-00006_1059.png,500,500,3
1620.302393162745,test-00000-of-00006_1059.png,500,500,3
1606.3597855706387,test-00000-of-00006_1059.png,500,500,3
321.166192659513,test-00000-of-00006_1059.png,500,500,3
356.4806317746915,test-00000-of-00006_1059.png,500,500,3
5.376149333333333,test-00000-of-00006_1059.png,500,500,3
18.16851331447289,test-00000-of-00006_1059.png,500,500,3
1136.496260189509,test-00000-of-00006_1059.png,500,500,3
1.8881173333333334,test-00000-of-00006_1059.png,500,500,3
180.74632514900617,test-00000-of-00006_1059.png,500,500,3
384.7282413122116,test-00000-of-00006_1059.png,500,500,3
403.56664527700633,test-00000-of-00006_1059.png,500,500,3
83.94126666666666,test-00000-of-00006_1059.png,500,500,3
24.775886962318218,test-00000-of-00006_1059.png,500,500,3
19.913134408602662,test-00000-of-00006_1059.png,500,500,3
221.12446831626664,test-00000-of-00006_1059.png,500,500,3
353.8052991665493,test-00000-of-00006_1059.png,500,500,3
540.0494513434862,test-00000-of-00006_1059.png,500,500,3
487.07549248021166,test-00000-of-00006_1059.png,500,500,3
29.386969119272884,test-00000-of-00006_1059.png,500,500,3
872.2972051261438,test-00000-of-00006_1059.png,500,500,3
37.33479295692622,test-00000-of-00006_1059.png,500,500,3
44.78869692242489,test-00000-of-00006_1059.png,500,500,3
50.57310666257067,test-00000-of-00006_1059.png,500,500,3
12.724081328709334,test-00000-of-00006_1059.png,500,500,3
95.22567439626665,test-00000-of-00006_1059.png,500,500,3
14.609973062933335,test-00000-of-00006_1059.png,500,500,3
41.47210248327823,test-00000-of-00006_1059.png,500,500,3
30.612850646526212,test-00000-of-00006_1059.png,500,500,3
12.112726663066665,test-00000-of-00006_1059.png,500,500,3
10.899895787171552,test-00000-of-00006_1059.png,500,500,3
50.57310666257067,test-00000-of-00006_1059.png,500,500,3
365.3856233122063,test-00000-of-00006_1059.png,500,500,3
31.883208411704892,test-00000-of-00006_1059.png,500,500,3
5.080701333333334,test-00000-of-00006_1059.png,500,500,3
786.4191729731399,test-00000-of-00006_1059.png,500,500,3
878.2407125670119,test-00000-of-00006_1059.png,500,500,3
44.91356233073598,test-00000-of-00006_1059.png,500,500,3
15.317060223822224,test-00000-of-00006_1059.png,500,500,3
226.09515995101165,test-00000-of-00006_1059.png,500,500,3
512.4507103988892,test-00000-of-00006_1059.png,500,500,3
97.09912956870403,test-00000-of-00006_1059.png,500,500,3
30.73433580873957,test-00000-of-00006_1059.png,500,500,3
86.80476230305953,test-00000-of-00006_1059.png,500,500,3
10.164306606478219,test-00000-of-00006_1059.png,500,500,3
13.808623846335994,test-00000-of-00006_1059.png,500,500,3
373.68329482849964,test-00000-of-00006_1059.png,500,500,3
19.464958605822225,test-00000-of-00006_1059.png,500,500,3
346.1752092046913,test-00000-of-00006_1059.png,500,500,3
9.598708855352886,test-00000-of-00006_1059.png,500,500,3
5.899173333304892,test-00000-of-00006_1059.png,500,500,3
44.8996899524249,test-00000-of-00006_1059.png,500,500,3
19.632082297002658,test-00000-of-00006_1059.png,500,500,3
8.842184938622221,test-00000-of-00006_1059.png,500,500,3
1141.8667778683996,test-00000-of-00006_1059.png,500,500,3
315.9634497296428,test-00000-of-00006_1059.png,500,500,3
47.04583601066491,test-00000-of-00006_1059.png,500,500,3
60.97611589510932,test-00000-of-00006_1059.png,500,500,3
11.457114666666667,test-00000-of-00006_1059.png,500,500,3
937.5489130266668,test-00000-of-00006_1059.png,500,500,3
522.5579146337847,test-00000-of-00006_1059.png,500,500,3
46.89568038240001,test-00000-of-00006_1059.png,500,500,3
96.00550793173335,test-00000-of-00006_1059.png,500,500,3
381.5144665288248,test-00000-of-00006_1059.png,500,500,3
112.17848971409069,test-00000-of-00006_1059.png,500,500,3
221.43289754555556,test-00000-of-00006_1059.png,500,500,3
213.8233952588729,test-00000-of-00006_1059.png,500,500,3
212.8599204206648,test-00000-of-00006_1059.png,500,500,3
178.23871237826665,test-00000-of-00006_1059.png,500,500,3
15.64422263426666,test-00000-of-00006_1059.png,500,500,3
350.291065902393,test-00000-of-00006_1059.png,500,500,3
9.956448212933331,test-00000-of-00006_1059.png,500,500,3
3.927341256419555,test-00000-of-00006_1059.png,500,500,3
100.61923082062934,test-00000-of-00006_1059.png,500,500,3
14.972469309411556,test-00000-of-00006_1059.png,500,500,3
12.657057213838227,test-00000-of-00006_1059.png,500,500,3
141.55618910802497,test-00000-of-00006_1059.png,500,500,3
17.000912987589334,test-00000-of-00006_1059.png,500,500,3
12.387306921171556,test-00000-of-00006_1059.png,500,500,3
345.30020359559825,test-00000-of-00006_1059.png,500,500,3
258.601992729086,test-00000-of-00006_1059.png,500,500,3
43.01721465439999,test-00000-of-00006_1059.png,500,500,3
60.48140136402489,test-00000-of-00006_1059.png,500,500,3
49.812586204266665,test-00000-of-00006_1059.png,500,500,3
427.96457999573175,test-00000-of-00006_1059.png,500,500,3
236.3960894937582,test-00000-of-00006_1059.png,500,500,3
398.21499636030404,test-00000-of-00006_1059.png,500,500,3
508.377419635184,test-00000-of-00006_1059.png,500,500,3
132.49813675519823,test-00000-of-00006_1059.png,500,500,3
221.12446831626664,test-00000-of-00006_1059.png,500,500,3
667.0730834324888,test-00000-of-00006_1059.png,500,500,3
52.02442111054934,test-00000-of-00006_1059.png,500,500,3
31.976003983955547,test-00000-of-00006_1059.png,500,500,3
318.301027896745,test-00000-of-00006_1059.png,500,500,3
63.73716257905066,test-00000-of-00006_1059.png,500,500,3
222.5847986916249,test-00000-of-00006_1059.png,500,500,3
592.8210489969335,test-00000-of-00006_1059.png,500,500,3
43.4542508823449,test-00000-of-00006_1059.png,500,500,3
370.1809185510668,test-00000-of-00006_1059.png,500,500,3
293.8426611979094,test-00000-of-00006_1059.png,500,500,3
85.0121292656907,test-00000-of-00006_1059.png,500,500,3
91.31127398115555,test-00000-of-00006_1059.png,500,500,3
53.24386725119823,test-00000-of-00006_1059.png,500,500,3
44.28780399806401,test-00000-of-00006_1059.png,500,500,3
88.10585082494403,test-00000-of-00006_1059.png,500,500,3
23.793442300229337,test-00000-of-00006_1059.png,500,500,3
101.22570987242489,test-00000-of-00006_1059.png,500,500,3
184.5340775317316,test-00000-of-00006_1059.png,500,500,3
3.5462933333333333,test-00000-of-00006_1059.png,500,500,3
52.16247266321067,test-00000-of-00006_1059.png,500,500,3
73.76218607888887,test-00000-of-00006_1059.png,500,500,3
8.065163635183996,test-00000-of-00006_1059.png,500,500,3
214.51776533326944,test-00000-of-00006_1059.png,500,500,3
63.22586460839825,test-00000-of-00006_1059.png,500,500,3
840.4243963013048,test-00000-of-00006_1059.png,500,500,3
13.444351956736005,test-00000-of-00006_1059.png,500,500,3
431.42463814634476,test-00000-of-00006_1059.png,500,500,3
115.40641543047819,test-00000-of-00006_1059.png,500,500,3
132.49813675519823,test-00000-of-00006_1059.png,500,500,3
11.016330665464888,test-00000-of-00006_1059.png,500,500,3
279.5019514378222,test-00000-of-00006_1059.png,500,500,3
366.354330066046,test-00000-of-00006_1059.png,500,500,3
667.7476686244106,test-00000-of-00006_1059.png,500,500,3
6.9792315766328885,test-00000-of-00006_1059.png,500,500,3
44.1224562552889,test-00000-of-00006_1059.png,500,500,3
244.37910042333147,test-00000-of-00006_1059.png,500,500,3
164.8358785341707,test-00000-of-00006_1059.png,500,500,3
16.655113329733343,test-00000-of-00006_1059.png,500,500,3
115.40641543047819,test-00000-of-00006_1059.png,500,500,3
294.6355749568782,test-00000-of-00006_1059.png,500,500,3
1865.7910961149842,test-00000-of-00006_1059.png,500,500,3
6.838056783557333,test-00000-of-00006_1059.png,500,500,3
49.812586204266665,test-00000-of-00006_1059.png,500,500,3
644.6211492844373,test-00000-of-00006_1059.png,500,500,3
6.545962666666667,test-00000-of-00006_1059.png,500,500,3
129.16574369062224,test-00000-of-00006_1059.png,500,500,3
7.90806799905956,test-00000-of-00006_1059.png,500,500,3
88.39776956187737,test-00000-of-00006_1059.png,500,500,3
467.1062233017583,test-00000-of-00006_1059.png,500,500,3
43.506003926739545,test-00000-of-00006_1059.png,500,500,3
942.3520491802668,test-00000-of-00006_1059.png,500,500,3
321.62924257097967,test-00000-of-00006_1059.png,500,500,3
102.81442254924627,test-00000-of-00006_1059.png,500,500,3
47.14672743849954,test-00000-of-00006_1059.png,500,500,3
4.688013333333333,test-00000-of-00006_1059.png,500,500,3
2.2319013333333335,test-00000-of-00006_1059.png,500,500,3
186.91936266666667,test-00000-of-00006_1059.png,500,500,3
20.461227460264897,test-00000-of-00006_1059.png,500,500,3
32.944066664099566,test-00000-of-00006_1059.png,500,500,3
667.980204673024,test-00000-of-00006_1059.png,500,500,3
91.45081650921067,test-00000-of-00006_1059.png,500,500,3
22.405944801406214,test-00000-of-00006_1059.png,500,500,3
90.15355971555555,test-00000-of-00006_1059.png,500,500,3
29.47271502911823,test-00000-of-00006_1059.png,500,500,3
67.65713507185066,test-00000-of-00006_1059.png,500,500,3
371.8598958655555,test-00000-of-00006_1059.png,500,500,3
258.52813555633594,test-00000-of-00006_1059.png,500,500,3
236.9084888168515,test-00000-of-00006_1059.png,500,500,3
1.373904,test-00000-of-00006_1059.png,500,500,3
5.770531861155557,test-00000-of-00006_1059.png,500,500,3
5.280122666666666,test-00000-of-00006_1059.png,500,500,3
5.804127999936001,test-00000-of-00006_1059.png,500,500,3
338.90182413493335,test-00000-of-00006_1059.png,500,500,3
487.07549248021166,test-00000-of-00006_1059.png,500,500,3
20.535645278264887,test-00000-of-00006_1059.png,500,500,3
4.039473202771554,test-00000-of-00006_1059.png,500,500,3
470.00931720441605,test-00000-of-00006_1059.png,500,500,3
654.5913219146224,test-00000-of-00006_1059.png,500,500,3
268.7613271682561,test-00000-of-00006_1059.png,500,500,3
37.672361473166205,test-00000-of-00006_1059.png,500,500,3
20.206299874069334,test-00000-of-00006_1059.png,500,500,3
318.9522157822222,test-00000-of-00006_1059.png,500,500,3
9.479561687886221,test-00000-of-00006_1059.png,500,500,3
204.6959597566222,test-00000-of-00006_1059.png,500,500,3
360.1114571635893,test-00000-of-00006_1059.png,500,500,3
486.6840709305582,test-00000-of-00006_1059.png,500,500,3
244.39117832871815,test-00000-of-00006_1059.png,500,500,3
70.63131633865954,test-00000-of-00006_1059.png,500,500,3
47.96840798973156,test-00000-of-00006_1059.png,500,500,3
109.80625470921952,test-00000-of-00006_1059.png,500,500,3
545.2694947048517,test-00000-of-00006_1059.png,500,500,3
108.28966754310936,test-00000-of-00006_1059.png,500,500,3
31.699741311032895,test-00000-of-00006_1059.png,500,500,3
190.1975433835448,test-00000-of-00006_1059.png,500,500,3
264.2714615697333,test-00000-of-00006_1059.png,500,500,3
80.4438800643129,test-00000-of-00006_1059.png,500,500,3
36.415021616063996,test-00000-of-00006_1059.png,500,500,3
99.11143717757156,test-00000-of-00006_1059.png,500,500,3
56.088970991955556,test-00000-of-00006_1059.png,500,500,3
89.49499661203733,test-00000-of-00006_1059.png,500,500,3
13.694123867504004,test-00000-of-00006_1059.png,500,500,3
199.56235823106658,test-00000-of-00006_1059.png,500,500,3
34.919618463566216,test-00000-of-00006_1059.png,500,500,3
277.82702460839806,test-00000-of-00006_1059.png,500,500,3
75.25077798360002,test-00000-of-00006_1059.png,500,500,3
97.09912956870403,test-00000-of-00006_1059.png,500,500,3
962.0131636522595,test-00000-of-00006_1059.png,500,500,3
173.66787160649955,test-00000-of-00006_1059.png,500,500,3
346.25227675204263,test-00000-of-00006_1059.png,500,500,3
23.902177333118225,test-00000-of-00006_1059.png,500,500,3
21.66708064774934,test-00000-of-00006_1059.png,500,500,3
5.080701333333334,test-00000-of-00006_1059.png,500,500,3
162.9418267647929,test-00000-of-00006_1059.png,500,500,3
26.39641996158399,test-00000-of-00006_1059.png,500,500,3
43.592717038490676,test-00000-of-00006_1059.png,500,500,3
45.01438773921954,test-00000-of-00006_1059.png,500,500,3
187.28988830847828,test-00000-of-00006_1059.png,500,500,3
81.16125652333332,test-00000-of-00006_1059.png,500,500,3
14.448271948622219,test-00000-of-00006_1059.png,500,500,3
15.822550150399993,test-00000-of-00006_1059.png,500,500,3
38.99192805188268,test-00000-of-00006_1059.png,500,500,3
54.91761323598934,test-00000-of-00006_1059.png,500,500,3
56.96385819807288,test-00000-of-00006_1059.png,500,500,3
1204.9779003544459,test-00000-of-00006_1059.png,500,500,3
126.36290472908622,test-00000-of-00006_1059.png,500,500,3
3.05172,test-00000-of-00006_1059.png,500,500,3
54.28551617026667,test-00000-of-00006_1059.png,500,500,3
186.54980398775282,test-00000-of-00006_1059.png,500,500,3
8.581250645930671,test-00000-of-00006_1059.png,500,500,3
96.18750846395558,test-00000-of-00006_1059.png,500,500,3
422.94462821217957,test-00000-of-00006_1059.png,500,500,3
3.146752,test-00000-of-00006_1059.png,500,500,3
16.962755984624007,test-00000-of-00006_1059.png,500,500,3
462.42768863840007,test-00000-of-00006_1059.png,500,500,3
57.95583931448892,test-00000-of-00006_1059.png,500,500,3
173.6694451278222,test-00000-of-00006_1059.png,500,500,3
12.906677325112886,test-00000-of-00006_1059.png,500,500,3
214.51776533326944,test-00000-of-00006_1059.png,500,500,3
52.19971333062932,test-00000-of-00006_1059.png,500,500,3
13.667865172264877,test-00000-of-00006_1059.png,500,500,3
73.76218607888887,test-00000-of-00006_1059.png,500,500,3
366.354330066046,test-00000-of-00006_1059.png,500,500,3
255.0939798818063,test-00000-of-00006_1059.png,500,500,3
109.72827733333334,test-00000-of-00006_1059.png,500,500,3
188.61683361809068,test-00000-of-00006_1059.png,500,500,3
1.1594373333333334,test-00000-of-00006_1059.png,500,500,3
164.8358785341707,test-00000-of-00006_1059.png,500,500,3
121.55907791329957,test-00000-of-00006_1059.png,500,500,3
994.8941035128731,test-00000-of-00006_1059.png,500,500,3
60.042220328531556,test-00000-of-00006_1059.png,500,500,3
419.0519225386221,test-00000-of-00006_1059.png,500,500,3
660.2280798525439,test-00000-of-00006_1059.png,500,500,3
28.71042532582223,test-00000-of-00006_1059.png,500,500,3
396.1174131578863,test-00000-of-00006_1059.png,500,500,3
5.259785312211554,test-00000-of-00006_1059.png,500,500,3
112.76306108358399,test-00000-of-00006_1059.png,500,500,3
20.977362225770666,test-00000-of-00006_1059.png,500,500,3
34.77785032248889,test-00000-of-00006_1059.png,500,500,3
204.98266091369064,test-00000-of-00006_1059.png,500,500,3
17.20523238052267,test-00000-of-00006_1059.png,500,500,3
868.2525907250064,test-00000-of-00006_1059.png,500,500,3
398.21499636030404,test-00000-of-00006_1059.png,500,500,3
840.5114011042117,test-00000-of-00006_1059.png,500,500,3
1842.2673305150868,test-00000-of-00006_1059.png,500,500,3
405.70555363441053,test-00000-of-00006_1059.png,500,500,3
17.000912987589334,test-00000-of-00006_1059.png,500,500,3
23.02214714128889,test-00000-of-00006_1059.png,500,500,3
485.25049127506503,test-00000-of-00006_1059.png,500,500,3
241.71021664127838,test-00000-of-00006_1059.png,500,500,3
354.88453531195563,test-00000-of-00006_1059.png,500,500,3
58.39535995892623,test-00000-of-00006_1059.png,500,500,3
4.440222615891555,test-00000-of-00006_1059.png,500,500,3
10.01956357085156,test-00000-of-00006_1059.png,500,500,3
18.191070541822217,test-00000-of-00006_1059.png,500,500,3
244.5482776153582,test-00000-of-00006_1059.png,500,500,3
932.2278844735981,test-00000-of-00006_1059.png,500,500,3
47.28064930555556,test-00000-of-00006_1059.png,500,500,3
167.38934596106662,test-00000-of-00006_1059.png,500,500,3
16.550454488019557,test-00000-of-00006_1059.png,500,500,3
342.74920660316263,test-00000-of-00006_1059.png,500,500,3
10.142002144419555,test-00000-of-00006_1059.png,500,500,3
555.2917048871096,test-00000-of-00006_1059.png,500,500,3
522.2945909731556,test-00000-of-00006_1059.png,500,500,3
3.5347305823128887,test-00000-of-00006_1059.png,500,500,3
38.99192805188268,test-00000-of-00006_1059.png,500,500,3
6.658190543699555,test-00000-of-00006_1059.png,500,500,3
27.692406856176,test-00000-of-00006_1059.png,500,500,3
62.15260195319289,test-00000-of-00006_1059.png,500,500,3
194.22770686506485,test-00000-of-00006_1059.png,500,500,3
74.70884254463287,test-00000-of-00006_1059.png,500,500,3
65.66295932102398,test-00000-of-00006_1059.png,500,500,3
668.778102328825,test-00000-of-00006_1059.png,500,500,3
149.10084848415286,test-00000-of-00006_1059.png,500,500,3
11.191203985278223,test-00000-of-00006_1059.png,500,500,3
4.130826666666667,test-00000-of-00006_1059.png,500,500,3
121.55907791329957,test-00000-of-00006_1059.png,500,500,3
1.389432,test-00000-of-00006_1059.png,500,500,3
48.66772588782223,test-00000-of-00006_1059.png,500,500,3
289.1802858992907,test-00000-of-00006_1059.png,500,500,3
52.323078649912915,test-00000-of-00006_1059.png,500,500,3
230.78899922815825,test-00000-of-00006_1059.png,500,500,3
142.04955690662226,test-00000-of-00006_1059.png,500,500,3
11.4508399936,test-00000-of-00006_1059.png,500,500,3
592.8378412322064,test-00000-of-00006_1059.png,500,500,3
3.95712,test-00000-of-00006_1059.png,500,500,3
56.96385819807288,test-00000-of-00006_1059.png,500,500,3
438.870356881776,test-00000-of-00006_1059.png,500,500,3
14.55038756087289,test-00000-of-00006_1059.png,500,500,3
76.70832909239289,test-00000-of-00006_1059.png,500,500,3
47.91598799829156,test-00000-of-00006_1059.png,500,500,3
82.11769026128886,test-00000-of-00006_1059.png,500,500,3
222.77160987812277,test-00000-of-00006_1059.png,500,500,3
181.7298773986115,test-00000-of-00006_1059.png,500,500,3
8.529097333331555,test-00000-of-00006_1059.png,500,500,3
140.3770193322222,test-00000-of-00006_1059.png,500,500,3
15.64422263426666,test-00000-of-00006_1059.png,500,500,3
133.63975455679824,test-00000-of-00006_1059.png,500,500,3
28.74790078790932,test-00000-of-00006_1059.png,500,500,3
12.680301832488885,test-00000-of-00006_1059.png,500,500,3
73.54068846058489,test-00000-of-00006_1059.png,500,500,3
229.6797290891305,test-00000-of-00006_1059.png,500,500,3
4.039473202771554,test-00000-of-00006_1059.png,500,500,3
20.461227460264897,test-00000-of-00006_1059.png,500,500,3
23.793442300229337,test-00000-of-00006_1059.png,500,500,3
60.490260589224874,test-00000-of-00006_1059.png,500,500,3
18.236089641384893,test-00000-of-00006_1059.png,500,500,3
184.90166422604625,test-00000-of-00006_1059.png,500,500,3
10.271190666579551,test-00000-of-00006_1059.png,500,500,3
704.5113154178773,test-00000-of-00006_1059.png,500,500,3
146.5458959784373,test-00000-of-00006_1059.png,500,500,3
31.262215683406232,test-00000-of-00006_1059.png,500,500,3
109.72827733333334,test-00000-of-00006_1059.png,500,500,3
5.520942593406224,test-00000-of-00006_1059.png,500,500,3
16.40401724333334,test-00000-of-00006_1059.png,500,500,3
126.44019598527825,test-00000-of-00006_1059.png,500,500,3
58.198845823955565,test-00000-of-00006_1059.png,500,500,3
607.4642438697795,test-00000-of-00006_1059.png,500,500,3
9.012334661288888,test-00000-of-00006_1059.png,500,500,3
22.463014520232896,test-00000-of-00006_1059.png,500,500,3
257.2118175961315,test-00000-of-00006_1059.png,500,500,3
129.63664260863294,test-00000-of-00006_1059.png,500,500,3
198.07830458879818,test-00000-of-00006_1059.png,500,500,3
35.10452168743822,test-00000-of-00006_1059.png,500,500,3
60.09124054015289,test-00000-of-00006_1059.png,500,500,3
180.15768628757158,test-00000-of-00006_1059.png,500,500,3
24.38616900940622,test-00000-of-00006_1059.png,500,500,3
145.658608,test-00000-of-00006_1059.png,500,500,3
26.55651064820622,test-00000-of-00006_1059.png,500,500,3
5.929341945299557,test-00000-of-00006_1059.png,500,500,3
13.041094934976002,test-00000-of-00006_1059.png,500,500,3
244.39117832871815,test-00000-of-00006_1059.png,500,500,3
629.4201471586915,test-00000-of-00006_1059.png,500,500,3
370.38648488174925,test-00000-of-00006_1059.png,500,500,3
74.54564378129069,test-00000-of-00006_1059.png,500,500,3
4.091647999886224,test-00000-of-00006_1059.png,500,500,3
331.29826017868623,test-00000-of-00006_1059.png,500,500,3
192.82144403677157,test-00000-of-00006_1059.png,500,500,3
174.43771990431284,test-00000-of-00006_1059.png,500,500,3
196.11124086749157,test-00000-of-00006_1059.png,500,500,3
74.77639820607823,test-00000-of-00006_1059.png,500,500,3
744.0804564558223,test-00000-of-00006_1059.png,500,500,3
353.8052991665493,test-00000-of-00006_1059.png,500,500,3
276.98958285542403,test-00000-of-00006_1059.png,500,500,3
77.01816129062219,test-00000-of-00006_1059.png,500,500,3
25.18362979804267,test-00000-of-00006_1059.png,500,500,3
16.962755984624007,test-00000-of-00006_1059.png,500,500,3
10.86998464774933,test-00000-of-00006_1059.png,500,500,3
7.7415346352195575,test-00000-of-00006_1059.png,500,500,3
50.37221865892266,test-00000-of-00006_1059.png,500,500,3
19.445395923823998,test-00000-of-00006_1059.png,500,500,3
15.922805917864881,test-00000-of-00006_1059.png,500,500,3
88.39776956187737,test-00000-of-00006_1059.png,500,500,3
287.15889975000005,test-00000-of-00006_1059.png,500,500,3
54.60133454369957,test-00000-of-00006_1059.png,500,500,3
39.565537863850665,test-00000-of-00006_1059.png,500,500,3
127.33009139160004,test-00000-of-00006_1059.png,500,500,3
366.76506867615296,test-00000-of-00006_1059.png,500,500,3
265.94778933333333,test-00000-of-00006_1059.png,500,500,3
11.016330665464888,test-00000-of-00006_1059.png,500,500,3
27.03242374540623,test-00000-of-00006_1059.png,500,500,3
55.65586969161958,test-00000-of-00006_1059.png,500,500,3
671.1608931433171,test-00000-of-00006_1059.png,500,500,3
168.475938268144,test-00000-of-00006_1059.png,500,500,3
143.19600196806397,test-00000-of-00006_1059.png,500,500,3
97.7938677957334,test-00000-of-00006_1059.png,500,500,3
381.1433208617796,test-00000-of-00006_1059.png,500,500,3
33.20613606911823,test-00000-of-00006_1059.png,500,500,3
67.40101829108625,test-00000-of-00006_1059.png,500,500,3
273.76015178828624,test-00000-of-00006_1059.png,500,500,3
112.76306108358399,test-00000-of-00006_1059.png,500,500,3
59.803176159224876,test-00000-of-00006_1059.png,500,500,3
7.90806799905956,test-00000-of-00006_1059.png,500,500,3
119.2866699428249,test-00000-of-00006_1059.png,500,500,3
21.718538654712894,test-00000-of-00006_1059.png,500,500,3
19.464958605822225,test-00000-of-00006_1059.png,500,500,3
104.33802088076625,test-00000-of-00006_1059.png,500,500,3
413.80962057414945,test-00000-of-00006_1059.png,500,500,3
41.18047105121957,test-00000-of-00006_1059.png,500,500,3
237.58737596105948,test-00000-of-00006_1059.png,500,500,3
20.206299874069334,test-00000-of-00006_1059.png,500,500,3
925.5358405845315,test-00000-of-00006_1059.png,500,500,3
172.91067466666667,test-00000-of-00006_1059.png,500,500,3
1.1662933333333334,test-00000-of-00006_1059.png,500,500,3
701.8560313546224,test-00000-of-00006_1059.png,500,500,3
331.29826017868623,test-00000-of-00006_1059.png,500,500,3
57.41397446715557,test-00000-of-00006_1059.png,500,500,3
136.7268706512907,test-00000-of-00006_1059.png,500,500,3
19.00736652828266,test-00000-of-00006_1059.png,500,500,3
55.50034659652268,test-00000-of-00006_1059.png,500,500,3
96.2871010599182,test-00000-of-00006_1059.png,500,500,3
2.8032293333333334,test-00000-of-00006_1059.png,500,500,3
34.378953333317355,test-00000-of-00006_1059.png,500,500,3
0.9449333333333333,test-00000-of-00006_1059.png,500,500,3
66.33585803758933,test-00000-of-00006_1059.png,500,500,3
790.5929094865048,test-00000-of-00006_1059.png,500,500,3
369.2549039606826,test-00000-of-00006_1059.png,500,500,3
49.22718483206933,test-00000-of-00006_1059.png,500,500,3
193.25971812684602,test-00000-of-00006_1059.png,500,500,3
3.8086986666595553,test-00000-of-00006_1059.png,500,500,3
278.5978493210862,test-00000-of-00006_1059.png,500,500,3
51.43651258602491,test-00000-of-00006_1059.png,500,500,3
42.67075733127823,test-00000-of-00006_1059.png,500,500,3
35.30296932714488,test-00000-of-00006_1059.png,500,500,3
912.2419580245315,test-00000-of-00006_1059.png,500,500,3
222.9024103850595,test-00000-of-00006_1059.png,500,500,3
9.782922596970666,test-00000-of-00006_1059.png,500,500,3
11.273615999886221,test-00000-of-00006_1059.png,500,500,3
1745.846952651776,test-00000-of-00006_1059.png,500,500,3
84.64166487995554,test-00000-of-00006_1059.png,500,500,3
516.3203373187984,test-00000-of-00006_1059.png,500,500,3
658.1236704115042,test-00000-of-00006_1059.png,500,500,3
19.341704537669337,test-00000-of-00006_1059.png,500,500,3
7.946936987589332,test-00000-of-00006_1059.png,500,500,3
9.380227865555556,test-00000-of-00006_1059.png,500,500,3
18.067810521251552,test-00000-of-00006_1059.png,500,500,3
30.033830457512895,test-00000-of-00006_1059.png,500,500,3
184.18141354973162,test-00000-of-00006_1059.png,500,500,3
7.882119281066666,test-00000-of-00006_1059.png,500,500,3
360.06832489244255,test-00000-of-00006_1059.png,500,500,3
49.18306931259735,test-00000-of-00006_1059.png,500,500,3
252.21221062924627,test-00000-of-00006_1059.png,500,500,3
83.69773274751823,test-00000-of-00006_1059.png,500,500,3
11.192500989155558,test-00000-of-00006_1059.png,500,500,3
461.9917755155837,test-00000-of-00006_1059.png,500,500,3
388.4895843020515,test-00000-of-00006_1059.png,500,500,3
278.3623870713174,test-00000-of-00006_1059.png,500,500,3
264.2714615697333,test-00000-of-00006_1059.png,500,500,3
43.00415294889956,test-00000-of-00006_1059.png,500,500,3
361.4402916689333,test-00000-of-00006_1059.png,500,500,3
47.91598799829156,test-00000-of-00006_1059.png,500,500,3
197.37360667049953,test-00000-of-00006_1059.png,500,500,3
204.6959597566222,test-00000-of-00006_1059.png,500,500,3
1584.66336332322,test-00000-of-00006_1059.png,500,500,3
195.14127863329952,test-00000-of-00006_1059.png,500,500,3
14.304475997295995,test-00000-of-00006_1059.png,500,500,3
372.377568952313,test-00000-of-00006_1059.png,500,500,3
359.8441370752693,test-00000-of-00006_1059.png,500,500,3
10.745175971776002,test-00000-of-00006_1059.png,500,500,3
131.13236840959289,test-00000-of-00006_1059.png,500,500,3
198.05471250772626,test-00000-of-00006_1059.png,500,500,3
598.6404265759554,test-00000-of-00006_1059.png,500,500,3
29.155284982869336,test-00000-of-00006_1059.png,500,500,3
7.548216,test-00000-of-00006_1059.png,500,500,3
5.315408,test-00000-of-00006_1059.png,500,500,3
27.300370960490653,test-00000-of-00006_1059.png,500,500,3
581.0814142574864,test-00000-of-00006_1059.png,500,500,3
372.377568952313,test-00000-of-00006_1059.png,500,500,3
2646.073290330736,test-00000-of-00006_1059.png,500,500,3
237.58737596105948,test-00000-of-00006_1059.png,500,500,3
88.62871243575285,test-00000-of-00006_1059.png,500,500,3
17.20523238052267,test-00000-of-00006_1059.png,500,500,3
349.4176930857796,test-00000-of-00006_1059.png,500,500,3
123.82378632888891,test-00000-of-00006_1059.png,500,500,3
425.0697023750667,test-00000-of-00006_1059.png,500,500,3
136.64577258943825,test-00000-of-00006_1059.png,500,500,3
19.913134408602662,test-00000-of-00006_1059.png,500,500,3
346.22035664995565,test-00000-of-00006_1059.png,500,500,3
500.1869461666117,test-00000-of-00006_1059.png,500,500,3
297.6274266366223,test-00000-of-00006_1059.png,500,500,3
28.11994044849601,test-00000-of-00006_1059.png,500,500,3
45.326409648291566,test-00000-of-00006_1059.png,500,500,3
204.3211088730863,test-00000-of-00006_1059.png,500,500,3
12.724081328709334,test-00000-of-00006_1059.png,500,500,3
167.86025821247827,test-00000-of-00006_1059.png,500,500,3
395.4851585599997,test-00000-of-00006_1059.png,500,500,3
42.10770945382222,test-00000-of-00006_1059.png,500,500,3
259.51689258222217,test-00000-of-00006_1059.png,500,500,3
35.75721090525157,test-00000-of-00006_1059.png,500,500,3
9.956448212933331,test-00000-of-00006_1059.png,500,500,3
269.7212055592889,test-00000-of-00006_1059.png,500,500,3
42.28881267615287,test-00000-of-00006_1059.png,500,500,3
19.59323308333334,test-00000-of-00006_1059.png,500,500,3
17.20523238052267,test-00000-of-00006_1059.png,500,500,3
329.33617363711295,test-00000-of-00006_1059.png,500,500,3
22.70157306293333,test-00000-of-00006_1059.png,500,500,3
128.5073265422063,test-00000-of-00006_1059.png,500,500,3
259.02067895406935,test-00000-of-00006_1059.png,500,500,3
8.746122553770668,test-00000-of-00006_1059.png,500,500,3
139.5372282858222,test-00000-of-00006_1059.png,500,500,3
344.66409195838395,test-00000-of-00006_1059.png,500,500,3
192.82144403677157,test-00000-of-00006_1059.png,500,500,3
26.58046664479289,test-00000-of-00006_1059.png,500,500,3
49.2795374858649,test-00000-of-00006_1059.png,500,500,3
75.91216170982221,test-00000-of-00006_1059.png,500,500,3
268.3039293316249,test-00000-of-00006_1059.png,500,500,3
147.5511078515182,test-00000-of-00006_1059.png,500,500,3
30.47532,test-00000-of-00006_1059.png,500,500,3
360.05680393778476,test-00000-of-00006_1059.png,500,500,3
16.794406856526223,test-00000-of-00006_1059.png,500,500,3
8.884666418282666,test-00000-of-00006_1059.png,500,500,3
854.8086048458241,test-00000-of-00006_1059.png,500,500,3
785.4735533421795,test-00000-of-00006_1059.png,500,500,3
29.68081866322489,test-00000-of-00006_1059.png,500,500,3
213.79317362514493,test-00000-of-00006_1059.png,500,500,3
152.03730933333333,test-00000-of-00006_1059.png,500,500,3
20.918622625050673,test-00000-of-00006_1059.png,500,500,3
72.24785571555553,test-00000-of-00006_1059.png,500,500,3
93.26160666086402,test-00000-of-00006_1059.png,500,500,3
13.453622191486222,test-00000-of-00006_1059.png,500,500,3
252.21221062924627,test-00000-of-00006_1059.png,500,500,3
41.40260012351822,test-00000-of-00006_1059.png,500,500,3
162.66745199729598,test-00000-of-00006_1059.png,500,500,3
58.698954519864884,test-00000-of-00006_1059.png,500,500,3
717.0981422484888,test-00000-of-00006_1059.png,500,500,3
389.62680166040025,test-00000-of-00006_1059.png,500,500,3
51.45327543969957,test-00000-of-00006_1059.png,500,500,3
108.28966754310936,test-00000-of-00006_1059.png,500,500,3
278.3623870713174,test-00000-of-00006_1059.png,500,500,3
17.20523238052267,test-00000-of-00006_1059.png,500,500,3
65.66295932102398,test-00000-of-00006_1059.png,500,500,3
232.57301822577597,test-00000-of-00006_1059.png,500,500,3
64.56574208853154,test-00000-of-00006_1059.png,500,500,3
8.065163635183996,test-00000-of-00006_1059.png,500,500,3
54.38226926796625,test-00000-of-00006_1059.png,500,500,3
26.55651064820622,test-00000-of-00006_1059.png,500,500,3
63.17344921926932,test-00000-of-00006_1059.png,500,500,3
32.45871454395557,test-00000-of-00006_1059.png,500,500,3
287.5628758576907,test-00000-of-00006_1059.png,500,500,3
125.12362886791827,test-00000-of-00006_1059.png,500,500,3
11.341651768318213,test-00000-of-00006_1059.png,500,500,3
253.45926492426676,test-00000-of-00006_1059.png,500,500,3
204.6959597566222,test-00000-of-00006_1059.png,500,500,3
1026.4559011293848,test-00000-of-00006_1059.png,500,500,3
247.95370388888892,test-00000-of-00006_1059.png,500,500,3
90.85734639903288,test-00000-of-00006_1059.png,500,500,3
1.7454213333333333,test-00000-of-00006_1059.png,500,500,3
5.5401559996000005,test-00000-of-00006_1059.png,500,500,3
102.74687911662221,test-00000-of-00006_1059.png,500,500,3
374.93638924177066,test-00000-of-00006_1059.png,500,500,3
226.09515995101165,test-00000-of-00006_1059.png,500,500,3
167.0634773712782,test-00000-of-00006_1059.png,500,500,3
93.41711676782931,test-00000-of-00006_1059.png,500,500,3
58.51336930188623,test-00000-of-00006_1059.png,500,500,3
3.971870630312887,test-00000-of-00006_1059.png,500,500,3
370.9220546122222,test-00000-of-00006_1059.png,500,500,3
2.253061333333333,test-00000-of-00006_1059.png,500,500,3
267.6938133333333,test-00000-of-00006_1059.png,500,500,3
157.39566526293157,test-00000-of-00006_1059.png,500,500,3
902.0089821277795,test-00000-of-00006_1059.png,500,500,3
8.199466356046221,test-00000-of-00006_1059.png,500,500,3
90.39771457917156,test-00000-of-00006_1059.png,500,500,3
205.65264258975287,test-00000-of-00006_1059.png,500,500,3
242.32742647230398,test-00000-of-00006_1059.png,500,500,3
48.436574478888886,test-00000-of-00006_1059.png,500,500,3
1340.9867529078592,test-00000-of-00006_1059.png,500,500,3
273.76015178828624,test-00000-of-00006_1059.png,500,500,3
12.065338446392891,test-00000-of-00006_1059.png,500,500,3
169.20338322188624,test-00000-of-00006_1059.png,500,500,3
13.119699999983997,test-00000-of-00006_1059.png,500,500,3
108.39683984493341,test-00000-of-00006_1059.png,500,500,3
204.56691464669157,test-00000-of-00006_1059.png,500,500,3
23.59572197887288,test-00000-of-00006_1059.png,500,500,3
186.8520931998649,test-00000-of-00006_1059.png,500,500,3
1294.3075166520243,test-00000-of-00006_1059.png,500,500,3
20.219013312597333,test-00000-of-00006_1059.png,500,500,3
384.9023058446222,test-00000-of-00006_1059.png,500,500,3
233.92903859906673,test-00000-of-00006_1059.png,500,500,3
19.993691638398225,test-00000-of-00006_1059.png,500,500,3
62.776787546622224,test-00000-of-00006_1059.png,500,500,3
175.56640767095288,test-00000-of-00006_1059.png,500,500,3
297.26119456082483,test-00000-of-00006_1059.png,500,500,3
3.156734648531555,test-00000-of-00006_1059.png,500,500,3
371.766217240105,test-00000-of-00006_1059.png,500,500,3
43.55693844888888,test-00000-of-00006_1059.png,500,500,3
14.46546527116622,test-00000-of-00006_1059.png,500,500,3
266.36533721309155,test-00000-of-00006_1059.png,500,500,3
273.76015178828624,test-00000-of-00006_1059.png,500,500,3
45.66612188842488,test-00000-of-00006_1059.png,500,500,3
23.59572197887288,test-00000-of-00006_1059.png,500,500,3
412.45181519615323,test-00000-of-00006_1059.png,500,500,3
11.851307644784,test-00000-of-00006_1059.png,500,500,3
10.207555998888893,test-00000-of-00006_1059.png,500,500,3
167.8045626138862,test-00000-of-00006_1059.png,500,500,3
7.7415346352195575,test-00000-of-00006_1059.png,500,500,3
184.07657388991817,test-00000-of-00006_1059.png,500,500,3
18.987139018579555,test-00000-of-00006_1059.png,500,500,3
401.8298909246296,test-00000-of-00006_1059.png,500,500,3
8.529097333331555,test-00000-of-00006_1059.png,500,500,3
69.38154309717159,test-00000-of-00006_1059.png,500,500,3
175.57407622057073,test-00000-of-00006_1059.png,500,500,3
283.2608360388106,test-00000-of-00006_1059.png,500,500,3
92.70967307361957,test-00000-of-00006_1059.png,500,500,3
46.85835440106488,test-00000-of-00006_1059.png,500,500,3
1141.8667778683996,test-00000-of-00006_1059.png,500,500,3
11.047765423486233,test-00000-of-00006_1059.png,500,500,3
5.199202666666666,test-00000-of-00006_1059.png,500,500,3
4.394122666666667,test-00000-of-00006_1059.png,500,500,3
925.3468237119555,test-00000-of-00006_1059.png,500,500,3
6.838056783557333,test-00000-of-00006_1059.png,500,500,3
268.34509526269164,test-00000-of-00006_1059.png,500,500,3
38.14261428556622,test-00000-of-00006_1059.png,500,500,3
311.0225261803931,test-00000-of-00006_1059.png,500,500,3
289.1802858992907,test-00000-of-00006_1059.png,500,500,3
267.6938133333333,test-00000-of-00006_1059.png,500,500,3
667.980204673024,test-00000-of-00006_1059.png,500,500,3
353.35592421217956,test-00000-of-00006_1059.png,500,500,3
13.453622191486222,test-00000-of-00006_1059.png,500,500,3
391.80317688353966,test-00000-of-00006_1059.png,500,500,3
4.970763999998222,test-00000-of-00006_1059.png,500,500,3
11.972143854584893,test-00000-of-00006_1059.png,500,500,3
7.8813906423306666,test-00000-of-00006_1059.png,500,500,3
321.29346938588264,test-00000-of-00006_1059.png,500,500,3
300.26714647497954,test-00000-of-00006_1059.png,500,500,3
252.70270259767295,test-00000-of-00006_1059.png,500,500,3
1.124968,test-00000-of-00006_1059.png,500,500,3
47.96840798973156,test-00000-of-00006_1059.png,500,500,3
241.055578642745,test-00000-of-00006_1059.png,500,500,3
533.3822225479662,test-00000-of-00006_1059.png,500,500,3
140.3770193322222,test-00000-of-00006_1059.png,500,500,3
198.98230666666666,test-00000-of-00006_1059.png,500,500,3
49.44750597222224,test-00000-of-00006_1059.png,500,500,3
5.950177327557334,test-00000-of-00006_1059.png,500,500,3
94.84897566822401,test-00000-of-00006_1059.png,500,500,3
122.59640390513597,test-00000-of-00006_1059.png,500,500,3
410.7881959359717,test-00000-of-00006_1059.png,500,500,3
379.5829630295449,test-00000-of-00006_1059.png,500,500,3
99.11143717757156,test-00000-of-00006_1059.png,500,500,3
126.33830257820263,test-00000-of-00006_1059.png,500,500,3
14.834623899299554,test-00000-of-00006_1059.png,500,500,3
92.77635421149155,test-00000-of-00006_1059.png,500,500,3
30.904571395752885,test-00000-of-00006_1059.png,500,500,3
83.72215497403735,test-00000-of-00006_1059.png,500,500,3
576.4631279139554,test-00000-of-00006_1059.png,500,500,3
94.54917057905067,test-00000-of-00006_1059.png,500,500,3
163.59580509780614,test-00000-of-00006_1059.png,500,500,3
17.073302594842666,test-00000-of-00006_1059.png,500,500,3
1314.2770807454558,test-00000-of-00006_1059.png,500,500,3
160.13871597397156,test-00000-of-00006_1059.png,500,500,3
86.80476230305953,test-00000-of-00006_1059.png,500,500,3
423.15614266306665,test-00000-of-00006_1059.png,500,500,3
243.19483956757148,test-00000-of-00006_1059.png,500,500,3
7.52217098538489,test-00000-of-00006_1059.png,500,500,3
145.658608,test-00000-of-00006_1059.png,500,500,3
21.636715999215994,test-00000-of-00006_1059.png,500,500,3
1314.2770807454558,test-00000-of-00006_1059.png,500,500,3
81.75185683654934,test-00000-of-00006_1059.png,500,500,3
193.4200900933334,test-00000-of-00006_1059.png,500,500,3
197.422944,test-00000-of-00006_1059.png,500,500,3
32.798401321669346,test-00000-of-00006_1059.png,500,500,3
5.767464,test-00000-of-00006_1059.png,500,500,3
154.6199052788889,test-00000-of-00006_1059.png,500,500,3
685.0004813809335,test-00000-of-00006_1059.png,500,500,3
74.65550455031287,test-00000-of-00006_1059.png,500,500,3
467.1062233017583,test-00000-of-00006_1059.png,500,500,3
112.76306108358399,test-00000-of-00006_1059.png,500,500,3
2220.3970244403126,test-00000-of-00006_1059.png,500,500,3
208.05805463231817,test-00000-of-00006_1059.png,500,500,3
37.100401520424896,test-00000-of-00006_1059.png,500,500,3
17.20523238052267,test-00000-of-00006_1059.png,500,500,3
367.41363451160004,test-00000-of-00006_1059.png,500,500,3
774.5619804545267,test-00000-of-00006_1059.png,500,500,3
59.93103333203732,test-00000-of-00006_1059.png,500,500,3
293.8426611979094,test-00000-of-00006_1059.png,500,500,3
182.23047899465962,test-00000-of-00006_1059.png,500,500,3
315.9634497296428,test-00000-of-00006_1059.png,500,500,3
201.69116533333334,test-00000-of-00006_1059.png,500,500,3
107.81924105030936,test-00000-of-00006_1059.png,500,500,3
12.16081466666489,test-00000-of-00006_1059.png,500,500,3
251.91296609191818,test-00000-of-00006_1059.png,500,500,3
4.440222615891555,test-00000-of-00006_1059.png,500,500,3
17.205294236416,test-00000-of-00006_1059.png,500,500,3
12.906677325112886,test-00000-of-00006_1059.png,500,500,3
365.6630759796461,test-00000-of-00006_1059.png,500,500,3
327.2377019130241,test-00000-of-00006_1059.png,500,500,3
53.88160055031289,test-00000-of-00006_1059.png,500,500,3
32.798401321669346,test-00000-of-00006_1059.png,500,500,3
173.88015644556629,test-00000-of-00006_1059.png,500,500,3
88.38943659143821,test-00000-of-00006_1059.png,500,500,3
12.009556950584885,test-00000-of-00006_1059.png,500,500,3
5.259785312211554,test-00000-of-00006_1059.png,500,500,3
351.6905037602827,test-00000-of-00006_1059.png,500,500,3
4.91998959888889,test-00000-of-00006_1059.png,500,500,3
54.63368759380621,test-00000-of-00006_1059.png,500,500,3
2010.4820259876903,test-00000-of-00006_1059.png,500,500,3
1383.9407882517337,test-00000-of-00006_1059.png,500,500,3
139.3391296559716,test-00000-of-00006_1059.png,500,500,3
573.6103143010915,test-00000-of-00006_1059.png,500,500,3
66.46098132511288,test-00000-of-00006_1059.png,500,500,3
16.660845046037352,test-00000-of-00006_1059.png,500,500,3
784.1194596287128,test-00000-of-00006_1059.png,500,500,3
403.5992189619128,test-00000-of-00006_1059.png,500,500,3
160.270538452464,test-00000-of-00006_1059.png,500,500,3
60.0288999115929,test-00000-of-00006_1059.png,500,500,3
126.00617961556624,test-00000-of-00006_1059.png,500,500,3
16.469533327352885,test-00000-of-00006_1059.png,500,500,3
9.719286600446221,test-00000-of-00006_1059.png,500,500,3
914.7754718858507,test-00000-of-00006_1059.png,500,500,3
17.38774934931733,test-00000-of-00006_1059.png,500,500,3
252.50613048233953,test-00000-of-00006_1059.png,500,500,3
667.7476686244106,test-00000-of-00006_1059.png,500,500,3
376.54979351073956,test-00000-of-00006_1059.png,500,500,3
490.14287934293174,test-00000-of-00006_1059.png,500,500,3
377.265455026489,test-00000-of-00006_1059.png,500,500,3
244.00629763441066,test-00000-of-00006_1059.png,500,500,3
301.12228183005163,test-00000-of-00006_1059.png,500,500,3
517.9214334259893,test-00000-of-00006_1059.png,500,500,3
9.394379251269337,test-00000-of-00006_1059.png,500,500,3
5.400665327557334,test-00000-of-00006_1059.png,500,500,3
35.10452168743822,test-00000-of-00006_1059.png,500,500,3
12.960211996072886,test-00000-of-00006_1059.png,500,500,3
383.05150264315574,test-00000-of-00006_1059.png,500,500,3
99.75242854269158,test-00000-of-00006_1059.png,500,500,3
10.224759813376002,test-00000-of-00006_1059.png,500,500,3
99.3532172556782,test-00000-of-00006_1059.png,500,500,3
293.8426611979094,test-00000-of-00006_1059.png,500,500,3
111.01221463329954,test-00000-of-00006_1059.png,500,500,3
701.8560313546224,test-00000-of-00006_1059.png,500,500,3
233.58729997222224,test-00000-of-00006_1059.png,500,500,3
1314.2770807454558,test-00000-of-00006_1059.png,500,500,3
54.158993349118234,test-00000-of-00006_1059.png,500,500,3
7.64983332714489,test-00000-of-00006_1059.png,500,500,3
203.24794337463288,test-00000-of-00006_1059.png,500,500,3
67.65713507185066,test-00000-of-00006_1059.png,500,500,3
9.764570853672884,test-00000-of-00006_1059.png,500,500,3
281.84000179774387,test-00000-of-00006_1059.png,500,500,3
4.796315986544001,test-00000-of-00006_1059.png,500,500,3
212.8599204206648,test-00000-of-00006_1059.png,500,500,3
49.49009988074487,test-00000-of-00006_1059.png,500,500,3
28.15352649026667,test-00000-of-00006_1059.png,500,500,3
317.6819385709794,test-00000-of-00006_1059.png,500,500,3
10.848373248846226,test-00000-of-00006_1059.png,500,500,3
232.57301822577597,test-00000-of-00006_1059.png,500,500,3
47.75822666621153,test-00000-of-00006_1059.png,500,500,3
11.965047999935997,test-00000-of-00006_1059.png,500,500,3
24.328594020238217,test-00000-of-00006_1059.png,500,500,3
616.4012868956,test-00000-of-00006_1059.png,500,500,3
259.51689258222217,test-00000-of-00006_1059.png,500,500,3
236.66988679551832,test-00000-of-00006_1059.png,500,500,3
2317.270169610025,test-00000-of-00006_1059.png,500,500,3
45.302094988371564,test-00000-of-00006_1059.png,500,500,3
371.02219907840015,test-00000-of-00006_1059.png,500,500,3
16.726711812222224,test-00000-of-00006_1059.png,500,500,3
275.40226605118403,test-00000-of-00006_1059.png,500,500,3
528.9666968515397,test-00000-of-00006_1059.png,500,500,3
11.704533333326221,test-00000-of-00006_1059.png,500,500,3
54.63368759380621,test-00000-of-00006_1059.png,500,500,3
228.6830484166667,test-00000-of-00006_1059.png,500,500,3
121.2756050107093,test-00000-of-00006_1059.png,500,500,3
38.73527466609068,test-00000-of-00006_1059.png,500,500,3
38.91637406491732,test-00000-of-00006_1059.png,500,500,3
3.95712,test-00000-of-00006_1059.png,500,500,3
45.34953626003733,test-00000-of-00006_1059.png,500,500,3
53.439490795859555,test-00000-of-00006_1059.png,500,500,3
70.34593062442488,test-00000-of-00006_1059.png,500,500,3
339.29441191782234,test-00000-of-00006_1059.png,500,500,3
159.4211069156249,test-00000-of-00006_1059.png,500,500,3
846.7485280511554,test-00000-of-00006_1059.png,500,500,3
56.770992767955555,test-00000-of-00006_1059.png,500,500,3
38.83916533364622,test-00000-of-00006_1059.png,500,500,3
108.83652330110405,test-00000-of-00006_1059.png,500,500,3
200.64191894527823,test-00000-of-00006_1059.png,500,500,3
7.946936987589332,test-00000-of-00006_1059.png,500,500,3
59.20248132166933,test-00000-of-00006_1059.png,500,500,3
121.2756050107093,test-00000-of-00006_1059.png,500,500,3
7.0739713276,test-00000-of-00006_1059.png,500,500,3
110.72821409268622,test-00000-of-00006_1059.png,500,500,3
79.91185127829154,test-00000-of-00006_1059.png,500,500,3
368.96257197809615,test-00000-of-00006_1059.png,500,500,3
61.94624099383286,test-00000-of-00006_1059.png,500,500,3
164.9989519595449,test-00000-of-00006_1059.png,500,500,3
8.746122553770668,test-00000-of-00006_1059.png,500,500,3
8.199466356046221,test-00000-of-00006_1059.png,500,500,3
415.34502923593925,test-00000-of-00006_1059.png,500,500,3
54.26910336959821,test-00000-of-00006_1059.png,500,500,3
136.83214427448894,test-00000-of-00006_1059.png,500,500,3
100.67843935145062,test-00000-of-00006_1059.png,500,500,3
276.3482783134649,test-00000-of-00006_1059.png,500,500,3
25.64729863474489,test-00000-of-00006_1059.png,500,500,3
840.4243963013048,test-00000-of-00006_1059.png,500,500,3
3.196991817955554,test-00000-of-00006_1059.png,500,500,3
66.61559323347734,test-00000-of-00006_1059.png,500,500,3
140.0910968942062,test-00000-of-00006_1059.png,500,500,3
164.52868657505957,test-00000-of-00006_1059.png,500,500,3
279.5019514378222,test-00000-of-00006_1059.png,500,500,3
85.27519746686401,test-00000-of-00006_1059.png,500,500,3
3.927341256419555,test-00000-of-00006_1059.png,500,500,3
9.360017333032888,test-00000-of-00006_1059.png,500,500,3
197.39068556782215,test-00000-of-00006_1059.png,500,500,3
573.6103143010915,test-00000-of-00006_1059.png,500,500,3
141.55618910802497,test-00000-of-00006_1059.png,500,500,3
10.725594013802667,test-00000-of-00006_1059.png,500,500,3
23.02214714128889,test-00000-of-00006_1059.png,500,500,3
152.34583022222228,test-00000-of-00006_1059.png,500,500,3
33.62320573234489,test-00000-of-00006_1059.png,500,500,3
11.995513333317334,test-00000-of-00006_1059.png,500,500,3
28.095434319352893,test-00000-of-00006_1059.png,500,500,3
20.548995928176,test-00000-of-00006_1059.png,500,500,3
36.40393556977599,test-00000-of-00006_1059.png,500,500,3
785.4735533421795,test-00000-of-00006_1059.png,500,500,3
722.3806436471184,test-00000-of-00006_1059.png,500,500,3
27.28649542395555,test-00000-of-00006_1059.png,500,500,3
11.61090266636622,test-00000-of-00006_1059.png,500,500,3
9.360017333032888,test-00000-of-00006_1059.png,500,500,3
152.03730933333333,test-00000-of-00006_1059.png,500,500,3
71.64937681471822,test-00000-of-00006_1059.png,500,500,3
23.09330522133155,test-00000-of-00006_1059.png,500,500,3
299.2208984230383,test-00000-of-00006_1059.png,500,500,3
32.10848514207288,test-00000-of-00006_1059.png,500,500,3
193.25971812684602,test-00000-of-00006_1059.png,500,500,3
274.85274918587754,test-00000-of-00006_1059.png,500,500,3
111.62624737273596,test-00000-of-00006_1059.png,500,500,3
281.84000179774387,test-00000-of-00006_1059.png,500,500,3
94.84897566822401,test-00000-of-00006_1059.png,500,500,3
455.9705487311575,test-00000-of-00006_1059.png,500,500,3
49.03619129887288,test-00000-of-00006_1059.png,500,500,3
47.14672743849954,test-00000-of-00006_1059.png,500,500,3
398.21499636030404,test-00000-of-00006_1059.png,500,500,3
101.22570987242489,test-00000-of-00006_1059.png,500,500,3
1162.3789248177334,test-00000-of-00006_1059.png,500,500,3
10.120187957219557,test-00000-of-00006_1059.png,500,500,3
1798.4341791700456,test-00000-of-00006_1059.png,500,500,3
13.13570666609067,test-00000-of-00006_1059.png,500,500,3
134.3087797932782,test-00000-of-00006_1059.png,500,500,3
28.88566336,test-00000-of-00006_1059.png,500,500,3
5.899173333304892,test-00000-of-00006_1059.png,500,500,3
3.9992519516000007,test-00000-of-00006_1059.png,500,500,3
3.971870630312887,test-00000-of-00006_1059.png,500,500,3
54.38226926796625,test-00000-of-00006_1059.png,500,500,3
16.550454488019557,test-00000-of-00006_1059.png,500,500,3
59.68400730777599,test-00000-of-00006_1059.png,500,500,3
381.5144665288248,test-00000-of-00006_1059.png,500,500,3
26.39641996158399,test-00000-of-00006_1059.png,500,500,3
443.72080669735806,test-00000-of-00006_1059.png,500,500,3
149.65611981623286,test-00000-of-00006_1059.png,500,500,3
9.453661314104888,test-00000-of-00006_1059.png,500,500,3
11.490093333333334,test-00000-of-00006_1059.png,500,500,3
54.63368759380621,test-00000-of-00006_1059.png,500,500,3
374.35903321383825,test-00000-of-00006_1059.png,500,500,3
384.9023058446222,test-00000-of-00006_1059.png,500,500,3
96.51283264073955,test-00000-of-00006_1059.png,500,500,3
424.96528921244266,test-00000-of-00006_1059.png,500,500,3
58.698954519864884,test-00000-of-00006_1059.png,500,500,3
307.8848595361262,test-00000-of-00006_1059.png,500,500,3
161.79339916338483,test-00000-of-00006_1059.png,500,500,3
32.00594775,test-00000-of-00006_1059.png,500,500,3
10.707012983592886,test-00000-of-00006_1059.png,500,500,3
79.91185127829154,test-00000-of-00006_1059.png,500,500,3
149.69181854648883,test-00000-of-00006_1059.png,500,500,3
44.66787399116623,test-00000-of-00006_1059.png,500,500,3
74.77639820607823,test-00000-of-00006_1059.png,500,500,3
303.7821379868727,test-00000-of-00006_1059.png,500,500,3
31.699741311032895,test-00000-of-00006_1059.png,500,500,3
69.64430241399289,test-00000-of-00006_1059.png,500,500,3
11.93149066655289,test-00000-of-00006_1059.png,500,500,3
77.04860162898488,test-00000-of-00006_1059.png,500,500,3
1141.8667778683996,test-00000-of-00006_1059.png,500,500,3
184.11106342681603,test-00000-of-00006_1059.png,500,500,3
10.01956357085156,test-00000-of-00006_1059.png,500,500,3
295.9587348046223,test-00000-of-00006_1059.png,500,500,3
159.33220761582223,test-00000-of-00006_1059.png,500,500,3
339.8972716463716,test-00000-of-00006_1059.png,500,500,3
41.26566560425956,test-00000-of-00006_1059.png,500,500,3
47.61150633489067,test-00000-of-00006_1059.png,500,500,3
427.96457999573175,test-00000-of-00006_1059.png,500,500,3
203.24794337463288,test-00000-of-00006_1059.png,500,500,3
195.15145402407822,test-00000-of-00006_1059.png,500,500,3
180.31369705595557,test-00000-of-00006_1059.png,500,500,3
18.428561839779558,test-00000-of-00006_1059.png,500,500,3
64.88375367742401,test-00000-of-00006_1059.png,500,500,3
14.238773271829329,test-00000-of-00006_1059.png,500,500,3
4.88568633335289,test-00000-of-00006_1059.png,500,500,3
342.9182548679041,test-00000-of-00006_1059.png,500,500,3
94.03951125156262,test-00000-of-00006_1059.png,500,500,3
53.439490795859555,test-00000-of-00006_1059.png,500,500,3
10.142002144419555,test-00000-of-00006_1059.png,500,500,3
1771.039093028628,test-00000-of-00006_1059.png,500,500,3
57.55156007594488,test-00000-of-00006_1059.png,500,500,3
81.75185683654934,test-00000-of-00006_1059.png,500,500,3
46.85835440106488,test-00000-of-00006_1059.png,500,500,3
75.5869345734382,test-00000-of-00006_1059.png,500,500,3
88.62871243575285,test-00000-of-00006_1059.png,500,500,3
51.931808092570655,test-00000-of-00006_1059.png,500,500,3
18.207922523278228,test-00000-of-00006_1059.png,500,500,3
2324.13838206929,test-00000-of-00006_1059.png,500,500,3
208.05805463231817,test-00000-of-00006_1059.png,500,500,3
11.481345987690672,test-00000-of-00006_1059.png,500,500,3
108.39683984493341,test-00000-of-00006_1059.png,500,500,3
241.43611662420622,test-00000-of-00006_1059.png,500,500,3
242.51373238553612,test-00000-of-00006_1059.png,500,500,3
163.08116313727822,test-00000-of-00006_1059.png,500,500,3
28.71042532582223,test-00000-of-00006_1059.png,500,500,3
251.91296609191818,test-00000-of-00006_1059.png,500,500,3
233.6571301540249,test-00000-of-00006_1059.png,500,500,3
193.4200900933334,test-00000-of-00006_1059.png,500,500,3
88.39776956187737,test-00000-of-00006_1059.png,500,500,3
154.27282710997153,test-00000-of-00006_1059.png,500,500,3
119.6125537592889,test-00000-of-00006_1059.png,500,500,3
269.3765603885493,test-00000-of-00006_1059.png,500,500,3
73.19655948010488,test-00000-of-00006_1059.png,500,500,3
10.899895787171552,test-00000-of-00006_1059.png,500,500,3
152.03730933333333,test-00000-of-00006_1059.png,500,500,3
10.354765333333333,test-00000-of-00006_1059.png,500,500,3
99.3530368563129,test-00000-of-00006_1059.png,500,500,3
45.01438773921954,test-00000-of-00006_1059.png,500,500,3
70.59753183244624,test-00000-of-00006_1059.png,500,500,3
438.870356881776,test-00000-of-00006_1059.png,500,500,3
70.15113279430933,test-00000-of-00006_1059.png,500,500,3
12.720616,test-00000-of-00006_1059.png,500,500,3
6.301161280126221,test-00000-of-00006_1059.png,500,500,3
603.6452092046916,test-00000-of-00006_1059.png,500,500,3
848.1700699891182,test-00000-of-00006_1059.png,500,500,3
384.0666600033847,test-00000-of-00006_1059.png,500,500,3
104.33802088076625,test-00000-of-00006_1059.png,500,500,3
1745.846952651776,test-00000-of-00006_1059.png,500,500,3
94.54917057905067,test-00000-of-00006_1059.png,500,500,3
99.75242854269158,test-00000-of-00006_1059.png,500,500,3
169.20338322188624,test-00000-of-00006_1059.png,500,500,3
1.7730586666666666,test-00000-of-00006_1059.png,500,500,3
52.16247266321067,test-00000-of-00006_1059.png,500,500,3
4.8085279989759995,test-00000-of-00006_1059.png,500,500,3
60.4619779832889,test-00000-of-00006_1059.png,500,500,3
50.49340472888889,test-00000-of-00006_1059.png,500,500,3
110.47889828391826,test-00000-of-00006_1059.png,500,500,3
242.32742647230398,test-00000-of-00006_1059.png,500,500,3
30.033830457512895,test-00000-of-00006_1059.png,500,500,3
228.43345463329956,test-00000-of-00006_1059.png,500,500,3
4.294149333333333,test-00000-of-00006_1059.png,500,500,3
965.114778629909,test-00000-of-00006_1059.png,500,500,3
278.5978493210862,test-00000-of-00006_1059.png,500,500,3
53.263878997459564,test-00000-of-00006_1059.png,500,500,3
126.00617961556624,test-00000-of-00006_1059.png,500,500,3
11.586968,test-00000-of-00006_1059.png,500,500,3
219.36413632298493,test-00000-of-00006_1059.png,500,500,3
329.3324250330294,test-00000-of-00006_1059.png,500,500,3
82.52957064106667,test-00000-of-00006_1059.png,500,500,3
20.630559359139557,test-00000-of-00006_1059.png,500,500,3
11.68874789153955,test-00000-of-00006_1059.png,500,500,3
204.18259251057597,test-00000-of-00006_1059.png,500,500,3
11.457114666666667,test-00000-of-00006_1059.png,500,500,3
11.122889296979555,test-00000-of-00006_1059.png,500,500,3
12.009556950584885,test-00000-of-00006_1059.png,500,500,3
304.8208140505315,test-00000-of-00006_1059.png,500,500,3
38.20619732605156,test-00000-of-00006_1059.png,500,500,3
16.660845046037352,test-00000-of-00006_1059.png,500,500,3
163.59580509780614,test-00000-of-00006_1059.png,500,500,3
206.17149625450492,test-00000-of-00006_1059.png,500,500,3
192.33462344646406,test-00000-of-00006_1059.png,500,500,3
4.294149333333333,test-00000-of-00006_1059.png,500,500,3
73.63649974909157,test-00000-of-00006_1059.png,500,500,3
70.63131633865954,test-00000-of-00006_1059.png,500,500,3
4.130826666666667,test-00000-of-00006_1059.png,500,500,3
394.96163366928886,test-00000-of-00006_1059.png,500,500,3
5.149773333333333,test-00000-of-00006_1059.png,500,500,3
126.36290472908622,test-00000-of-00006_1059.png,500,500,3
17.7971883279929,test-00000-of-00006_1059.png,500,500,3
902.0089821277795,test-00000-of-00006_1059.png,500,500,3
17.45638275751822,test-00000-of-00006_1059.png,500,500,3
37.356989541375995,test-00000-of-00006_1059.png,500,500,3
60.0288999115929,test-00000-of-00006_1059.png,500,500,3
38.747706663822235,test-00000-of-00006_1059.png,500,500,3
345.7397510784,test-00000-of-00006_1059.png,500,500,3
8.065163635183996,test-00000-of-00006_1059.png,500,500,3
309.6282265897529,test-00000-of-00006_1059.png,500,500,3
25.18362979804267,test-00000-of-00006_1059.png,500,500,3
10.823619479678221,test-00000-of-00006_1059.png,500,500,3
651.9980009523131,test-00000-of-00006_1059.png,500,500,3
180.4695998173226,test-00000-of-00006_1059.png,500,500,3
189.97609026814396,test-00000-of-00006_1059.png,500,500,3
42.67075733127823,test-00000-of-00006_1059.png,500,500,3
106.27731584106493,test-00000-of-00006_1059.png,500,500,3
432.66563727018473,test-00000-of-00006_1059.png,500,500,3
15.774866478888894,test-00000-of-00006_1059.png,500,500,3
16.740831794488898,test-00000-of-00006_1059.png,500,500,3
15.645162390691551,test-00000-of-00006_1059.png,500,500,3
11.995513333317334,test-00000-of-00006_1059.png,500,500,3
53.263878997459564,test-00000-of-00006_1059.png,500,500,3
122.59640390513597,test-00000-of-00006_1059.png,500,500,3
49.85848530687287,test-00000-of-00006_1059.png,500,500,3
195.15145402407822,test-00000-of-00006_1059.png,500,500,3
384.9023058446222,test-00000-of-00006_1059.png,500,500,3
356.4806317746915,test-00000-of-00006_1059.png,500,500,3
178.3304984634862,test-00000-of-00006_1059.png,500,500,3
26.58046664479289,test-00000-of-00006_1059.png,500,500,3
43.55693844888888,test-00000-of-00006_1059.png,500,500,3
48.24830757489604,test-00000-of-00006_1059.png,500,500,3
169.54577743604625,test-00000-of-00006_1059.png,500,500,3
117.69087159000006,test-00000-of-00006_1059.png,500,500,3
18.529263385344002,test-00000-of-00006_1059.png,500,500,3
5.804127999936001,test-00000-of-00006_1059.png,500,500,3
28.88566336,test-00000-of-00006_1059.png,500,500,3
399.12683774357174,test-00000-of-00006_1059.png,500,500,3
141.55618910802497,test-00000-of-00006_1059.png,500,500,3
1710.1138977655442,test-00000-of-00006_1059.png,500,500,3
91.45081650921067,test-00000-of-00006_1059.png,500,500,3
136.64577258943825,test-00000-of-00006_1059.png,500,500,3
414.02731783735294,test-00000-of-00006_1059.png,500,500,3
59.30558753542934,test-00000-of-00006_1059.png,500,500,3
68.94673027316621,test-00000-of-00006_1059.png,500,500,3
37.215165333219566,test-00000-of-00006_1059.png,500,500,3
21.66708064774934,test-00000-of-00006_1059.png,500,500,3
119.67776792455824,test-00000-of-00006_1059.png,500,500,3
337.504380374784,test-00000-of-00006_1059.png,500,500,3
276.6727441066668,test-00000-of-00006_1059.png,500,500,3
