Laplacian_Variance,Class,Height,Width,Shape
263.6910171508789,set_1,1024,1024,3
54.14407285054525,set_1,1024,1024,3
385.371727625529,set_1,1024,1024,3
101.4207706451416,set_1,1024,1024,3
80.78047557609118,set_1,1024,1024,3
246.13904571533203,set_1,1024,1024,3
353.6015790303548,set_1,1024,1024,3
578.1197507844632,set_1,1024,1024,3
237.66365648908416,set_1,1024,1024,3
110.29282091873006,set_1,1024,1024,3
148.56829961140951,set_1,1024,1024,3
113.28083737691243,set_1,1024,1024,3
338.5942192077637,set_1,1024,1024,3
305.16787910461426,set_1,1024,1024,3
252.00767387284057,set_1,1024,1024,3
343.6348514556885,set_1,1024,1024,3
182.7746696149238,set_1,1024,1024,3
30.992332458496094,set_1,1024,1024,3
273.02565574645996,set_1,1024,1024,3
541.8814423878988,set_1,1024,1024,3
2.469010035164198,set_1,1024,1024,3
175.062038054646,set_1,1024,1024,3
96.41270510355632,set_1,1024,1024,3
189.5510482788086,set_1,1024,1024,3
5.678981145119562,set_1,1024,1024,3
162.25318176914473,set_1,1024,1024,3
604.3537928263346,set_1,1024,1024,3
61.70206769307455,set_1,1024,1024,3
50.65019830067445,set_1,1024,1024,3
13.16288725462073,set_1,1024,1024,3
1.7198206555812157,set_1,1024,1024,3
75.08205668131511,set_1,1024,1024,3
123.77502468618299,set_1,1024,1024,3
215.99036026000977,set_1,1024,1024,3
463.17368189493817,set_1,1024,1024,3
308.96925862630206,set_1,1024,1024,3
85.85204950968425,set_1,1024,1024,3
78.13180796305339,set_1,1024,1024,3
154.78780711948713,set_1,1024,1024,3
94.69655095148795,set_1,1024,1024,3
502.03089714050293,set_1,1024,1024,3
180.24855517948959,set_1,1024,1024,3
1.7342443390871267,set_1,1024,1024,3
640.1256402491513,set_1,1024,1024,3
775.936558405344,set_1,1024,1024,3
130.1373128890818,set_1,1024,1024,3
5.504409321872319,set_1,1024,1024,3
96.11120223999023,set_1,1024,1024,3
50.49084345499674,set_1,1024,1024,3
141.0540860493978,set_1,1024,1024,3
354.6625747680664,set_1,1024,1024,3
235.6331945459048,set_1,1024,1024,3
97.3191343943278,set_1,1024,1024,3
121.50991249084473,set_1,1024,1024,3
131.83568954467773,set_1,1024,1024,3
75.59526189168294,set_1,1024,1024,3
2.3892199195458184,set_1,1024,1024,3
90.42273203531902,set_1,1024,1024,3
5.074482599111635,set_1,1024,1024,3
43.39793904622396,set_1,1024,1024,3
130.28048261006674,set_1,1024,1024,3
108.9558219909668,set_1,1024,1024,3
161.14873504638672,set_1,1024,1024,3
819.5419908020798,set_1,1024,1024,3
1.6314805348714192,set_1,1024,1024,3
175.63520556128483,set_1,1024,1024,3
1135.0949433644612,set_1,1024,1024,3
216.29110399881998,set_1,1024,1024,3
350.7361526489258,set_1,1024,1024,3
215.03899796362384,set_1,1024,1024,3
4.975917180378839,set_1,1024,1024,3
311.51050186157227,set_1,1024,1024,3
61.29935264587402,set_1,1024,1024,3
291.14398193359375,set_1,1024,1024,3
1.6692288401985327,set_1,1024,1024,3
1.9413372632276757,set_1,1024,1024,3
140.31768917762813,set_1,1024,1024,3
7.093757944534748,set_1,1024,1024,3
57.58999854037635,set_1,1024,1024,3
177.61507412932926,set_1,1024,1024,3
77.71692212378669,set_1,1024,1024,3
61.43656355079849,set_1,1024,1024,3
141.14899889628092,set_1,1024,1024,3
157.61051750183105,set_1,1024,1024,3
194.93412300794864,set_1,1024,1024,3
171.3904768625895,set_1,1024,1024,3
30.152530034383137,set_1,1024,1024,3
389.8741881052653,set_1,1024,1024,3
498.31089782714844,set_1,1024,1024,3
692.8151728312174,set_1,1024,1024,3
464.9954055052627,set_1,1024,1024,3
51.846940994262695,set_1,1024,1024,3
324.0567155917417,set_1,1024,1024,3
126.99155934651692,set_1,1024,1024,3
469.2233416239421,set_1,1024,1024,3
309.4264662366026,set_1,1024,1024,3
184.02381706237793,set_1,1024,1024,3
425.3453254699707,set_1,1024,1024,3
193.64315477679577,set_1,1024,1024,3
328.2711582183838,set_1,1024,1024,3
59.69083595275879,set_1,1024,1024,3
65.63102404258704,set_1,1024,1024,3
171.39782650643951,set_1,1024,1024,3
196.03645706176758,set_1,1024,1024,3
202.41319529215494,set_1,1024,1024,3
433.8237768809001,set_1,1024,1024,3
3.405828475821181,set_1,1024,1024,3
198.27453009242117,set_1,1024,1024,3
539.6842867533366,set_1,1024,1024,3
198.60752614339194,set_1,1024,1024,3
8.194453239432733,set_1,1024,1024,3
86.61776115214259,set_1,1024,1024,3
4.491702076388719,set_1,1024,1024,3
397.13810074047706,set_1,1024,1024,3
411.2836441653092,set_1,1024,1024,3
228.57927481332706,set_1,1024,1024,3
15.078210830688477,set_1,1024,1024,3
173.8017322392345,set_1,1024,1024,3
293.6442578633626,set_1,1024,1024,3
58.40931002298991,set_1,1024,1024,3
142.53859837718485,set_1,1024,1024,3
167.93972460428873,set_1,1024,1024,3
185.45571421856417,set_1,1024,1024,3
34.630733456926784,set_1,1024,1024,3
279.6044176781812,set_1,1024,1024,3
84.23010580859983,set_1,1024,1024,3
151.2668151837861,set_1,1024,1024,3
81.14607683817546,set_1,1024,1024,3
567.2241519154642,set_1,1024,1024,3
44.64562797546387,set_1,1024,1024,3
22.5467586517334,set_1,1024,1024,3
30.98661231994629,set_1,1024,1024,3
246.45684113275124,set_1,1024,1024,3
163.8743371954753,set_1,1024,1024,3
0.954071044918237,set_1,1024,1024,3
221.2415568027062,set_1,1024,1024,3
317.7528368631999,set_1,1024,1024,3
365.0094807942708,set_1,1024,1024,3
90.680802575298,set_1,1024,1024,3
1.8242527643612145,set_1,1024,1024,3
182.3947213490804,set_1,1024,1024,3
170.05931854248047,set_1,1024,1024,3
302.10380299323185,set_1,1024,1024,3
826.9399300696273,set_1,1024,1024,3
74.22169303894043,set_1,1024,1024,3
2.1423489152454445,set_1,1024,1024,3
139.3368218713961,set_1,1024,1024,3
165.1727943397066,set_1,1024,1024,3
465.0674270881025,set_1,1024,1024,3
551.9775895462275,set_1,1024,1024,3
153.5688288197072,set_1,1024,1024,3
3.3341531646800706,set_1,1024,1024,3
703.4639268383268,set_1,1024,1024,3
53.315707524617515,set_1,1024,1024,3
67.41655031840007,set_1,1024,1024,3
404.15173467000324,set_1,1024,1024,3
589.5835940043131,set_1,1024,1024,3
148.0824594492586,set_1,1024,1024,3
115.99560546875,set_1,1024,1024,3
177.91618332712798,set_1,1024,1024,3
92.95961062113444,set_1,1024,1024,3
594.9173904295102,set_1,1024,1024,3
64.84960238138835,set_1,1024,1024,3
127.37745539347331,set_1,1024,1024,3
18.912469228108723,set_1,1024,1024,3
134.69982337480175,set_1,1024,1024,3
66.74647649129231,set_1,1024,1024,3
99.62331230968003,set_1,1024,1024,3
24.07683817545573,set_1,1024,1024,3
339.69147068547153,set_1,1024,1024,3
2.9623991423221807,set_1,1024,1024,3
854.4750219901631,set_1,1024,1024,3
167.3425693511963,set_1,1024,1024,3
391.84916559855145,set_1,1024,1024,3
156.48137283325195,set_1,1024,1024,3
611.9082711537679,set_1,1024,1024,3
8.826655382202262,set_1,1024,1024,3
98.60287823705676,set_1,1024,1024,3
125.1961612701416,set_1,1024,1024,3
69.72965272072408,set_1,1024,1024,3
140.31595420837402,set_1,1024,1024,3
84.08743858337402,set_1,1024,1024,3
831.3118680600277,set_1,1024,1024,3
492.0068359375,set_1,1024,1024,3
577.2814083099365,set_1,1024,1024,3
131.72676722208658,set_1,1024,1024,3
348.75506019592285,set_1,1024,1024,3
357.57013003031415,set_1,1024,1024,3
29.37062708536784,set_1,1024,1024,3
388.0327682495117,set_1,1024,1024,3
15.375849405924479,set_1,1024,1024,3
192.35044319136384,set_1,1024,1024,3
1125.3339964024879,set_1,1024,1024,3
181.95011265737844,set_1,1024,1024,3
235.69064585367838,set_1,1024,1024,3
220.047047932121,set_1,1024,1024,3
14.722831726074219,set_1,1024,1024,3
158.63131968180338,set_1,1024,1024,3
537.4672781626383,set_1,1024,1024,3
123.20626640319824,set_1,1024,1024,3
171.9895464544276,set_1,1024,1024,3
201.84635066906023,set_1,1024,1024,3
399.4498481750488,set_1,1024,1024,3
73.15031686735479,set_1,1024,1024,3
158.10911178588867,set_1,1024,1024,3
113.09964348831085,set_1,1024,1024,3
342.82410685221356,set_1,1024,1024,3
581.649650244361,set_1,1024,1024,3
197.27479616800943,set_1,1024,1024,3
197.91550762711063,set_1,1024,1024,3
128.98914619849253,set_1,1024,1024,3
82.36082712809245,set_1,1024,1024,3
43.33894030253092,set_1,1024,1024,3
2.1114120475212985,set_1,1024,1024,3
833.2203947703043,set_1,1024,1024,3
991.7167888757693,set_1,1024,1024,3
109.58150291442871,set_1,1024,1024,3
202.0680477907347,set_1,1024,1024,3
274.51082102457684,set_1,1024,1024,3
92.53828620910645,set_1,1024,1024,3
11.179770787556967,set_1,1024,1024,3
246.6591679097505,set_1,1024,1024,3
37.542100270589195,set_1,1024,1024,3
79.80602582295735,set_1,1024,1024,3
836.0098266578217,set_1,1024,1024,3
135.93588256835938,set_1,1024,1024,3
291.62761370340985,set_1,1024,1024,3
223.8880418141683,set_1,1024,1024,3
253.14980443300587,set_1,1024,1024,3
192.30075517023639,set_1,1024,1024,3
45.22207387288412,set_1,1024,1024,3
378.7341298060582,set_1,1024,1024,3
14.160747528076172,set_1,1024,1024,3
272.42912045387,set_1,1024,1024,3
76.39545885721843,set_1,1024,1024,3
169.11583709716797,set_1,1024,1024,3
13.963874816530733,set_1,1024,1024,3
135.1346730018096,set_1,1024,1024,3
148.82081888759856,set_1,1024,1024,3
39.84534581502279,set_1,1024,1024,3
1269.3599834257263,set_1,1024,1024,3
156.8286304473877,set_1,1024,1024,3
1351.6694196065266,set_1,1024,1024,3
266.8485043843587,set_1,1024,1024,3
264.60377438826737,set_1,1024,1024,3
3.962022145530985,set_1,1024,1024,3
366.4453639984131,set_1,1024,1024,3
6.051734288475321,set_1,1024,1024,3
266.456641515096,set_1,1024,1024,3
85.01449839274089,set_1,1024,1024,3
410.51818837950833,set_1,1024,1024,3
579.7001457214355,set_1,1024,1024,3
202.7477401052628,set_1,1024,1024,3
13.854365933800366,set_1,1024,1024,3
101.24678484598796,set_1,1024,1024,3
111.19340515136719,set_1,1024,1024,3
379.617426554362,set_1,1024,1024,3
171.16966373945368,set_1,1024,1024,3
49.696140925089516,set_1,1024,1024,3
23.79698116515632,set_1,1024,1024,3
5.7836540917842285,set_1,1024,1024,3
185.72331682840982,set_1,1024,1024,3
73.28181330362956,set_1,1024,1024,3
2.398331959725416,set_1,1024,1024,3
214.97984504699707,set_1,1024,1024,3
66.74768257141113,set_1,1024,1024,3
57.85566107375153,set_1,1024,1024,3
116.19676081339519,set_1,1024,1024,3
277.9264265696208,set_1,1024,1024,3
206.97623761494955,set_1,1024,1024,3
164.0508575439453,set_1,1024,1024,3
63.410606384277344,set_1,1024,1024,3
49.350158055623375,set_1,1024,1024,3
66.41055170694987,set_1,1024,1024,3
173.06957784829942,set_1,1024,1024,3
78.28817749023438,set_1,1024,1024,3
49.88838768005371,set_1,1024,1024,3
3.9592034018002473,set_1,1024,1024,3
394.9656168619792,set_1,1024,1024,3
178.43900108337402,set_1,1024,1024,3
127.7202943166097,set_1,1024,1024,3
138.44012797980758,set_1,1024,1024,3
32.13622601826986,set_1,1024,1024,3
3.9343045552535236,set_1,1024,1024,3
192.21774163774776,set_1,1024,1024,3
175.12050183614096,set_1,1024,1024,3
491.77631561845914,set_1,1024,1024,3
500.7113978068034,set_1,1024,1024,3
217.8664582570394,set_1,1024,1024,3
188.17302894592285,set_1,1024,1024,3
462.1063938140869,set_1,1024,1024,3
16.506135179809913,set_1,1024,1024,3
138.60944874439642,set_1,1024,1024,3
97.76280434926075,set_1,1024,1024,3
374.99140484929643,set_1,1024,1024,3
94.09850819599565,set_1,1024,1024,3
100.40486081441243,set_1,1024,1024,3
1241.607089996338,set_1,1024,1024,3
245.71733792622885,set_1,1024,1024,3
124.69358380635579,set_1,1024,1024,3
104.14600308736165,set_1,1024,1024,3
153.22188053111293,set_1,1024,1024,3
312.5778630574544,set_1,1024,1024,3
20.13679567972819,set_1,1024,1024,3
359.4532407124837,set_1,1024,1024,3
181.84507815036338,set_1,1024,1024,3
127.76247897077673,set_1,1024,1024,3
156.29691186344903,set_1,1024,1024,3
1259.186790422819,set_1,1024,1024,3
47.709486643473305,set_1,1024,1024,3
480.87884457906085,set_1,1024,1024,3
94.94597402601853,set_1,1024,1024,3
114.13389364830145,set_1,1024,1024,3
359.5321515401204,set_1,1024,1024,3
74.06625556945801,set_1,1024,1024,3
519.2018119829488,set_1,1024,1024,3
199.57260513305664,set_1,1024,1024,3
15.153643925984701,set_1,1024,1024,3
426.81642202140455,set_1,1024,1024,3
591.5582262674967,set_1,1024,1024,3
127.45928446451823,set_1,1024,1024,3
457.2193800608317,set_1,1024,1024,3
768.3190458138611,set_1,1024,1024,3
94.66230866837084,set_1,1024,1024,3
146.9033877030877,set_1,1024,1024,3
66.3582337697347,set_1,1024,1024,3
37.700721740722656,set_1,1024,1024,3
269.99410501572,set_1,1024,1024,3
516.5503012031355,set_1,1024,1024,3
38.698343912760414,set_1,1024,1024,3
271.2008883158366,set_1,1024,1024,3
623.0485842690864,set_1,1024,1024,3
168.92346253689345,set_1,1024,1024,3
160.08870957543934,set_1,1024,1024,3
428.56074206034344,set_1,1024,1024,3
354.9610493976843,set_1,1024,1024,3
182.95302993870976,set_1,1024,1024,3
2349.0858304477815,set_1,1024,1024,3
18.92501449497604,set_1,1024,1024,3
73.64195378621419,set_1,1024,1024,3
309.52078946431476,set_1,1024,1024,3
231.40255292256674,set_1,1024,1024,3
336.43280537923175,set_1,1024,1024,3
155.38653182983398,set_1,1024,1024,3
673.4013525644938,set_1,1024,1024,3
185.0638573964437,set_1,1024,1024,3
22.32493019104004,set_1,1024,1024,3
19.003596623738606,set_1,1024,1024,3
1139.1062930210246,set_1,1024,1024,3
340.7116559346517,set_1,1024,1024,3
177.23490871653885,set_1,1024,1024,3
113.81511497497559,set_1,1024,1024,3
221.26957191319764,set_1,1024,1024,3
392.3676509857178,set_1,1024,1024,3
309.39860085557956,set_1,1024,1024,3
3.134472846955656,set_1,1024,1024,3
451.12592760721844,set_1,1024,1024,3
56.72863324483236,set_1,1024,1024,3
34.58979034423828,set_1,1024,1024,3
208.3091239866035,set_1,1024,1024,3
451.769188563029,set_1,1024,1024,3
242.96262830418058,set_1,1024,1024,3
169.70006650451083,set_1,1024,1024,3
174.50883101844485,set_1,1024,1024,3
8.838779130806566,set_1,1024,1024,3
108.01448504130046,set_1,1024,1024,3
124.64391066442961,set_1,1024,1024,3
126.84414291381836,set_1,1024,1024,3
526.9150988260905,set_1,1024,1024,3
300.58280690511066,set_1,1024,1024,3
269.06494522094727,set_1,1024,1024,3
409.3932361602783,set_1,1024,1024,3
6.944209078844224,set_1,1024,1024,3
42.643793044912236,set_1,1024,1024,3
165.89241409301758,set_1,1024,1024,3
643.8855733848538,set_1,1024,1024,3
60.9956308597013,set_1,1024,1024,3
69.93797938028972,set_1,1024,1024,3
138.04292488098145,set_1,1024,1024,3
27.089724828760623,set_1,1024,1024,3
131.4510237375895,set_1,1024,1024,3
73.86935742696126,set_1,1024,1024,3
34.75008074442545,set_1,1024,1024,3
647.2714541238964,set_1,1024,1024,3
164.23003705342612,set_1,1024,1024,3
96.55392452170132,set_1,1024,1024,3
4.986922262032635,set_1,1024,1024,3
307.7192951401997,set_1,1024,1024,3
92.91454569498698,set_1,1024,1024,3
858.6337836882218,set_1,1024,1024,3
638.9074593175794,set_1,1024,1024,3
168.97747993469238,set_1,1024,1024,3
219.2507704836837,set_1,1024,1024,3
7.089857100429884,set_1,1024,1024,3
429.85859362175097,set_1,1024,1024,3
161.80158296107035,set_1,1024,1024,3
1.5483725817214993,set_1,1024,1024,3
3.666867562097551,set_1,1024,1024,3
3.3980522155502997,set_1,1024,1024,3
1.8804356221022924,set_1,1024,1024,3
48.29559516906738,set_1,1024,1024,3
45.40118153889974,set_1,1024,1024,3
330.18888727823895,set_1,1024,1024,3
30.910683870599126,set_1,1024,1024,3
61.887868881225586,set_1,1024,1024,3
2.0459133782875747,set_1,1024,1024,3
230.24882925516442,set_1,1024,1024,3
555.3379923502604,set_1,1024,1024,3
573.1293354034424,set_1,1024,1024,3
147.99706268310547,set_1,1024,1024,3
92.8188927968343,set_1,1024,1024,3
42.58041952759807,set_1,1024,1024,3
569.3871580759684,set_1,1024,1024,3
130.86899915946645,set_1,1024,1024,3
50.789878845214844,set_1,1024,1024,3
14.892528186685496,set_1,1024,1024,3
301.31661860148114,set_1,1024,1024,3
528.768751780192,set_1,1024,1024,3
28.621755599975586,set_1,1024,1024,3
158.64418442627598,set_1,1024,1024,3
440.33216921488446,set_1,1024,1024,3
117.95203590393066,set_1,1024,1024,3
467.2277940114339,set_1,1024,1024,3
137.53591985245257,set_1,1024,1024,3
112.60666084289551,set_1,1024,1024,3
129.27126185099283,set_1,1024,1024,3
30.539759318033855,set_1,1024,1024,3
193.2206156034016,set_1,1024,1024,3
514.5956071629024,set_1,1024,1024,3
1.6867039979127487,set_1,1024,1024,3
239.18206723531088,set_1,1024,1024,3
74.46851857503255,set_1,1024,1024,3
23.51702944437663,set_1,1024,1024,3
35.43048982874185,set_1,1024,1024,3
270.8703810373942,set_1,1024,1024,3
479.21571546213204,set_1,1024,1024,3
450.38567606608075,set_1,1024,1024,3
42.41928507521984,set_1,1024,1024,3
647.329168955485,set_1,1024,1024,3
8.130830358911831,set_1,1024,1024,3
306.40892028808594,set_1,1024,1024,3
182.93544642003815,set_1,1024,1024,3
236.24122345678413,set_1,1024,1024,3
382.27278264363605,set_1,1024,1024,3
73.92450525650666,set_1,1024,1024,3
18.779399871826172,set_1,1024,1024,3
452.5704380623625,set_1,1024,1024,3
74.6413008371989,set_1,1024,1024,3
2.058449108194715,set_1,1024,1024,3
22.766462961832683,set_1,1024,1024,3
54.26285489400228,set_1,1024,1024,3
209.19270960489908,set_1,1024,1024,3
163.6218128204093,set_1,1024,1024,3
1.8749017701143778,set_1,1024,1024,3
149.71754232725726,set_1,1024,1024,3
120.86592928568523,set_1,1024,1024,3
1204.7080951154383,set_1,1024,1024,3
351.7149906158447,set_1,1024,1024,3
3.061283747355143,set_1,1024,1024,3
117.06705029805501,set_1,1024,1024,3
562.2045265752597,set_1,1024,1024,3
92.48759333292644,set_1,1024,1024,3
409.42728487650555,set_1,1024,1024,3
77.5243819058061,set_1,1024,1024,3
107.01402791341145,set_1,1024,1024,3
124.85307725268258,set_1,1024,1024,3
2.875390370272928,set_1,1024,1024,3
506.1050904591878,set_1,1024,1024,3
352.55456670125324,set_1,1024,1024,3
1179.70831056586,set_1,1024,1024,3
170.26410611338943,set_1,1024,1024,3
537.1024945576986,set_1,1024,1024,3
2.137332598367417,set_1,1024,1024,3
189.4499486287435,set_1,1024,1024,3
447.10368665059406,set_1,1024,1024,3
102.31195449829102,set_1,1024,1024,3
391.2815392812093,set_1,1024,1024,3
13.117590903605054,set_1,1024,1024,3
58.080470403035484,set_1,1024,1024,3
45.35417111714681,set_1,1024,1024,3
74.73879369099934,set_1,1024,1024,3
122.90912913555644,set_1,1024,1024,3
30.14232889811198,set_1,1024,1024,3
19.61290486653282,set_1,1024,1024,3
511.08993275960285,set_1,1024,1024,3
442.1067479451497,set_1,1024,1024,3
593.4039001464844,set_1,1024,1024,3
642.9277801238283,set_1,1024,1024,3
153.59454850906272,set_1,1024,1024,3
435.8770071665446,set_1,1024,1024,3
95.4621613787652,set_1,1024,1024,3
682.6388230180343,set_1,1024,1024,3
350.2554136912028,set_1,1024,1024,3
267.7183231244658,set_1,1024,1024,3
18.581967959807724,set_1,1024,1024,3
22.465998967488606,set_1,1024,1024,3
56.266845067342125,set_1,1024,1024,3
177.42536894432192,set_1,1024,1024,3
674.4105637868246,set_1,1024,1024,3
65.99988619486491,set_1,1024,1024,3
302.62733922167325,set_1,1024,1024,3
149.42081219087393,set_1,1024,1024,3
730.9956118265787,set_1,1024,1024,3
112.56757289948224,set_1,1024,1024,3
289.22355461120605,set_1,1024,1024,3
6.816408793131511,set_1,1024,1024,3
353.0714403788249,set_1,1024,1024,3
319.42237398537117,set_1,1024,1024,3
184.860626218049,set_1,1024,1024,3
63.866573333740234,set_1,1024,1024,3
34.62763913472494,set_1,1024,1024,3
86.88100878397624,set_1,1024,1024,3
279.7242175972345,set_1,1024,1024,3
41.234835942586265,set_1,1024,1024,3
102.58116467793782,set_1,1024,1024,3
46.05693817138672,set_1,1024,1024,3
2.2781804393740117,set_1,1024,1024,3
342.52734335462355,set_1,1024,1024,3
216.02860832214355,set_1,1024,1024,3
354.4907388685608,set_1,1024,1024,3
266.38240305500517,set_1,1024,1024,3
112.12171768739387,set_1,1024,1024,3
726.686069491701,set_1,1024,1024,3
266.0412349700928,set_1,1024,1024,3
23.4690678914388,set_1,1024,1024,3
502.6548271179199,set_1,1024,1024,3
263.7747968037923,set_1,1024,1024,3
96.06608986670805,set_1,1024,1024,3
88.69767252604167,set_1,1024,1024,3
477.2315451190031,set_1,1024,1024,3
243.26176889426358,set_1,1024,1024,3
10.91878890991211,set_1,1024,1024,3
124.37364387512207,set_1,1024,1024,3
275.63145127517356,set_1,1024,1024,3
574.5783484020702,set_1,1024,1024,3
225.73149767624253,set_1,1024,1024,3
2.0382957458479942,set_1,1024,1024,3
62.24145253499349,set_1,1024,1024,3
195.74370129820986,set_1,1024,1024,3
527.8559188842773,set_1,1024,1024,3
140.6430835723877,set_1,1024,1024,3
73.36974843343098,set_1,1024,1024,3
38.14612927958887,set_1,1024,1024,3
132.59686152140299,set_1,1024,1024,3
198.78325396806557,set_1,1024,1024,3
690.7170696258545,set_1,1024,1024,3
659.8049666086832,set_1,1024,1024,3
94.24395243326823,set_1,1024,1024,3
285.05830637613934,set_1,1024,1024,3
87.90713373819987,set_1,1024,1024,3
149.74458946988548,set_1,1024,1024,3
114.51168878779879,set_1,1024,1024,3
328.43082427978516,set_1,1024,1024,3
65.8422196706136,set_1,1024,1024,3
360.5534788767497,set_1,1024,1024,3
477.38726870218915,set_1,1024,1024,3
25.711631453246653,set_1,1024,1024,3
258.8258476257324,set_1,1024,1024,3
385.45647486935417,set_1,1024,1024,3
70.23102887471516,set_1,1024,1024,3
80.80739591367526,set_1,1024,1024,3
150.5547275543213,set_1,1024,1024,3
161.41031614261507,set_1,1024,1024,3
354.5630322144086,set_1,1024,1024,3
260.8458137512207,set_1,1024,1024,3
50.93436142460098,set_1,1024,1024,3
48.39563115437826,set_1,1024,1024,3
34.134478568079864,set_1,1024,1024,3
1.793020243432693,set_1,1024,1024,3
902.2193361918131,set_1,1024,1024,3
173.10095914204916,set_1,1024,1024,3
195.6885291965688,set_1,1024,1024,3
21.407114028930664,set_1,1024,1024,3
82.75881449381511,set_1,1024,1024,3
1.8577566146623212,set_1,1024,1024,3
9.046422846110458,set_1,1024,1024,3
225.65535191969727,set_1,1024,1024,3
260.74902661641437,set_1,1024,1024,3
503.5033149719238,set_1,1024,1024,3
356.43697865804035,set_1,1024,1024,3
459.5745538075765,set_1,1024,1024,3
1.8652242024739583,set_1,1024,1024,3
856.8984903092191,set_1,1024,1024,3
94.06046104431152,set_1,1024,1024,3
32.603322982788086,set_1,1024,1024,3
396.00178983902964,set_1,1024,1024,3
365.7362810770671,set_1,1024,1024,3
111.06264940897624,set_1,1024,1024,3
306.22370592753094,set_1,1024,1024,3
26.61029561360677,set_1,1024,1024,3
72.95777130126953,set_1,1024,1024,3
162.24320279460028,set_1,1024,1024,3
143.23968696594238,set_1,1024,1024,3
35.306178410847984,set_1,1024,1024,3
156.4599952697754,set_1,1024,1024,3
52.96723429361979,set_1,1024,1024,3
105.25636927286784,set_1,1024,1024,3
232.39806683819427,set_1,1024,1024,3
156.63414446508878,set_1,1024,1024,3
198.84484386367615,set_1,1024,1024,3
65.53381156921387,set_1,1024,1024,3
521.1693051656088,set_1,1024,1024,3
135.1115347544352,set_1,1024,1024,3
357.2746744101025,set_1,1024,1024,3
143.33011054992676,set_1,1024,1024,3
2.4877382805506336,set_1,1024,1024,3
611.8241116920997,set_1,1024,1024,3
15.013487497965494,set_1,1024,1024,3
95.53491719657654,set_1,1024,1024,3
144.19948387145996,set_1,1024,1024,3
44.2819455464681,set_1,1024,1024,3
262.34024301512693,set_1,1024,1024,3
228.99174880154808,set_1,1024,1024,3
80.70512199401855,set_1,1024,1024,3
215.24479484558105,set_1,1024,1024,3
35.394758224487305,set_1,1024,1024,3
171.20406723021918,set_1,1024,1024,3
132.35180791219076,set_1,1024,1024,3
489.8095982869466,set_1,1024,1024,3
48.82066853841146,set_1,1024,1024,3
113.0697530110677,set_1,1024,1024,3
472.70715085912826,set_1,1024,1024,3
40.62173491085061,set_1,1024,1024,3
141.40803591410318,set_1,1024,1024,3
83.46470387776692,set_1,1024,1024,3
196.4718570705347,set_1,1024,1024,3
258.3822491963704,set_1,1024,1024,3
62.18512980143229,set_1,1024,1024,3
73.38111432393391,set_1,1024,1024,3
730.9579146361953,set_1,1024,1024,3
77.15216064453125,set_1,1024,1024,3
192.22613461812338,set_1,1024,1024,3
492.27539793281767,set_1,1024,1024,3
385.4463998524823,set_1,1024,1024,3
46.1258347829183,set_1,1024,1024,3
477.3520393371582,set_1,1024,1024,3
385.02457427978516,set_1,1024,1024,3
251.44628206888834,set_1,1024,1024,3
512.7880367960836,set_1,1024,1024,3
76.75835575170753,set_1,1024,1024,3
48.01432990538709,set_1,1024,1024,3
93.8689816792806,set_1,1024,1024,3
207.9548568725586,set_1,1024,1024,3
25.017544428507488,set_1,1024,1024,3
408.19750055385106,set_1,1024,1024,3
419.8074671427409,set_1,1024,1024,3
649.1177209218343,set_1,1024,1024,3
361.6672471364339,set_1,1024,1024,3
234.77142969767252,set_1,1024,1024,3
2.1094840291212327,set_1,1024,1024,3
504.06684013329317,set_1,1024,1024,3
169.73788134256998,set_1,1024,1024,3
132.0450788606708,set_1,1024,1024,3
71.34506670633952,set_1,1024,1024,3
256.38893604278394,set_1,1024,1024,3
196.47235107421875,set_1,1024,1024,3
275.5115626515457,set_1,1024,1024,3
1.6108198163847192,set_1,1024,1024,3
26.12163543701172,set_1,1024,1024,3
192.21032587687174,set_1,1024,1024,3
320.1808242378734,set_1,1024,1024,3
293.3388350526106,set_1,1024,1024,3
171.4041372934977,set_1,1024,1024,3
659.4380404154459,set_1,1024,1024,3
169.50289948633346,set_1,1024,1024,3
91.30005073547363,set_1,1024,1024,3
786.4533670490887,set_1,1024,1024,3
5.301105816044886,set_1,1024,1024,3
39.525918324788414,set_1,1024,1024,3
746.6210066477457,set_1,1024,1024,3
576.2678209940592,set_1,1024,1024,3
28.06055959065755,set_1,1024,1024,3
2.3205591827859817,set_1,1024,1024,3
279.1033620814829,set_1,1024,1024,3
161.53282385959253,set_1,1024,1024,3
51.185625076293945,set_1,1024,1024,3
100.81633439566303,set_1,1024,1024,3
1.6792917246775687,set_1,1024,1024,3
414.0828135317383,set_1,1024,1024,3
68.20454088846843,set_1,1024,1024,3
201.2840544382731,set_1,1024,1024,3
185.50359090169272,set_1,1024,1024,3
528.2061646779379,set_1,1024,1024,3
282.6786181131999,set_1,1024,1024,3
211.62962214152017,set_1,1024,1024,3
216.20769786092538,set_1,1024,1024,3
426.4305165608724,set_1,1024,1024,3
8.531249045168716,set_1,1024,1024,3
973.4929262168379,set_1,1024,1024,3
2.196059855568516,set_1,1024,1024,3
2.22045738989245,set_1,1024,1024,3
95.2768761206221,set_1,1024,1024,3
79.76323190101054,set_1,1024,1024,3
61.838877992312824,set_1,1024,1024,3
291.34295717875165,set_1,1024,1024,3
467.29473617137313,set_1,1024,1024,3
14.265744524050719,set_1,1024,1024,3
90.1862907409668,set_1,1024,1024,3
97.708314259847,set_1,1024,1024,3
96.45827700493807,set_1,1024,1024,3
258.95227495829266,set_1,1024,1024,3
137.88663291518907,set_1,1024,1024,3
207.29194481323532,set_1,1024,1024,3
339.1896113990986,set_1,1024,1024,3
214.31886736080438,set_1,1024,1024,3
241.33182682451374,set_1,1024,1024,3
227.39716720581055,set_1,1024,1024,3
6.733439127604167,set_1,1024,1024,3
98.67129766929263,set_1,1024,1024,3
63.91448804115481,set_1,1024,1024,3
1265.4211134009836,set_1,1024,1024,3
775.4572359720866,set_1,1024,1024,3
1123.7200098922667,set_1,1024,1024,3
74.82380822516276,set_1,1024,1024,3
466.62021509806317,set_1,1024,1024,3
45.421658198038735,set_1,1024,1024,3
2.197812390008853,set_1,1024,1024,3
1.552328109273933,set_1,1024,1024,3
182.33737754821777,set_1,1024,1024,3
106.08953666687012,set_1,1024,1024,3
345.95680554707843,set_1,1024,1024,3
503.93956184387207,set_1,1024,1024,3
633.1576430002848,set_1,1024,1024,3
383.1410732269287,set_1,1024,1024,3
160.54104868570963,set_1,1024,1024,3
420.45937792460126,set_1,1024,1024,3
368.3700583748335,set_1,1024,1024,3
207.5299107199842,set_1,1024,1024,3
190.82436720287419,set_1,1024,1024,3
439.35628538331383,set_1,1024,1024,3
181.62644958494636,set_1,1024,1024,3
190.26468880970467,set_1,1024,1024,3
402.177003782572,set_1,1024,1024,3
2.4193808223640736,set_1,1024,1024,3
88.22137606729763,set_1,1024,1024,3
777.4744319915771,set_1,1024,1024,3
478.8405590057373,set_1,1024,1024,3
245.655517578125,set_1,1024,1024,3
65.69944127400716,set_1,1024,1024,3
153.29804674768118,set_1,1024,1024,3
61.430515925089516,set_1,1024,1024,3
435.3419697260794,set_1,1024,1024,3
47.182363510131836,set_1,1024,1024,3
13.82223090688501,set_1,1024,1024,3
632.8348671901559,set_1,1024,1024,3
585.854726155599,set_1,1024,1024,3
48.235289891560875,set_1,1024,1024,3
79.2366886138916,set_1,1024,1024,3
198.56274541219076,set_1,1024,1024,3
453.92553520202637,set_1,1024,1024,3
233.281968747517,set_1,1024,1024,3
115.05590438842773,set_1,1024,1024,3
102.09576034545898,set_1,1024,1024,3
35.293417612711586,set_1,1024,1024,3
354.7843555143998,set_1,1024,1024,3
101.98319562276204,set_1,1024,1024,3
464.2043921152751,set_1,1024,1024,3
246.15848922729492,set_1,1024,1024,3
267.7080897656253,set_1,1024,1024,3
544.9263763427734,set_1,1024,1024,3
489.76509793599445,set_1,1024,1024,3
3.13707224527631,set_1,1024,1024,3
375.5111598968506,set_1,1024,1024,3
89.95693588256836,set_1,1024,1024,3
112.90548833211263,set_1,1024,1024,3
31.173116681039527,set_1,1024,1024,3
136.7397209792957,set_1,1024,1024,3
49.82561492919922,set_1,1024,1024,3
382.1533629187072,set_1,1024,1024,3
352.3022263844808,set_1,1024,1024,3
43.100395838419594,set_1,1024,1024,3
125.5510755890855,set_1,1024,1024,3
449.93271827697754,set_1,1024,1024,3
1216.5714946623712,set_1,1024,1024,3
908.3301737002071,set_1,1024,1024,3
79.71719072423946,set_1,1024,1024,3
3.704315185546875,set_1,1024,1024,3
334.25708198547363,set_1,1024,1024,3
1064.9288221995037,set_1,1024,1024,3
324.18636322021484,set_1,1024,1024,3
256.0499575926215,set_1,1024,1024,3
3.933755556730126,set_1,1024,1024,3
1.8503576898931235,set_1,1024,1024,3
464.21260533733886,set_1,1024,1024,3
204.66756534357975,set_1,1024,1024,3
196.87236690504287,set_1,1024,1024,3
246.36023233461148,set_1,1024,1024,3
540.9816830952963,set_1,1024,1024,3
123.85223387810191,set_1,1024,1024,3
159.19541041056314,set_1,1024,1024,3
119.92399525764039,set_1,1024,1024,3
164.18766466671204,set_1,1024,1024,3
207.67032113790916,set_1,1024,1024,3
112.18013445536296,set_1,1024,1024,3
676.3681755065918,set_1,1024,1024,3
609.2591938278218,set_1,1024,1024,3
58.63118235270182,set_1,1024,1024,3
244.77723342637967,set_1,1024,1024,3
1.8578173316551936,set_1,1024,1024,3
181.70215034476885,set_1,1024,1024,3
239.09918308142448,set_1,1024,1024,3
217.22944354826825,set_1,1024,1024,3
185.18899070435145,set_1,1024,1024,3
192.88987825676097,set_1,1024,1024,3
121.30152504735332,set_1,1024,1024,3
288.70993013673575,set_1,1024,1024,3
406.3667920430501,set_1,1024,1024,3
54.65390141805013,set_1,1024,1024,3
138.59476626434562,set_1,1024,1024,3
54.719123204549156,set_1,1024,1024,3
51.95410346984863,set_1,1024,1024,3
570.2994683583469,set_1,1024,1024,3
149.49548719696602,set_1,1024,1024,3
243.6951821645101,set_1,1024,1024,3
11.276856104532877,set_1,1024,1024,3
368.0590266388128,set_1,1024,1024,3
78.56340026855469,set_1,1024,1024,3
154.80356470743814,set_1,1024,1024,3
71.83782005310059,set_1,1024,1024,3
150.48694864908853,set_1,1024,1024,3
376.5931663483287,set_1,1024,1024,3
47.131134665996406,set_1,1024,1024,3
222.12142690009685,set_1,1024,1024,3
147.13871415331548,set_1,1024,1024,3
40.548943837483726,set_1,1024,1024,3
80.83344479819546,set_1,1024,1024,3
290.3279285430908,set_1,1024,1024,3
570.8710060119629,set_1,1024,1024,3
134.97468090043523,set_1,1024,1024,3
406.08748626708984,set_1,1024,1024,3
429.9955472814492,set_1,1024,1024,3
76.55094782511394,set_1,1024,1024,3
103.7355588277181,set_1,1024,1024,3
208.35761194306414,set_1,1024,1024,3
419.0512580871582,set_1,1024,1024,3
202.73321851094565,set_1,1024,1024,3
406.78634707132977,set_1,1024,1024,3
76.75204340616862,set_1,1024,1024,3
394.1583572623665,set_1,1024,1024,3
63.6010545094808,set_1,1024,1024,3
413.3103622431295,set_1,1024,1024,3
32.90713310241699,set_1,1024,1024,3
189.76102958559932,set_1,1024,1024,3
43.64450708682937,set_1,1024,1024,3
1281.8598575569058,set_1,1024,1024,3
179.40689589233497,set_1,1024,1024,3
276.0393257141113,set_1,1024,1024,3
99.05756852672964,set_1,1024,1024,3
118.18975893656413,set_1,1024,1024,3
51.408555654297,set_1,1024,1024,3
409.1371360986362,set_1,1024,1024,3
19.432837804158527,set_1,1024,1024,3
44.77580006917318,set_1,1024,1024,3
5.355112393097947,set_1,1024,1024,3
2.5154011970601764,set_1,1024,1024,3
135.88600158691406,set_1,1024,1024,3
523.4450978057026,set_1,1024,1024,3
35.08298428853353,set_1,1024,1024,3
961.6733796275659,set_1,1024,1024,3
441.3997693000745,set_1,1024,1024,3
54.494364420572914,set_1,1024,1024,3
900.1033620714101,set_1,1024,1024,3
473.2391827901204,set_1,1024,1024,3
351.9959625838704,set_1,1024,1024,3
414.1412289937337,set_1,1024,1024,3
400.72778129577637,set_1,1024,1024,3
57.208391189575195,set_1,1024,1024,3
458.9823097647443,set_1,1024,1024,3
299.03821055094403,set_1,1024,1024,3
2.0065704976674774,set_1,1024,1024,3
38.744004567464195,set_1,1024,1024,3
81.5097541809082,set_1,1024,1024,3
151.3746763865153,set_1,1024,1024,3
613.4467700174233,set_1,1024,1024,3
334.0328178405762,set_1,1024,1024,3
11.654110590613223,set_1,1024,1024,3
197.2478059132894,set_1,1024,1024,3
456.7433452606201,set_1,1024,1024,3
334.4312864902119,set_1,1024,1024,3
501.389130352872,set_1,1024,1024,3
140.1296832950828,set_1,1024,1024,3
217.02689552306512,set_1,1024,1024,3
55.12846692403158,set_1,1024,1024,3
518.7639910380045,set_1,1024,1024,3
1457.2764701843262,set_1,1024,1024,3
160.7225081027524,set_1,1024,1024,3
200.07315506568145,set_1,1024,1024,3
11.594011869807744,set_1,1024,1024,3
5.4522263046527675,set_1,1024,1024,3
33.49961598714193,set_1,1024,1024,3
188.9940881143896,set_1,1024,1024,3
895.7684211730957,set_1,1024,1024,3
662.3579085380734,set_1,1024,1024,3
115.98243141174316,set_1,1024,1024,3
546.3208624521891,set_1,1024,1024,3
848.5445207283773,set_1,1024,1024,3
438.38356018066406,set_1,1024,1024,3
32.94840049132108,set_1,1024,1024,3
1.7783432001597248,set_1,1024,1024,3
82.77243168883554,set_1,1024,1024,3
126.93722467805436,set_1,1024,1024,3
2.3791217692568307,set_1,1024,1024,3
154.96878210164215,set_1,1024,1024,3
8.186054229296133,set_1,1024,1024,3
1090.3201640112873,set_1,1024,1024,3
16.89390818277995,set_1,1024,1024,3
125.93041483561198,set_1,1024,1024,3
73.92064094543457,set_1,1024,1024,3
962.0248312152277,set_1,1024,1024,3
4.112709940561408,set_1,1024,1024,3
132.81941686686793,set_1,1024,1024,3
195.11999257196052,set_1,1024,1024,3
69.27471954627237,set_1,1024,1024,3
275.37027231852215,set_1,1024,1024,3
338.7295722961426,set_1,1024,1024,3
34.289428075154625,set_1,1024,1024,3
166.72869046529135,set_1,1024,1024,3
1284.4629719525635,set_1,1024,1024,3
53.5884755452474,set_1,1024,1024,3
40.2282911936442,set_1,1024,1024,3
168.8517049153646,set_1,1024,1024,3
74.94903182983398,set_1,1024,1024,3
155.297991243952,set_1,1024,1024,3
207.4498008090544,set_1,1024,1024,3
230.34191926266547,set_1,1024,1024,3
346.6105785369873,set_1,1024,1024,3
334.4744472503662,set_1,1024,1024,3
87.24226379394531,set_1,1024,1024,3
10.459834416707357,set_1,1024,1024,3
211.29053580707387,set_1,1024,1024,3
628.9365475902642,set_1,1024,1024,3
524.9881496429443,set_1,1024,1024,3
346.34523646036786,set_1,1024,1024,3
303.60384877522785,set_1,1024,1024,3
251.73320770263672,set_1,1024,1024,3
36.71036020914713,set_1,1024,1024,3
92.77693303426106,set_1,1024,1024,3
70.99290974934895,set_1,1024,1024,3
77.70262908935547,set_1,1024,1024,3
633.8266560716497,set_1,1024,1024,3
213.9293219203039,set_1,1024,1024,3
85.8927739461263,set_1,1024,1024,3
349.6547171274821,set_1,1024,1024,3
134.64322344462076,set_1,1024,1024,3
434.99111874898273,set_1,1024,1024,3
269.7266089121501,set_1,1024,1024,3
382.70629628499347,set_1,1024,1024,3
507.96031125386554,set_1,1024,1024,3
130.44106674194336,set_1,1024,1024,3
318.05273755391437,set_1,1024,1024,3
13.26953125,set_1,1024,1024,3
321.07498480008303,set_1,1024,1024,3
102.95898056030273,set_1,1024,1024,3
185.73646326085577,set_1,1024,1024,3
130.97461573282877,set_1,1024,1024,3
74.32560437066654,set_1,1024,1024,3
1.8306986445467315,set_1,1024,1024,3
615.5869900187216,set_1,1024,1024,3
1.9433040616940078,set_1,1024,1024,3
5.427902220824353,set_1,1024,1024,3
65.20379956563313,set_1,1024,1024,3
214.57918098472706,set_1,1024,1024,3
504.8643315633138,set_1,1024,1024,3
327.12514492922566,set_1,1024,1024,3
121.02574920654297,set_1,1024,1024,3
71.57534912873355,set_1,1024,1024,3
165.3315547300694,set_1,1024,1024,3
71.18606845317822,set_1,1024,1024,3
155.12436627837434,set_1,1024,1024,3
111.35265985493089,set_1,1024,1024,3
1.6455640792764825,set_1,1024,1024,3
70.05384063720703,set_1,1024,1024,3
4.936089513733543,set_1,1024,1024,3
397.57704859102546,set_1,1024,1024,3
587.8802706400553,set_1,1024,1024,3
182.96909219452195,set_1,1024,1024,3
579.5281421827277,set_1,1024,1024,3
270.87539291381836,set_1,1024,1024,3
467.27013169895446,set_1,1024,1024,3
368.9013023376465,set_1,1024,1024,3
74.8908462524414,set_1,1024,1024,3
83.71227740902957,set_1,1024,1024,3
248.3324482898067,set_1,1024,1024,3
185.64749747761127,set_1,1024,1024,3
10.238088607788086,set_1,1024,1024,3
58.554716026545776,set_1,1024,1024,3
1436.5577076069956,set_1,1024,1024,3
964.0485303872782,set_1,1024,1024,3
5.505026817168073,set_1,1024,1024,3
322.4816239674886,set_1,1024,1024,3
65.00752667009738,set_1,1024,1024,3
186.03292655382083,set_1,1024,1024,3
166.0443868592092,set_1,1024,1024,3
361.1611258130676,set_1,1024,1024,3
56.191457748413086,set_1,1024,1024,3
324.85547129313153,set_1,1024,1024,3
78.757630666097,set_1,1024,1024,3
225.16631961983748,set_1,1024,1024,3
328.111857732137,set_1,1024,1024,3
10.728301366170248,set_1,1024,1024,3
255.57927542165206,set_1,1024,1024,3
138.48263194694528,set_1,1024,1024,3
40.645961125691734,set_1,1024,1024,3
31.418031056722004,set_1,1024,1024,3
168.66012974411223,set_1,1024,1024,3
407.3456179300944,set_1,1024,1024,3
97.29504267374675,set_1,1024,1024,3
263.863286336263,set_1,1024,1024,3
244.13205273946127,set_1,1024,1024,3
20.788363774617512,set_1,1024,1024,3
63.019749323527016,set_1,1024,1024,3
354.4114812213708,set_1,1024,1024,3
184.69268985577602,set_1,1024,1024,3
2.862581881467728,set_1,1024,1024,3
89.58961168924968,set_1,1024,1024,3
193.5109920501709,set_1,1024,1024,3
272.79758326212567,set_1,1024,1024,3
7.764198939005534,set_1,1024,1024,3
44.48864491780599,set_1,1024,1024,3
89.40272458394368,set_1,1024,1024,3
96.4301700592041,set_1,1024,1024,3
54.552210483077886,set_1,1024,1024,3
91.17567411895516,set_1,1024,1024,3
191.82077407627366,set_1,1024,1024,3
298.4257157643636,set_1,1024,1024,3
188.5445124308268,set_1,1024,1024,3
5.270950948095141,set_1,1024,1024,3
285.97162501017254,set_1,1024,1024,3
130.54857190012805,set_1,1024,1024,3
55.59200223286947,set_1,1024,1024,3
18.957440694173176,set_1,1024,1024,3
15.523033142089844,set_1,1024,1024,3
41.410651524861656,set_1,1024,1024,3
131.26950899759927,set_1,1024,1024,3
441.364714940389,set_1,1024,1024,3
669.7612902323405,set_1,1024,1024,3
448.9528045654297,set_1,1024,1024,3
212.19324587262065,set_1,1024,1024,3
268.14245414733887,set_1,1024,1024,3
90.09526379903157,set_1,1024,1024,3
189.7793588503672,set_1,1024,1024,3
159.73481241861978,set_1,1024,1024,3
112.57915878295898,set_1,1024,1024,3
232.84295717170843,set_1,1024,1024,3
4.424516359588971,set_1,1024,1024,3
162.5438553489389,set_1,1024,1024,3
57.49341710408529,set_1,1024,1024,3
12.565788904825846,set_1,1024,1024,3
1603.767744365976,set_1,1024,1024,3
71.74191474914551,set_1,1024,1024,3
4.355072652376185,set_1,1024,1024,3
165.77667458667887,set_1,1024,1024,3
249.6282298262743,set_1,1024,1024,3
125.26744778951009,set_1,1024,1024,3
167.75351289040015,set_1,1024,1024,3
964.7242112660589,set_1,1024,1024,3
43.17252413431803,set_1,1024,1024,3
186.83631387883517,set_1,1024,1024,3
386.22496795654297,set_1,1024,1024,3
1012.0025512555086,set_1,1024,1024,3
211.12391213538544,set_1,1024,1024,3
115.68558405929495,set_1,1024,1024,3
3.2316587248335202,set_1,1024,1024,3
13.974928538004557,set_1,1024,1024,3
289.98780170206527,set_1,1024,1024,3
389.1561323797541,set_1,1024,1024,3
92.45266405741374,set_1,1024,1024,3
859.2268207940941,set_1,1024,1024,3
341.42546844393246,set_1,1024,1024,3
340.7732524871826,set_1,1024,1024,3
154.69467226091783,set_1,1024,1024,3
83.95419629414876,set_1,1024,1024,3
903.1670434693224,set_1,1024,1024,3
4.265099205406129,set_1,1024,1024,3
235.8113810221354,set_1,1024,1024,3
126.87456411771994,set_1,1024,1024,3
686.1585845820601,set_1,1024,1024,3
379.45987851565013,set_1,1024,1024,3
39.428274154663086,set_1,1024,1024,3
352.83119201660156,set_1,1024,1024,3
30.299829483032227,set_1,1024,1024,3
248.2944736354044,set_1,1024,1024,3
1.9908132448972538,set_1,1024,1024,3
335.93056955347015,set_1,1024,1024,3
339.19545618693036,set_1,1024,1024,3
305.81101099650067,set_1,1024,1024,3
371.604242960612,set_1,1024,1024,3
53.085260705362664,set_1,1024,1024,3
163.51632559608404,set_1,1024,1024,3
148.82098642985025,set_1,1024,1024,3
93.78830337524414,set_1,1024,1024,3
222.59563382466635,set_1,1024,1024,3
4.935887335700082,set_1,1024,1024,3
28.991193135579426,set_1,1024,1024,3
405.4764486948649,set_1,1024,1024,3
64.07050514221191,set_1,1024,1024,3
82.58590825398763,set_1,1024,1024,3
51.05919965108236,set_1,1024,1024,3
405.9237289428711,set_1,1024,1024,3
147.89520645141602,set_1,1024,1024,3
269.46669006347656,set_1,1024,1024,3
277.35233306884766,set_1,1024,1024,3
108.5986487044856,set_1,1024,1024,3
224.80290156790036,set_1,1024,1024,3
88.67374801635742,set_1,1024,1024,3
31.49237060546875,set_1,1024,1024,3
101.74093373616536,set_1,1024,1024,3
285.19938239795255,set_1,1024,1024,3
1.8404038741003508,set_1,1024,1024,3
61.520774841308594,set_1,1024,1024,3
247.33287099734636,set_1,1024,1024,3
198.53287690319436,set_1,1024,1024,3
60.826382319132485,set_1,1024,1024,3
280.43160311381024,set_1,1024,1024,3
424.9767246246338,set_1,1024,1024,3
105.72628021240234,set_1,1024,1024,3
5.145498911325874,set_1,1024,1024,3
130.33657296498143,set_1,1024,1024,3
606.3399011425889,set_1,1024,1024,3
405.44285837809247,set_1,1024,1024,3
14.681642532348633,set_1,1024,1024,3
400.60448732811864,set_1,1024,1024,3
305.4155916684237,set_1,1024,1024,3
177.9784129459805,set_1,1024,1024,3
1045.0196551353024,set_1,1024,1024,3
203.7353890736898,set_1,1024,1024,3
442.6033350626628,set_1,1024,1024,3
40.74419021606445,set_1,1024,1024,3
307.5221548053603,set_1,1024,1024,3
203.06595547687803,set_1,1024,1024,3
218.23855209350586,set_1,1024,1024,3
2.178760528040584,set_1,1024,1024,3
978.1781932972723,set_1,1024,1024,3
13.17002805074056,set_1,1024,1024,3
130.78370631088882,set_1,1024,1024,3
9.556050917608959,set_1,1024,1024,3
5.208776473999023,set_1,1024,1024,3
156.46395900874953,set_1,1024,1024,3
8.414185841878256,set_1,1024,1024,3
998.7102346232583,set_1,1024,1024,3
38.35741742451986,set_1,1024,1024,3
302.42157364108203,set_1,1024,1024,3
57.07838567097982,set_1,1024,1024,3
468.66481081644696,set_1,1024,1024,3
166.125892313175,set_1,1024,1024,3
853.5307661692301,set_1,1024,1024,3
508.05102729797363,set_1,1024,1024,3
130.23811022440592,set_1,1024,1024,3
556.3521588643392,set_1,1024,1024,3
30.271279017130535,set_1,1024,1024,3
229.42487970987955,set_1,1024,1024,3
263.52258046468097,set_1,1024,1024,3
59.615443487339455,set_1,1024,1024,3
280.4128847260042,set_1,1024,1024,3
248.64197889479033,set_1,1024,1024,3
23.661176045735676,set_1,1024,1024,3
40.68268394470215,set_1,1024,1024,3
75.6778736114502,set_1,1024,1024,3
551.9446709950765,set_1,1024,1024,3
145.47780481842798,set_1,1024,1024,3
31.874022165934246,set_1,1024,1024,3
329.13711675008136,set_1,1024,1024,3
49.37066650390625,set_1,1024,1024,3
352.75426673887523,set_1,1024,1024,3
2.1773802371058637,set_1,1024,1024,3
57.60828717549642,set_1,1024,1024,3
30.659383561335655,set_1,1024,1024,3
116.55251502633593,set_1,1024,1024,3
696.9202397221529,set_1,1024,1024,3
57.19782098039254,set_1,1024,1024,3
371.12324142456055,set_1,1024,1024,3
212.90365918477377,set_1,1024,1024,3
485.76099650065106,set_1,1024,1024,3
272.9975980122884,set_1,1024,1024,3
251.39962966149787,set_1,1024,1024,3
619.6572462717692,set_1,1024,1024,3
2.63322385152181,set_1,1024,1024,3
1.596194891442489,set_1,1024,1024,3
177.4237987076772,set_1,1024,1024,3
4.58042526180441,set_1,1024,1024,3
106.16449736421436,set_1,1024,1024,3
39.45198504130045,set_1,1024,1024,3
5.152132652596458,set_1,1024,1024,3
317.2637189229329,set_1,1024,1024,3
71.77373755042169,set_1,1024,1024,3
64.91938781738281,set_1,1024,1024,3
292.63795721693896,set_1,1024,1024,3
9.404031725367531,set_1,1024,1024,3
1457.688629693761,set_1,1024,1024,3
16.88280741373698,set_1,1024,1024,3
107.49401940260412,set_1,1024,1024,3
46.79450035095215,set_1,1024,1024,3
184.69268985577602,set_1,1024,1024,3
87.50541588642695,set_1,1024,1024,3
198.6469020843506,set_1,1024,1024,3
89.8668982187907,set_1,1024,1024,3
398.4947115580241,set_1,1024,1024,3
201.1560389130415,set_1,1024,1024,3
258.78637504577637,set_1,1024,1024,3
486.4178161621094,set_1,1024,1024,3
292.28796788429577,set_1,1024,1024,3
57.994880040486656,set_1,1024,1024,3
181.7882763501418,set_1,1024,1024,3
235.34929369620775,set_1,1024,1024,3
433.24746831258136,set_1,1024,1024,3
280.04339435204685,set_1,1024,1024,3
914.8832360671275,set_1,1024,1024,3
4.700710296630859,set_1,1024,1024,3
1348.4956576420168,set_1,1024,1024,3
51.74334526062012,set_1,1024,1024,3
449.91909472147626,set_1,1024,1024,3
3.194282531621464,set_1,1024,1024,3
307.04093106587726,set_1,1024,1024,3
147.1077512105306,set_1,1024,1024,3
1.850847562137058,set_1,1024,1024,3
530.4546407063802,set_1,1024,1024,3
155.91539827982584,set_1,1024,1024,3
460.5414746602376,set_1,1024,1024,3
118.56382687886556,set_1,1024,1024,3
41.10165023803711,set_1,1024,1024,3
167.37023162841797,set_1,1024,1024,3
38.39818985880491,set_1,1024,1024,3
246.55767281433702,set_1,1024,1024,3
1330.9380359646927,set_1,1024,1024,3
213.31633185990518,set_1,1024,1024,3
99.53951623646071,set_1,1024,1024,3
650.8564323913491,set_1,1024,1024,3
88.04464658101399,set_1,1024,1024,3
640.3428322456851,set_1,1024,1024,3
4.366809525500272,set_1,1024,1024,3
111.66318639119466,set_1,1024,1024,3
221.91371216371286,set_1,1024,1024,3
2.543313978394713,set_1,1024,1024,3
197.71338044490903,set_1,1024,1024,3
213.46684487459743,set_1,1024,1024,3
1124.544231414795,set_1,1024,1024,3
150.40703040987157,set_1,1024,1024,3
444.614424427658,set_1,1024,1024,3
373.5058123270671,set_1,1024,1024,3
168.73722422614566,set_1,1024,1024,3
33.65490404764811,set_1,1024,1024,3
584.1765848795573,set_1,1024,1024,3
162.42866398890814,set_1,1024,1024,3
567.289219430327,set_1,1024,1024,3
9.465693791707357,set_1,1024,1024,3
71.22433217366536,set_1,1024,1024,3
937.2773117863794,set_1,1024,1024,3
54.40199343363444,set_1,1024,1024,3
196.6853670464801,set_1,1024,1024,3
307.1345664472744,set_1,1024,1024,3
136.24834060668945,set_1,1024,1024,3
748.080727259318,set_1,1024,1024,3
108.44626681009929,set_1,1024,1024,3
218.4898977199862,set_1,1024,1024,3
214.637908299764,set_1,1024,1024,3
841.1193745858401,set_1,1024,1024,3
451.8934784957451,set_1,1024,1024,3
366.0702775319417,set_1,1024,1024,3
296.59233538309735,set_1,1024,1024,3
97.74751536051433,set_1,1024,1024,3
7.924643832507475,set_1,1024,1024,3
161.89850401355395,set_1,1024,1024,3
323.7851926813939,set_1,1024,1024,3
66.03796768188477,set_1,1024,1024,3
311.42053667704266,set_1,1024,1024,3
238.599214553833,set_1,1024,1024,3
1.7388782501220703,set_1,1024,1024,3
189.3004727597993,set_1,1024,1024,3
823.223841718608,set_1,1024,1024,3
13.905979693632801,set_1,1024,1024,3
22.381458918253582,set_1,1024,1024,3
352.00870450337726,set_1,1024,1024,3
36.53681437174479,set_1,1024,1024,3
85.87688954671223,set_1,1024,1024,3
5.382961715968928,set_1,1024,1024,3
135.80283864339194,set_1,1024,1024,3
455.24416658028895,set_1,1024,1024,3
437.9645251741063,set_1,1024,1024,3
100.16418902079265,set_1,1024,1024,3
4.533706664650587,set_1,1024,1024,3
130.3674634297689,set_1,1024,1024,3
13.771908442179361,set_1,1024,1024,3
195.5267162127352,set_1,1024,1024,3
346.5055917104085,set_1,1024,1024,3
1000.827626858158,set_1,1024,1024,3
401.3665427478781,set_1,1024,1024,3
217.5488077799479,set_1,1024,1024,3
80.85529200236003,set_1,1024,1024,3
229.44866879781088,set_1,1024,1024,3
158.11798731486002,set_1,1024,1024,3
108.28071975708008,set_1,1024,1024,3
9.172323544615514,set_1,1024,1024,3
136.98890971083142,set_1,1024,1024,3
65.9087028503418,set_1,1024,1024,3
474.65931366780495,set_1,1024,1024,3
5.751184145586801,set_1,1024,1024,3
47.02684720357259,set_1,1024,1024,3
257.7924885932173,set_1,1024,1024,3
189.98412704467773,set_1,1024,1024,3
35.795599619547524,set_1,1024,1024,3
63.711793587929435,set_1,1024,1024,3
4.769375801083889,set_1,1024,1024,3
4.202930132324779,set_1,1024,1024,3
253.7849127132395,set_1,1024,1024,3
405.4888375600179,set_1,1024,1024,3
86.74001912838368,set_1,1024,1024,3
290.1005166371663,set_1,1024,1024,3
94.25952021280925,set_1,1024,1024,3
6.7641560211703995,set_1,1024,1024,3
93.72989006441396,set_1,1024,1024,3
99.08758799235027,set_1,1024,1024,3
215.76755587241792,set_1,1024,1024,3
38.966747244334705,set_1,1024,1024,3
654.9399923360887,set_1,1024,1024,3
115.10941441582044,set_1,1024,1024,3
512.9964045093462,set_1,1024,1024,3
183.66524695069393,set_1,1024,1024,3
48.26711908976237,set_1,1024,1024,3
165.7952289231907,set_1,1024,1024,3
193.92789522806802,set_1,1024,1024,3
301.0781669616699,set_1,1024,1024,3
9.767461776733398,set_1,1024,1024,3
214.7325490212278,set_1,1024,1024,3
161.10069020586675,set_1,1024,1024,3
360.437639850288,set_1,1024,1024,3
69.93503377025806,set_1,1024,1024,3
76.55648104349773,set_1,1024,1024,3
199.55721250049166,set_1,1024,1024,3
267.03457832336426,set_1,1024,1024,3
53.45560518900553,set_1,1024,1024,3
148.56559941726545,set_1,1024,1024,3
48.90003522237142,set_1,1024,1024,3
302.63739517734695,set_1,1024,1024,3
354.54759979248047,set_1,1024,1024,3
1384.1434274833691,set_1,1024,1024,3
90.33312498608797,set_1,1024,1024,3
50.61542619561563,set_1,1024,1024,3
23.134266535441082,set_1,1024,1024,3
177.3190212249756,set_1,1024,1024,3
20.880971272786457,set_1,1024,1024,3
232.09590720817286,set_1,1024,1024,3
1254.945445123523,set_1,1024,1024,3
1.8416519086939767,set_1,1024,1024,3
28.87967046101888,set_1,1024,1024,3
182.72231351407632,set_1,1024,1024,3
195.48756090799967,set_1,1024,1024,3
199.24096234639487,set_1,1024,1024,3
920.7178793648036,set_1,1024,1024,3
276.74340693155926,set_1,1024,1024,3
294.5706380208333,set_1,1024,1024,3
47.66141446431478,set_1,1024,1024,3
26.84736442565918,set_1,1024,1024,3
204.29948750669757,set_1,1024,1024,3
287.0509621772749,set_1,1024,1024,3
184.16928100488903,set_1,1024,1024,3
2.0995254514818953,set_1,1024,1024,3
58.99872907002767,set_1,1024,1024,3
138.56977072463613,set_1,1024,1024,3
380.12893796578584,set_1,1024,1024,3
64.35522270202637,set_1,1024,1024,3
544.3451172500078,set_1,1024,1024,3
258.15429560343426,set_1,1024,1024,3
83.88789812723796,set_1,1024,1024,3
8.17751089095198,set_1,1024,1024,3
544.9930184653141,set_1,1024,1024,3
343.9901523590088,set_1,1024,1024,3
115.34833526611328,set_1,1024,1024,3
149.19002469380698,set_1,1024,1024,3
494.5615488688151,set_1,1024,1024,3
44.62325859069824,set_1,1024,1024,3
118.62170473734538,set_1,1024,1024,3
351.08031399035616,set_1,1024,1024,3
50.54684860095099,set_1,1024,1024,3
147.3486385253292,set_1,1024,1024,3
343.61565081278485,set_1,1024,1024,3
369.2951281307567,set_1,1024,1024,3
302.72461382548016,set_1,1024,1024,3
87.90745544433594,set_1,1024,1024,3
35.81556065877279,set_1,1024,1024,3
40.932586669921875,set_1,1024,1024,3
160.0006608658424,set_1,1024,1024,3
245.50029182434082,set_1,1024,1024,3
299.36334292093915,set_1,1024,1024,3
212.92243003844217,set_1,1024,1024,3
43.041992823282875,set_1,1024,1024,3
77.32084465026855,set_1,1024,1024,3
112.04381370544434,set_1,1024,1024,3
498.1809260050456,set_1,1024,1024,3
250.27590560913086,set_1,1024,1024,3
64.81423412569892,set_1,1024,1024,3
224.87235323588052,set_1,1024,1024,3
39.89716604635504,set_1,1024,1024,3
46.7174129486084,set_1,1024,1024,3
72.24429893418888,set_1,1024,1024,3
24.14375940958659,set_1,1024,1024,3
317.4883740743001,set_1,1024,1024,3
312.3855845133464,set_1,1024,1024,3
3.645638131821112,set_1,1024,1024,3
291.83560210939635,set_1,1024,1024,3
129.63121795654297,set_1,1024,1024,3
102.7766564687093,set_1,1024,1024,3
283.14293479919434,set_1,1024,1024,3
269.94016773979166,set_1,1024,1024,3
159.91620699564615,set_1,1024,1024,3
234.41681447457165,set_1,1024,1024,3
263.8924129374257,set_1,1024,1024,3
439.76413345336914,set_1,1024,1024,3
155.11558055251058,set_1,1024,1024,3
53.230154037475586,set_1,1024,1024,3
288.6540698896405,set_1,1024,1024,3
198.83521207173666,set_1,1024,1024,3
2.060014719478204,set_1,1024,1024,3
22.972538630167644,set_1,1024,1024,3
394.85476875305176,set_1,1024,1024,3
238.9774030049642,set_1,1024,1024,3
259.2396767636383,set_1,1024,1024,3
231.7237882560212,set_1,1024,1024,3
123.93602625528972,set_1,1024,1024,3
302.002384185791,set_1,1024,1024,3
298.4251476834507,set_1,1024,1024,3
183.40208053588867,set_1,1024,1024,3
85.43413670857747,set_1,1024,1024,3
123.70132305581255,set_1,1024,1024,3
376.9932346343994,set_1,1024,1024,3
36.23245100050796,set_1,1024,1024,3
351.0420201619466,set_1,1024,1024,3
218.39909457373878,set_1,1024,1024,3
72.39931042989095,set_1,1024,1024,3
714.9025090535482,set_1,1024,1024,3
56.23229789733887,set_1,1024,1024,3
104.55210812886556,set_1,1024,1024,3
91.08800506591797,set_1,1024,1024,3
324.6237388928607,set_1,1024,1024,3
234.51399421691895,set_1,1024,1024,3
63.77551995132765,set_1,1024,1024,3
44.37371826171875,set_1,1024,1024,3
398.59488491300345,set_1,1024,1024,3
455.1255187988281,set_1,1024,1024,3
52.887094497680664,set_1,1024,1024,3
43.681382497151695,set_1,1024,1024,3
5.448080060279218,set_1,1024,1024,3
220.40001105755073,set_1,1024,1024,3
160.7375144958496,set_1,1024,1024,3
5.398406664392081,set_1,1024,1024,3
184.77394167582193,set_1,1024,1024,3
101.76947657267253,set_1,1024,1024,3
190.68176078342196,set_1,1024,1024,3
101.36555735270183,set_1,1024,1024,3
59.61339632460537,set_1,1024,1024,3
348.3832499186198,set_1,1024,1024,3
26.216327667236328,set_1,1024,1024,3
71.30696678161621,set_1,1024,1024,3
35.411858876546226,set_1,1024,1024,3
444.1838250868114,set_1,1024,1024,3
316.55170981089253,set_1,1024,1024,3
61.798912626975635,set_1,1024,1024,3
195.35319073868223,set_1,1024,1024,3
5.849011072720714,set_1,1024,1024,3
63.92442830403646,set_1,1024,1024,3
9.646827378911663,set_1,1024,1024,3
230.85897792942944,set_1,1024,1024,3
91.46697424632475,set_1,1024,1024,3
54.80325190226237,set_1,1024,1024,3
187.12932840381436,set_1,1024,1024,3
2.0396575927718255,set_1,1024,1024,3
233.9246370144924,set_1,1024,1024,3
295.274479816026,set_1,1024,1024,3
225.08386385025904,set_1,1024,1024,3
328.184471766154,set_1,1024,1024,3
338.1621685028076,set_1,1024,1024,3
20.45227559407552,set_1,1024,1024,3
26.48879623413086,set_1,1024,1024,3
379.24564842341687,set_1,1024,1024,3
140.36742326989736,set_1,1024,1024,3
72.14408302307129,set_1,1024,1024,3
39.87750053405762,set_1,1024,1024,3
4.940828004672344,set_1,1024,1024,3
119.30856323242188,set_1,1024,1024,3
98.65714772542317,set_1,1024,1024,3
353.97721099853516,set_1,1024,1024,3
730.2479273898256,set_1,1024,1024,3
62.46733856201172,set_1,1024,1024,3
211.21764277331306,set_1,1024,1024,3
2.238930036190046,set_1,1024,1024,3
45.99045181274414,set_1,1024,1024,3
99.60557111104329,set_1,1024,1024,3
95.62835722849161,set_1,1024,1024,3
387.39609146118164,set_1,1024,1024,3
281.3879502614339,set_1,1024,1024,3
169.98622608060225,set_1,1024,1024,3
251.82543690921125,set_1,1024,1024,3
3.672504425048828,set_1,1024,1024,3
1262.8637243906658,set_1,1024,1024,3
321.36608123779297,set_1,1024,1024,3
115.670257566379,set_1,1024,1024,3
119.45866711934407,set_1,1024,1024,3
127.6209290822347,set_1,1024,1024,3
1.7819194786227064,set_1,1024,1024,3
385.7905724843343,set_1,1024,1024,3
136.30019119621042,set_1,1024,1024,3
85.27539952596028,set_1,1024,1024,3
49.55213165283203,set_1,1024,1024,3
27.121647516886394,set_1,1024,1024,3
53.0051383972168,set_1,1024,1024,3
305.2577470143636,set_1,1024,1024,3
149.0650574361156,set_1,1024,1024,3
48.20220756530762,set_1,1024,1024,3
678.9644432067871,set_1,1024,1024,3
32.812338511149086,set_1,1024,1024,3
6.420784632296606,set_1,1024,1024,3
53.16681671142578,set_1,1024,1024,3
224.38206470840552,set_1,1024,1024,3
8.623784383138021,set_1,1024,1024,3
320.3599058787028,set_1,1024,1024,3
388.74978256225586,set_1,1024,1024,3
94.17749977111816,set_1,1024,1024,3
12.695194934625674,set_1,1024,1024,3
269.8416690826416,set_1,1024,1024,3
23.76136080423991,set_1,1024,1024,3
954.4960489267961,set_1,1024,1024,3
97.79550298055013,set_1,1024,1024,3
77.69066301981609,set_1,1024,1024,3
279.6738697660265,set_1,1024,1024,3
231.77858013464234,set_1,1024,1024,3
277.32239023844403,set_1,1024,1024,3
1651.9097585675056,set_1,1024,1024,3
37.999351501464844,set_1,1024,1024,3
319.67575391133624,set_1,1024,1024,3
70.5303529103597,set_1,1024,1024,3
112.4777412183655,set_1,1024,1024,3
460.97281314333605,set_1,1024,1024,3
1016.3148075423777,set_1,1024,1024,3
285.17850557963055,set_1,1024,1024,3
54.7445786776948,set_1,1024,1024,3
71.88999716152195,set_1,1024,1024,3
134.8834743499756,set_1,1024,1024,3
210.9766756500952,set_1,1024,1024,3
6.4451118092449375,set_1,1024,1024,3
124.25877126057942,set_1,1024,1024,3
6.1581840509603145,set_1,1024,1024,3
167.85594940185547,set_1,1024,1024,3
133.72281773885092,set_1,1024,1024,3
166.00919977823892,set_1,1024,1024,3
1114.991153717041,set_1,1024,1024,3
71.08827145894368,set_1,1024,1024,3
108.78649444346331,set_1,1024,1024,3
147.7599016825358,set_1,1024,1024,3
192.3723551367092,set_1,1024,1024,3
2.3466269104780317,set_1,1024,1024,3
341.49394134760473,set_1,1024,1024,3
3.8539444525715374,set_1,1024,1024,3
62.76480356852213,set_1,1024,1024,3
51.60233052571615,set_1,1024,1024,3
419.7447672696103,set_1,1024,1024,3
507.8212733560975,set_1,1024,1024,3
439.9775384230675,set_1,1024,1024,3
1.934447605937347,set_1,1024,1024,3
113.6948808034261,set_1,1024,1024,3
109.66909917195638,set_1,1024,1024,3
282.87538210550946,set_1,1024,1024,3
43.98312759399414,set_1,1024,1024,3
1198.7134579178805,set_1,1024,1024,3
7.135777165734808,set_1,1024,1024,3
106.55687840779622,set_1,1024,1024,3
178.72325547526552,set_1,1024,1024,3
329.76224454243976,set_1,1024,1024,3
252.90683299132593,set_1,1024,1024,3
1546.7123811050203,set_1,1024,1024,3
208.2805610992369,set_1,1024,1024,3
171.65457725524902,set_1,1024,1024,3
89.62611452738444,set_1,1024,1024,3
64.47876230875652,set_1,1024,1024,3
385.82791402345134,set_1,1024,1024,3
77.23078184647188,set_1,1024,1024,3
137.14882647861666,set_1,1024,1024,3
558.8857803344727,set_1,1024,1024,3
418.0210431416829,set_1,1024,1024,3
211.98285675048828,set_1,1024,1024,3
86.44723701477051,set_1,1024,1024,3
48.52397918701172,set_1,1024,1024,3
51.17154757181803,set_1,1024,1024,3
37.22325070699056,set_1,1024,1024,3
220.46110979712452,set_1,1024,1024,3
90.00729401687904,set_1,1024,1024,3
3.8569447115101223,set_1,1024,1024,3
52.57263501485189,set_1,1024,1024,3
459.6564712524414,set_1,1024,1024,3
175.78802616432313,set_1,1024,1024,3
496.97027359122836,set_1,1024,1024,3
324.2484127628402,set_1,1024,1024,3
1682.9602196232465,set_1,1024,1024,3
94.6588757832845,set_1,1024,1024,3
389.6559346516927,set_1,1024,1024,3
318.14891813771936,set_1,1024,1024,3
72.87793350219727,set_1,1024,1024,3
14.195935882867987,set_1,1024,1024,3
356.17301396973215,set_1,1024,1024,3
312.42449442545575,set_1,1024,1024,3
77.71495691935222,set_1,1024,1024,3
181.3523628638546,set_1,1024,1024,3
213.64754009078663,set_1,1024,1024,3
359.2507177772292,set_1,1024,1024,3
225.9606745696676,set_1,1024,1024,3
1342.2966306459373,set_1,1024,1024,3
363.5393699001465,set_1,1024,1024,3
40.675454457600914,set_1,1024,1024,3
52.040164947509766,set_1,1024,1024,3
423.689156850179,set_1,1024,1024,3
29.598029454549152,set_1,1024,1024,3
37.9402052561442,set_1,1024,1024,3
58.03059005737305,set_1,1024,1024,3
121.6389641387495,set_1,1024,1024,3
87.31597582499187,set_1,1024,1024,3
499.1107879511517,set_1,1024,1024,3
385.7942771911621,set_1,1024,1024,3
233.80378061957228,set_1,1024,1024,3
157.26946290072118,set_1,1024,1024,3
641.1406258132084,set_1,1024,1024,3
274.00537167449005,set_1,1024,1024,3
168.2846565246582,set_1,1024,1024,3
359.14112027486163,set_1,1024,1024,3
347.91944630940753,set_1,1024,1024,3
54.63267548812638,set_1,1024,1024,3
184.59357134501138,set_1,1024,1024,3
103.5037047068278,set_1,1024,1024,3
227.61176045735678,set_1,1024,1024,3
469.5680961608887,set_1,1024,1024,3
249.91338984171549,set_1,1024,1024,3
127.70927747090657,set_1,1024,1024,3
144.7442970275879,set_1,1024,1024,3
329.4826595140948,set_1,1024,1024,3
576.9999621513509,set_1,1024,1024,3
5.594654077136511,set_1,1024,1024,3
42.93600082397461,set_1,1024,1024,3
15.213431675675443,set_1,1024,1024,3
116.5397555033366,set_1,1024,1024,3
280.1512908935547,set_1,1024,1024,3
909.1606037548585,set_1,1024,1024,3
170.6959260304769,set_1,1024,1024,3
68.10258674621582,set_1,1024,1024,3
351.9998728434245,set_1,1024,1024,3
357.5236393609653,set_1,1024,1024,3
112.27942657470703,set_1,1024,1024,3
11.60811996459961,set_1,1024,1024,3
193.9409205118815,set_1,1024,1024,3
855.6507382357544,set_1,1024,1024,3
48.97937520345052,set_1,1024,1024,3
136.54416211446127,set_1,1024,1024,3
3.358161608333527,set_1,1024,1024,3
285.08213996887207,set_1,1024,1024,3
561.3947156458098,set_1,1024,1024,3
69.56218496205209,set_1,1024,1024,3
204.48688570465674,set_1,1024,1024,3
387.00727599847573,set_1,1024,1024,3
418.9800262451172,set_1,1024,1024,3
58.56903839111328,set_1,1024,1024,3
154.5384006500244,set_1,1024,1024,3
85.13193448384602,set_1,1024,1024,3
198.33831055811163,set_1,1024,1024,3
57.837483723958336,set_1,1024,1024,3
83.19455812195272,set_1,1024,1024,3
94.75215339660645,set_1,1024,1024,3
21.58383051554362,set_1,1024,1024,3
71.02114804585774,set_1,1024,1024,3
228.99174880154808,set_1,1024,1024,3
116.12733777364095,set_1,1024,1024,3
53.314598083496094,set_1,1024,1024,3
199.14762940411552,set_1,1024,1024,3
101.27000935872395,set_1,1024,1024,3
115.69521299188587,set_1,1024,1024,3
92.91250864664714,set_1,1024,1024,3
7.952651341756185,set_1,1024,1024,3
26.543690363566082,set_1,1024,1024,3
138.42045242539783,set_1,1024,1024,3
2.843308764223669,set_1,1024,1024,3
48.49570274353027,set_1,1024,1024,3
184.43949953715006,set_1,1024,1024,3
264.86094919840497,set_1,1024,1024,3
78.44743696415485,set_1,1024,1024,3
2.110028583391093,set_1,1024,1024,3
1504.8436243203075,set_1,1024,1024,3
253.1274070739746,set_1,1024,1024,3
22.541602452596027,set_1,1024,1024,3
13.628402328200231,set_1,1024,1024,3
146.70031463706013,set_1,1024,1024,3
246.81016159057617,set_1,1024,1024,3
107.74525514423368,set_1,1024,1024,3
2.1852626800520945,set_1,1024,1024,3
534.2673123677572,set_1,1024,1024,3
3.9968016941241635,set_1,1024,1024,3
4.4725011172170825,set_1,1024,1024,3
466.4476737976074,set_1,1024,1024,3
225.1770051320394,set_1,1024,1024,3
147.23023541768393,set_1,1024,1024,3
136.83070627848306,set_1,1024,1024,3
111.58028393719849,set_1,1024,1024,3
479.7104969024658,set_1,1024,1024,3
59.24384752909342,set_1,1024,1024,3
140.94960212401517,set_1,1024,1024,3
356.19171110570534,set_1,1024,1024,3
199.75173440719098,set_1,1024,1024,3
537.6812400817871,set_1,1024,1024,3
513.3811575571696,set_1,1024,1024,3
296.32967691992485,set_1,1024,1024,3
242.06129709879556,set_1,1024,1024,3
1300.1906851265637,set_1,1024,1024,3
336.60350034804196,set_1,1024,1024,3
45.45416450500488,set_1,1024,1024,3
114.76779598252756,set_1,1024,1024,3
9.511838911696259,set_1,1024,1024,3
134.7325382232666,set_1,1024,1024,3
56.27574761490168,set_1,1024,1024,3
113.03825823465984,set_1,1024,1024,3
190.75426259298618,set_1,1024,1024,3
69.78979937235515,set_1,1024,1024,3
502.6079158782959,set_1,1024,1024,3
1211.8947118123372,set_1,1024,1024,3
415.7068157196045,set_1,1024,1024,3
350.06044052111855,set_1,1024,1024,3
642.4049650828043,set_1,1024,1024,3
303.47926266988117,set_1,1024,1024,3
76.44410069783528,set_1,1024,1024,3
33.22308349609375,set_1,1024,1024,3
529.5230674743652,set_1,1024,1024,3
144.16065215691924,set_1,1024,1024,3
6.997558275857652,set_1,1024,1024,3
137.6333509947082,set_1,1024,1024,3
96.51397387186687,set_1,1024,1024,3
11.884254767971676,set_1,1024,1024,3
13.56478182474772,set_1,1024,1024,3
113.29508972167969,set_1,1024,1024,3
673.6829662322998,set_1,1024,1024,3
10.201077143351236,set_1,1024,1024,3
35.6783701578776,set_1,1024,1024,3
110.60074868206961,set_1,1024,1024,3
204.9119361080784,set_1,1024,1024,3
155.29815292358398,set_1,1024,1024,3
315.89928754170734,set_1,1024,1024,3
416.22907592878136,set_1,1024,1024,3
2.5188862143929023,set_1,1024,1024,3
422.5208170287048,set_1,1024,1024,3
59.90989748636881,set_1,1024,1024,3
71.52354685465495,set_1,1024,1024,3
6.095970153808594,set_1,1024,1024,3
38.692199071248375,set_1,1024,1024,3
1172.0340665181477,set_1,1024,1024,3
12.141420364379883,set_1,1024,1024,3
132.88406944274902,set_1,1024,1024,3
20.518941243489582,set_1,1024,1024,3
194.8899405142463,set_1,1024,1024,3
3.806512832057903,set_1,1024,1024,3
239.30701637268066,set_1,1024,1024,3
112.14138094584148,set_1,1024,1024,3
523.0644677480062,set_1,1024,1024,3
34.03910573323568,set_1,1024,1024,3
18.422706881147455,set_1,1024,1024,3
179.94464556376138,set_1,1024,1024,3
219.6416393874986,set_1,1024,1024,3
477.44360223567736,set_1,1024,1024,3
87.4416618347168,set_1,1024,1024,3
2.6306959777490797,set_1,1024,1024,3
51.395263671875,set_1,1024,1024,3
119.06658299763997,set_1,1024,1024,3
375.7381642659505,set_1,1024,1024,3
46.1269334157308,set_1,1024,1024,3
355.59554227193195,set_1,1024,1024,3
391.7311312357585,set_1,1024,1024,3
253.47606009273943,set_1,1024,1024,3
208.84441630045572,set_1,1024,1024,3
199.92741965941397,set_1,1024,1024,3
193.16672579447427,set_1,1024,1024,3
160.26665433247885,set_1,1024,1024,3
62.89785575866699,set_1,1024,1024,3
231.3065153757731,set_1,1024,1024,3
4.0034211475851444,set_1,1024,1024,3
110.28484026590984,set_1,1024,1024,3
11.690601651001296,set_1,1024,1024,3
231.01145742455242,set_1,1024,1024,3
721.0853105892634,set_1,1024,1024,3
289.73619270324707,set_1,1024,1024,3
437.7209777832031,set_1,1024,1024,3
1160.336483637492,set_1,1024,1024,3
168.97787157694498,set_1,1024,1024,3
262.51010893436427,set_1,1024,1024,3
2.0761311549900343,set_1,1024,1024,3
196.00127855927394,set_1,1024,1024,3
173.4242426554362,set_1,1024,1024,3
267.2763827533769,set_1,1024,1024,3
178.1012980143229,set_1,1024,1024,3
302.9079284667969,set_1,1024,1024,3
7.798616408408932,set_1,1024,1024,3
31.135691960652668,set_1,1024,1024,3
454.7945520590085,set_1,1024,1024,3
295.48010381062824,set_1,1024,1024,3
283.17748864490136,set_1,1024,1024,3
2.1424976984658852,set_1,1024,1024,3
327.18860880533856,set_1,1024,1024,3
1216.757786607928,set_1,1024,1024,3
115.09569262184696,set_1,1024,1024,3
221.48300264371196,set_1,1024,1024,3
216.94976641734732,set_1,1024,1024,3
497.432245250714,set_1,1024,1024,3
4.117588991587776,set_1,1024,1024,3
1125.7798552541215,set_1,1024,1024,3
26.46473757425944,set_1,1024,1024,3
166.27767242854964,set_1,1024,1024,3
52.50739415486654,set_1,1024,1024,3
75.85221735636394,set_1,1024,1024,3
6.705726194018311,set_1,1024,1024,3
466.0209248860677,set_1,1024,1024,3
381.79593179680256,set_1,1024,1024,3
456.3562596638997,set_1,1024,1024,3
135.80541292826334,set_1,1024,1024,3
352.61195769159514,set_1,1024,1024,3
102.89378356933594,set_1,1024,1024,3
2.2737239164997782,set_1,1024,1024,3
1.7109473543717588,set_1,1024,1024,3
261.4698577240388,set_1,1024,1024,3
212.49099032084146,set_1,1024,1024,3
2.283047358180435,set_1,1024,1024,3
166.32468350728354,set_1,1024,1024,3
157.55382347106934,set_1,1024,1024,3
2.1582393645912816,set_1,1024,1024,3
3.723944978396806,set_1,1024,1024,3
192.04541108455865,set_1,1024,1024,3
12.712820053100586,set_1,1024,1024,3
380.0517457326253,set_1,1024,1024,3
230.59621810913086,set_1,1024,1024,3
9.710318541006265,set_1,1024,1024,3
18.617643356323242,set_1,1024,1024,3
221.97712039932256,set_1,1024,1024,3
336.53150431315106,set_1,1024,1024,3
1542.687630537421,set_1,1024,1024,3
356.6214516957601,set_1,1024,1024,3
454.76337877909344,set_1,1024,1024,3
293.71836388790155,set_1,1024,1024,3
157.85870677601258,set_1,1024,1024,3
12.073211657843695,set_1,1024,1024,3
318.8605422973633,set_1,1024,1024,3
132.26754664333396,set_1,1024,1024,3
2.1523265741509268,set_1,1024,1024,3
318.8725229834915,set_1,1024,1024,3
82.76772847074605,set_1,1024,1024,3
155.21032651265463,set_1,1024,1024,3
395.71988169352215,set_1,1024,1024,3
109.55531784148924,set_1,1024,1024,3
40.256059646606445,set_1,1024,1024,3
65.84233856201172,set_1,1024,1024,3
349.50597826639813,set_1,1024,1024,3
226.29483032226562,set_1,1024,1024,3
324.35880081227464,set_1,1024,1024,3
481.5679308573405,set_1,1024,1024,3
72.64830271402995,set_1,1024,1024,3
587.1245663960775,set_1,1024,1024,3
505.1489175160726,set_1,1024,1024,3
326.72779210408527,set_1,1024,1024,3
132.0429490407308,set_1,1024,1024,3
413.7462164560954,set_1,1024,1024,3
92.27752494812012,set_1,1024,1024,3
1190.0242335001628,set_1,1024,1024,3
125.10537048859688,set_1,1024,1024,3
1149.1420968373616,set_1,1024,1024,3
795.0436382293701,set_1,1024,1024,3
32.67181396484375,set_1,1024,1024,3
205.661715506217,set_1,1024,1024,3
492.17098299662274,set_1,1024,1024,3
192.26442113620746,set_1,1024,1024,3
1.7192522682206706,set_1,1024,1024,3
153.05578994750977,set_1,1024,1024,3
161.6615688399315,set_1,1024,1024,3
147.41010729471842,set_1,1024,1024,3
179.2504076868104,set_1,1024,1024,3
377.47104771931964,set_1,1024,1024,3
32.23483085632324,set_1,1024,1024,3
8.343517580610401,set_1,1024,1024,3
1014.2767264048258,set_1,1024,1024,3
217.07290521794687,set_1,1024,1024,3
371.6324462890625,set_1,1024,1024,3
72.31660175180376,set_1,1024,1024,3
97.02533276875813,set_1,1024,1024,3
269.5038407643636,set_1,1024,1024,3
770.0574151989932,set_1,1024,1024,3
450.8397858937581,set_1,1024,1024,3
151.54505092765055,set_1,1024,1024,3
114.75417836507161,set_1,1024,1024,3
468.8491334449268,set_1,1024,1024,3
814.8836523691813,set_1,1024,1024,3
1.5301720301284956,set_1,1024,1024,3
141.2133782455917,set_1,1024,1024,3
127.54364267985027,set_1,1024,1024,3
30.34772554980979,set_1,1024,1024,3
60.314099615127596,set_1,1024,1024,3
136.43311564127603,set_1,1024,1024,3
114.51493227805389,set_1,1024,1024,3
139.83704694112143,set_1,1024,1024,3
346.2067813873291,set_1,1024,1024,3
243.84178924560547,set_1,1024,1024,3
28.02155303955078,set_1,1024,1024,3
1.7155555083929592,set_1,1024,1024,3
638.3130976359049,set_1,1024,1024,3
171.72702531980713,set_1,1024,1024,3
103.16216468811035,set_1,1024,1024,3
70.9559329288129,set_1,1024,1024,3
391.8731829325358,set_1,1024,1024,3
688.8059584205079,set_1,1024,1024,3
312.6912047068278,set_1,1024,1024,3
238.7688655598605,set_1,1024,1024,3
66.32663788171583,set_1,1024,1024,3
47.03402201334635,set_1,1024,1024,3
49.118325190104315,set_1,1024,1024,3
80.02216529846191,set_1,1024,1024,3
67.04474639892578,set_1,1024,1024,3
62.38965606689453,set_1,1024,1024,3
186.3599856690781,set_1,1024,1024,3
248.32723460222283,set_1,1024,1024,3
824.7928797403971,set_1,1024,1024,3
330.2434736887614,set_1,1024,1024,3
16.597909927368164,set_1,1024,1024,3
125.68697865804036,set_1,1024,1024,3
2.1577393170606833,set_1,1024,1024,3
294.1651961008708,set_1,1024,1024,3
658.017210485254,set_1,1024,1024,3
431.2562637295627,set_1,1024,1024,3
1160.5372282250028,set_1,1024,1024,3
489.53906377156574,set_1,1024,1024,3
165.88282585144043,set_1,1024,1024,3
80.18138343152751,set_1,1024,1024,3
63.856106440226235,set_1,1024,1024,3
148.61896731378252,set_1,1024,1024,3
789.0725765228271,set_1,1024,1024,3
8.099805831889388,set_1,1024,1024,3
6.18862692488771,set_1,1024,1024,3
144.40135701497397,set_1,1024,1024,3
144.3073176825358,set_1,1024,1024,3
88.30820083618164,set_1,1024,1024,3
450.50895983904144,set_1,1024,1024,3
31.525870005289715,set_1,1024,1024,3
338.36876294609976,set_1,1024,1024,3
321.8051300048828,set_1,1024,1024,3
224.90506607837162,set_1,1024,1024,3
43.00693003336588,set_1,1024,1024,3
360.47440973917645,set_1,1024,1024,3
108.83543268839519,set_1,1024,1024,3
163.0151624549325,set_1,1024,1024,3
401.4683043162028,set_1,1024,1024,3
425.0107905069987,set_1,1024,1024,3
159.2374703049376,set_1,1024,1024,3
30.29244517063236,set_1,1024,1024,3
941.8742601883278,set_1,1024,1024,3
205.05598131815592,set_1,1024,1024,3
121.4643948872884,set_1,1024,1024,3
2.417408595158728,set_1,1024,1024,3
32.126547495524086,set_1,1024,1024,3
26.591615585293415,set_1,1024,1024,3
92.52786827087402,set_1,1024,1024,3
5.807669321695964,set_1,1024,1024,3
49.68464469909668,set_1,1024,1024,3
113.85317357381184,set_1,1024,1024,3
443.15757014213426,set_1,1024,1024,3
108.37970467629549,set_1,1024,1024,3
791.5227139790853,set_1,1024,1024,3
45.55807622273763,set_1,1024,1024,3
292.04308764139813,set_1,1024,1024,3
40.36671859100522,set_1,1024,1024,3
238.47966702779135,set_1,1024,1024,3
2.188291849148809,set_1,1024,1024,3
269.7465229034424,set_1,1024,1024,3
122.17674128214519,set_1,1024,1024,3
88.36583582560222,set_1,1024,1024,3
271.3211587177922,set_1,1024,1024,3
169.0763219152174,set_1,1024,1024,3
385.4281648000081,set_1,1024,1024,3
234.6123721897003,set_1,1024,1024,3
82.68859227498372,set_1,1024,1024,3
369.67033704121906,set_1,1024,1024,3
70.49768575032552,set_1,1024,1024,3
136.16332308451334,set_1,1024,1024,3
179.33921432495117,set_1,1024,1024,3
63.96426773071289,set_1,1024,1024,3
388.1599283384658,set_1,1024,1024,3
131.45498911539713,set_1,1024,1024,3
159.00427309672037,set_1,1024,1024,3
58.366183598836265,set_1,1024,1024,3
191.91721087616506,set_1,1024,1024,3
33.920175547206746,set_1,1024,1024,3
107.88634872436523,set_1,1024,1024,3
219.76112683614096,set_1,1024,1024,3
162.64066293625964,set_1,1024,1024,3
702.790047590381,set_1,1024,1024,3
406.6298445922633,set_1,1024,1024,3
299.24771817525226,set_1,1024,1024,3
246.19250297546387,set_1,1024,1024,3
84.67520713806152,set_1,1024,1024,3
129.8827749888102,set_1,1024,1024,3
41.17338180541992,set_1,1024,1024,3
828.7547416661141,set_1,1024,1024,3
292.3542709350586,set_1,1024,1024,3
242.648193359375,set_1,1024,1024,3
380.7026023864746,set_1,1024,1024,3
87.37662506103516,set_1,1024,1024,3
68.46402041117351,set_1,1024,1024,3
37.9742317199707,set_1,1024,1024,3
69.06048583984375,set_1,1024,1024,3
371.0075117668876,set_1,1024,1024,3
268.6642538706462,set_1,1024,1024,3
46.85807036616825,set_1,1024,1024,3
63.76490847269694,set_1,1024,1024,3
147.0248622894287,set_1,1024,1024,3
233.19289525349936,set_1,1024,1024,3
155.74383417753594,set_1,1024,1024,3
180.75260499739716,set_1,1024,1024,3
39.684129079182945,set_1,1024,1024,3
220.98502253314527,set_1,1024,1024,3
166.1693305900928,set_1,1024,1024,3
62.73770395914713,set_1,1024,1024,3
1.8775383359185678,set_1,1024,1024,3
428.67497062683105,set_1,1024,1024,3
29.21593060569391,set_1,1024,1024,3
807.6481882731119,set_1,1024,1024,3
127.69613384852669,set_1,1024,1024,3
81.86922264099121,set_1,1024,1024,3
357.29346084594727,set_1,1024,1024,3
42.06661450697322,set_1,1024,1024,3
66.52468744913737,set_1,1024,1024,3
164.0316090851918,set_1,1024,1024,3
257.8500928129635,set_1,1024,1024,3
334.2695153550393,set_1,1024,1024,3
109.73635863820608,set_1,1024,1024,3
64.05206616719563,set_1,1024,1024,3
481.67492267593565,set_1,1024,1024,3
139.15677960713705,set_1,1024,1024,3
3.907572110464766,set_1,1024,1024,3
16.11962985345588,set_1,1024,1024,3
65.81225204467773,set_1,1024,1024,3
250.98662567138672,set_1,1024,1024,3
289.449712117513,set_1,1024,1024,3
358.41726620992023,set_1,1024,1024,3
951.0534127553304,set_1,1024,1024,3
264.970739364624,set_1,1024,1024,3
74.44582430521648,set_1,1024,1024,3
75.45924441019694,set_1,1024,1024,3
120.16132164001465,set_1,1024,1024,3
504.4694654345874,set_1,1024,1024,3
366.8063220977783,set_1,1024,1024,3
2.7269512799845566,set_1,1024,1024,3
4.64635753300522,set_1,1024,1024,3
76.9251880645752,set_1,1024,1024,3
331.2295970916748,set_1,1024,1024,3
946.2454067520131,set_1,1024,1024,3
138.6744696299235,set_1,1024,1024,3
155.67877767601684,set_1,1024,1024,3
407.96174812316895,set_1,1024,1024,3
8.412500306729493,set_1,1024,1024,3
736.9892749786377,set_1,1024,1024,3
12.050119400024414,set_1,1024,1024,3
866.5899703367344,set_1,1024,1024,3
190.49122365155097,set_1,1024,1024,3
179.48180326542152,set_1,1024,1024,3
2.447565714518229,set_1,1024,1024,3
313.6246788559462,set_1,1024,1024,3
4.586081181768845,set_1,1024,1024,3
118.17370287577312,set_1,1024,1024,3
422.99650319417316,set_1,1024,1024,3
406.0588839736769,set_1,1024,1024,3
287.67034149072884,set_1,1024,1024,3
101.69770113627116,set_1,1024,1024,3
438.96310007572976,set_1,1024,1024,3
1080.8704983257246,set_1,1024,1024,3
93.87980842590332,set_1,1024,1024,3
80.50011997439957,set_1,1024,1024,3
551.3970114390055,set_1,1024,1024,3
165.0610720316569,set_1,1024,1024,3
576.3433996836344,set_1,1024,1024,3
155.20799446105957,set_1,1024,1024,3
65.3488400777181,set_1,1024,1024,3
361.75720182496735,set_1,1024,1024,3
160.56957431413647,set_1,1024,1024,3
34.417140324910484,set_1,1024,1024,3
131.32245953877768,set_1,1024,1024,3
428.82762082417804,set_1,1024,1024,3
1.8030503590109455,set_1,1024,1024,3
121.65581321716309,set_1,1024,1024,3
143.33538373311362,set_1,1024,1024,3
55.702070236206055,set_1,1024,1024,3
98.78719190136503,set_1,1024,1024,3
97.2776050555396,set_1,1024,1024,3
8.706051189703734,set_1,1024,1024,3
13.75150235493978,set_1,1024,1024,3
491.6843681335449,set_1,1024,1024,3
49.462881088256836,set_1,1024,1024,3
657.409636815389,set_1,1024,1024,3
24.50516686928539,set_1,1024,1024,3
20.56258201599121,set_1,1024,1024,3
460.45991071065265,set_1,1024,1024,3
148.01806289796733,set_1,1024,1024,3
154.667454401652,set_1,1024,1024,3
47.10392429268129,set_1,1024,1024,3
368.9279791514079,set_1,1024,1024,3
35.293935775756836,set_1,1024,1024,3
132.1691551208496,set_1,1024,1024,3
387.6812523183567,set_1,1024,1024,3
216.1712616986912,set_1,1024,1024,3
119.29515965414801,set_1,1024,1024,3
117.29792086283366,set_1,1024,1024,3
294.66665267944336,set_1,1024,1024,3
366.0399703979492,set_1,1024,1024,3
7.7042439776119584,set_1,1024,1024,3
7.8178558349609375,set_1,1024,1024,3
3.382732391299214,set_1,1024,1024,3
45.62671756383359,set_1,1024,1024,3
207.06507174112292,set_1,1024,1024,3
23.09249580918292,set_1,1024,1024,3
109.19513003031413,set_1,1024,1024,3
656.1815572555793,set_1,1024,1024,3
74.84693845113118,set_1,1024,1024,3
208.29100258997198,set_1,1024,1024,3
1.768529256159029,set_1,1024,1024,3
208.86316075223996,set_1,1024,1024,3
195.04579509920652,set_1,1024,1024,3
209.7319304148356,set_1,1024,1024,3
80.53189023335774,set_1,1024,1024,3
35.4162966410319,set_1,1024,1024,3
188.5957851409912,set_1,1024,1024,3
218.6099452972412,set_1,1024,1024,3
159.21029948811665,set_1,1024,1024,3
2.130012194315495,set_1,1024,1024,3
82.44489161173503,set_1,1024,1024,3
677.4035371144613,set_1,1024,1024,3
75.22339247135885,set_1,1024,1024,3
357.84072240193683,set_1,1024,1024,3
199.71498044079556,set_1,1024,1024,3
188.6640300538758,set_1,1024,1024,3
532.8984438578287,set_1,1024,1024,3
405.6256688435872,set_1,1024,1024,3
174.75041929793295,set_1,1024,1024,3
157.91826184590658,set_1,1024,1024,3
906.2328516389606,set_1,1024,1024,3
964.1307894727275,set_1,1024,1024,3
161.5451107024114,set_1,1024,1024,3
92.78064982096355,set_1,1024,1024,3
219.00938097635904,set_1,1024,1024,3
92.64155387878418,set_1,1024,1024,3
666.1089579264323,set_1,1024,1024,3
90.27416038513184,set_1,1024,1024,3
165.50281047614385,set_1,1024,1024,3
180.88952822301647,set_1,1024,1024,3
703.3372558892593,set_1,1024,1024,3
204.53887271422548,set_1,1024,1024,3
405.4012743631999,set_1,1024,1024,3
289.9225413000414,set_1,1024,1024,3
700.8752756115928,set_1,1024,1024,3
94.58515612284343,set_1,1024,1024,3
333.39866574605304,set_1,1024,1024,3
160.9566593170166,set_1,1024,1024,3
98.27414957682292,set_1,1024,1024,3
23.969419797244313,set_1,1024,1024,3
1142.136629238021,set_1,1024,1024,3
1156.7439708629322,set_1,1024,1024,3
95.19290288289388,set_1,1024,1024,3
99.31912676493327,set_1,1024,1024,3
525.1193059285482,set_1,1024,1024,3
549.7180512746176,set_1,1024,1024,3
76.24483680725098,set_1,1024,1024,3
14.271960576375326,set_1,1024,1024,3
115.83685111999512,set_1,1024,1024,3
130.14526240030924,set_1,1024,1024,3
225.9917615219733,set_1,1024,1024,3
1.9496536192729996,set_1,1024,1024,3
195.3885249942541,set_1,1024,1024,3
91.56595293680827,set_1,1024,1024,3
79.66759236598293,set_1,1024,1024,3
124.39814755913854,set_1,1024,1024,3
261.81665420532227,set_1,1024,1024,3
26.57289187113444,set_1,1024,1024,3
90.95987510681152,set_1,1024,1024,3
71.3446756998698,set_1,1024,1024,3
199.6187833150228,set_1,1024,1024,3
179.39953994750977,set_1,1024,1024,3
97.97975667317708,set_1,1024,1024,3
342.73675600687665,set_1,1024,1024,3
50.305047353108726,set_1,1024,1024,3
197.14098962105288,set_1,1024,1024,3
148.94411341349283,set_1,1024,1024,3
396.741912206014,set_1,1024,1024,3
6.9810568427443895,set_1,1024,1024,3
204.71738687568964,set_1,1024,1024,3
116.15058167342401,set_1,1024,1024,3
331.95276769002277,set_1,1024,1024,3
95.38150787353516,set_1,1024,1024,3
345.50844222183446,set_1,1024,1024,3
67.70772234598796,set_1,1024,1024,3
56.806016286214195,set_1,1024,1024,3
286.5225170258001,set_1,1024,1024,3
609.6272672017416,set_1,1024,1024,3
107.39559555053711,set_1,1024,1024,3
243.02618026733398,set_1,1024,1024,3
428.96034735665904,set_1,1024,1024,3
4.316258103854731,set_1,1024,1024,3
40.37385114034017,set_1,1024,1024,3
114.7836233774821,set_1,1024,1024,3
252.47548294067383,set_1,1024,1024,3
178.78448232014975,set_1,1024,1024,3
223.10761260986328,set_1,1024,1024,3
3.1637233095509285,set_1,1024,1024,3
811.8103695670007,set_1,1024,1024,3
211.54146512349448,set_1,1024,1024,3
199.7371339669172,set_1,1024,1024,3
149.15313657124838,set_1,1024,1024,3
13.343159993489584,set_1,1024,1024,3
978.2684605053474,set_1,1024,1024,3
293.4253545945962,set_1,1024,1024,3
192.36791318732423,set_1,1024,1024,3
52.465431213378906,set_1,1024,1024,3
205.75104649861655,set_1,1024,1024,3
12.617639223135386,set_1,1024,1024,3
359.8662974039714,set_1,1024,1024,3
198.38508415222168,set_1,1024,1024,3
411.68092409769696,set_1,1024,1024,3
70.12521171569824,set_1,1024,1024,3
83.71227740902957,set_1,1024,1024,3
668.9727280934652,set_1,1024,1024,3
11.98528734371454,set_1,1024,1024,3
11.087651570638021,set_1,1024,1024,3
37.84719135390905,set_1,1024,1024,3
89.78746096293132,set_1,1024,1024,3
47.4986203511556,set_1,1024,1024,3
277.0605856471472,set_1,1024,1024,3
295.00295066833496,set_1,1024,1024,3
100.20639483133952,set_1,1024,1024,3
39.3443660736084,set_1,1024,1024,3
6.2414608001672605,set_1,1024,1024,3
281.9451077779134,set_1,1024,1024,3
96.93618392944336,set_1,1024,1024,3
824.0272069431354,set_1,1024,1024,3
23.180599848429363,set_1,1024,1024,3
421.3744316101074,set_1,1024,1024,3
259.1667840633495,set_1,1024,1024,3
4.812086741129558,set_1,1024,1024,3
168.41612718782397,set_1,1024,1024,3
182.59496625264487,set_1,1024,1024,3
175.47116934815597,set_1,1024,1024,3
5.470713190732762,set_1,1024,1024,3
133.4094918568929,set_1,1024,1024,3
131.26735051472983,set_1,1024,1024,3
422.6140606791878,set_1,1024,1024,3
167.4185453834972,set_1,1024,1024,3
449.60940488179523,set_1,1024,1024,3
369.832799860842,set_1,1024,1024,3
373.80942153930664,set_1,1024,1024,3
63.47726058959961,set_1,1024,1024,3
70.60187753011009,set_1,1024,1024,3
2.2937205614110403,set_1,1024,1024,3
57.43275388081869,set_1,1024,1024,3
308.48051230108166,set_1,1024,1024,3
289.2154852549235,set_1,1024,1024,3
70.57246653238933,set_1,1024,1024,3
67.56082089742024,set_1,1024,1024,3
2.1316175437159472,set_1,1024,1024,3
86.6128158569336,set_1,1024,1024,3
114.29446474711101,set_1,1024,1024,3
173.4266452789252,set_1,1024,1024,3
2.631198208678446,set_1,1024,1024,3
846.3822275797526,set_1,1024,1024,3
60.21412785847982,set_1,1024,1024,3
123.5376427968343,set_1,1024,1024,3
20.01712417602539,set_1,1024,1024,3
46.350375493367515,set_1,1024,1024,3
616.1083253224691,set_1,1024,1024,3
443.3089027404785,set_1,1024,1024,3
204.58455401507493,set_1,1024,1024,3
153.86253929138184,set_1,1024,1024,3
509.52658716837567,set_1,1024,1024,3
69.77745564778645,set_1,1024,1024,3
2.099554996791895,set_1,1024,1024,3
70.47963460286458,set_1,1024,1024,3
451.24445321842956,set_1,1024,1024,3
124.0672978970153,set_1,1024,1024,3
72.76325225830078,set_1,1024,1024,3
644.0116925461684,set_1,1024,1024,3
174.72270584106445,set_1,1024,1024,3
166.9136415984921,set_1,1024,1024,3
340.57665061004184,set_1,1024,1024,3
42.61147306339474,set_1,1024,1024,3
109.46161842346191,set_1,1024,1024,3
658.4833698272705,set_1,1024,1024,3
70.14373016357422,set_1,1024,1024,3
338.61696528921294,set_1,1024,1024,3
227.8843139012653,set_1,1024,1024,3
50.408643086751304,set_1,1024,1024,3
124.28170776367188,set_1,1024,1024,3
436.9018080008568,set_1,1024,1024,3
162.15348625183105,set_1,1024,1024,3
588.566999821452,set_1,1024,1024,3
897.2898851914955,set_1,1024,1024,3
310.04084904988605,set_1,1024,1024,3
91.77384948730469,set_1,1024,1024,3
65.11791674746767,set_1,1024,1024,3
305.19404024282375,set_1,1024,1024,3
3.4709580674142533,set_1,1024,1024,3
452.6357593536377,set_1,1024,1024,3
227.92398897806802,set_1,1024,1024,3
27.81209437052409,set_1,1024,1024,3
77.3678092956543,set_1,1024,1024,3
2.949662526448568,set_1,1024,1024,3
185.46467685178752,set_1,1024,1024,3
1.3877786000424142,set_1,1024,1024,3
47.92317740091897,set_1,1024,1024,3
48.612521806656474,set_1,1024,1024,3
2.569422403971354,set_1,1024,1024,3
1938.667147876746,set_1,1024,1024,3
19.773637771606445,set_1,1024,1024,3
21.83796501159668,set_1,1024,1024,3
32.842624028523765,set_1,1024,1024,3
136.51222292582193,set_1,1024,1024,3
226.17423756575224,set_1,1024,1024,3
62.28270657857259,set_1,1024,1024,3
139.95284238773203,set_1,1024,1024,3
314.92941926300244,set_1,1024,1024,3
2.3740723927751133,set_1,1024,1024,3
578.0664990743002,set_1,1024,1024,3
55.766453425089516,set_1,1024,1024,3
80.90112749735515,set_1,1024,1024,3
3.8795913057877747,set_1,1024,1024,3
73.49622662862141,set_1,1024,1024,3
251.82402546843204,set_1,1024,1024,3
385.2392826028692,set_1,1024,1024,3
36.39265441894531,set_1,1024,1024,3
80.37242062886556,set_1,1024,1024,3
615.5722618103027,set_1,1024,1024,3
3.8984460830056853,set_1,1024,1024,3
83.09275630369645,set_1,1024,1024,3
479.2647596995036,set_1,1024,1024,3
127.95960545410351,set_1,1024,1024,3
205.7726027170817,set_1,1024,1024,3
2.283011432928616,set_1,1024,1024,3
2.4781185643820813,set_1,1024,1024,3
373.027942449342,set_1,1024,1024,3
144.4466711590346,set_1,1024,1024,3
92.80270894368489,set_1,1024,1024,3
77.5311673482259,set_1,1024,1024,3
4.080739630489613,set_1,1024,1024,3
367.28188641866046,set_1,1024,1024,3
50.138163248697914,set_1,1024,1024,3
142.21265157063803,set_1,1024,1024,3
206.3707075029886,set_1,1024,1024,3
14.301868117065053,set_1,1024,1024,3
146.66934458414713,set_1,1024,1024,3
363.8022867838542,set_1,1024,1024,3
67.5725965014557,set_1,1024,1024,3
270.9153003692627,set_1,1024,1024,3
114.85127385457356,set_1,1024,1024,3
86.42908541361491,set_1,1024,1024,3
453.1877358754476,set_1,1024,1024,3
940.6336549123129,set_1,1024,1024,3
41.30731518870865,set_1,1024,1024,3
315.89833132425946,set_1,1024,1024,3
117.70496621337901,set_1,1024,1024,3
191.3414338429769,set_1,1024,1024,3
83.66672261555989,set_1,1024,1024,3
3.9299739158562565,set_1,1024,1024,3
313.29538949298063,set_1,1024,1024,3
303.09804026285576,set_1,1024,1024,3
132.15858014424643,set_1,1024,1024,3
100.13144874572754,set_1,1024,1024,3
293.5770763217814,set_1,1024,1024,3
41.968771616617836,set_1,1024,1024,3
438.2616818745931,set_1,1024,1024,3
2.04749997338998,set_1,1024,1024,3
42.00364621480306,set_1,1024,1024,3
262.2284692128499,set_1,1024,1024,3
418.76729520161945,set_1,1024,1024,3
2.1759360631225113,set_1,1024,1024,3
125.50090026855469,set_1,1024,1024,3
165.8658320107587,set_1,1024,1024,3
209.70769752619205,set_1,1024,1024,3
508.3782323201497,set_1,1024,1024,3
21.82090187072754,set_1,1024,1024,3
132.2168846130371,set_1,1024,1024,3
171.53953297932944,set_1,1024,1024,3
452.6056200663249,set_1,1024,1024,3
894.0464769999186,set_1,1024,1024,3
492.48762194315594,set_1,1024,1024,3
67.90589618241417,set_1,1024,1024,3
596.1747029622396,set_1,1024,1024,3
1114.0812996851885,set_1,1024,1024,3
10.71328099568685,set_1,1024,1024,3
144.81704711914062,set_1,1024,1024,3
941.6526724497477,set_1,1024,1024,3
450.55272738138837,set_1,1024,1024,3
267.506162627745,set_1,1024,1024,3
90.11879030863444,set_1,1024,1024,3
188.4534435602355,set_1,1024,1024,3
210.02507398609217,set_1,1024,1024,3
197.1709381714386,set_1,1024,1024,3
4.0930830637613935,set_1,1024,1024,3
169.16339476441277,set_1,1024,1024,3
78.62594731648763,set_1,1024,1024,3
8.458017983803288,set_1,1024,1024,3
6.360215820364739,set_1,1024,1024,3
195.54721068352228,set_1,1024,1024,3
542.1872389879435,set_1,1024,1024,3
238.08223783647608,set_1,1024,1024,3
58.191551208496094,set_1,1024,1024,3
144.90194351061876,set_1,1024,1024,3
259.18911870320636,set_1,1024,1024,3
71.31345176696777,set_1,1024,1024,3
2.165714262780566,set_1,1024,1024,3
492.79630879496494,set_1,1024,1024,3
402.606412244531,set_1,1024,1024,3
2.434984189327224,set_1,1024,1024,3
372.60515276590985,set_1,1024,1024,3
3.177481960343558,set_1,1024,1024,3
299.6344744364421,set_1,1024,1024,3
444.5447196960449,set_1,1024,1024,3
5.459905941799964,set_1,1024,1024,3
1.411107698595212,set_1,1024,1024,3
112.47735880047533,set_1,1024,1024,3
501.296534189807,set_1,1024,1024,3
342.90486272176105,set_1,1024,1024,3
26.417989095052082,set_1,1024,1024,3
101.8151117960612,set_1,1024,1024,3
345.4976406097412,set_1,1024,1024,3
77.78362464904785,set_1,1024,1024,3
19.134801171084593,set_1,1024,1024,3
79.85763486226399,set_1,1024,1024,3
198.0144708769291,set_1,1024,1024,3
298.52868270874023,set_1,1024,1024,3
799.3408275483918,set_1,1024,1024,3
192.98748906453451,set_1,1024,1024,3
765.6326185862223,set_1,1024,1024,3
132.83573532104492,set_1,1024,1024,3
278.1338132177078,set_1,1024,1024,3
355.7369001292516,set_1,1024,1024,3
132.0342009807791,set_1,1024,1024,3
76.05261530792137,set_1,1024,1024,3
174.25975004688783,set_1,1024,1024,3
79.08170700073242,set_1,1024,1024,3
2130.6840950468936,set_1,1024,1024,3
75.49236297607422,set_1,1024,1024,3
31.223155339558918,set_1,1024,1024,3
166.9394385019938,set_1,1024,1024,3
17.926071802775066,set_1,1024,1024,3
58.17013295491537,set_1,1024,1024,3
37.91161092122396,set_1,1024,1024,3
155.9585485431524,set_1,1024,1024,3
86.84789975484212,set_1,1024,1024,3
3.708849906916432,set_1,1024,1024,3
267.4907169342041,set_1,1024,1024,3
463.26549275716144,set_1,1024,1024,3
391.0254732767741,set_1,1024,1024,3
796.4902780380322,set_1,1024,1024,3
57.09437497456869,set_1,1024,1024,3
218.01709047953287,set_1,1024,1024,3
92.2895991007487,set_1,1024,1024,3
92.91547012329102,set_1,1024,1024,3
85.88006973266602,set_1,1024,1024,3
19.477592131944977,set_1,1024,1024,3
515.9245160420736,set_1,1024,1024,3
1.8864186604672188,set_1,1024,1024,3
298.52179494276857,set_1,1024,1024,3
55.558902995141715,set_1,1024,1024,3
209.87706247965366,set_1,1024,1024,3
544.9326400756836,set_1,1024,1024,3
324.05527114868164,set_1,1024,1024,3
222.6918156941732,set_1,1024,1024,3
311.501761118571,set_1,1024,1024,3
110.4685624440511,set_1,1024,1024,3
74.01342519124348,set_1,1024,1024,3
82.20883305867513,set_1,1024,1024,3
550.8710626542157,set_1,1024,1024,3
373.020764986391,set_1,1024,1024,3
28.319962819417317,set_1,1024,1024,3
364.1131235758464,set_1,1024,1024,3
66.1741231282552,set_1,1024,1024,3
194.10879736748578,set_1,1024,1024,3
372.9963728344196,set_1,1024,1024,3
359.44065793355304,set_1,1024,1024,3
103.8926575978597,set_1,1024,1024,3
270.2025623321533,set_1,1024,1024,3
14.036945343017578,set_1,1024,1024,3
129.31416130065918,set_1,1024,1024,3
28.989199956258137,set_1,1024,1024,3
202.28775405584815,set_1,1024,1024,3
23.397023518880207,set_1,1024,1024,3
409.9160575866699,set_1,1024,1024,3
53.33322143449549,set_1,1024,1024,3
194.38579717879784,set_1,1024,1024,3
95.08654594421387,set_1,1024,1024,3
104.66343816121419,set_1,1024,1024,3
120.17787297566731,set_1,1024,1024,3
267.54958216349286,set_1,1024,1024,3
394.902700575398,set_1,1024,1024,3
74.76899719238281,set_1,1024,1024,3
150.8828639625173,set_1,1024,1024,3
55.13901547540913,set_1,1024,1024,3
87.75906562805176,set_1,1024,1024,3
157.99856503804526,set_1,1024,1024,3
149.7186164855957,set_1,1024,1024,3
887.8334808349609,set_1,1024,1024,3
23.892377853393555,set_1,1024,1024,3
106.09259986877441,set_1,1024,1024,3
174.29367764790854,set_1,1024,1024,3
213.9838113434205,set_1,1024,1024,3
537.6840792068346,set_1,1024,1024,3
346.74940045082803,set_1,1024,1024,3
123.72077860025938,set_1,1024,1024,3
352.0192750295003,set_1,1024,1024,3
69.39308817955889,set_1,1024,1024,3
375.6862684885661,set_1,1024,1024,3
2.7089083929789317,set_1,1024,1024,3
127.7722994486491,set_1,1024,1024,3
48.84459431966146,set_1,1024,1024,3
348.7888120015462,set_1,1024,1024,3
124.68505906499786,set_1,1024,1024,3
210.14260350007586,set_1,1024,1024,3
122.98242060343425,set_1,1024,1024,3
98.35753949483235,set_1,1024,1024,3
222.17805353800455,set_1,1024,1024,3
159.55067379554364,set_1,1024,1024,3
5.723134629474373,set_1,1024,1024,3
200.0792185454959,set_1,1024,1024,3
172.94997755598965,set_1,1024,1024,3
166.86988856064596,set_1,1024,1024,3
222.83044433570467,set_1,1024,1024,3
307.986364364624,set_1,1024,1024,3
602.2498111724854,set_1,1024,1024,3
65.94453938802083,set_1,1024,1024,3
257.2832864106293,set_1,1024,1024,3
322.9773562291514,set_1,1024,1024,3
105.44487444559734,set_1,1024,1024,3
529.654245957031,set_1,1024,1024,3
136.27453676859537,set_1,1024,1024,3
291.4029587232014,set_1,1024,1024,3
241.86449432373047,set_1,1024,1024,3
224.95871416518153,set_1,1024,1024,3
4.798357645553749,set_1,1024,1024,3
258.77917683167027,set_1,1024,1024,3
42.989091547410936,set_1,1024,1024,3
204.27968152364096,set_1,1024,1024,3
183.02818353163892,set_1,1024,1024,3
1700.3046887715657,set_1,1024,1024,3
140.46625900268555,set_1,1024,1024,3
157.3234109814873,set_1,1024,1024,3
3.2036447511191,set_1,1024,1024,3
2.1841468805501423,set_1,1024,1024,3
152.84714380026355,set_1,1024,1024,3
182.6292200086261,set_1,1024,1024,3
213.55016485849453,set_1,1024,1024,3
136.83002726236978,set_1,1024,1024,3
98.30460166931152,set_1,1024,1024,3
11.401802698771158,set_1,1024,1024,3
73.36520512898763,set_1,1024,1024,3
1.6202821677643442,set_1,1024,1024,3
276.76226293477936,set_1,1024,1024,3
53.299098332722984,set_1,1024,1024,3
531.7975152333578,set_1,1024,1024,3
83.99663098653157,set_1,1024,1024,3
2.1573479806987357,set_1,1024,1024,3
53.18901948020115,set_1,1024,1024,3
98.8636843363444,set_1,1024,1024,3
940.5584890602357,set_1,1024,1024,3
69.12068112691243,set_1,1024,1024,3
119.44255065702542,set_1,1024,1024,3
6.036717411091775,set_1,1024,1024,3
373.0394007364909,set_1,1024,1024,3
188.7590707143148,set_1,1024,1024,3
133.8531093597412,set_1,1024,1024,3
96.33419822683538,set_1,1024,1024,3
160.97178999556584,set_1,1024,1024,3
25.533082326253254,set_1,1024,1024,3
109.34277180600075,set_1,1024,1024,3
109.4047056833903,set_1,1024,1024,3
556.773728052775,set_1,1024,1024,3
382.56208022030756,set_1,1024,1024,3
557.922804514567,set_1,1024,1024,3
78.38599459330241,set_1,1024,1024,3
124.82909138997395,set_1,1024,1024,3
355.54358037312824,set_1,1024,1024,3
153.85367424279994,set_1,1024,1024,3
5.526938756306966,set_1,1024,1024,3
3.3225409189823645,set_1,1024,1024,3
78.48730850219727,set_1,1024,1024,3
164.63852079813162,set_1,1024,1024,3
2.1462710693634413,set_1,1024,1024,3
528.8794078826904,set_1,1024,1024,3
2.403646460021264,set_1,1024,1024,3
45.59570757548014,set_1,1024,1024,3
475.27027129655465,set_1,1024,1024,3
225.5578956604004,set_1,1024,1024,3
209.43301009234426,set_1,1024,1024,3
148.98787305027682,set_1,1024,1024,3
245.50565338134766,set_1,1024,1024,3
112.08127466837566,set_1,1024,1024,3
152.83701006331674,set_1,1024,1024,3
60.492393493652344,set_1,1024,1024,3
521.9680965651905,set_1,1024,1024,3
199.49316876732323,set_1,1024,1024,3
155.2335025387671,set_1,1024,1024,3
423.7920249283648,set_1,1024,1024,3
393.75929323832196,set_1,1024,1024,3
31.580376300019427,set_1,1024,1024,3
432.642037709554,set_1,1024,1024,3
40.33926645914713,set_1,1024,1024,3
275.2570679982503,set_1,1024,1024,3
473.73048210144043,set_1,1024,1024,3
2.949479731987291,set_1,1024,1024,3
55.157185872395836,set_1,1024,1024,3
638.2020935918923,set_1,1024,1024,3
5.905021031697591,set_1,1024,1024,3
610.8750953671798,set_1,1024,1024,3
85.52048683166504,set_1,1024,1024,3
502.7770369843866,set_1,1024,1024,3
282.8116622761715,set_1,1024,1024,3
794.5021655532377,set_1,1024,1024,3
149.03984959920248,set_1,1024,1024,3
50.03692912552876,set_1,1024,1024,3
15.54285748724899,set_1,1024,1024,3
191.9230486547497,set_1,1024,1024,3
37.90203603108724,set_1,1024,1024,3
191.54352315063116,set_1,1024,1024,3
192.8249855041504,set_1,1024,1024,3
383.15460472204364,set_1,1024,1024,3
35.3337345123291,set_1,1024,1024,3
149.63795757075255,set_1,1024,1024,3
3.7634293236938436,set_1,1024,1024,3
428.32209100340816,set_1,1024,1024,3
124.89046166909004,set_1,1024,1024,3
193.0657733275458,set_1,1024,1024,3
12.787471771240234,set_1,1024,1024,3
129.81604034289344,set_1,1024,1024,3
27.08584149678548,set_1,1024,1024,3
2.017732620060997,set_1,1024,1024,3
199.8753719329834,set_1,1024,1024,3
248.38847223917642,set_1,1024,1024,3
107.85984452966635,set_1,1024,1024,3
520.7842229207357,set_1,1024,1024,3
1.9331045146745964,set_1,1024,1024,3
305.2212498982747,set_1,1024,1024,3
33.61940701802572,set_1,1024,1024,3
111.93553797403972,set_1,1024,1024,3
61.79794692993164,set_1,1024,1024,3
149.93750635782877,set_1,1024,1024,3
443.1360600789388,set_1,1024,1024,3
748.860584894816,set_1,1024,1024,3
1198.2257951100667,set_1,1024,1024,3
2.0344699099335535,set_1,1024,1024,3
700.9959146629335,set_1,1024,1024,3
47.87875930696179,set_1,1024,1024,3
400.41566168164695,set_1,1024,1024,3
433.9465637207031,set_1,1024,1024,3
225.67441368103027,set_1,1024,1024,3
593.009816600175,set_1,1024,1024,3
1.6574112565139172,set_1,1024,1024,3
180.87327003478322,set_1,1024,1024,3
252.2441062927246,set_1,1024,1024,3
68.16004371643066,set_1,1024,1024,3
483.9549312591553,set_1,1024,1024,3
178.45574345265845,set_1,1024,1024,3
49.21252123514811,set_1,1024,1024,3
255.10329182715023,set_1,1024,1024,3
227.02117665608725,set_1,1024,1024,3
349.7775790682062,set_1,1024,1024,3
43.189460118611656,set_1,1024,1024,3
86.46485964457194,set_1,1024,1024,3
27.913252512613933,set_1,1024,1024,3
33.553087870279946,set_1,1024,1024,3
147.70355192280914,set_1,1024,1024,3
134.14211654663086,set_1,1024,1024,3
278.2020200093587,set_1,1024,1024,3
262.4780623118083,set_1,1024,1024,3
167.65877787210465,set_1,1024,1024,3
93.04270235418937,set_1,1024,1024,3
383.04279638653543,set_1,1024,1024,3
60.62275632222494,set_1,1024,1024,3
434.53185717264813,set_1,1024,1024,3
153.15616099039713,set_1,1024,1024,3
367.6925462086995,set_1,1024,1024,3
213.15986918978425,set_1,1024,1024,3
197.79552364316544,set_1,1024,1024,3
98.92013041178386,set_1,1024,1024,3
48.279778934586936,set_1,1024,1024,3
370.47304916381836,set_1,1024,1024,3
2.9591636657714844,set_1,1024,1024,3
37.07543818155924,set_1,1024,1024,3
217.42682329813638,set_1,1024,1024,3
194.08401489257812,set_1,1024,1024,3
233.34544118245444,set_1,1024,1024,3
130.980258211566,set_1,1024,1024,3
19.737422943115234,set_1,1024,1024,3
213.6493463455578,set_1,1024,1024,3
30.559593200683594,set_1,1024,1024,3
46.404418309529625,set_1,1024,1024,3
65.75584475199382,set_1,1024,1024,3
285.52683385213214,set_1,1024,1024,3
356.7536100092179,set_1,1024,1024,3
107.25666936238606,set_1,1024,1024,3
12.45729583315388,set_1,1024,1024,3
5.012444559211446,set_1,1024,1024,3
5.922405878023306,set_1,1024,1024,3
30.673030217488606,set_1,1024,1024,3
12.032122290686756,set_1,1024,1024,3
72.89797350360035,set_1,1024,1024,3
819.2182886304328,set_1,1024,1024,3
85.41298230489095,set_1,1024,1024,3
39.283880869547524,set_1,1024,1024,3
105.54787190705667,set_1,1024,1024,3
3.6181312841459228,set_1,1024,1024,3
612.8148034413656,set_1,1024,1024,3
78.98221778869629,set_1,1024,1024,3
3.8498973846435547,set_1,1024,1024,3
195.0374847606365,set_1,1024,1024,3
77.88633282979329,set_1,1024,1024,3
53.775538762410484,set_1,1024,1024,3
43.93663563866221,set_1,1024,1024,3
46.756964365641274,set_1,1024,1024,3
223.7965068144258,set_1,1024,1024,3
459.95717938741046,set_1,1024,1024,3
2.87544343027781,set_1,1024,1024,3
162.25580724080405,set_1,1024,1024,3
704.0065256754557,set_1,1024,1024,3
119.25893274943034,set_1,1024,1024,3
314.433629989624,set_1,1024,1024,3
932.5672084037901,set_1,1024,1024,3
50.322011947631836,set_1,1024,1024,3
29.502118746434608,set_1,1024,1024,3
363.4950901597202,set_1,1024,1024,3
256.9087489365066,set_1,1024,1024,3
329.29946389681726,set_1,1024,1024,3
368.1853275299072,set_1,1024,1024,3
35.135419843925426,set_1,1024,1024,3
189.36615816752115,set_1,1024,1024,3
223.13085556030273,set_1,1024,1024,3
6.563849447423519,set_1,1024,1024,3
283.9916623433431,set_1,1024,1024,3
246.35017581819557,set_1,1024,1024,3
96.65415700276692,set_1,1024,1024,3
91.54035377502441,set_1,1024,1024,3
420.650058110555,set_1,1024,1024,3
93.5496285756429,set_1,1024,1024,3
10.16383425394694,set_1,1024,1024,3
8.784343719482422,set_1,1024,1024,3
282.27219835917157,set_1,1024,1024,3
562.4431062641271,set_1,1024,1024,3
216.7514047204867,set_1,1024,1024,3
21.800668080647785,set_1,1024,1024,3
80.8119888305664,set_1,1024,1024,3
8.268084449397572,set_1,1024,1024,3
342.9777609334014,set_1,1024,1024,3
286.05856627205446,set_1,1024,1024,3
198.90821361519372,set_1,1024,1024,3
126.93613048968699,set_1,1024,1024,3
784.2024881950016,set_1,1024,1024,3
48.4742317199707,set_1,1024,1024,3
132.42651915550232,set_1,1024,1024,3
359.636723836263,set_1,1024,1024,3
34.63027572631836,set_1,1024,1024,3
547.5329481487421,set_1,1024,1024,3
138.88218339257892,set_1,1024,1024,3
207.16421761110053,set_1,1024,1024,3
120.10574116935214,set_1,1024,1024,3
357.37880833943683,set_1,1024,1024,3
186.1487588843236,set_1,1024,1024,3
68.20540682474773,set_1,1024,1024,3
163.8071486155192,set_1,1024,1024,3
195.79839007059732,set_1,1024,1024,3
391.3227678934733,set_1,1024,1024,3
7.911420184025915,set_1,1024,1024,3
438.70211029052734,set_1,1024,1024,3
289.17978795369464,set_1,1024,1024,3
52.15597042375378,set_1,1024,1024,3
178.22138468424478,set_1,1024,1024,3
177.22256363742042,set_1,1024,1024,3
337.00992584228516,set_1,1024,1024,3
45.80296961466471,set_1,1024,1024,3
33.38720258076986,set_1,1024,1024,3
258.466588973999,set_1,1024,1024,3
4.505353609691651,set_1,1024,1024,3
474.26036326090497,set_1,1024,1024,3
73.68908246358235,set_1,1024,1024,3
412.3932921032519,set_1,1024,1024,3
267.1946169535319,set_1,1024,1024,3
522.7926082611084,set_1,1024,1024,3
324.42104466756183,set_1,1024,1024,3
117.43766848246257,set_1,1024,1024,3
376.7848625127744,set_1,1024,1024,3
169.61233520201677,set_1,1024,1024,3
101.81738599141438,set_1,1024,1024,3
4.732556596939998,set_1,1024,1024,3
3.75412909171175,set_1,1024,1024,3
39.61792182922363,set_1,1024,1024,3
1.7368361115574469,set_1,1024,1024,3
3.142872810176931,set_1,1024,1024,3
190.8971201578776,set_1,1024,1024,3
8.819709138627852,set_1,1024,1024,3
2.0983352656460066,set_1,1024,1024,3
119.2975845336914,set_1,1024,1024,3
389.4481131099103,set_1,1024,1024,3
20.208091957513876,set_1,1024,1024,3
50.2114372253418,set_1,1024,1024,3
121.97635841369629,set_1,1024,1024,3
68.94284756978352,set_1,1024,1024,3
178.12983258621534,set_1,1024,1024,3
2.46058432127505,set_1,1024,1024,3
69.29340171813965,set_1,1024,1024,3
680.7618052164713,set_1,1024,1024,3
156.7227615815726,set_1,1024,1024,3
72.53490379991048,set_1,1024,1024,3
827.8202040383229,set_1,1024,1024,3
128.3225869990331,set_1,1024,1024,3
135.88801193219433,set_1,1024,1024,3
150.41193517049078,set_1,1024,1024,3
137.6021594993397,set_1,1024,1024,3
188.62818844926213,set_1,1024,1024,3
209.9318443876405,set_1,1024,1024,3
126.68699645996094,set_1,1024,1024,3
84.01122983296712,set_1,1024,1024,3
226.07112884521484,set_1,1024,1024,3
308.24153379469743,set_1,1024,1024,3
156.7629982626393,set_1,1024,1024,3
255.63077354431152,set_1,1024,1024,3
166.47697575001695,set_1,1024,1024,3
274.8416163126628,set_1,1024,1024,3
139.52210172017416,set_1,1024,1024,3
476.41064325968426,set_1,1024,1024,3
6.59283447265625,set_1,1024,1024,3
794.6592572530111,set_1,1024,1024,3
24.05857213338216,set_1,1024,1024,3
160.79467864063173,set_1,1024,1024,3
2.184523256530762,set_1,1024,1024,3
89.39354578653972,set_1,1024,1024,3
122.30257282645005,set_1,1024,1024,3
226.64894704373242,set_1,1024,1024,3
417.1913318634033,set_1,1024,1024,3
81.17420768737793,set_1,1024,1024,3
38.35925640520258,set_1,1024,1024,3
893.6479274765301,set_1,1024,1024,3
192.10750986689325,set_1,1024,1024,3
467.0559876759847,set_1,1024,1024,3
113.08454952883066,set_1,1024,1024,3
401.35255495002883,set_1,1024,1024,3
59.72365125020345,set_1,1024,1024,3
46.626443227132164,set_1,1024,1024,3
597.6650206247774,set_1,1024,1024,3
52.05362319946289,set_1,1024,1024,3
163.74660742738754,set_1,1024,1024,3
138.71235783894858,set_1,1024,1024,3
50.494194666544594,set_1,1024,1024,3
301.61282475254757,set_1,1024,1024,3
704.4092330932617,set_1,1024,1024,3
320.2343978881836,set_1,1024,1024,3
263.4518356746832,set_1,1024,1024,3
38.70368448893229,set_1,1024,1024,3
155.16301663716635,set_1,1024,1024,3
96.39333852132161,set_1,1024,1024,3
130.04275830586752,set_1,1024,1024,3
193.3297430674235,set_1,1024,1024,3
77.73312375640009,set_1,1024,1024,3
204.61696720096924,set_1,1024,1024,3
29.996673583984375,set_1,1024,1024,3
139.6702537536621,set_1,1024,1024,3
24.980127227801475,set_1,1024,1024,3
272.3371721903483,set_1,1024,1024,3
39.07357533772787,set_1,1024,1024,3
815.2670488284122,set_1,1024,1024,3
365.9700050354004,set_1,1024,1024,3
485.4301122029622,set_1,1024,1024,3
28.65680694580078,set_1,1024,1024,3
164.51106071472168,set_1,1024,1024,3
98.70592180887859,set_1,1024,1024,3
44.47715632120768,set_1,1024,1024,3
107.23238817850749,set_1,1024,1024,3
210.08177439371744,set_1,1024,1024,3
187.26731925248598,set_1,1024,1024,3
243.64907737050922,set_1,1024,1024,3
850.1410649617513,set_1,1024,1024,3
67.42470614115398,set_1,1024,1024,3
229.27405865987143,set_1,1024,1024,3
555.4193941752116,set_1,1024,1024,3
282.3977003011953,set_1,1024,1024,3
84.35616238911946,set_1,1024,1024,3
96.19076156616211,set_1,1024,1024,3
228.4324706392185,set_1,1024,1024,3
141.81346225220963,set_1,1024,1024,3
48.19916343688965,set_1,1024,1024,3
64.96571922302246,set_1,1024,1024,3
215.54279073079428,set_1,1024,1024,3
78.26877525825158,set_1,1024,1024,3
388.87182362874347,set_1,1024,1024,3
270.2276922861735,set_1,1024,1024,3
68.91997559712382,set_1,1024,1024,3
578.5854644775391,set_1,1024,1024,3
318.2938226064046,set_1,1024,1024,3
167.94549942016602,set_1,1024,1024,3
40.294609942188366,set_1,1024,1024,3
77.14571317036946,set_1,1024,1024,3
57.22214698791504,set_1,1024,1024,3
84.44836680094402,set_1,1024,1024,3
217.2240552866887,set_1,1024,1024,3
319.9892419062462,set_1,1024,1024,3
64.53405253092448,set_1,1024,1024,3
77.82377783450022,set_1,1024,1024,3
1820.9262095289196,set_1,1024,1024,3
1384.061444198666,set_1,1024,1024,3
294.4391155082845,set_1,1024,1024,3
66.4927921295166,set_1,1024,1024,3
375.98820461742685,set_1,1024,1024,3
296.0373814900716,set_1,1024,1024,3
284.86949984232587,set_1,1024,1024,3
251.93746659801923,set_1,1024,1024,3
78.04984251655794,set_1,1024,1024,3
128.3313840230306,set_1,1024,1024,3
358.00225035348234,set_1,1024,1024,3
184.29233962228884,set_1,1024,1024,3
53.821971569742495,set_1,1024,1024,3
2.1171747769755407,set_1,1024,1024,3
404.227720896403,set_1,1024,1024,3
209.3058608297698,set_1,1024,1024,3
60.66804122924805,set_1,1024,1024,3
481.38672637939453,set_1,1024,1024,3
55.39871342976888,set_1,1024,1024,3
112.67607177910241,set_1,1024,1024,3
367.2166010538737,set_1,1024,1024,3
441.50360043843585,set_1,1024,1024,3
10.848686568002059,set_1,1024,1024,3
165.4458732509122,set_1,1024,1024,3
362.3676509857178,set_1,1024,1024,3
1072.9568519592285,set_1,1024,1024,3
241.88890043687806,set_1,1024,1024,3
202.33001676946174,set_1,1024,1024,3
238.08167229531182,set_1,1024,1024,3
43.15387407938639,set_1,1024,1024,3
131.31612220969723,set_1,1024,1024,3
88.31349182128906,set_1,1024,1024,3
101.3469295501709,set_1,1024,1024,3
80.82204055786133,set_1,1024,1024,3
152.54417673746744,set_1,1024,1024,3
235.6456209818522,set_1,1024,1024,3
4.546897887328253,set_1,1024,1024,3
261.78380648295087,set_1,1024,1024,3
174.94579124450684,set_1,1024,1024,3
748.5561872264783,set_1,1024,1024,3
168.0801308715884,set_1,1024,1024,3
96.85192456604045,set_1,1024,1024,3
186.66974161634346,set_1,1024,1024,3
2.3792661021381956,set_1,1024,1024,3
81.61685689290364,set_1,1024,1024,3
199.11133910103686,set_1,1024,1024,3
685.329716302745,set_1,1024,1024,3
67.86544036865234,set_1,1024,1024,3
80.16205469767253,set_1,1024,1024,3
28.21009699503581,set_1,1024,1024,3
7.895787874529257,set_1,1024,1024,3
397.50951830546063,set_1,1024,1024,3
190.5641771952311,set_1,1024,1024,3
13.595603299830032,set_1,1024,1024,3
269.20367682140017,set_1,1024,1024,3
220.24614874513415,set_1,1024,1024,3
1037.0226961771648,set_1,1024,1024,3
516.9957605997721,set_1,1024,1024,3
75.11641257628136,set_1,1024,1024,3
126.1151974995931,set_1,1024,1024,3
301.5435447692871,set_1,1024,1024,3
2.065018971746516,set_1,1024,1024,3
101.39352162679036,set_1,1024,1024,3
78.26201184590657,set_1,1024,1024,3
333.23390007019043,set_1,1024,1024,3
106.05668131510417,set_1,1024,1024,3
197.3932024637858,set_1,1024,1024,3
29.22976811726888,set_1,1024,1024,3
1383.194949035564,set_1,1024,1024,3
199.34397473735805,set_1,1024,1024,3
90.06178983052571,set_1,1024,1024,3
490.10527184820944,set_1,1024,1024,3
161.57541211446127,set_1,1024,1024,3
114.08209800720215,set_1,1024,1024,3
121.53969256083171,set_1,1024,1024,3
44.464429528660816,set_1,1024,1024,3
108.72447204589844,set_1,1024,1024,3
675.5737965901693,set_1,1024,1024,3
426.2855923365116,set_1,1024,1024,3
1189.3356952083525,set_1,1024,1024,3
46.858912785847984,set_1,1024,1024,3
84.70075798034668,set_1,1024,1024,3
167.25440678929183,set_1,1024,1024,3
135.50420125325522,set_1,1024,1024,3
2.981067969196879,set_1,1024,1024,3
58.36127154032389,set_1,1024,1024,3
17.722625096638996,set_1,1024,1024,3
194.81173450627674,set_1,1024,1024,3
1061.0592728109852,set_1,1024,1024,3
14.284898122151693,set_1,1024,1024,3
2.1852092713715083,set_1,1024,1024,3
422.99150307678065,set_1,1024,1024,3
235.81113840190383,set_1,1024,1024,3
622.2454360122398,set_1,1024,1024,3
133.40966477659273,set_1,1024,1024,3
54.65325482686361,set_1,1024,1024,3
23.74325809465722,set_1,1024,1024,3
319.6268202463786,set_1,1024,1024,3
605.1257642110189,set_1,1024,1024,3
272.1478958129883,set_2,1024,1024,3
19.548603693644207,set_2,1024,1024,3
69.83003807067871,set_2,1024,1024,3
2.9544938371881444,set_2,1024,1024,3
178.93391227722168,set_2,1024,1024,3
108.93442946530155,set_2,1024,1024,3
166.99229049682472,set_2,1024,1024,3
364.4251212774682,set_2,1024,1024,3
95.09294827779134,set_2,1024,1024,3
82.18252817789714,set_2,1024,1024,3
352.7642625172933,set_2,1024,1024,3
429.47060203552246,set_2,1024,1024,3
299.7350025177002,set_2,1024,1024,3
388.9783582670595,set_2,1024,1024,3
186.41536121252796,set_2,1024,1024,3
275.7374617064816,set_2,1024,1024,3
183.18641090393066,set_2,1024,1024,3
82.69127655029297,set_2,1024,1024,3
61.85774102816746,set_2,1024,1024,3
104.42256863911946,set_2,1024,1024,3
62.336169550531245,set_2,1024,1024,3
63.260158536722884,set_2,1024,1024,3
434.51905759175617,set_2,1024,1024,3
2.078067460986555,set_2,1024,1024,3
210.6317456563314,set_2,1024,1024,3
70.16327316514386,set_2,1024,1024,3
993.2968888994433,set_2,1024,1024,3
171.5717579046775,set_2,1024,1024,3
137.88671825911425,set_2,1024,1024,3
441.4412733713786,set_2,1024,1024,3
105.69836171468098,set_2,1024,1024,3
110.01643053690593,set_2,1024,1024,3
60.35851160685221,set_2,1024,1024,3
59.443455378214516,set_2,1024,1024,3
91.33785247802734,set_2,1024,1024,3
34.110846837361656,set_2,1024,1024,3
274.08853975931805,set_2,1024,1024,3
69.60113779703777,set_2,1024,1024,3
537.4284031352717,set_2,1024,1024,3
183.2292079925537,set_2,1024,1024,3
40.614377634192174,set_2,1024,1024,3
103.92006174723308,set_2,1024,1024,3
112.30850823712876,set_2,1024,1024,3
110.49647458394368,set_2,1024,1024,3
13.772134780883789,set_2,1024,1024,3
246.31406058175585,set_2,1024,1024,3
157.86564954121908,set_2,1024,1024,3
224.8448168436686,set_2,1024,1024,3
39.96669387817383,set_2,1024,1024,3
62.90898132324219,set_2,1024,1024,3
47.84489377339681,set_2,1024,1024,3
1230.2353958560009,set_2,1024,1024,3
81.12023226420085,set_2,1024,1024,3
336.12424086577863,set_2,1024,1024,3
523.3912200927734,set_2,1024,1024,3
542.8881959585107,set_2,1024,1024,3
351.13800748152653,set_2,1024,1024,3
161.80558268229166,set_2,1024,1024,3
85.51215744018555,set_2,1024,1024,3
63.55961672465006,set_2,1024,1024,3
197.563446314281,set_2,1024,1024,3
1.923531211121978,set_2,1024,1024,3
53.873534520467125,set_2,1024,1024,3
122.96142387390137,set_2,1024,1024,3
268.9906762440999,set_2,1024,1024,3
62.39337412516276,set_2,1024,1024,3
60.11053339640299,set_2,1024,1024,3
518.3704247746879,set_2,1024,1024,3
212.5073095883749,set_2,1024,1024,3
123.29060935974121,set_2,1024,1024,3
230.24149322509766,set_2,1024,1024,3
163.00217819213867,set_2,1024,1024,3
145.49517432364837,set_2,1024,1024,3
385.52330589294434,set_2,1024,1024,3
205.51209321885665,set_2,1024,1024,3
161.72211803086915,set_2,1024,1024,3
198.10429159749253,set_2,1024,1024,3
12.899608612060547,set_2,1024,1024,3
164.59456507364908,set_2,1024,1024,3
479.83757137374005,set_2,1024,1024,3
206.65266131389777,set_2,1024,1024,3
39.70376459757487,set_2,1024,1024,3
122.90584832084527,set_2,1024,1024,3
191.7814734650885,set_2,1024,1024,3
30.456780115763348,set_2,1024,1024,3
313.71675218928317,set_2,1024,1024,3
65.4318421681722,set_2,1024,1024,3
179.83932876586914,set_2,1024,1024,3
60.09131685892741,set_2,1024,1024,3
354.31830406188965,set_2,1024,1024,3
331.58675384521484,set_2,1024,1024,3
260.227428754169,set_2,1024,1024,3
51.37502670288086,set_2,1024,1024,3
349.82599989510186,set_2,1024,1024,3
2.292083739870577,set_2,1024,1024,3
12.015017827057212,set_2,1024,1024,3
218.79308247969797,set_2,1024,1024,3
400.30411529541016,set_2,1024,1024,3
154.35844548543295,set_2,1024,1024,3
863.1547698318137,set_2,1024,1024,3
37.93511356804791,set_2,1024,1024,3
97.72495960546053,set_2,1024,1024,3
418.47024154663086,set_2,1024,1024,3
162.54615783691406,set_2,1024,1024,3
105.79383977254231,set_2,1024,1024,3
264.5409011510184,set_2,1024,1024,3
42.56061615205059,set_2,1024,1024,3
17.34229342142741,set_2,1024,1024,3
2.0997978792308154,set_2,1024,1024,3
147.26752281188965,set_2,1024,1024,3
60.930650075276695,set_2,1024,1024,3
184.66836674762206,set_2,1024,1024,3
338.1384401301312,set_2,1024,1024,3
57.33201154053506,set_2,1024,1024,3
377.8264636993408,set_2,1024,1024,3
158.39883041381836,set_2,1024,1024,3
285.32241661959,set_2,1024,1024,3
96.5244623819987,set_2,1024,1024,3
86.33477020263672,set_2,1024,1024,3
47.707176208496094,set_2,1024,1024,3
398.1788577109858,set_2,1024,1024,3
32.635468781652534,set_2,1024,1024,3
205.90934499103363,set_2,1024,1024,3
94.94743792215984,set_2,1024,1024,3
386.7491861979167,set_2,1024,1024,3
425.40426895847696,set_2,1024,1024,3
29.902072270711262,set_2,1024,1024,3
146.2578214009603,set_2,1024,1024,3
7.708733558618309,set_2,1024,1024,3
217.40510717928623,set_2,1024,1024,3
393.02056821187335,set_2,1024,1024,3
166.45885467529297,set_2,1024,1024,3
138.8387311299642,set_2,1024,1024,3
48.567082081378125,set_2,1024,1024,3
543.2135270186637,set_2,1024,1024,3
608.3315092722574,set_2,1024,1024,3
69.7202803293864,set_2,1024,1024,3
222.93658192952475,set_2,1024,1024,3
15.387396494547525,set_2,1024,1024,3
221.26668294270834,set_2,1024,1024,3
27.313708623250324,set_2,1024,1024,3
66.21810150146484,set_2,1024,1024,3
219.83424186706543,set_2,1024,1024,3
97.9222583770752,set_2,1024,1024,3
1.495095883287427,set_2,1024,1024,3
530.8312873840332,set_2,1024,1024,3
480.5993011743362,set_2,1024,1024,3
110.22281837463379,set_2,1024,1024,3
443.3126080830892,set_2,1024,1024,3
6.020627954817937,set_2,1024,1024,3
107.57566515604655,set_2,1024,1024,3
429.5090474916665,set_2,1024,1024,3
64.87237294514973,set_2,1024,1024,3
83.32469304402669,set_2,1024,1024,3
641.8142121632894,set_2,1024,1024,3
3.6035839580483464,set_2,1024,1024,3
24.692301432291668,set_2,1024,1024,3
78.20327568054199,set_2,1024,1024,3
435.15061060587567,set_2,1024,1024,3
89.19268544514973,set_2,1024,1024,3
3.9354654458390237,set_2,1024,1024,3
535.0904407501221,set_2,1024,1024,3
64.06085363590782,set_2,1024,1024,3
349.0274721781413,set_2,1024,1024,3
241.52591260274252,set_2,1024,1024,3
14.269186655680338,set_2,1024,1024,3
150.00705125776528,set_2,1024,1024,3
23.99877103169759,set_2,1024,1024,3
155.6328023173834,set_2,1024,1024,3
38.517107009887695,set_2,1024,1024,3
442.1050760252656,set_2,1024,1024,3
420.75053278605145,set_2,1024,1024,3
2.3387343088640287,set_2,1024,1024,3
1.7046995106202303,set_2,1024,1024,3
437.1593672434489,set_2,1024,1024,3
470.78147570292157,set_2,1024,1024,3
17.220144271782235,set_2,1024,1024,3
155.74889626753534,set_2,1024,1024,3
89.91836484273274,set_2,1024,1024,3
44.64978853861491,set_2,1024,1024,3
388.2887274424235,set_2,1024,1024,3
128.76065635681152,set_2,1024,1024,3
681.344695409139,set_2,1024,1024,3
82.1663080851237,set_2,1024,1024,3
510.1377061208089,set_2,1024,1024,3
115.08322779337566,set_2,1024,1024,3
180.01083691914877,set_2,1024,1024,3
48.34551239013672,set_2,1024,1024,3
292.7118377685547,set_2,1024,1024,3
191.3112846981426,set_2,1024,1024,3
543.7544622165601,set_2,1024,1024,3
93.44880294799805,set_2,1024,1024,3
68.3496376639533,set_2,1024,1024,3
71.57040404399959,set_2,1024,1024,3
150.07291793823242,set_2,1024,1024,3
1211.7888304291566,set_2,1024,1024,3
88.31817690531413,set_2,1024,1024,3
11.915430704752604,set_2,1024,1024,3
532.6836286527486,set_2,1024,1024,3
415.3088258107503,set_2,1024,1024,3
161.46475251461843,set_2,1024,1024,3
95.77389272054036,set_2,1024,1024,3
561.2056067784339,set_2,1024,1024,3
407.2502072652181,set_2,1024,1024,3
230.48612117498922,set_2,1024,1024,3
35.97001838684082,set_2,1024,1024,3
460.38744957038915,set_2,1024,1024,3
32.723869955551585,set_2,1024,1024,3
271.17684809366864,set_2,1024,1024,3
83.39048131306966,set_2,1024,1024,3
15.748346964518229,set_2,1024,1024,3
282.6088622400785,set_2,1024,1024,3
101.0414358774821,set_2,1024,1024,3
781.0230427231946,set_2,1024,1024,3
37.59682971688866,set_2,1024,1024,3
173.05390770572959,set_2,1024,1024,3
651.3262023077867,set_2,1024,1024,3
2.3149541163741865,set_2,1024,1024,3
78.47125848121973,set_2,1024,1024,3
225.2552549058628,set_2,1024,1024,3
394.08873061878563,set_2,1024,1024,3
120.59747695922852,set_2,1024,1024,3
109.67112159729004,set_2,1024,1024,3
37.27313486735026,set_2,1024,1024,3
62.60342215765866,set_2,1024,1024,3
181.78620652396543,set_2,1024,1024,3
213.86677106216516,set_2,1024,1024,3
6.444511731429184,set_2,1024,1024,3
280.8468583424886,set_2,1024,1024,3
305.0858141477731,set_2,1024,1024,3
107.04668097859637,set_2,1024,1024,3
192.0680643148735,set_2,1024,1024,3
158.6579958597819,set_2,1024,1024,3
529.1694983006411,set_2,1024,1024,3
155.9983202266982,set_2,1024,1024,3
296.5150680541992,set_2,1024,1024,3
117.15050888061523,set_2,1024,1024,3
508.5520432735737,set_2,1024,1024,3
83.46975898742676,set_2,1024,1024,3
267.14738337198895,set_2,1024,1024,3
345.05489617456396,set_2,1024,1024,3
15.143566759223942,set_2,1024,1024,3
49.96926244099935,set_2,1024,1024,3
64.9218635559082,set_2,1024,1024,3
44.1002336877072,set_2,1024,1024,3
161.6615688399315,set_2,1024,1024,3
1.9386644277828964,set_2,1024,1024,3
36.68266805013021,set_2,1024,1024,3
392.72904992869803,set_2,1024,1024,3
683.0510797381734,set_2,1024,1024,3
100.05342292785645,set_2,1024,1024,3
684.9327735407622,set_2,1024,1024,3
2.128737762557042,set_2,1024,1024,3
152.75312932332358,set_2,1024,1024,3
361.26940600077313,set_2,1024,1024,3
122.66076024373372,set_2,1024,1024,3
210.90695188985455,set_2,1024,1024,3
159.19301827746264,set_2,1024,1024,3
2.2228399912516275,set_2,1024,1024,3
115.38279978434245,set_2,1024,1024,3
65.91410891215007,set_2,1024,1024,3
281.36710294087726,set_2,1024,1024,3
8.938615887340875,set_2,1024,1024,3
461.8243757883708,set_2,1024,1024,3
632.5820261637369,set_2,1024,1024,3
86.11656347899508,set_2,1024,1024,3
119.44301795959473,set_2,1024,1024,3
2.700414657431091,set_2,1024,1024,3
131.2361545562744,set_2,1024,1024,3
97.30195395088708,set_2,1024,1024,3
17.029489517211914,set_2,1024,1024,3
206.94401677449545,set_2,1024,1024,3
139.3073155085156,set_2,1024,1024,3
196.58437983194986,set_2,1024,1024,3
93.72243881225586,set_2,1024,1024,3
310.3824234008789,set_2,1024,1024,3
36.63100624084473,set_2,1024,1024,3
579.1200450225327,set_2,1024,1024,3
103.91525999328535,set_2,1024,1024,3
73.02705764770508,set_2,1024,1024,3
90.7624626159668,set_2,1024,1024,3
161.76161511702716,set_2,1024,1024,3
39.8697395324707,set_2,1024,1024,3
1318.7996419373187,set_2,1024,1024,3
39.64750607808431,set_2,1024,1024,3
23.412483065906475,set_2,1024,1024,3
424.97520383199054,set_2,1024,1024,3
16.22697334090226,set_2,1024,1024,3
116.15023104349773,set_2,1024,1024,3
212.08662605285645,set_2,1024,1024,3
380.5489099665076,set_2,1024,1024,3
20.357121149698894,set_2,1024,1024,3
306.61899344060396,set_2,1024,1024,3
30.791235522926097,set_2,1024,1024,3
54.667999267578125,set_2,1024,1024,3
20.895469029744465,set_2,1024,1024,3
1.653848329726217,set_2,1024,1024,3
168.79999256005007,set_2,1024,1024,3
133.36719792028524,set_2,1024,1024,3
130.95786921183267,set_2,1024,1024,3
214.63302442323527,set_2,1024,1024,3
21.36128044128418,set_2,1024,1024,3
46.60017395019531,set_2,1024,1024,3
11.991406915828124,set_2,1024,1024,3
46.759010314941406,set_2,1024,1024,3
145.0836257932242,set_2,1024,1024,3
510.9260737101237,set_2,1024,1024,3
212.42009669536978,set_2,1024,1024,3
118.96941884358723,set_2,1024,1024,3
3.5332704895986793,set_2,1024,1024,3
99.3479830423991,set_2,1024,1024,3
1.831300412646571,set_2,1024,1024,3
456.3027674786952,set_2,1024,1024,3
158.55910936991373,set_2,1024,1024,3
58.687272065163704,set_2,1024,1024,3
38.19615491231283,set_2,1024,1024,3
188.84447129399305,set_2,1024,1024,3
136.75811958312988,set_2,1024,1024,3
76.40362294514973,set_2,1024,1024,3
327.10646560774916,set_2,1024,1024,3
30.376423517862957,set_2,1024,1024,3
190.88670349121094,set_2,1024,1024,3
29.797521174101792,set_2,1024,1024,3
52.62563037784861,set_2,1024,1024,3
927.8320391570505,set_2,1024,1024,3
554.9506781770002,set_2,1024,1024,3
181.31559308369955,set_2,1024,1024,3
491.2895371064717,set_2,1024,1024,3
327.9181709289551,set_2,1024,1024,3
174.92637825012207,set_2,1024,1024,3
12.281412683576091,set_2,1024,1024,3
91.18467839558919,set_2,1024,1024,3
20.842424392700195,set_2,1024,1024,3
75.1296984354655,set_2,1024,1024,3
441.1077315012614,set_2,1024,1024,3
50.19057591756185,set_2,1024,1024,3
113.0386936878682,set_2,1024,1024,3
416.9863618214925,set_2,1024,1024,3
123.47259900625795,set_2,1024,1024,3
1.4187498083143086,set_2,1024,1024,3
226.87306212224328,set_2,1024,1024,3
117.67850303649902,set_2,1024,1024,3
105.85448582967122,set_2,1024,1024,3
28.505959192911785,set_2,1024,1024,3
5.346924462252184,set_2,1024,1024,3
39.173959732055664,set_2,1024,1024,3
2.1774619406536053,set_2,1024,1024,3
44.17671457926432,set_2,1024,1024,3
80.24867692482682,set_2,1024,1024,3
2.728372572673834,set_2,1024,1024,3
550.3270778656006,set_2,1024,1024,3
253.64589688533374,set_2,1024,1024,3
25.109059015909832,set_2,1024,1024,3
124.28448804219563,set_2,1024,1024,3
19.222515106201172,set_2,1024,1024,3
86.17256863911946,set_2,1024,1024,3
577.4201984405518,set_2,1024,1024,3
5.696583747851554,set_2,1024,1024,3
115.87520269643032,set_2,1024,1024,3
45.85247039794922,set_2,1024,1024,3
69.58739598592122,set_2,1024,1024,3
2213.534984490269,set_2,1024,1024,3
136.04499841399544,set_2,1024,1024,3
6.010453542073567,set_2,1024,1024,3
2.013273543267436,set_2,1024,1024,3
405.6330115000407,set_2,1024,1024,3
235.20214070583384,set_2,1024,1024,3
37.84751955668131,set_2,1024,1024,3
168.3593209584554,set_2,1024,1024,3
196.94916184175557,set_2,1024,1024,3
181.98987325032553,set_2,1024,1024,3
206.67556246594995,set_2,1024,1024,3
191.62751579191536,set_2,1024,1024,3
145.00649770100912,set_2,1024,1024,3
169.2761958232763,set_2,1024,1024,3
124.64717957739485,set_2,1024,1024,3
195.5932528177897,set_2,1024,1024,3
494.77916145324707,set_2,1024,1024,3
19.748202006022137,set_2,1024,1024,3
275.300048828125,set_2,1024,1024,3
376.6268775333861,set_2,1024,1024,3
17.44911003112793,set_2,1024,1024,3
67.50843175252278,set_2,1024,1024,3
15.316310246785482,set_2,1024,1024,3
143.9990853659472,set_2,1024,1024,3
243.09844144185385,set_2,1024,1024,3
103.07137807210286,set_2,1024,1024,3
87.57814598083496,set_2,1024,1024,3
237.18514458919503,set_2,1024,1024,3
110.88882573445638,set_2,1024,1024,3
5.460511205089652,set_2,1024,1024,3
210.40241368611655,set_2,1024,1024,3
38.46103096008301,set_2,1024,1024,3
197.10898362426553,set_2,1024,1024,3
2.3662366843409472,set_2,1024,1024,3
189.9576473236084,set_2,1024,1024,3
298.47095743815106,set_2,1024,1024,3
255.77391207339804,set_2,1024,1024,3
1033.5237882313995,set_2,1024,1024,3
134.20089530804054,set_2,1024,1024,3
67.44996897379558,set_2,1024,1024,3
93.28291320800781,set_2,1024,1024,3
30.20674987584046,set_2,1024,1024,3
98.1656322479248,set_2,1024,1024,3
238.83577473952514,set_2,1024,1024,3
525.3238588968912,set_2,1024,1024,3
5.028359398323312,set_2,1024,1024,3
502.8739465077718,set_2,1024,1024,3
82.4043509165446,set_2,1024,1024,3
1.7014201406821787,set_2,1024,1024,3
132.29583833509724,set_2,1024,1024,3
910.6944391582186,set_2,1024,1024,3
34.37663205464681,set_2,1024,1024,3
281.6168291186958,set_2,1024,1024,3
19.785778045654297,set_2,1024,1024,3
470.4680290222168,set_2,1024,1024,3
430.57496452331543,set_2,1024,1024,3
153.253080368042,set_2,1024,1024,3
58.08485349019369,set_2,1024,1024,3
65.07191212972005,set_2,1024,1024,3
255.60691706339517,set_2,1024,1024,3
45.02179272969564,set_2,1024,1024,3
28.56158955891927,set_2,1024,1024,3
527.5839621225992,set_2,1024,1024,3
192.78119023640951,set_2,1024,1024,3
112.21046193440755,set_2,1024,1024,3
391.3817723473896,set_2,1024,1024,3
209.85044733659984,set_2,1024,1024,3
521.5786412556967,set_2,1024,1024,3
8.996196746826172,set_2,1024,1024,3
2.1689507158176276,set_2,1024,1024,3
445.6016267140706,set_2,1024,1024,3
270.5681158701579,set_2,1024,1024,3
484.9261932373047,set_2,1024,1024,3
25.090749740600586,set_2,1024,1024,3
71.53221066792806,set_2,1024,1024,3
33.13827133178711,set_2,1024,1024,3
25.07300282598726,set_2,1024,1024,3
2.0897677715805307,set_2,1024,1024,3
172.89387064234015,set_2,1024,1024,3
232.3876132965088,set_2,1024,1024,3
2.1020911455965083,set_2,1024,1024,3
210.45032405758124,set_2,1024,1024,3
370.17044003804523,set_2,1024,1024,3
674.464424125149,set_2,1024,1024,3
157.8673597969457,set_2,1024,1024,3
10.786295572916666,set_2,1024,1024,3
2.8183005648791855,set_2,1024,1024,3
168.79683158577117,set_2,1024,1024,3
22.147156996661796,set_2,1024,1024,3
159.5451119740804,set_2,1024,1024,3
2.1058750146439706,set_2,1024,1024,3
424.92332458496094,set_2,1024,1024,3
30.01754379272461,set_2,1024,1024,3
1089.722988392555,set_2,1024,1024,3
464.9270477294922,set_2,1024,1024,3
310.8925310770671,set_2,1024,1024,3
215.5369695014069,set_2,1024,1024,3
382.58499844868976,set_2,1024,1024,3
1.2649723688396564,set_2,1024,1024,3
247.89254506429037,set_2,1024,1024,3
5.328687032063802,set_2,1024,1024,3
293.27221934000653,set_2,1024,1024,3
207.43094570422383,set_2,1024,1024,3
274.00721168518066,set_2,1024,1024,3
157.68827563942315,set_2,1024,1024,3
10.192725810894045,set_2,1024,1024,3
453.8745714823405,set_2,1024,1024,3
101.35878435770671,set_2,1024,1024,3
114.65313591897188,set_2,1024,1024,3
147.5104134877523,set_2,1024,1024,3
160.10411165631209,set_2,1024,1024,3
407.50375811258954,set_2,1024,1024,3
2.24430211374743,set_2,1024,1024,3
273.9494571685791,set_2,1024,1024,3
310.4433695404628,set_2,1024,1024,3
613.4065953561122,set_2,1024,1024,3
161.80281003303148,set_2,1024,1024,3
20.015409469604492,set_2,1024,1024,3
396.2541344284343,set_2,1024,1024,3
356.89653989224297,set_2,1024,1024,3
84.59696388244629,set_2,1024,1024,3
450.60215759277344,set_2,1024,1024,3
238.2747657497724,set_2,1024,1024,3
446.22848796745353,set_2,1024,1024,3
992.3454804711099,set_2,1024,1024,3
789.3343130747477,set_2,1024,1024,3
430.10938453674316,set_2,1024,1024,3
282.9979769388835,set_2,1024,1024,3
330.35244310285856,set_2,1024,1024,3
396.45841717662717,set_2,1024,1024,3
6.275406835396907,set_2,1024,1024,3
126.85702005496812,set_2,1024,1024,3
699.1497071086046,set_2,1024,1024,3
115.84640693664551,set_2,1024,1024,3
1220.526336034139,set_2,1024,1024,3
173.14947859069832,set_2,1024,1024,3
1170.052809628073,set_2,1024,1024,3
20.512347785683076,set_2,1024,1024,3
128.88242975870767,set_2,1024,1024,3
186.4731305440267,set_2,1024,1024,3
66.75453121830738,set_2,1024,1024,3
459.61071077982587,set_2,1024,1024,3
149.77599207394667,set_2,1024,1024,3
2.3858734731304403,set_2,1024,1024,3
279.2426163097795,set_2,1024,1024,3
31.40157794440758,set_2,1024,1024,3
159.2374703049376,set_2,1024,1024,3
32.077819188435875,set_2,1024,1024,3
163.92257372538248,set_2,1024,1024,3
15.442516962687174,set_2,1024,1024,3
132.4067408243815,set_2,1024,1024,3
63.6308479309082,set_2,1024,1024,3
664.6378249364199,set_2,1024,1024,3
166.63818454688558,set_2,1024,1024,3
63.18356959025065,set_2,1024,1024,3
74.66628837585449,set_2,1024,1024,3
370.96362844918855,set_2,1024,1024,3
287.12310123417234,set_2,1024,1024,3
314.1731118335528,set_2,1024,1024,3
29.018238067626953,set_2,1024,1024,3
52.14686838785807,set_2,1024,1024,3
140.24906730651855,set_2,1024,1024,3
187.79216059899716,set_2,1024,1024,3
160.3530756632487,set_2,1024,1024,3
59.653934478759766,set_2,1024,1024,3
500.3779716491699,set_2,1024,1024,3
704.3459205627441,set_2,1024,1024,3
128.61360359191895,set_2,1024,1024,3
388.3963559468587,set_2,1024,1024,3
27.910589853922527,set_2,1024,1024,3
48.42500750223795,set_2,1024,1024,3
2.1261663414454444,set_2,1024,1024,3
304.84496053059894,set_2,1024,1024,3
104.94065274824516,set_2,1024,1024,3
453.19459597269696,set_2,1024,1024,3
468.66408665974933,set_2,1024,1024,3
3.083205127411834,set_2,1024,1024,3
105.46581268310547,set_2,1024,1024,3
151.43452962239584,set_2,1024,1024,3
496.41811498006183,set_2,1024,1024,3
164.60503546228645,set_2,1024,1024,3
29.344096501668293,set_2,1024,1024,3
6.118449528598088,set_2,1024,1024,3
1.8904873481603015,set_2,1024,1024,3
257.97331713482504,set_2,1024,1024,3
126.57236218815767,set_2,1024,1024,3
38.72174898783366,set_2,1024,1024,3
338.8520285288493,set_2,1024,1024,3
77.12012227376302,set_2,1024,1024,3
312.80941500002257,set_2,1024,1024,3
94.16827201843262,set_2,1024,1024,3
3.6990623474121094,set_2,1024,1024,3
39.796106973920054,set_2,1024,1024,3
103.27453422546387,set_2,1024,1024,3
243.31824385476082,set_2,1024,1024,3
10.030702590942383,set_2,1024,1024,3
99.71663602193196,set_2,1024,1024,3
58.507778803507485,set_2,1024,1024,3
407.67329025268555,set_2,1024,1024,3
675.8137124379476,set_2,1024,1024,3
30.363430658976238,set_2,1024,1024,3
15.264825831099365,set_2,1024,1024,3
107.98459688822429,set_2,1024,1024,3
104.43270103679346,set_2,1024,1024,3
786.1545549874754,set_2,1024,1024,3
190.00939619948903,set_2,1024,1024,3
142.0308326291263,set_2,1024,1024,3
4.6061960856119795,set_2,1024,1024,3
612.6559167914038,set_2,1024,1024,3
57.90230814615885,set_2,1024,1024,3
629.6961502181842,set_2,1024,1024,3
461.65279897054035,set_2,1024,1024,3
177.82447171660195,set_2,1024,1024,3
89.46800804138184,set_2,1024,1024,3
35.54912503560384,set_2,1024,1024,3
37.00566609700521,set_2,1024,1024,3
195.56863848368326,set_2,1024,1024,3
109.11972045898438,set_2,1024,1024,3
190.53318117341962,set_2,1024,1024,3
74.24388249715169,set_2,1024,1024,3
39.95031420389811,set_2,1024,1024,3
13.20523198445638,set_2,1024,1024,3
221.0672162371325,set_2,1024,1024,3
179.56546039048894,set_2,1024,1024,3
30.17511240641276,set_2,1024,1024,3
1154.914138418077,set_2,1024,1024,3
67.86105410257976,set_2,1024,1024,3
79.81759707132976,set_2,1024,1024,3
54.84762791943984,set_2,1024,1024,3
47.680426915486656,set_2,1024,1024,3
262.9428205461243,set_2,1024,1024,3
206.05908678586187,set_2,1024,1024,3
174.73732407800298,set_2,1024,1024,3
66.14832878112793,set_2,1024,1024,3
120.09197680155437,set_2,1024,1024,3
57.781132859060925,set_2,1024,1024,3
133.73444779036055,set_2,1024,1024,3
49.98321024576823,set_2,1024,1024,3
82.56019833183221,set_2,1024,1024,3
459.3204536437988,set_2,1024,1024,3
6.040102005004883,set_2,1024,1024,3
191.7367224125135,set_2,1024,1024,3
133.8828214009603,set_2,1024,1024,3
142.01664771724123,set_2,1024,1024,3
77.6854378318699,set_2,1024,1024,3
154.13075319873556,set_2,1024,1024,3
71.40742301940918,set_2,1024,1024,3
109.8260949452718,set_2,1024,1024,3
38.19272994995117,set_2,1024,1024,3
353.6637086014834,set_2,1024,1024,3
152.50263118434373,set_2,1024,1024,3
556.4283072870941,set_2,1024,1024,3
141.17946074535803,set_2,1024,1024,3
84.85009762700007,set_2,1024,1024,3
354.1368891398112,set_2,1024,1024,3
513.849853515625,set_2,1024,1024,3
40.251651763916016,set_2,1024,1024,3
73.76262664794922,set_2,1024,1024,3
630.260554631545,set_2,1024,1024,3
55.8084348042806,set_2,1024,1024,3
40.332218134510185,set_2,1024,1024,3
170.8398551940918,set_2,1024,1024,3
12.25509761782046,set_2,1024,1024,3
163.07080871825204,set_2,1024,1024,3
2.231081904369603,set_2,1024,1024,3
442.37965202331543,set_2,1024,1024,3
111.74459393819173,set_2,1024,1024,3
1.9683570857414452,set_2,1024,1024,3
157.08198623012962,set_2,1024,1024,3
3.0624691645295266,set_2,1024,1024,3
67.5234982091714,set_2,1024,1024,3
288.17238934834796,set_2,1024,1024,3
125.70486068083845,set_2,1024,1024,3
646.0599511464437,set_2,1024,1024,3
4.632184951730669,set_2,1024,1024,3
401.7363813773768,set_2,1024,1024,3
182.47048059807253,set_2,1024,1024,3
199.8633124004414,set_2,1024,1024,3
578.4790725708008,set_2,1024,1024,3
266.357811609904,set_2,1024,1024,3
184.08880297342935,set_2,1024,1024,3
122.5676030986747,set_2,1024,1024,3
414.301228205363,set_2,1024,1024,3
138.73273099508103,set_2,1024,1024,3
814.8236222708284,set_2,1024,1024,3
103.60383542378743,set_2,1024,1024,3
146.54750696818033,set_2,1024,1024,3
3.87190628051394,set_2,1024,1024,3
238.87348620096842,set_2,1024,1024,3
37.47213935852051,set_2,1024,1024,3
126.47285015468272,set_2,1024,1024,3
45.20092582702637,set_2,1024,1024,3
8.748810450236002,set_2,1024,1024,3
76.50626055399577,set_2,1024,1024,3
476.75735155741376,set_2,1024,1024,3
8.908271435642442,set_2,1024,1024,3
20.980010350545246,set_2,1024,1024,3
71.53087997436523,set_2,1024,1024,3
198.11162122056575,set_2,1024,1024,3
329.1075611114502,set_2,1024,1024,3
281.4844856262207,set_2,1024,1024,3
17.064717284461825,set_2,1024,1024,3
211.65688673507236,set_2,1024,1024,3
66.1227248489059,set_2,1024,1024,3
130.72952461242676,set_2,1024,1024,3
93.3996976216634,set_2,1024,1024,3
344.0871534197758,set_2,1024,1024,3
156.8989327738071,set_2,1024,1024,3
307.99210291778746,set_2,1024,1024,3
211.39622688293457,set_2,1024,1024,3
55.218193060838225,set_2,1024,1024,3
708.3443597754208,set_2,1024,1024,3
1807.4313334270364,set_2,1024,1024,3
7.720811208089192,set_2,1024,1024,3
284.22185707092285,set_2,1024,1024,3
523.544355392456,set_2,1024,1024,3
72.07471466064453,set_2,1024,1024,3
595.0450948079427,set_2,1024,1024,3
105.63243850786709,set_2,1024,1024,3
76.89714368184407,set_2,1024,1024,3
48.131171544392906,set_2,1024,1024,3
198.12514050801596,set_2,1024,1024,3
42.454583485921226,set_2,1024,1024,3
194.5935817976697,set_2,1024,1024,3
121.51636568705241,set_2,1024,1024,3
265.7005971272786,set_2,1024,1024,3
187.56246757507324,set_2,1024,1024,3
382.33504994710285,set_2,1024,1024,3
105.02278645833333,set_2,1024,1024,3
20.063335418701172,set_2,1024,1024,3
229.87620989481607,set_2,1024,1024,3
641.7973168691,set_2,1024,1024,3
172.73779424031576,set_2,1024,1024,3
366.7806211930769,set_2,1024,1024,3
508.9736048380534,set_2,1024,1024,3
20.8994140625,set_2,1024,1024,3
598.4664789835612,set_2,1024,1024,3
312.9107246398926,set_2,1024,1024,3
142.09511375427246,set_2,1024,1024,3
68.13512357076009,set_2,1024,1024,3
2.3910837156119897,set_2,1024,1024,3
4.500546755448643,set_2,1024,1024,3
56.018067042032875,set_2,1024,1024,3
782.9313144683838,set_2,1024,1024,3
69.6228199005127,set_2,1024,1024,3
208.6587781888251,set_2,1024,1024,3
157.2075846989205,set_2,1024,1024,3
944.9065680225649,set_2,1024,1024,3
123.33143552144368,set_2,1024,1024,3
475.1949888865153,set_2,1024,1024,3
22.604981740315754,set_2,1024,1024,3
133.98541131650452,set_2,1024,1024,3
8.993057250976562,set_2,1024,1024,3
70.28188196818034,set_2,1024,1024,3
468.34717178344727,set_2,1024,1024,3
323.9815880386599,set_2,1024,1024,3
344.9040317541607,set_2,1024,1024,3
183.09674996812768,set_2,1024,1024,3
68.80382474263509,set_2,1024,1024,3
541.28479811874,set_2,1024,1024,3
44.11483256022135,set_2,1024,1024,3
591.430986404419,set_2,1024,1024,3
13.16981315612793,set_2,1024,1024,3
454.1088562011719,set_2,1024,1024,3
126.55889034159749,set_2,1024,1024,3
629.0612954764835,set_2,1024,1024,3
295.78561782836914,set_2,1024,1024,3
3.5955869068880504,set_2,1024,1024,3
187.01920159537815,set_2,1024,1024,3
264.83992830794404,set_2,1024,1024,3
1336.5326163109742,set_2,1024,1024,3
360.9701067606608,set_2,1024,1024,3
184.7346334456021,set_2,1024,1024,3
899.1896370790117,set_2,1024,1024,3
695.3021265574074,set_2,1024,1024,3
88.45832761128743,set_2,1024,1024,3
12.815574010213217,set_2,1024,1024,3
1088.1458206176758,set_2,1024,1024,3
162.28313763630217,set_2,1024,1024,3
1623.2073244506726,set_2,1024,1024,3
93.53258196512859,set_2,1024,1024,3
58.01424662272135,set_2,1024,1024,3
174.82645056250067,set_2,1024,1024,3
18.103014587472767,set_2,1024,1024,3
248.33279921703698,set_2,1024,1024,3
700.818315931103,set_2,1024,1024,3
178.6412957214682,set_2,1024,1024,3
265.8285649617513,set_2,1024,1024,3
134.41470781962076,set_2,1024,1024,3
945.9462877909342,set_2,1024,1024,3
135.11202112833658,set_2,1024,1024,3
101.8192443840183,set_2,1024,1024,3
17.828821182250977,set_2,1024,1024,3
549.5398184223646,set_2,1024,1024,3
36.42596848718302,set_2,1024,1024,3
101.39728830059738,set_2,1024,1024,3
87.65415954589844,set_2,1024,1024,3
406.5898106836218,set_2,1024,1024,3
384.0394967397054,set_2,1024,1024,3
97.52247683207194,set_2,1024,1024,3
115.50905164082845,set_2,1024,1024,3
412.8403606414795,set_2,1024,1024,3
210.69688415527344,set_2,1024,1024,3
185.32290744781486,set_2,1024,1024,3
147.5272979736328,set_2,1024,1024,3
17.896481196085613,set_2,1024,1024,3
55.64145278930664,set_2,1024,1024,3
14.050017674763998,set_2,1024,1024,3
36.071417549188126,set_2,1024,1024,3
62.74794324239095,set_2,1024,1024,3
4.411109924316406,set_2,1024,1024,3
6.718239465417962,set_2,1024,1024,3
230.19047101338705,set_2,1024,1024,3
23.315752665201824,set_2,1024,1024,3
264.37082163491385,set_2,1024,1024,3
64.27438799540202,set_2,1024,1024,3
107.70429865519206,set_2,1024,1024,3
50.77387777587845,set_2,1024,1024,3
264.525536219279,set_2,1024,1024,3
358.24052213808613,set_2,1024,1024,3
580.8775437875471,set_2,1024,1024,3
46.06885528564453,set_2,1024,1024,3
679.7956138988922,set_2,1024,1024,3
66.96109485370697,set_2,1024,1024,3
512.5304332150544,set_2,1024,1024,3
150.52535184224448,set_2,1024,1024,3
225.02448653553253,set_2,1024,1024,3
218.29343859354654,set_2,1024,1024,3
65.79265704926554,set_2,1024,1024,3
16.531234741210938,set_2,1024,1024,3
454.3371359507243,set_2,1024,1024,3
16.399551391601562,set_2,1024,1024,3
57.087179819742836,set_2,1024,1024,3
231.84508260091147,set_2,1024,1024,3
68.58729453057941,set_2,1024,1024,3
146.3381646474194,set_2,1024,1024,3
46.6455504099528,set_2,1024,1024,3
49.712957051867136,set_2,1024,1024,3
42.99882411472075,set_2,1024,1024,3
295.3845933277092,set_2,1024,1024,3
539.1372992197672,set_2,1024,1024,3
242.43101374308267,set_2,1024,1024,3
697.8959213890593,set_2,1024,1024,3
122.51692454020183,set_2,1024,1024,3
152.30165792956552,set_2,1024,1024,3
235.8541352913539,set_2,1024,1024,3
207.3361727396647,set_2,1024,1024,3
46.468662576395644,set_2,1024,1024,3
84.51692644754858,set_2,1024,1024,3
77.71496136983235,set_2,1024,1024,3
93.92019844042079,set_2,1024,1024,3
265.3730961179562,set_2,1024,1024,3
71.18214925130208,set_2,1024,1024,3
331.1960627237956,set_2,1024,1024,3
28.43029721577962,set_2,1024,1024,3
188.31831741105427,set_2,1024,1024,3
533.2910823822021,set_2,1024,1024,3
308.0555540720622,set_2,1024,1024,3
589.9568723027261,set_2,1024,1024,3
262.12679227193195,set_2,1024,1024,3
204.73114363348895,set_2,1024,1024,3
260.40442784627277,set_2,1024,1024,3
7.918769478806705,set_2,1024,1024,3
6.348155018501529,set_2,1024,1024,3
178.9553845722888,set_2,1024,1024,3
45.73476791381836,set_2,1024,1024,3
379.85893058776855,set_2,1024,1024,3
262.55954996744794,set_2,1024,1024,3
621.1348981065876,set_2,1024,1024,3
72.89100105847554,set_2,1024,1024,3
7.8212235768636065,set_2,1024,1024,3
120.85232543945312,set_2,1024,1024,3
343.1563135782878,set_2,1024,1024,3
99.56031258885518,set_2,1024,1024,3
25.115353266398113,set_2,1024,1024,3
149.63098906808384,set_2,1024,1024,3
176.25708707173666,set_2,1024,1024,3
41.88702392578125,set_2,1024,1024,3
444.4831174214681,set_2,1024,1024,3
58.18935330708822,set_2,1024,1024,3
153.8172807601924,set_2,1024,1024,3
479.97373470940335,set_2,1024,1024,3
268.67698097229004,set_2,1024,1024,3
255.34827833858347,set_2,1024,1024,3
4.526053428605337,set_2,1024,1024,3
390.7017701466878,set_2,1024,1024,3
253.45371309916177,set_2,1024,1024,3
103.35285504659016,set_2,1024,1024,3
7.796013832018616,set_2,1024,1024,3
198.91414133676088,set_2,1024,1024,3
149.5489867294473,set_2,1024,1024,3
108.91394233703613,set_2,1024,1024,3
270.4074649810791,set_2,1024,1024,3
6.5424509037741165,set_2,1024,1024,3
234.77219581604004,set_2,1024,1024,3
352.93626403808594,set_2,1024,1024,3
444.8219674428304,set_2,1024,1024,3
44.541343688964844,set_2,1024,1024,3
149.72778159237683,set_2,1024,1024,3
360.24704105844813,set_2,1024,1024,3
5.334726621493743,set_2,1024,1024,3
1035.824840702943,set_2,1024,1024,3
214.63380749961982,set_2,1024,1024,3
48.89341417948405,set_2,1024,1024,3
422.9869613647461,set_2,1024,1024,3
330.8047313671287,set_2,1024,1024,3
158.93207447567917,set_2,1024,1024,3
339.47577826053134,set_2,1024,1024,3
62.13766128920158,set_2,1024,1024,3
469.0590279897054,set_2,1024,1024,3
3.0814030965169272,set_2,1024,1024,3
156.91767150573762,set_2,1024,1024,3
65.65183893839519,set_2,1024,1024,3
2.4834063829442434,set_2,1024,1024,3
360.9629491170247,set_2,1024,1024,3
92.10579872131348,set_2,1024,1024,3
206.49053636887683,set_2,1024,1024,3
43.98041534423828,set_2,1024,1024,3
78.7045415242513,set_2,1024,1024,3
351.84028816223145,set_2,1024,1024,3
269.62259565823945,set_2,1024,1024,3
248.89072863260904,set_2,1024,1024,3
38.79378445943197,set_2,1024,1024,3
263.67468706766766,set_2,1024,1024,3
80.11424763997395,set_2,1024,1024,3
525.735979715983,set_2,1024,1024,3
196.19627439139398,set_2,1024,1024,3
296.2088216145833,set_2,1024,1024,3
264.7489554087321,set_2,1024,1024,3
469.6519521077474,set_2,1024,1024,3
169.0675069951489,set_2,1024,1024,3
11.135725021362305,set_2,1024,1024,3
1175.426237221671,set_2,1024,1024,3
116.57473246256511,set_2,1024,1024,3
75.94442240397136,set_2,1024,1024,3
467.8725635695783,set_2,1024,1024,3
198.9722970298219,set_2,1024,1024,3
381.452028148673,set_2,1024,1024,3
95.2768761206221,set_2,1024,1024,3
341.17160415649414,set_2,1024,1024,3
155.8705167768332,set_2,1024,1024,3
245.7085749308268,set_2,1024,1024,3
384.86992113412265,set_2,1024,1024,3
183.17613850373843,set_2,1024,1024,3
397.78793398539227,set_2,1024,1024,3
148.33728535824534,set_2,1024,1024,3
2.1518370301152268,set_2,1024,1024,3
417.95850880940753,set_2,1024,1024,3
409.1693598429362,set_2,1024,1024,3
156.0111325060902,set_2,1024,1024,3
1.5287987382413728,set_2,1024,1024,3
280.6587549845378,set_2,1024,1024,3
39.26023005812616,set_2,1024,1024,3
341.0451316833496,set_2,1024,1024,3
205.7766227722168,set_2,1024,1024,3
111.69004249572754,set_2,1024,1024,3
171.97935008355913,set_2,1024,1024,3
80.33018048604329,set_2,1024,1024,3
63.972089767456055,set_2,1024,1024,3
453.4828351338704,set_2,1024,1024,3
95.42174847920735,set_2,1024,1024,3
441.24987853422977,set_2,1024,1024,3
258.09245109558105,set_2,1024,1024,3
164.9955654144287,set_2,1024,1024,3
201.35280241601626,set_2,1024,1024,3
401.73859850565594,set_2,1024,1024,3
6.051430066203369,set_2,1024,1024,3
400.779104232694,set_2,1024,1024,3
508.9114480556647,set_2,1024,1024,3
225.42572656939834,set_2,1024,1024,3
14.65966542561849,set_2,1024,1024,3
29.336236317952473,set_2,1024,1024,3
284.5425853729248,set_2,1024,1024,3
262.71096960448176,set_2,1024,1024,3
473.64612070719403,set_2,1024,1024,3
160.89392406468565,set_2,1024,1024,3
134.52178351033444,set_2,1024,1024,3
14.18829345703125,set_2,1024,1024,3
532.9171307881674,set_2,1024,1024,3
105.15869108296556,set_2,1024,1024,3
254.7255881589763,set_2,1024,1024,3
1180.5167545137163,set_2,1024,1024,3
42.328186670939125,set_2,1024,1024,3
388.9525307706975,set_2,1024,1024,3
57.997714360555015,set_2,1024,1024,3
230.86489167478604,set_2,1024,1024,3
4.021083831780631,set_2,1024,1024,3
387.6820010890304,set_2,1024,1024,3
30.58248519897461,set_2,1024,1024,3
132.65461349487305,set_2,1024,1024,3
25.39937973022461,set_2,1024,1024,3
138.89588483174643,set_2,1024,1024,3
1.7015994389842792,set_2,1024,1024,3
33.76997584981169,set_2,1024,1024,3
41.56109046936035,set_2,1024,1024,3
513.4850667317709,set_2,1024,1024,3
1.6047366459937014,set_2,1024,1024,3
40.799734115600586,set_2,1024,1024,3
90.96328989664714,set_2,1024,1024,3
559.4487142334103,set_2,1024,1024,3
160.38681896915983,set_2,1024,1024,3
77.6344534556071,set_2,1024,1024,3
29.7114200592041,set_2,1024,1024,3
58.36625861961147,set_2,1024,1024,3
70.76786804199219,set_2,1024,1024,3
2.655007677860547,set_2,1024,1024,3
139.6093053651986,set_2,1024,1024,3
99.15562311808269,set_2,1024,1024,3
1570.447968422882,set_2,1024,1024,3
274.32764720449603,set_2,1024,1024,3
131.54194005330405,set_2,1024,1024,3
176.0292243939376,set_2,1024,1024,3
400.1044216156006,set_2,1024,1024,3
143.60618050805667,set_2,1024,1024,3
502.849578221639,set_2,1024,1024,3
151.5434284210205,set_2,1024,1024,3
108.8280595143636,set_2,1024,1024,3
457.379212697347,set_2,1024,1024,3
130.54849688212076,set_2,1024,1024,3
92.29425112406413,set_2,1024,1024,3
232.5019048055013,set_2,1024,1024,3
255.78038215637207,set_2,1024,1024,3
23.641659418741863,set_2,1024,1024,3
352.87518542274785,set_2,1024,1024,3
241.5435937245687,set_2,1024,1024,3
430.90638247869447,set_2,1024,1024,3
595.4207264465159,set_2,1024,1024,3
260.04567591349286,set_2,1024,1024,3
534.9818528493246,set_2,1024,1024,3
345.53233846028644,set_2,1024,1024,3
201.08983102918125,set_2,1024,1024,3
130.91157581483006,set_2,1024,1024,3
2.110077535874249,set_2,1024,1024,3
2.4740428918412363,set_2,1024,1024,3
110.1377796294643,set_2,1024,1024,3
4.952113703096872,set_2,1024,1024,3
221.6501504416842,set_2,1024,1024,3
280.50577036539715,set_2,1024,1024,3
69.68301836649577,set_2,1024,1024,3
570.9761199951172,set_2,1024,1024,3
137.82545725504556,set_2,1024,1024,3
411.0924189847023,set_2,1024,1024,3
1.995841025432128,set_2,1024,1024,3
11.678246353315444,set_2,1024,1024,3
276.9663729320148,set_2,1024,1024,3
242.55658433673923,set_2,1024,1024,3
351.0275535583496,set_2,1024,1024,3
1520.9352029164631,set_2,1024,1024,3
276.41239258286055,set_2,1024,1024,3
136.7371342976888,set_2,1024,1024,3
201.39902304991156,set_2,1024,1024,3
36.04854838053385,set_2,1024,1024,3
518.5207087198893,set_2,1024,1024,3
276.9555401916722,set_2,1024,1024,3
78.41672325134277,set_2,1024,1024,3
45.27607218424479,set_2,1024,1024,3
16.475313186645508,set_2,1024,1024,3
19.103835423787434,set_2,1024,1024,3
397.27392861727657,set_2,1024,1024,3
112.29678026835124,set_2,1024,1024,3
300.61277074857605,set_2,1024,1024,3
457.21215165749373,set_2,1024,1024,3
257.9117177327474,set_2,1024,1024,3
513.0205885569254,set_2,1024,1024,3
84.74912643432617,set_2,1024,1024,3
145.92943890889487,set_2,1024,1024,3
2.4106570969900836,set_2,1024,1024,3
39.974268912023554,set_2,1024,1024,3
204.39388073565374,set_2,1024,1024,3
220.40350596110025,set_2,1024,1024,3
2.409638396170729,set_2,1024,1024,3
77.47038488865881,set_2,1024,1024,3
151.05101839373913,set_2,1024,1024,3
68.14629491170247,set_2,1024,1024,3
715.038803082045,set_2,1024,1024,3
448.33502769470215,set_2,1024,1024,3
1107.9432724869766,set_2,1024,1024,3
92.13759422302246,set_2,1024,1024,3
40.18885040173909,set_2,1024,1024,3
248.18990008036295,set_2,1024,1024,3
250.224609375,set_2,1024,1024,3
181.70022328694662,set_2,1024,1024,3
1998.790399386856,set_2,1024,1024,3
349.0113169352214,set_2,1024,1024,3
198.75680026132895,set_2,1024,1024,3
979.6786791483561,set_2,1024,1024,3
4.417866703314355,set_2,1024,1024,3
381.2786235809326,set_2,1024,1024,3
288.96314973540717,set_2,1024,1024,3
986.8660607699203,set_2,1024,1024,3
141.87479464213052,set_2,1024,1024,3
291.9671408335368,set_2,1024,1024,3
223.42653019453186,set_2,1024,1024,3
295.36325963338214,set_2,1024,1024,3
773.2123308339345,set_2,1024,1024,3
20.139028548610636,set_2,1024,1024,3
153.0370248158773,set_2,1024,1024,3
6.579345702994033,set_2,1024,1024,3
187.6836452484131,set_2,1024,1024,3
43.923401514689125,set_2,1024,1024,3
343.1558411916097,set_2,1024,1024,3
587.5605260983361,set_2,1024,1024,3
267.01889642013475,set_2,1024,1024,3
177.92298571268717,set_2,1024,1024,3
196.08568572942667,set_2,1024,1024,3
97.75698915535274,set_2,1024,1024,3
154.55059146832912,set_2,1024,1024,3
187.5445041656494,set_2,1024,1024,3
81.3020846048991,set_2,1024,1024,3
183.38273429870605,set_2,1024,1024,3
163.96993573506674,set_2,1024,1024,3
116.00214777556566,set_2,1024,1024,3
12.524467468261719,set_2,1024,1024,3
58.96726036071777,set_2,1024,1024,3
204.75838343302408,set_2,1024,1024,3
353.2898483276367,set_2,1024,1024,3
39.63641611735026,set_2,1024,1024,3
636.962636311849,set_2,1024,1024,3
3.3755070355084342,set_2,1024,1024,3
230.84779516660663,set_2,1024,1024,3
116.09751256306966,set_2,1024,1024,3
392.38666852315265,set_2,1024,1024,3
407.7966915427612,set_2,1024,1024,3
266.71177355448407,set_2,1024,1024,3
215.71496613652235,set_2,1024,1024,3
71.37462425231934,set_2,1024,1024,3
663.162571589152,set_2,1024,1024,3
27.742146174112957,set_2,1024,1024,3
113.74757448832194,set_2,1024,1024,3
570.8088537851969,set_2,1024,1024,3
82.47614351908366,set_2,1024,1024,3
184.40591048621823,set_2,1024,1024,3
238.7711976369222,set_2,1024,1024,3
4.202594438925796,set_2,1024,1024,3
252.32082936478153,set_2,1024,1024,3
839.3560557680436,set_2,1024,1024,3
171.3217716217041,set_2,1024,1024,3
81.83729807535808,set_2,1024,1024,3
439.3768018086751,set_2,1024,1024,3
48.20871353149414,set_2,1024,1024,3
35.074702553022675,set_2,1024,1024,3
253.05967108313484,set_2,1024,1024,3
437.15020243326825,set_2,1024,1024,3
204.72213521872695,set_2,1024,1024,3
154.97386932227525,set_2,1024,1024,3
85.75410270690918,set_2,1024,1024,3
2.6611970113574235,set_2,1024,1024,3
399.5795307159424,set_2,1024,1024,3
392.76983329527474,set_2,1024,1024,3
62.57326698303223,set_2,1024,1024,3
83.81026236216205,set_2,1024,1024,3
5.681860602227554,set_2,1024,1024,3
128.10779536851598,set_2,1024,1024,3
85.22100700061455,set_2,1024,1024,3
142.0605741841961,set_2,1024,1024,3
1.6698818206205033,set_2,1024,1024,3
239.700101852417,set_2,1024,1024,3
1488.154213182338,set_2,1024,1024,3
314.13976669311523,set_2,1024,1024,3
649.9986499857595,set_2,1024,1024,3
4.940105754878762,set_2,1024,1024,3
388.8644275665283,set_2,1024,1024,3
25.036764768860547,set_2,1024,1024,3
214.54376411139003,set_2,1024,1024,3
867.5827175374656,set_2,1024,1024,3
267.6764846743063,set_2,1024,1024,3
451.8632964893996,set_2,1024,1024,3
225.9408810933431,set_2,1024,1024,3
3.1511102773652557,set_2,1024,1024,3
345.4503599802653,set_2,1024,1024,3
187.31826559639444,set_2,1024,1024,3
122.02254104614258,set_2,1024,1024,3
166.96552582671978,set_2,1024,1024,3
248.53300275554648,set_2,1024,1024,3
48.40588823954264,set_2,1024,1024,3
214.94985707600912,set_2,1024,1024,3
309.9440167744954,set_2,1024,1024,3
214.7131892701333,set_2,1024,1024,3
214.63380749961982,set_2,1024,1024,3
198.0480416615804,set_2,1024,1024,3
173.1889203386078,set_2,1024,1024,3
44.580047607421875,set_2,1024,1024,3
74.27413555969373,set_2,1024,1024,3
142.2528234611042,set_2,1024,1024,3
208.94961293538412,set_2,1024,1024,3
1.9745699546470474,set_2,1024,1024,3
296.1787103017171,set_2,1024,1024,3
70.94946797688802,set_2,1024,1024,3
260.6624066029857,set_2,1024,1024,3
103.33357895474433,set_2,1024,1024,3
223.92231241861978,set_2,1024,1024,3
147.38488101908274,set_2,1024,1024,3
6.8143437695265066,set_2,1024,1024,3
307.04829597473145,set_2,1024,1024,3
262.91716321309406,set_2,1024,1024,3
81.93250338236491,set_2,1024,1024,3
155.37171618143717,set_2,1024,1024,3
227.2403947720787,set_2,1024,1024,3
12.630797889929148,set_2,1024,1024,3
1205.0559666951497,set_2,1024,1024,3
461.2577330271403,set_2,1024,1024,3
92.95309414908068,set_2,1024,1024,3
120.3597920735677,set_2,1024,1024,3
39.35211626688639,set_2,1024,1024,3
263.9762388865153,set_2,1024,1024,3
622.084461847941,set_2,1024,1024,3
572.056999269717,set_2,1024,1024,3
132.5238811684048,set_2,1024,1024,3
138.14968577517166,set_2,1024,1024,3
207.17604160305916,set_2,1024,1024,3
105.97661972045898,set_2,1024,1024,3
453.40377044677734,set_2,1024,1024,3
704.041594421074,set_2,1024,1024,3
332.6757348113576,set_2,1024,1024,3
1055.3158753712971,set_2,1024,1024,3
395.3827599419504,set_2,1024,1024,3
58.76018298533119,set_2,1024,1024,3
61.59727096557617,set_2,1024,1024,3
646.0736385383642,set_2,1024,1024,3
201.46739227734108,set_2,1024,1024,3
187.0474023816729,set_2,1024,1024,3
105.37814362520038,set_2,1024,1024,3
57.85745620727539,set_2,1024,1024,3
326.0469690958659,set_2,1024,1024,3
209.5024248138478,set_2,1024,1024,3
555.8228397369385,set_2,1024,1024,3
89.2802365620931,set_2,1024,1024,3
477.84090423583984,set_2,1024,1024,3
576.1508738199869,set_2,1024,1024,3
79.69489351908366,set_2,1024,1024,3
50.68181225862953,set_2,1024,1024,3
32.1927433013916,set_2,1024,1024,3
66.33501815795898,set_2,1024,1024,3
504.90660186730247,set_2,1024,1024,3
2.0700753335998647,set_2,1024,1024,3
775.5378322253327,set_2,1024,1024,3
105.55066808064778,set_2,1024,1024,3
249.53678162106056,set_2,1024,1024,3
107.49009132385254,set_2,1024,1024,3
327.11781310012987,set_2,1024,1024,3
133.3449503580729,set_2,1024,1024,3
11.61298942565918,set_2,1024,1024,3
58.43505096435547,set_2,1024,1024,3
268.9898974100749,set_2,1024,1024,3
229.42554886279996,set_2,1024,1024,3
160.49561309814453,set_2,1024,1024,3
359.0847465510006,set_2,1024,1024,3
103.74706967671712,set_2,1024,1024,3
134.1769618988037,set_2,1024,1024,3
48.892221450805664,set_2,1024,1024,3
2.4098898564504148,set_2,1024,1024,3
1667.7246173535993,set_2,1024,1024,3
164.24467341105142,set_2,1024,1024,3
6.970237096092508,set_2,1024,1024,3
242.32761446634927,set_2,1024,1024,3
358.2642078399658,set_2,1024,1024,3
500.4134661356608,set_2,1024,1024,3
268.604346593221,set_2,1024,1024,3
472.9373842875163,set_2,1024,1024,3
39.23036257425944,set_2,1024,1024,3
326.21350262117943,set_2,1024,1024,3
369.65912244317656,set_2,1024,1024,3
165.07338587443033,set_2,1024,1024,3
2.4578129416637844,set_2,1024,1024,3
83.69170188903809,set_2,1024,1024,3
167.41111628214517,set_2,1024,1024,3
449.63974380493164,set_2,1024,1024,3
114.9498062133789,set_2,1024,1024,3
340.01062138875324,set_2,1024,1024,3
254.30898866016614,set_2,1024,1024,3
2.253022193891615,set_2,1024,1024,3
112.02363173042319,set_2,1024,1024,3
340.13628641764325,set_2,1024,1024,3
22.25549379984538,set_2,1024,1024,3
72.10625012715657,set_2,1024,1024,3
676.6222095489502,set_2,1024,1024,3
5.908387792495482,set_2,1024,1024,3
717.1331055959066,set_2,1024,1024,3
125.68416849772136,set_2,1024,1024,3
526.6275882720947,set_2,1024,1024,3
51.16768292909534,set_2,1024,1024,3
345.9083188037225,set_2,1024,1024,3
214.77816327412924,set_2,1024,1024,3
51.272400538126625,set_2,1024,1024,3
37.26726849873861,set_2,1024,1024,3
89.97759277662875,set_2,1024,1024,3
60.65736452738444,set_2,1024,1024,3
192.03366216023764,set_2,1024,1024,3
90.9834378560384,set_2,1024,1024,3
47.17661221822103,set_2,1024,1024,3
32.96770731608073,set_2,1024,1024,3
85.64904594421387,set_2,1024,1024,3
233.61904104294368,set_2,1024,1024,3
318.54969215393066,set_2,1024,1024,3
170.12713792885108,set_2,1024,1024,3
147.19592157999674,set_2,1024,1024,3
15.424062800530507,set_2,1024,1024,3
15.57057253519694,set_2,1024,1024,3
174.3039754444267,set_2,1024,1024,3
135.8158267336436,set_2,1024,1024,3
42.49045372009277,set_2,1024,1024,3
23.108791987101238,set_2,1024,1024,3
374.30152384440106,set_2,1024,1024,3
603.4886067708334,set_2,1024,1024,3
20.868833541870117,set_2,1024,1024,3
57.667490005493164,set_2,1024,1024,3
462.40924644470215,set_2,1024,1024,3
77.10354804992312,set_2,1024,1024,3
192.57926448965733,set_2,1024,1024,3
259.5231612489585,set_2,1024,1024,3
1.8350385027378182,set_2,1024,1024,3
272.16729799906415,set_2,1024,1024,3
318.3493715922038,set_2,1024,1024,3
350.7580358002679,set_2,1024,1024,3
338.6734097798665,set_2,1024,1024,3
42.273362477620445,set_2,1024,1024,3
297.74953619414794,set_2,1024,1024,3
32.71909395853678,set_2,1024,1024,3
364.1134464075431,set_2,1024,1024,3
294.0441977183024,set_2,1024,1024,3
421.43874577186057,set_2,1024,1024,3
5.142932571887784,set_2,1024,1024,3
162.11977858430578,set_2,1024,1024,3
137.8633944053678,set_2,1024,1024,3
374.71519406636554,set_2,1024,1024,3
37.20366223653158,set_2,1024,1024,3
1247.0260734938884,set_2,1024,1024,3
43.42899417708984,set_2,1024,1024,3
262.2829392751058,set_2,1024,1024,3
10.544886271158854,set_2,1024,1024,3
5.507738748912948,set_2,1024,1024,3
158.37551053365073,set_2,1024,1024,3
27.39494514465332,set_2,1024,1024,3
388.1742601848957,set_2,1024,1024,3
2.0056349247849234,set_2,1024,1024,3
187.01275249966343,set_2,1024,1024,3
245.40308823558087,set_2,1024,1024,3
198.6202481587728,set_2,1024,1024,3
481.140235265096,set_2,1024,1024,3
431.4271634419759,set_2,1024,1024,3
165.08402486018792,set_2,1024,1024,3
264.97924602554923,set_2,1024,1024,3
8.604555122418141,set_2,1024,1024,3
99.6235672601188,set_2,1024,1024,3
137.1723727124427,set_2,1024,1024,3
70.6147257419713,set_2,1024,1024,3
180.0822727369272,set_2,1024,1024,3
359.1820688174175,set_2,1024,1024,3
126.1646671295166,set_2,1024,1024,3
260.29832458496094,set_2,1024,1024,3
230.70874468485513,set_2,1024,1024,3
77.58079528808594,set_2,1024,1024,3
47.58596547444662,set_2,1024,1024,3
199.0617655543077,set_2,1024,1024,3
12.966066339275928,set_2,1024,1024,3
114.71625729644664,set_2,1024,1024,3
283.65154011170563,set_2,1024,1024,3
754.1286710103353,set_2,1024,1024,3
167.4526274997598,set_2,1024,1024,3
73.69888580854699,set_2,1024,1024,3
354.9213167826335,set_2,1024,1024,3
124.74653053283691,set_2,1024,1024,3
100.03144137064616,set_2,1024,1024,3
318.0462481180827,set_2,1024,1024,3
119.92728424072266,set_2,1024,1024,3
251.24874805839806,set_2,1024,1024,3
165.052640914917,set_2,1024,1024,3
87.69639142354329,set_2,1024,1024,3
8.862980186070066,set_2,1024,1024,3
888.1283168792725,set_2,1024,1024,3
43.21848452606468,set_2,1024,1024,3
60.03983052571615,set_2,1024,1024,3
875.9770475424406,set_2,1024,1024,3
546.3392431301078,set_2,1024,1024,3
44.83089689195749,set_2,1024,1024,3
229.12048005291823,set_2,1024,1024,3
14.19615264477022,set_2,1024,1024,3
21.80694516499837,set_2,1024,1024,3
286.5040645599365,set_2,1024,1024,3
208.1541493733724,set_2,1024,1024,3
92.8309211730957,set_2,1024,1024,3
16.11447588602702,set_2,1024,1024,3
25.751440684000652,set_2,1024,1024,3
128.46501604690718,set_2,1024,1024,3
209.5859056707443,set_2,1024,1024,3
540.7625605265299,set_2,1024,1024,3
113.69762357076009,set_2,1024,1024,3
1.884745279715086,set_2,1024,1024,3
367.20046361287433,set_2,1024,1024,3
258.41216913753595,set_2,1024,1024,3
118.54567273457845,set_2,1024,1024,3
342.22894223484303,set_2,1024,1024,3
363.97757850029546,set_2,1024,1024,3
502.67272822062176,set_2,1024,1024,3
1116.1116587320964,set_2,1024,1024,3
3.8922170002673133,set_2,1024,1024,3
843.6679509480795,set_2,1024,1024,3
119.9436690012614,set_2,1024,1024,3
711.1679910024008,set_2,1024,1024,3
156.1761213938395,set_2,1024,1024,3
87.7454948425293,set_2,1024,1024,3
686.6677939097086,set_2,1024,1024,3
210.09972444999195,set_2,1024,1024,3
547.0040977162874,set_2,1024,1024,3
11.727749181751129,set_2,1024,1024,3
239.85045369466147,set_2,1024,1024,3
2.025000883369406,set_2,1024,1024,3
165.69004310822734,set_2,1024,1024,3
2.156728107792636,set_2,1024,1024,3
328.63442357381183,set_2,1024,1024,3
174.5559876759847,set_2,1024,1024,3
12.348118145859493,set_2,1024,1024,3
446.78725814819336,set_2,1024,1024,3
63.91652743021647,set_2,1024,1024,3
739.011088963442,set_2,1024,1024,3
218.5460570058441,set_2,1024,1024,3
397.35551897684735,set_2,1024,1024,3
107.59158261617024,set_2,1024,1024,3
259.12755012512207,set_2,1024,1024,3
23.919537802123347,set_2,1024,1024,3
257.05621274312335,set_2,1024,1024,3
576.8882949529111,set_2,1024,1024,3
240.91153004500651,set_2,1024,1024,3
398.14011980996776,set_2,1024,1024,3
202.7938070265582,set_2,1024,1024,3
212.04025494837734,set_2,1024,1024,3
67.04585202534993,set_2,1024,1024,3
961.7120534095558,set_2,1024,1024,3
491.8349081675212,set_2,1024,1024,3
1062.2376169791646,set_2,1024,1024,3
3.6656897725154827,set_2,1024,1024,3
329.7821604403677,set_2,1024,1024,3
442.5536397298177,set_2,1024,1024,3
73.62365531921387,set_2,1024,1024,3
177.87581316265266,set_2,1024,1024,3
16.510228474934895,set_2,1024,1024,3
16.609812418619793,set_2,1024,1024,3
24.848243077596027,set_2,1024,1024,3
209.15486361534568,set_2,1024,1024,3
365.5733388264974,set_2,1024,1024,3
124.7024580637614,set_2,1024,1024,3
98.90157578836154,set_2,1024,1024,3
337.07283147176105,set_2,1024,1024,3
2.034765240034176,set_2,1024,1024,3
367.45737902323407,set_2,1024,1024,3
109.15985043843587,set_2,1024,1024,3
420.0044468712859,set_2,1024,1024,3
380.6767209370931,set_2,1024,1024,3
156.54349581400552,set_2,1024,1024,3
59.275431315104164,set_2,1024,1024,3
64.27689043680827,set_2,1024,1024,3
129.08245468139648,set_2,1024,1024,3
2.253826774355634,set_2,1024,1024,3
116.83681424458821,set_2,1024,1024,3
333.8679656982422,set_2,1024,1024,3
28.315083821614582,set_2,1024,1024,3
140.1904674819969,set_2,1024,1024,3
314.131352742513,set_2,1024,1024,3
110.76826632770575,set_2,1024,1024,3
4.428359023923392,set_2,1024,1024,3
38.1922238667806,set_2,1024,1024,3
2468.465967101563,set_2,1024,1024,3
60.98040326436361,set_2,1024,1024,3
3.00703048001742,set_2,1024,1024,3
48.453691482543945,set_2,1024,1024,3
279.4002908774935,set_2,1024,1024,3
58.549994786580406,set_2,1024,1024,3
86.05216789245605,set_2,1024,1024,3
171.2711499527392,set_2,1024,1024,3
590.9332014719645,set_2,1024,1024,3
279.3463849979721,set_2,1024,1024,3
4.161097526521078,set_2,1024,1024,3
370.4670416514079,set_2,1024,1024,3
501.498384475708,set_2,1024,1024,3
359.833065032959,set_2,1024,1024,3
93.09375381469727,set_2,1024,1024,3
67.62838427225749,set_2,1024,1024,3
100.0338516110141,set_2,1024,1024,3
752.5074462890625,set_2,1024,1024,3
5.528688430786133,set_2,1024,1024,3
449.8316459655762,set_2,1024,1024,3
365.22497177124023,set_2,1024,1024,3
576.5074927267175,set_2,1024,1024,3
575.6978527038478,set_2,1024,1024,3
13.740078608194986,set_2,1024,1024,3
153.06882985432944,set_2,1024,1024,3
359.82756360371906,set_2,1024,1024,3
82.76800600687663,set_2,1024,1024,3
156.11418087109067,set_2,1024,1024,3
36.101543965853544,set_2,1024,1024,3
185.5239502573611,set_2,1024,1024,3
196.60090700785318,set_2,1024,1024,3
839.4402886421541,set_2,1024,1024,3
20.507151285807293,set_2,1024,1024,3
128.65473899851335,set_2,1024,1024,3
86.0124819801235,set_2,1024,1024,3
227.8722178141276,set_2,1024,1024,3
334.2155195871989,set_2,1024,1024,3
619.4063723566261,set_2,1024,1024,3
294.6610577901204,set_2,1024,1024,3
81.89120356241862,set_2,1024,1024,3
45.25476484981451,set_2,1024,1024,3
2.5997594197591147,set_2,1024,1024,3
168.67274442883843,set_2,1024,1024,3
301.8510655947651,set_2,1024,1024,3
110.42374928792317,set_2,1024,1024,3
545.9600985843243,set_2,1024,1024,3
18.972174326578777,set_2,1024,1024,3
2.204004597744946,set_2,1024,1024,3
17.563007285119543,set_2,1024,1024,3
495.1817042032878,set_2,1024,1024,3
642.3370494842529,set_2,1024,1024,3
119.22923525578032,set_2,1024,1024,3
81.32340494791667,set_2,1024,1024,3
46.8686949412028,set_2,1024,1024,3
147.39422924415837,set_2,1024,1024,3
77.05886332194011,set_2,1024,1024,3
4.944047922228087,set_2,1024,1024,3
426.9143231709798,set_2,1024,1024,3
572.8676163205915,set_2,1024,1024,3
285.0400882206239,set_2,1024,1024,3
470.08346430460614,set_2,1024,1024,3
50.13962173461914,set_2,1024,1024,3
263.6036401672058,set_2,1024,1024,3
190.41039848283307,set_2,1024,1024,3
129.95350010809466,set_2,1024,1024,3
59.28862508138021,set_2,1024,1024,3
42.27470715840658,set_2,1024,1024,3
78.77747599283855,set_2,1024,1024,3
462.9868564605713,set_2,1024,1024,3
3.454590796825159,set_2,1024,1024,3
243.19636472066244,set_2,1024,1024,3
36.32721773783366,set_2,1024,1024,3
126.78180089670742,set_2,1024,1024,3
175.75189589271915,set_2,1024,1024,3
324.1116158140001,set_2,1024,1024,3
34.23711395263672,set_2,1024,1024,3
270.6102453694359,set_2,1024,1024,3
2.207315762436641,set_2,1024,1024,3
368.1687787292348,set_2,1024,1024,3
434.714802424113,set_2,1024,1024,3
261.04850204878625,set_2,1024,1024,3
13.556287094610221,set_2,1024,1024,3
137.5887762705485,set_2,1024,1024,3
152.9353459676107,set_2,1024,1024,3
308.41171833868907,set_2,1024,1024,3
197.64178530375162,set_2,1024,1024,3
660.4503733317057,set_2,1024,1024,3
27.229815165201824,set_2,1024,1024,3
38.66925811767578,set_2,1024,1024,3
48.02082188924154,set_2,1024,1024,3
303.0859457651774,set_2,1024,1024,3
79.07346513013516,set_2,1024,1024,3
54.52265230814616,set_2,1024,1024,3
39.35755411783854,set_2,1024,1024,3
244.08145650227866,set_2,1024,1024,3
710.2239054276853,set_2,1024,1024,3
125.5312810682443,set_2,1024,1024,3
197.01956843275596,set_2,1024,1024,3
48.88830214521761,set_2,1024,1024,3
438.78813616434735,set_2,1024,1024,3
135.1489273284046,set_2,1024,1024,3
99.19453239440918,set_2,1024,1024,3
102.75422541300456,set_2,1024,1024,3
154.39336522420248,set_2,1024,1024,3
25.54492123921712,set_2,1024,1024,3
31.961977005004883,set_2,1024,1024,3
2.6724160512288413,set_2,1024,1024,3
273.10113906705016,set_2,1024,1024,3
159.1495866766388,set_2,1024,1024,3
93.30183600631752,set_2,1024,1024,3
19.697505315144856,set_2,1024,1024,3
11.994066872261707,set_2,1024,1024,3
11.584175745646158,set_2,1024,1024,3
443.69839668273926,set_2,1024,1024,3
2.1309315281484182,set_2,1024,1024,3
344.7508188882136,set_2,1024,1024,3
594.7164719899496,set_2,1024,1024,3
87.78847122192383,set_2,1024,1024,3
63.236565895837686,set_2,1024,1024,3
162.4068177541097,set_2,1024,1024,3
35.84464963277181,set_2,1024,1024,3
119.49536450563205,set_2,1024,1024,3
166.99229049682472,set_2,1024,1024,3
111.90737469991048,set_2,1024,1024,3
121.6147289276123,set_2,1024,1024,3
5.004281040319754,set_2,1024,1024,3
227.11153951077878,set_2,1024,1024,3
286.19854354749054,set_2,1024,1024,3
94.90044593811035,set_2,1024,1024,3
69.85705757141113,set_2,1024,1024,3
369.93119112650555,set_2,1024,1024,3
366.8249162038167,set_2,1024,1024,3
94.94657767298729,set_2,1024,1024,3
251.70258741084447,set_2,1024,1024,3
156.11418087109067,set_2,1024,1024,3
90.16210079183402,set_2,1024,1024,3
767.651632138139,set_2,1024,1024,3
1610.1197878955454,set_2,1024,1024,3
92.36568387349446,set_2,1024,1024,3
91.6610558827718,set_2,1024,1024,3
21.06955083211263,set_2,1024,1024,3
110.76187197367351,set_2,1024,1024,3
4.895784361229744,set_2,1024,1024,3
489.5969594009509,set_2,1024,1024,3
89.65639559427898,set_2,1024,1024,3
981.2073700236077,set_2,1024,1024,3
688.5304209590977,set_2,1024,1024,3
310.59331703186035,set_2,1024,1024,3
153.4963747660319,set_2,1024,1024,3
8.764326412521681,set_2,1024,1024,3
5.262684185818519,set_2,1024,1024,3
3.672909100787256,set_2,1024,1024,3
121.24353540181676,set_2,1024,1024,3
73.18694305419922,set_2,1024,1024,3
227.7921730551357,set_2,1024,1024,3
608.5535818735758,set_2,1024,1024,3
696.0156516322157,set_2,1024,1024,3
31.70714187087496,set_2,1024,1024,3
41.632599512736,set_2,1024,1024,3
330.1136296590169,set_2,1024,1024,3
607.1561539746444,set_2,1024,1024,3
148.70471000671387,set_2,1024,1024,3
290.30704561869305,set_2,1024,1024,3
413.70384216308594,set_2,1024,1024,3
916.0400207014737,set_2,1024,1024,3
18.413410822550457,set_2,1024,1024,3
99.25495481009376,set_2,1024,1024,3
140.28876050313315,set_2,1024,1024,3
445.9814046223958,set_2,1024,1024,3
126.03660889161482,set_2,1024,1024,3
312.4908275604248,set_2,1024,1024,3
64.79081565897614,set_2,1024,1024,3
456.35051865241775,set_2,1024,1024,3
158.48897615406267,set_2,1024,1024,3
89.41209030151367,set_2,1024,1024,3
411.3371105194092,set_2,1024,1024,3
190.8729445139567,set_2,1024,1024,3
225.32186347930568,set_2,1024,1024,3
193.41203434458222,set_2,1024,1024,3
425.7530104319255,set_2,1024,1024,3
46.79803148905436,set_2,1024,1024,3
64.94485950312067,set_2,1024,1024,3
27.355257670084637,set_2,1024,1024,3
298.6377894083659,set_2,1024,1024,3
239.6042470581434,set_2,1024,1024,3
116.32191363076693,set_2,1024,1024,3
296.308064460751,set_2,1024,1024,3
238.45086034138998,set_2,1024,1024,3
89.14872169494629,set_2,1024,1024,3
69.44836362202962,set_2,1024,1024,3
166.0778747344616,set_2,1024,1024,3
2.5778938776322593,set_2,1024,1024,3
380.05499903361004,set_2,1024,1024,3
29.497049967447918,set_2,1024,1024,3
392.9199644724528,set_2,1024,1024,3
173.00700098749562,set_2,1024,1024,3
106.97137959798177,set_2,1024,1024,3
699.5483899034722,set_2,1024,1024,3
324.18335151904483,set_2,1024,1024,3
49.00605265299479,set_2,1024,1024,3
893.6362878755405,set_2,1024,1024,3
101.9860782623291,set_2,1024,1024,3
92.58093579610188,set_2,1024,1024,3
50.1588331858317,set_2,1024,1024,3
8.01011594136556,set_2,1024,1024,3
122.05880610148112,set_2,1024,1024,3
326.22533162434894,set_2,1024,1024,3
103.60545921325684,set_2,1024,1024,3
328.779115041097,set_2,1024,1024,3
113.91283861796062,set_2,1024,1024,3
119.06138301481849,set_2,1024,1024,3
620.8630364735922,set_2,1024,1024,3
4.879437446594115,set_2,1024,1024,3
122.81411094704868,set_2,1024,1024,3
212.58377774067415,set_2,1024,1024,3
433.76644924025896,set_2,1024,1024,3
149.2173817944999,set_2,1024,1024,3
119.79114850362141,set_2,1024,1024,3
120.3499081867372,set_2,1024,1024,3
3.254165004536238,set_2,1024,1024,3
119.43149820963542,set_2,1024,1024,3
94.90884645505334,set_2,1024,1024,3
510.3764192270891,set_2,1024,1024,3
142.48150952657065,set_2,1024,1024,3
451.2354214986165,set_2,1024,1024,3
1122.8834264556838,set_2,1024,1024,3
20.689563115437824,set_2,1024,1024,3
43.367452303167,set_2,1024,1024,3
962.1025231679281,set_2,1024,1024,3
273.67362721761066,set_2,1024,1024,3
309.77519662439084,set_2,1024,1024,3
7.092200278907512,set_2,1024,1024,3
49.547939936319985,set_2,1024,1024,3
4.3780867234741425,set_2,1024,1024,3
232.22096570332846,set_2,1024,1024,3
123.87347367981143,set_2,1024,1024,3
68.46987724304199,set_2,1024,1024,3
147.20157900176827,set_2,1024,1024,3
13.227716235792784,set_2,1024,1024,3
499.6089865366618,set_2,1024,1024,3
2.2399174269520645,set_2,1024,1024,3
128.64965438842773,set_2,1024,1024,3
211.19546699445667,set_2,1024,1024,3
130.39664268493652,set_2,1024,1024,3
364.1078551586673,set_2,1024,1024,3
126.31075032552083,set_2,1024,1024,3
311.2708632023205,set_2,1024,1024,3
134.52460358466462,set_2,1024,1024,3
2.3151664696633816,set_2,1024,1024,3
3.2181275685628257,set_2,1024,1024,3
90.86766370137532,set_2,1024,1024,3
19.03216833728129,set_2,1024,1024,3
701.6003507946758,set_2,1024,1024,3
201.56237792522884,set_2,1024,1024,3
1886.1574729283423,set_2,1024,1024,3
60.17122141520182,set_2,1024,1024,3
40.874647776285805,set_2,1024,1024,3
3.383478154581884,set_2,1024,1024,3
202.46304308215406,set_2,1024,1024,3
76.41841316223145,set_2,1024,1024,3
311.5720373723238,set_2,1024,1024,3
55.47041098165308,set_2,1024,1024,3
94.97239748636882,set_2,1024,1024,3
405.60523732503253,set_2,1024,1024,3
190.9625803519476,set_2,1024,1024,3
8.35043303091749,set_2,1024,1024,3
99.91899426778157,set_2,1024,1024,3
7.869185764691413,set_2,1024,1024,3
36.32945218784263,set_2,1024,1024,3
2.0266666393108608,set_2,1024,1024,3
1215.6848090394476,set_2,1024,1024,3
44.25458780924479,set_2,1024,1024,3
10.213494120982128,set_2,1024,1024,3
60.874518712361656,set_2,1024,1024,3
138.90556971232095,set_2,1024,1024,3
2.4516690572066486,set_2,1024,1024,3
24.881375630696613,set_2,1024,1024,3
371.56696764628094,set_2,1024,1024,3
289.88925488789874,set_2,1024,1024,3
199.7281562744938,set_2,1024,1024,3
220.6728378880523,set_2,1024,1024,3
52.81500434875488,set_2,1024,1024,3
428.6006882985433,set_2,1024,1024,3
13.58422850640836,set_2,1024,1024,3
23.631243387858074,set_2,1024,1024,3
193.1047280629476,set_2,1024,1024,3
167.17653446469782,set_2,1024,1024,3
2.967865307820123,set_2,1024,1024,3
74.73920822143555,set_2,1024,1024,3
3.536550203835345,set_2,1024,1024,3
7.776033924582104,set_2,1024,1024,3
254.59034442875245,set_2,1024,1024,3
384.76559794373975,set_2,1024,1024,3
1.6521205887547694,set_2,1024,1024,3
382.0747241973877,set_2,1024,1024,3
23.95948028564453,set_2,1024,1024,3
8.683430348638991,set_2,1024,1024,3
281.959135055542,set_2,1024,1024,3
840.6247069003681,set_2,1024,1024,3
11.600592556830634,set_2,1024,1024,3
101.93739700317383,set_2,1024,1024,3
183.23874244136343,set_2,1024,1024,3
388.8226903279622,set_2,1024,1024,3
171.8291104634603,set_2,1024,1024,3
29.9493408203125,set_2,1024,1024,3
48.07827631632487,set_2,1024,1024,3
174.92060407002768,set_2,1024,1024,3
423.83126703898114,set_2,1024,1024,3
1440.3028592244045,set_2,1024,1024,3
192.6435044590991,set_2,1024,1024,3
344.2374537958892,set_2,1024,1024,3
21.519792827236568,set_2,1024,1024,3
81.56583944713664,set_2,1024,1024,3
13.651934941609701,set_2,1024,1024,3
238.76681411203094,set_2,1024,1024,3
244.53155091543155,set_2,1024,1024,3
149.58903153027686,set_2,1024,1024,3
316.66340764362775,set_2,1024,1024,3
726.2400817824815,set_2,1024,1024,3
452.9175230662028,set_2,1024,1024,3
296.1276938120524,set_2,1024,1024,3
216.76405617874107,set_2,1024,1024,3
293.734800974528,set_2,1024,1024,3
48.76782735188802,set_2,1024,1024,3
61.34549955220254,set_2,1024,1024,3
84.6332412161475,set_2,1024,1024,3
93.31126085917155,set_2,1024,1024,3
123.86778607098033,set_2,1024,1024,3
79.27715237935384,set_2,1024,1024,3
186.52742449442545,set_2,1024,1024,3
3.4713780082617327,set_2,1024,1024,3
97.47795611720842,set_2,1024,1024,3
245.09333674112955,set_2,1024,1024,3
8.740010901470274,set_2,1024,1024,3
205.4784723917643,set_2,1024,1024,3
474.94875717163086,set_2,1024,1024,3
211.32001113891602,set_2,1024,1024,3
307.5718714396159,set_2,1024,1024,3
362.81759961446124,set_2,1024,1024,3
106.32223447163899,set_2,1024,1024,3
152.35192803298258,set_2,1024,1024,3
1.758321124988773,set_2,1024,1024,3
168.05438645680576,set_2,1024,1024,3
9.875986099112197,set_2,1024,1024,3
461.8884270985921,set_2,1024,1024,3
124.53229713439941,set_2,1024,1024,3
37.64026323954264,set_2,1024,1024,3
135.18541975377818,set_2,1024,1024,3
188.41648292541504,set_2,1024,1024,3
166.49532000223795,set_2,1024,1024,3
164.7266756693522,set_2,1024,1024,3
429.7783253718547,set_2,1024,1024,3
648.4519456227621,set_2,1024,1024,3
692.9980359743323,set_2,1024,1024,3
418.7648334503174,set_2,1024,1024,3
349.63967831929523,set_2,1024,1024,3
20.351600011189777,set_2,1024,1024,3
293.3405294481175,set_2,1024,1024,3
91.69487889607747,set_2,1024,1024,3
424.9580243428548,set_2,1024,1024,3
234.18660163879395,set_2,1024,1024,3
274.4149112701416,set_2,1024,1024,3
3.4076519010122865,set_2,1024,1024,3
132.33191617329916,set_2,1024,1024,3
334.1238214335736,set_2,1024,1024,3
422.22509638468426,set_2,1024,1024,3
117.91966183980306,set_2,1024,1024,3
150.24161783854166,set_2,1024,1024,3
244.19701858458942,set_2,1024,1024,3
485.3010567851405,set_2,1024,1024,3
91.73827298482259,set_2,1024,1024,3
155.7596537269184,set_2,1024,1024,3
560.8554414113363,set_2,1024,1024,3
172.07783315817167,set_2,1024,1024,3
68.70389048258464,set_2,1024,1024,3
170.90157759023995,set_2,1024,1024,3
270.74484316507977,set_2,1024,1024,3
221.73259702691826,set_2,1024,1024,3
227.7263329823812,set_2,1024,1024,3
108.8633352915446,set_2,1024,1024,3
89.91360028584798,set_2,1024,1024,3
391.27419090270996,set_2,1024,1024,3
2.8275750477073864,set_2,1024,1024,3
202.36929034833403,set_2,1024,1024,3
265.76269213358563,set_2,1024,1024,3
408.79996458687486,set_2,1024,1024,3
1081.2791682657933,set_2,1024,1024,3
480.22610471499894,set_2,1024,1024,3
544.3437716166178,set_2,1024,1024,3
190.69607162475586,set_2,1024,1024,3
555.241179784139,set_2,1024,1024,3
332.86433601379395,set_2,1024,1024,3
222.29363377888998,set_2,1024,1024,3
2.2349373487101425,set_2,1024,1024,3
5.506262753054411,set_2,1024,1024,3
313.51896070688275,set_2,1024,1024,3
7.352187473345929,set_2,1024,1024,3
350.3782094319661,set_2,1024,1024,3
203.28422705203374,set_2,1024,1024,3
93.00481287638347,set_2,1024,1024,3
369.33139355977374,set_2,1024,1024,3
13.629753112792969,set_2,1024,1024,3
650.4993692785248,set_2,1024,1024,3
330.112440652833,set_2,1024,1024,3
88.19799296061198,set_2,1024,1024,3
10.591907501220703,set_2,1024,1024,3
222.92136796311945,set_2,1024,1024,3
173.33083025492115,set_2,1024,1024,3
349.3506636039017,set_2,1024,1024,3
204.30700993153482,set_2,1024,1024,3
444.06011737830835,set_2,1024,1024,3
173.1034685671035,set_2,1024,1024,3
165.74021911621094,set_2,1024,1024,3
316.75871184322665,set_2,1024,1024,3
40.78529542960678,set_2,1024,1024,3
187.70950920960084,set_2,1024,1024,3
408.6026776631673,set_2,1024,1024,3
57.63052193954581,set_2,1024,1024,3
3.8872105036933853,set_2,1024,1024,3
269.77257919311523,set_2,1024,1024,3
3.361533800724416,set_2,1024,1024,3
105.65784390767415,set_2,1024,1024,3
90.26089795430501,set_2,1024,1024,3
771.5032633284783,set_2,1024,1024,3
489.265172958374,set_2,1024,1024,3
904.1417869652231,set_2,1024,1024,3
46.84550762065053,set_2,1024,1024,3
64.54663276672363,set_2,1024,1024,3
244.9949582393839,set_2,1024,1024,3
141.44677289326987,set_2,1024,1024,3
385.426965713501,set_2,1024,1024,3
125.35068827184438,set_2,1024,1024,3
91.28793363922166,set_2,1024,1024,3
568.5504351149624,set_2,1024,1024,3
118.2137393951416,set_2,1024,1024,3
1.8004531804068025,set_2,1024,1024,3
126.56291071573894,set_2,1024,1024,3
219.43105951944986,set_2,1024,1024,3
398.2628479003906,set_2,1024,1024,3
94.8991273244222,set_2,1024,1024,3
12.486331939697266,set_2,1024,1024,3
277.07902336120605,set_2,1024,1024,3
48.6134287516276,set_2,1024,1024,3
45.98375701904297,set_2,1024,1024,3
518.8958733876547,set_2,1024,1024,3
709.5458075205485,set_2,1024,1024,3
686.2796633588691,set_2,1024,1024,3
243.88772265116373,set_2,1024,1024,3
4.934662177449657,set_2,1024,1024,3
406.0887161856842,set_2,1024,1024,3
1.272903759898224,set_2,1024,1024,3
12.844725290934244,set_2,1024,1024,3
186.06672477722168,set_2,1024,1024,3
407.0782299041748,set_2,1024,1024,3
14.105848948160807,set_2,1024,1024,3
198.58775869252145,set_2,1024,1024,3
338.7632465362549,set_2,1024,1024,3
72.89320373535156,set_2,1024,1024,3
11.632084528605143,set_2,1024,1024,3
302.62865669347167,set_2,1024,1024,3
268.3995579615665,set_2,1024,1024,3
7.650228115351549,set_2,1024,1024,3
350.36952273050946,set_2,1024,1024,3
56.65679677327474,set_2,1024,1024,3
36.99056180318197,set_2,1024,1024,3
155.31585057576498,set_2,1024,1024,3
31.46610849620856,set_2,1024,1024,3
14.320132573445639,set_2,1024,1024,3
311.2521104607092,set_2,1024,1024,3
3.4306265465954007,set_2,1024,1024,3
399.16783425321256,set_2,1024,1024,3
2.312202765239211,set_2,1024,1024,3
40.0921700630738,set_2,1024,1024,3
151.8972201827359,set_2,1024,1024,3
617.5399915259813,set_2,1024,1024,3
169.92612902323404,set_2,1024,1024,3
196.73894976816464,set_2,1024,1024,3
149.12803840637207,set_2,1024,1024,3
107.72128295898438,set_2,1024,1024,3
50.21608225504557,set_2,1024,1024,3
141.22684159660034,set_2,1024,1024,3
395.29598096160294,set_2,1024,1024,3
373.30991617838544,set_2,1024,1024,3
1248.3934001922607,set_2,1024,1024,3
263.78477414449054,set_2,1024,1024,3
191.21947288254583,set_2,1024,1024,3
511.54993629455566,set_2,1024,1024,3
272.4868850708008,set_2,1024,1024,3
2.424609492694193,set_2,1024,1024,3
212.49140294392905,set_2,1024,1024,3
26.04145113627116,set_2,1024,1024,3
1796.0543120778693,set_2,1024,1024,3
4.949841787314247,set_2,1024,1024,3
2.4534947076696576,set_2,1024,1024,3
1.892319024879119,set_2,1024,1024,3
1.6134726066617684,set_2,1024,1024,3
173.9790674685299,set_2,1024,1024,3
332.1256281534831,set_2,1024,1024,3
406.98227264629253,set_2,1024,1024,3
2.4716186437274055,set_2,1024,1024,3
330.38233947753906,set_2,1024,1024,3
413.2599396700921,set_2,1024,1024,3
1.2894700315713028,set_2,1024,1024,3
80.37921206156413,set_2,1024,1024,3
66.28769238789876,set_2,1024,1024,3
67.95677630106609,set_2,1024,1024,3
92.55581537882487,set_2,1024,1024,3
32.96259307861328,set_2,1024,1024,3
501.526100625786,set_2,1024,1024,3
4.87483183533175,set_2,1024,1024,3
230.54161961873373,set_2,1024,1024,3
12.131376266479492,set_2,1024,1024,3
2.0447810482185864,set_2,1024,1024,3
49.388279191482475,set_2,1024,1024,3
554.9228941599528,set_2,1024,1024,3
518.2681153615316,set_2,1024,1024,3
390.2154276450995,set_2,1024,1024,3
108.15489260355632,set_2,1024,1024,3
278.2710444132487,set_2,1024,1024,3
153.8266283671061,set_2,1024,1024,3
6.41531054165777,set_2,1024,1024,3
121.69169998168945,set_2,1024,1024,3
58.968603292726016,set_2,1024,1024,3
181.54587046305338,set_2,1024,1024,3
134.36797644694647,set_2,1024,1024,3
97.3402214050293,set_2,1024,1024,3
250.06570052580923,set_2,1024,1024,3
3.863881408935001,set_2,1024,1024,3
170.60452588399252,set_2,1024,1024,3
148.62940470341223,set_2,1024,1024,3
877.5491773486546,set_2,1024,1024,3
201.43791929756284,set_2,1024,1024,3
741.0586490631104,set_2,1024,1024,3
5.207966486612956,set_2,1024,1024,3
242.45617739359537,set_2,1024,1024,3
349.87628237406415,set_2,1024,1024,3
341.0007502237956,set_2,1024,1024,3
319.77678362528485,set_2,1024,1024,3
71.70646540323894,set_2,1024,1024,3
69.21704181616451,set_2,1024,1024,3
38.132757822672524,set_2,1024,1024,3
194.25375366210938,set_2,1024,1024,3
267.7952880859375,set_2,1024,1024,3
48.41597761419292,set_2,1024,1024,3
165.15741093953451,set_2,1024,1024,3
147.55301729838052,set_2,1024,1024,3
2.257258692237277,set_2,1024,1024,3
30.316874821980793,set_2,1024,1024,3
84.96504211425781,set_2,1024,1024,3
942.2768592369912,set_2,1024,1024,3
41.83482420633178,set_2,1024,1024,3
67.15664863586426,set_2,1024,1024,3
218.7658478227756,set_2,1024,1024,3
268.54675738016766,set_2,1024,1024,3
620.0163040161133,set_2,1024,1024,3
5.068899154016326,set_2,1024,1024,3
164.28468322753906,set_2,1024,1024,3
218.8783238217309,set_2,1024,1024,3
344.7508188882136,set_2,1024,1024,3
139.6857299596393,set_2,1024,1024,3
48.590780893961586,set_2,1024,1024,3
33.09453900655111,set_2,1024,1024,3
142.33075968424478,set_2,1024,1024,3
291.4580847422282,set_2,1024,1024,3
929.8805710082444,set_2,1024,1024,3
199.82465171813965,set_2,1024,1024,3
104.35097567240398,set_2,1024,1024,3
3.344009717302973,set_2,1024,1024,3
171.7211284062936,set_2,1024,1024,3
350.1369298211774,set_2,1024,1024,3
223.84510356459256,set_2,1024,1024,3
2.302711483168326,set_2,1024,1024,3
65.85378901163737,set_2,1024,1024,3
298.476937603859,set_2,1024,1024,3
4.218616708208354,set_2,1024,1024,3
522.3402907053629,set_2,1024,1024,3
66.55928953847251,set_2,1024,1024,3
266.7825126647949,set_2,1024,1024,3
109.2877991994222,set_2,1024,1024,3
570.7751490275065,set_2,1024,1024,3
86.67351722717285,set_2,1024,1024,3
1.990032830934872,set_2,1024,1024,3
112.50113741463672,set_2,1024,1024,3
202.93297763653797,set_2,1024,1024,3
404.23734792073566,set_2,1024,1024,3
49.62769626665007,set_2,1024,1024,3
496.9050954164793,set_2,1024,1024,3
1229.8584310770368,set_2,1024,1024,3
260.26922257681196,set_2,1024,1024,3
2.0248502005799547,set_2,1024,1024,3
671.3139870961508,set_2,1024,1024,3
77.08243210848481,set_2,1024,1024,3
2.2367305717582244,set_2,1024,1024,3
1065.1097450256348,set_2,1024,1024,3
14.975297287785168,set_2,1024,1024,3
523.6037057240804,set_2,1024,1024,3
97.38594818115234,set_2,1024,1024,3
136.78576151529947,set_2,1024,1024,3
14.59060125911722,set_2,1024,1024,3
176.9886423565068,set_2,1024,1024,3
124.36091423034668,set_2,1024,1024,3
30.19303924976335,set_2,1024,1024,3
182.94204807156964,set_2,1024,1024,3
701.0918791855044,set_2,1024,1024,3
189.4400920553239,set_2,1024,1024,3
129.17320760091147,set_2,1024,1024,3
104.61627833048503,set_2,1024,1024,3
75.43853378295898,set_2,1024,1024,3
2.090191205257637,set_2,1024,1024,3
27.693535486857098,set_2,1024,1024,3
53.882307052612305,set_2,1024,1024,3
317.2735022430602,set_2,1024,1024,3
343.6818630924286,set_2,1024,1024,3
60.53678512573242,set_2,1024,1024,3
1.8727137212760379,set_2,1024,1024,3
341.8825213114421,set_2,1024,1024,3
169.5289834335993,set_2,1024,1024,3
413.8339487711589,set_2,1024,1024,3
224.17870966593424,set_2,1024,1024,3
2.1775058109818324,set_2,1024,1024,3
344.67441113789874,set_2,1024,1024,3
7.622544606409886,set_2,1024,1024,3
109.96689078886895,set_2,1024,1024,3
275.16321754455566,set_2,1024,1024,3
1.9423961461143335,set_2,1024,1024,3
79.99666341145833,set_2,1024,1024,3
20.37370236714681,set_2,1024,1024,3
166.48683802286783,set_2,1024,1024,3
728.7154776255289,set_2,1024,1024,3
537.4844572985886,set_2,1024,1024,3
2.3114684416180658,set_2,1024,1024,3
214.28293704857595,set_2,1024,1024,3
58.03347905476888,set_2,1024,1024,3
436.28357378641766,set_2,1024,1024,3
240.65756797790527,set_2,1024,1024,3
237.51666456258565,set_2,1024,1024,3
338.36341508573486,set_2,1024,1024,3
139.58785946581824,set_2,1024,1024,3
69.71772472449793,set_2,1024,1024,3
425.6810480753581,set_2,1024,1024,3
340.3063870414722,set_2,1024,1024,3
47.22413190205892,set_2,1024,1024,3
84.16074562072754,set_2,1024,1024,3
214.25159803858125,set_2,1024,1024,3
12.267559051513672,set_2,1024,1024,3
120.72401475347444,set_2,1024,1024,3
10.840696334838867,set_2,1024,1024,3
227.6979637145996,set_2,1024,1024,3
247.9650395711263,set_2,1024,1024,3
140.14262829858248,set_2,1024,1024,3
5.017942110098261,set_2,1024,1024,3
83.42681149591691,set_2,1024,1024,3
3.9204130172194858,set_2,1024,1024,3
421.3672413523098,set_2,1024,1024,3
263.4344889322917,set_2,1024,1024,3
173.36677169799805,set_2,1024,1024,3
84.76915232340495,set_2,1024,1024,3
4.3804944350134365,set_2,1024,1024,3
213.62681133760853,set_2,1024,1024,3
2.038021715952913,set_2,1024,1024,3
204.82070795694986,set_2,1024,1024,3
45.727895736694336,set_2,1024,1024,3
105.33595720926921,set_2,1024,1024,3
53.481880280623194,set_2,1024,1024,3
265.15107185619934,set_2,1024,1024,3
424.27866490681964,set_2,1024,1024,3
1211.1231377919514,set_2,1024,1024,3
217.71965948282084,set_2,1024,1024,3
967.8122611201917,set_2,1024,1024,3
341.81194469764654,set_2,1024,1024,3
63.29229370578577,set_2,1024,1024,3
187.58166851621522,set_2,1024,1024,3
68.57731119791667,set_2,1024,1024,3
225.2506602604891,set_2,1024,1024,3
64.4875259399414,set_2,1024,1024,3
60.912632624308266,set_2,1024,1024,3
151.63073028740365,set_2,1024,1024,3
322.54528681437176,set_2,1024,1024,3
7.036345799180314,set_2,1024,1024,3
211.23714764912924,set_2,1024,1024,3
1.7175591784564188,set_2,1024,1024,3
7.0853034557836265,set_2,1024,1024,3
193.59287675003318,set_2,1024,1024,3
82.1968282063802,set_2,1024,1024,3
54.539724349975586,set_2,1024,1024,3
118.33779589335124,set_2,1024,1024,3
375.74451128641766,set_2,1024,1024,3
18.81100082397461,set_2,1024,1024,3
169.69666162966004,set_2,1024,1024,3
1.1900876363118489,set_2,1024,1024,3
61.107643127441406,set_2,1024,1024,3
88.67215474446614,set_2,1024,1024,3
204.60161463419595,set_2,1024,1024,3
100.95395723978679,set_2,1024,1024,3
333.8966935475667,set_2,1024,1024,3
202.68669368284293,set_2,1024,1024,3
38.91902287801107,set_2,1024,1024,3
214.76504706249247,set_2,1024,1024,3
79.00202051798503,set_2,1024,1024,3
70.73434003194173,set_2,1024,1024,3
79.1905533402797,set_2,1024,1024,3
1002.0147289047987,set_2,1024,1024,3
11.195592880249023,set_2,1024,1024,3
229.177088639762,set_2,1024,1024,3
321.15640449487546,set_2,1024,1024,3
121.16534169514973,set_2,1024,1024,3
22.978063583374023,set_2,1024,1024,3
2.1951564074373286,set_2,1024,1024,3
323.62600326538086,set_2,1024,1024,3
94.531295139969,set_2,1024,1024,3
634.5722408294678,set_2,1024,1024,3
552.8749726613363,set_2,1024,1024,3
429.9278144836426,set_2,1024,1024,3
25.4190247853597,set_2,1024,1024,3
1463.9550806681316,set_2,1024,1024,3
825.4739570617676,set_2,1024,1024,3
235.32826646168783,set_2,1024,1024,3
50.23138173421224,set_2,1024,1024,3
213.62449232059365,set_2,1024,1024,3
251.44769795735678,set_2,1024,1024,3
1325.1155358429678,set_2,1024,1024,3
10.467793146769205,set_2,1024,1024,3
10.033791859944662,set_2,1024,1024,3
76.19327958402538,set_2,1024,1024,3
79.75961841404295,set_2,1024,1024,3
343.90775860220236,set_2,1024,1024,3
196.84589703877768,set_2,1024,1024,3
3.093046188354492,set_2,1024,1024,3
506.64669545491535,set_2,1024,1024,3
4.3401985152413545,set_2,1024,1024,3
277.3841540018027,set_2,1024,1024,3
70.27852439880371,set_2,1024,1024,3
557.5551106121256,set_2,1024,1024,3
119.6281967163086,set_2,1024,1024,3
1.988076394732668,set_2,1024,1024,3
4.2004082796625415,set_2,1024,1024,3
220.98242123921713,set_2,1024,1024,3
252.83740107218424,set_2,1024,1024,3
76.27654455459196,set_2,1024,1024,3
583.0781946765362,set_2,1024,1024,3
452.5625915527344,set_2,1024,1024,3
17.45117251078288,set_2,1024,1024,3
15.86839739481608,set_2,1024,1024,3
78.3577709197998,set_2,1024,1024,3
89.84997940063477,set_2,1024,1024,3
170.0458275447535,set_2,1024,1024,3
195.5256265004476,set_2,1024,1024,3
340.9086577097575,set_2,1024,1024,3
184.45762983321285,set_2,1024,1024,3
170.24259440104166,set_2,1024,1024,3
293.4294611612956,set_2,1024,1024,3
1.9538345336877683,set_2,1024,1024,3
297.1354897816976,set_2,1024,1024,3
263.4113133748372,set_2,1024,1024,3
333.91965611775714,set_2,1024,1024,3
479.62751388549805,set_2,1024,1024,3
191.03031473192007,set_2,1024,1024,3
84.36819394428858,set_2,1024,1024,3
42.69438489278158,set_2,1024,1024,3
101.1352030436198,set_2,1024,1024,3
135.7199544771985,set_2,1024,1024,3
121.65725453694661,set_2,1024,1024,3
116.34452374776204,set_2,1024,1024,3
732.6238342845623,set_2,1024,1024,3
120.77491060376565,set_2,1024,1024,3
2.1467542496966416,set_2,1024,1024,3
121.88320732116699,set_2,1024,1024,3
360.12501017252606,set_2,1024,1024,3
98.59051450093587,set_2,1024,1024,3
219.4733740488688,set_2,1024,1024,3
78.58261680603027,set_2,1024,1024,3
155.64368963622908,set_2,1024,1024,3
91.13958803812663,set_2,1024,1024,3
42.42310015360514,set_2,1024,1024,3
51.18122100830078,set_2,1024,1024,3
519.3738695780436,set_2,1024,1024,3
78.7498156229655,set_2,1024,1024,3
14.838302612304688,set_2,1024,1024,3
2.63322385152181,set_2,1024,1024,3
2.1001097354116305,set_2,1024,1024,3
126.02615229288737,set_2,1024,1024,3
57.08767573038737,set_2,1024,1024,3
12.562738704752215,set_2,1024,1024,3
6.952008857182288,set_2,1024,1024,3
75.0025058907945,set_2,1024,1024,3
162.8211243947347,set_2,1024,1024,3
126.53868293762207,set_2,1024,1024,3
178.87556738339325,set_2,1024,1024,3
26.256441116333008,set_2,1024,1024,3
371.60550626118976,set_2,1024,1024,3
241.97282218932423,set_2,1024,1024,3
160.0367908459094,set_2,1024,1024,3
131.88242204115713,set_2,1024,1024,3
105.08231289549859,set_2,1024,1024,3
132.2541077931722,set_2,1024,1024,3
251.40814145406088,set_2,1024,1024,3
94.37551371256511,set_2,1024,1024,3
440.725383122762,set_2,1024,1024,3
130.98594847046908,set_2,1024,1024,3
388.7663338979085,set_2,1024,1024,3
127.90802028662442,set_2,1024,1024,3
189.9880428236113,set_2,1024,1024,3
5.591388288829463,set_2,1024,1024,3
12.988394419352213,set_2,1024,1024,3
11.624952952067057,set_2,1024,1024,3
190.74825826389295,set_2,1024,1024,3
43.51000785235826,set_2,1024,1024,3
366.0803394317627,set_2,1024,1024,3
1.8415374682190304,set_2,1024,1024,3
298.4223861694336,set_2,1024,1024,3
187.6944859791289,set_2,1024,1024,3
225.1592222849528,set_2,1024,1024,3
486.2632083892822,set_2,1024,1024,3
23.49763366189191,set_2,1024,1024,3
273.6048901403022,set_2,1024,1024,3
227.49152437845865,set_2,1024,1024,3
303.08154424031574,set_2,1024,1024,3
69.53966585795085,set_2,1024,1024,3
259.40338198343915,set_2,1024,1024,3
76.28344980875652,set_2,1024,1024,3
220.0813274383545,set_2,1024,1024,3
165.0526262919108,set_2,1024,1024,3
172.95032755502223,set_2,1024,1024,3
427.7460428873698,set_2,1024,1024,3
144.79080898521707,set_2,1024,1024,3
142.87948012433466,set_2,1024,1024,3
70.45114962259929,set_2,1024,1024,3
191.19279607137045,set_2,1024,1024,3
743.0309683481852,set_2,1024,1024,3
264.6439034142029,set_2,1024,1024,3
265.18391577093314,set_2,1024,1024,3
35.446316401163735,set_2,1024,1024,3
170.91584194054528,set_2,1024,1024,3
405.16471727527454,set_2,1024,1024,3
6.3687222787310915,set_2,1024,1024,3
199.18485514308279,set_2,1024,1024,3
375.7858075580184,set_2,1024,1024,3
366.1423937479655,set_2,1024,1024,3
224.70659637451172,set_2,1024,1024,3
200.48046334366109,set_2,1024,1024,3
58.56174532572428,set_2,1024,1024,3
484.5590528270095,set_2,1024,1024,3
85.24717330932617,set_2,1024,1024,3
60.68207105000814,set_2,1024,1024,3
270.02069155375165,set_2,1024,1024,3
57.64730135599772,set_2,1024,1024,3
197.99254703397233,set_2,1024,1024,3
222.7070115407308,set_2,1024,1024,3
3.948487272150487,set_2,1024,1024,3
230.9718101203323,set_2,1024,1024,3
55.9185791015625,set_2,1024,1024,3
2.29822568891935,set_2,1024,1024,3
26.639572143554688,set_2,1024,1024,3
56.82747332255045,set_2,1024,1024,3
494.316999082713,set_2,1024,1024,3
143.3337548573812,set_2,1024,1024,3
439.29440053304035,set_2,1024,1024,3
442.9141025543213,set_2,1024,1024,3
32.45302136739095,set_2,1024,1024,3
70.78192080459944,set_2,1024,1024,3
13.803314844767252,set_2,1024,1024,3
211.89818636560196,set_2,1024,1024,3
39.967617670694985,set_2,1024,1024,3
319.1598415374756,set_2,1024,1024,3
486.4921711716268,set_2,1024,1024,3
473.2251942952474,set_2,1024,1024,3
279.88775571187335,set_2,1024,1024,3
208.11729049682617,set_2,1024,1024,3
1043.137126284786,set_2,1024,1024,3
106.20636812574104,set_2,1024,1024,3
454.3257322818844,set_2,1024,1024,3
1.7478609083545962,set_2,1024,1024,3
243.9015655432589,set_2,1024,1024,3
202.3240763245443,set_2,1024,1024,3
315.44371287027997,set_2,1024,1024,3
186.87674484819968,set_2,1024,1024,3
485.47417704264325,set_2,1024,1024,3
103.86939366658528,set_2,1024,1024,3
51.81221771094715,set_2,1024,1024,3
226.08121617635092,set_2,1024,1024,3
487.8329563371954,set_2,1024,1024,3
168.97271123569453,set_2,1024,1024,3
395.2496534983317,set_2,1024,1024,3
548.584898630778,set_2,1024,1024,3
950.9377574920654,set_2,1024,1024,3
148.06344858805338,set_2,1024,1024,3
485.50711250305176,set_2,1024,1024,3
167.2188180287679,set_2,1024,1024,3
283.05753643373754,set_2,1024,1024,3
482.2427288189819,set_2,1024,1024,3
281.2747294108073,set_2,1024,1024,3
10.643061319986979,set_2,1024,1024,3
190.32477937777887,set_2,1024,1024,3
437.44177563985187,set_2,1024,1024,3
672.8050778706869,set_2,1024,1024,3
90.58574930826823,set_2,1024,1024,3
408.3757522518577,set_2,1024,1024,3
4.065653483023998,set_2,1024,1024,3
38.47395261128744,set_2,1024,1024,3
1030.5809308901592,set_2,1024,1024,3
155.3551171620687,set_2,1024,1024,3
239.20078468322754,set_2,1024,1024,3
358.95948727925617,set_2,1024,1024,3
149.63474082946777,set_2,1024,1024,3
51.481604569744206,set_2,1024,1024,3
1.9088373178212592,set_2,1024,1024,3
170.39351272583008,set_2,1024,1024,3
154.5415284488943,set_2,1024,1024,3
37.92755254109701,set_2,1024,1024,3
129.005828221639,set_2,1024,1024,3
60.920339584350586,set_2,1024,1024,3
150.4393945654212,set_2,1024,1024,3
261.53419152093244,set_2,1024,1024,3
413.0670274098714,set_2,1024,1024,3
147.55654080708823,set_2,1024,1024,3
308.97364044189453,set_2,1024,1024,3
315.7509880065918,set_2,1024,1024,3
576.9999621513509,set_2,1024,1024,3
215.87301889954276,set_2,1024,1024,3
175.98634669233593,set_2,1024,1024,3
15.144286473592123,set_2,1024,1024,3
37.097662607828774,set_2,1024,1024,3
292.84065850538235,set_2,1024,1024,3
819.6676968079505,set_2,1024,1024,3
39.60333760579427,set_2,1024,1024,3
5.025893843909713,set_2,1024,1024,3
201.2239329003095,set_2,1024,1024,3
347.56085777282715,set_2,1024,1024,3
10.199463526407877,set_2,1024,1024,3
143.2755438486735,set_2,1024,1024,3
108.68015480041504,set_2,1024,1024,3
147.26269658370197,set_2,1024,1024,3
216.280585275538,set_2,1024,1024,3
176.3128356913787,set_2,1024,1024,3
379.6261627987437,set_2,1024,1024,3
493.89759635925293,set_2,1024,1024,3
70.34892908732097,set_2,1024,1024,3
197.27715492248535,set_2,1024,1024,3
10.907941179533955,set_2,1024,1024,3
44.62025833129883,set_2,1024,1024,3
197.49408942090255,set_2,1024,1024,3
236.13038889567056,set_2,1024,1024,3
187.96550941467285,set_2,1024,1024,3
292.05560569829913,set_2,1024,1024,3
260.93641153971356,set_2,1024,1024,3
699.6775131225586,set_2,1024,1024,3
81.60145175150264,set_2,1024,1024,3
97.724609375,set_2,1024,1024,3
159.32821716948257,set_2,1024,1024,3
477.1053574879964,set_2,1024,1024,3
304.9488665262858,set_2,1024,1024,3
132.72830042366286,set_2,1024,1024,3
204.7716986972064,set_2,1024,1024,3
147.0063387552897,set_2,1024,1024,3
671.4094921299821,set_2,1024,1024,3
156.98810036900565,set_2,1024,1024,3
283.82960446675617,set_2,1024,1024,3
139.77935084318838,set_2,1024,1024,3
357.96378962198895,set_2,1024,1024,3
464.295549775726,set_2,1024,1024,3
36.81429227193197,set_2,1024,1024,3
193.93971379597983,set_2,1024,1024,3
5.4112585956447345,set_2,1024,1024,3
76.39527765909831,set_2,1024,1024,3
75.00038974933285,set_2,1024,1024,3
173.98217741536953,set_2,1024,1024,3
62.814266204833984,set_2,1024,1024,3
170.23652585347494,set_2,1024,1024,3
79.13525454203288,set_2,1024,1024,3
1090.802206822135,set_2,1024,1024,3
142.6638240814209,set_2,1024,1024,3
5.66996733343925,set_2,1024,1024,3
112.64584350585938,set_2,1024,1024,3
238.17088890075684,set_2,1024,1024,3
184.2714172921528,set_2,1024,1024,3
893.6711082458496,set_2,1024,1024,3
135.4486624399821,set_2,1024,1024,3
2.2585169458240366,set_2,1024,1024,3
91.39515240987141,set_2,1024,1024,3
4.5788507461498265,set_2,1024,1024,3
8.608899990144806,set_2,1024,1024,3
92.47394116719563,set_2,1024,1024,3
428.51453399658203,set_2,1024,1024,3
53.539079017258096,set_2,1024,1024,3
121.0797735363294,set_2,1024,1024,3
306.36020461000265,set_2,1024,1024,3
291.9229787190755,set_2,1024,1024,3
64.82733154296875,set_2,1024,1024,3
402.9639835357666,set_2,1024,1024,3
660.6656036376953,set_2,1024,1024,3
171.69655926524055,set_2,1024,1024,3
1446.4619935353596,set_2,1024,1024,3
934.5106518636366,set_2,1024,1024,3
165.82533264160156,set_2,1024,1024,3
57.495357513427734,set_2,1024,1024,3
73.73718579610188,set_2,1024,1024,3
195.33674017449883,set_2,1024,1024,3
408.11468341570793,set_2,1024,1024,3
526.0161768595377,set_2,1024,1024,3
50.180014292399086,set_2,1024,1024,3
103.84085146586101,set_2,1024,1024,3
82.94330088297527,set_2,1024,1024,3
320.9304141998291,set_2,1024,1024,3
606.1462685974133,set_2,1024,1024,3
729.4862308414818,set_2,1024,1024,3
442.033447265625,set_2,1024,1024,3
45.30321820576986,set_2,1024,1024,3
403.4280077616374,set_2,1024,1024,3
106.09117762247722,set_2,1024,1024,3
315.4136969248454,set_2,1024,1024,3
3.6050370492206034,set_2,1024,1024,3
192.58679738945716,set_2,1024,1024,3
60.24925772332048,set_2,1024,1024,3
79.70247332255046,set_2,1024,1024,3
193.86125691731772,set_2,1024,1024,3
1.991996405982415,set_2,1024,1024,3
21.058188756306965,set_2,1024,1024,3
100.48385111490886,set_2,1024,1024,3
606.4578901926676,set_2,1024,1024,3
193.57478363630835,set_2,1024,1024,3
40.437363942464195,set_2,1024,1024,3
297.4623959859212,set_2,1024,1024,3
286.89256223042804,set_2,1024,1024,3
20.275110880533855,set_2,1024,1024,3
361.2703402612946,set_2,1024,1024,3
56.30844688415527,set_2,1024,1024,3
1035.8575833638508,set_2,1024,1024,3
442.9371846516927,set_2,1024,1024,3
409.58424695332843,set_2,1024,1024,3
61.09416135152181,set_2,1024,1024,3
753.2221190300738,set_2,1024,1024,3
193.7930415455094,set_2,1024,1024,3
33.47242037455241,set_2,1024,1024,3
102.72967720031738,set_2,1024,1024,3
602.0322875976562,set_2,1024,1024,3
77.30261294045583,set_2,1024,1024,3
70.46908887227376,set_2,1024,1024,3
1.7802260696665446,set_2,1024,1024,3
547.3845187964308,set_2,1024,1024,3
52.29889742533366,set_2,1024,1024,3
226.55034255981445,set_2,1024,1024,3
146.1450564066569,set_2,1024,1024,3
129.22033254980593,set_2,1024,1024,3
107.68565144737407,set_2,1024,1024,3
423.2632490793864,set_2,1024,1024,3
291.6112170910245,set_2,1024,1024,3
1.175382613640572,set_2,1024,1024,3
350.56454054183655,set_2,1024,1024,3
707.9060646678621,set_2,1024,1024,3
138.52116807299484,set_2,1024,1024,3
117.33566284179688,set_2,1024,1024,3
89.64299201965332,set_2,1024,1024,3
39.843084971110024,set_2,1024,1024,3
91.98579788208008,set_2,1024,1024,3
38.871838887532554,set_2,1024,1024,3
81.47116152445476,set_2,1024,1024,3
371.16744867960614,set_2,1024,1024,3
104.79652086893718,set_2,1024,1024,3
150.87754185695533,set_2,1024,1024,3
155.86764017740884,set_2,1024,1024,3
157.16584046528757,set_2,1024,1024,3
1037.9573396046956,set_2,1024,1024,3
5.278499285316882,set_2,1024,1024,3
9.490503946940104,set_2,1024,1024,3
96.7697385152181,set_2,1024,1024,3
82.9034639992163,set_2,1024,1024,3
62.60646057128906,set_2,1024,1024,3
362.8422972361247,set_2,1024,1024,3
564.8666963007316,set_2,1024,1024,3
51.375481923421226,set_2,1024,1024,3
81.60348828633626,set_2,1024,1024,3
329.21692784627277,set_2,1024,1024,3
44.866923014322914,set_2,1024,1024,3
136.00747426350912,set_2,1024,1024,3
207.56411679449775,set_2,1024,1024,3
285.39822069431347,set_2,1024,1024,3
392.6568145751953,set_2,1024,1024,3
1176.733869392696,set_2,1024,1024,3
406.15853691101074,set_2,1024,1024,3
439.5837637583415,set_2,1024,1024,3
533.5008080800375,set_2,1024,1024,3
2.1694602962670615,set_2,1024,1024,3
121.65468788146973,set_2,1024,1024,3
63.46289889017741,set_2,1024,1024,3
96.53153307022619,set_2,1024,1024,3
495.7314173380534,set_2,1024,1024,3
43.982190450032554,set_2,1024,1024,3
77.6646499633789,set_2,1024,1024,3
324.46488855304267,set_2,1024,1024,3
42.167646408081055,set_2,1024,1024,3
139.1627515157064,set_2,1024,1024,3
85.8762435913086,set_2,1024,1024,3
83.03734238641361,set_2,1024,1024,3
2.7324904658497786,set_2,1024,1024,3
221.3133484062062,set_2,1024,1024,3
192.36263783772787,set_2,1024,1024,3
166.69313014634776,set_2,1024,1024,3
188.35968938356157,set_2,1024,1024,3
815.980025983782,set_2,1024,1024,3
108.33898445763616,set_2,1024,1024,3
41.64981905619303,set_2,1024,1024,3
1033.5872790335352,set_2,1024,1024,3
809.4092489843347,set_2,1024,1024,3
202.69826093797906,set_2,1024,1024,3
292.59555347871606,set_2,1024,1024,3
64.73140621168339,set_2,1024,1024,3
55.770806630452476,set_2,1024,1024,3
422.66503143310547,set_2,1024,1024,3
113.76594416300456,set_2,1024,1024,3
309.85461044311523,set_2,1024,1024,3
236.08296712195332,set_2,1024,1024,3
411.0008799672746,set_2,1024,1024,3
355.59930483500165,set_2,1024,1024,3
46.38345273335775,set_2,1024,1024,3
38.04486974080404,set_2,1024,1024,3
86.14698219299316,set_2,1024,1024,3
517.8444572514557,set_2,1024,1024,3
1038.6349603862807,set_2,1024,1024,3
487.62807273864746,set_2,1024,1024,3
81.20968755086263,set_2,1024,1024,3
265.7484785578879,set_2,1024,1024,3
12.43255360871707,set_2,1024,1024,3
224.25462372744406,set_2,1024,1024,3
27.30506960550944,set_2,1024,1024,3
17.634530385335285,set_2,1024,1024,3
324.4839115142822,set_2,1024,1024,3
56.88592211405436,set_2,1024,1024,3
359.21272879329734,set_2,1024,1024,3
60.59175364176432,set_2,1024,1024,3
48.42368825276693,set_2,1024,1024,3
542.3031279246012,set_2,1024,1024,3
108.74607149759929,set_2,1024,1024,3
266.7173360115101,set_2,1024,1024,3
223.27840091526056,set_2,1024,1024,3
128.2640527089437,set_2,1024,1024,3
177.2133706410726,set_2,1024,1024,3
70.18735758463542,set_2,1024,1024,3
147.04707018534342,set_2,1024,1024,3
40.14520708719889,set_2,1024,1024,3
245.25774701436362,set_2,1024,1024,3
139.11706479390463,set_2,1024,1024,3
220.05339686075845,set_2,1024,1024,3
124.41254188430088,set_2,1024,1024,3
59.41481272379557,set_2,1024,1024,3
192.48135850971167,set_2,1024,1024,3
126.77043342590332,set_2,1024,1024,3
339.11409695943195,set_2,1024,1024,3
896.7613861964584,set_2,1024,1024,3
218.0544319152832,set_2,1024,1024,3
207.18414815266928,set_2,1024,1024,3
6.028225580847599,set_2,1024,1024,3
977.1960473136004,set_2,1024,1024,3
264.07181262440037,set_2,1024,1024,3
100.00327809651692,set_2,1024,1024,3
51.19355677369441,set_2,1024,1024,3
66.51928393046062,set_2,1024,1024,3
120.50355656941731,set_2,1024,1024,3
529.1924263625557,set_2,1024,1024,3
271.3591047037432,set_2,1024,1024,3
71.85558986421009,set_2,1024,1024,3
81.44094721476237,set_2,1024,1024,3
32.32929039001465,set_2,1024,1024,3
5.130218479780711,set_2,1024,1024,3
201.37875810385154,set_2,1024,1024,3
1020.3914731343588,set_2,1024,1024,3
28.54293950398763,set_2,1024,1024,3
3.1219491884402317,set_2,1024,1024,3
189.14080396964292,set_2,1024,1024,3
214.24078369140625,set_2,1024,1024,3
133.49262809753418,set_2,1024,1024,3
316.3281192775903,set_2,1024,1024,3
103.0029125213623,set_2,1024,1024,3
74.62286122639973,set_2,1024,1024,3
209.97700881958008,set_2,1024,1024,3
6.555814097295507,set_2,1024,1024,3
134.68402036031088,set_2,1024,1024,3
211.97535104156884,set_2,1024,1024,3
151.44642511653805,set_2,1024,1024,3
150.455623300142,set_2,1024,1024,3
401.13561248779297,set_2,1024,1024,3
285.75224011064734,set_2,1024,1024,3
274.61784680684406,set_2,1024,1024,3
173.6372267216599,set_2,1024,1024,3
3.094532966591032,set_2,1024,1024,3
31.54548008951436,set_2,1024,1024,3
208.9950154622396,set_2,1024,1024,3
531.5735454559326,set_2,1024,1024,3
482.9585952758789,set_2,1024,1024,3
11.838944089055682,set_2,1024,1024,3
2.08260407547156,set_2,1024,1024,3
7.250925376771101,set_2,1024,1024,3
14.119552294400952,set_2,1024,1024,3
1800.2561109481323,set_2,1024,1024,3
4.007949168657629,set_2,1024,1024,3
12.09547487894694,set_2,1024,1024,3
186.93834939583323,set_2,1024,1024,3
1.97156619757142,set_2,1024,1024,3
210.6953242372224,set_2,1024,1024,3
345.6889069875081,set_2,1024,1024,3
806.0036614735922,set_2,1024,1024,3
4.434263229075441,set_2,1024,1024,3
317.0459098815918,set_2,1024,1024,3
155.20799446105957,set_2,1024,1024,3
42.04774284362793,set_2,1024,1024,3
42.678428649902344,set_2,1024,1024,3
66.95734435885582,set_2,1024,1024,3
173.61696561177573,set_2,1024,1024,3
3.6034733167300312,set_2,1024,1024,3
1619.2340211818525,set_2,1024,1024,3
13.997112274169922,set_2,1024,1024,3
271.9487931017737,set_2,1024,1024,3
45.40325037638346,set_2,1024,1024,3
157.83306327819173,set_2,1024,1024,3
420.2820638020833,set_2,1024,1024,3
11.45706971413397,set_2,1024,1024,3
229.15763092041016,set_2,1024,1024,3
212.4576218922933,set_2,1024,1024,3
205.84287134806314,set_2,1024,1024,3
369.65744270539534,set_2,1024,1024,3
2.628331502278646,set_2,1024,1024,3
377.32319323221844,set_2,1024,1024,3
147.58486302693686,set_2,1024,1024,3
42.68113581339518,set_2,1024,1024,3
307.7192951401997,set_2,1024,1024,3
103.67598088582356,set_2,1024,1024,3
410.20358646695405,set_2,1024,1024,3
241.59545199076334,set_2,1024,1024,3
7.767968175898717,set_2,1024,1024,3
664.2105498321841,set_2,1024,1024,3
22.036093709669178,set_2,1024,1024,3
15.09958320401335,set_2,1024,1024,3
56.93660354614258,set_2,1024,1024,3
252.96826871236166,set_2,1024,1024,3
2.0010356902494095,set_2,1024,1024,3
104.61178143819173,set_2,1024,1024,3
33.860888163248696,set_2,1024,1024,3
506.8236490885417,set_2,1024,1024,3
299.42124048868817,set_2,1024,1024,3
11.744473376388868,set_2,1024,1024,3
16.313293454935774,set_2,1024,1024,3
52.51716740926107,set_2,1024,1024,3
9.556029936774019,set_2,1024,1024,3
173.690379142192,set_2,1024,1024,3
79.24900944909798,set_2,1024,1024,3
100.58603604634602,set_2,1024,1024,3
69.47732925415039,set_2,1024,1024,3
3.5924072263296694,set_2,1024,1024,3
5.350701649977247,set_2,1024,1024,3
362.33144696553546,set_2,1024,1024,3
1.7935234667965139,set_2,1024,1024,3
331.44870493637853,set_2,1024,1024,3
176.95625833999816,set_2,1024,1024,3
111.86089348536659,set_2,1024,1024,3
86.05296643575032,set_2,1024,1024,3
99.16174443562825,set_2,1024,1024,3
419.9396266937256,set_2,1024,1024,3
199.93920199076334,set_2,1024,1024,3
30.542781194051106,set_2,1024,1024,3
1.6512419347014298,set_2,1024,1024,3
127.75290551791356,set_2,1024,1024,3
197.66925747597432,set_2,1024,1024,3
363.14977773030597,set_2,1024,1024,3
134.0106169382731,set_2,1024,1024,3
513.757656733195,set_2,1024,1024,3
106.87463315327962,set_2,1024,1024,3
189.44069385152213,set_2,1024,1024,3
268.3819936116536,set_2,1024,1024,3
39.5512812874607,set_2,1024,1024,3
92.89738782246907,set_2,1024,1024,3
95.49853706359863,set_2,1024,1024,3
181.22392145792642,set_2,1024,1024,3
169.03192806095907,set_2,1024,1024,3
5.603226343787052,set_2,1024,1024,3
5.572071710129328,set_2,1024,1024,3
25.15633710225423,set_2,1024,1024,3
342.116573292605,set_2,1024,1024,3
19.387709935506184,set_2,1024,1024,3
248.38223641309446,set_2,1024,1024,3
145.22602526346842,set_2,1024,1024,3
2.223796524909327,set_2,1024,1024,3
67.40979131062825,set_2,1024,1024,3
429.0368715922038,set_2,1024,1024,3
470.2483736277979,set_2,1024,1024,3
50.91562143961588,set_2,1024,1024,3
69.48874123877353,set_2,1024,1024,3
41.56729793547719,set_2,1024,1024,3
132.53407186002985,set_2,1024,1024,3
528.4414151509603,set_2,1024,1024,3
1117.521432876587,set_2,1024,1024,3
145.4327233621875,set_2,1024,1024,3
122.59856462835012,set_2,1024,1024,3
245.33349672953287,set_2,1024,1024,3
523.84006690979,set_2,1024,1024,3
50.47983487447103,set_2,1024,1024,3
118.51808547973633,set_2,1024,1024,3
187.28486023299845,set_2,1024,1024,3
56.63535308425531,set_2,1024,1024,3
56.63315645853678,set_2,1024,1024,3
241.31198053414937,set_2,1024,1024,3
1.539606090154848,set_2,1024,1024,3
85.29040618533064,set_2,1024,1024,3
182.13548024495444,set_2,1024,1024,3
436.3894831244873,set_2,1024,1024,3
128.2362321217855,set_2,1024,1024,3
213.93106651306152,set_2,1024,1024,3
817.5136216481527,set_2,1024,1024,3
56.147621154785156,set_2,1024,1024,3
197.53393395630417,set_2,1024,1024,3
83.56454467773438,set_2,1024,1024,3
20.741980870564777,set_2,1024,1024,3
528.290978104098,set_2,1024,1024,3
277.53653653264627,set_2,1024,1024,3
592.6833942200168,set_2,1024,1024,3
478.84271240234375,set_2,1024,1024,3
2.0251626790970723,set_2,1024,1024,3
152.0804532368978,set_2,1024,1024,3
479.04259453168544,set_2,1024,1024,3
299.62947209676105,set_2,1024,1024,3
319.724370320638,set_2,1024,1024,3
491.1461238861084,set_2,1024,1024,3
57.82622273763021,set_2,1024,1024,3
284.28014246622723,set_2,1024,1024,3
192.69400055000406,set_2,1024,1024,3
73.62697410583496,set_2,1024,1024,3
145.53904406229654,set_2,1024,1024,3
276.663946279677,set_2,1024,1024,3
262.57709024562445,set_2,1024,1024,3
211.8967539469401,set_2,1024,1024,3
135.00638545420318,set_2,1024,1024,3
157.84923934936523,set_2,1024,1024,3
64.49721781412761,set_2,1024,1024,3
202.48302141818547,set_2,1024,1024,3
5.366670490213025,set_2,1024,1024,3
65.45195134480794,set_2,1024,1024,3
44.31143887837728,set_2,1024,1024,3
1023.6676909128824,set_2,1024,1024,3
220.5523389164964,set_2,1024,1024,3
120.49675004318313,set_2,1024,1024,3
1335.7311914617555,set_2,1024,1024,3
9.585191722642387,set_2,1024,1024,3
172.54746627807617,set_2,1024,1024,3
142.3984057108561,set_2,1024,1024,3
147.70821919989325,set_2,1024,1024,3
121.45006561279297,set_2,1024,1024,3
1.721763292685561,set_2,1024,1024,3
234.63848620538678,set_2,1024,1024,3
217.23727217441706,set_2,1024,1024,3
417.2979431152344,set_2,1024,1024,3
58.65392303466797,set_2,1024,1024,3
374.3278528849284,set_2,1024,1024,3
67.40604718526204,set_2,1024,1024,3
110.06262767579324,set_2,1024,1024,3
199.77657572428384,set_2,1024,1024,3
248.9554983774821,set_2,1024,1024,3
4.1761423746744795,set_2,1024,1024,3
5.265208767203036,set_2,1024,1024,3
218.4353599449969,set_2,1024,1024,3
345.7347609202067,set_2,1024,1024,3
270.02875068066766,set_2,1024,1024,3
409.5206826527913,set_2,1024,1024,3
186.94629987080893,set_2,1024,1024,3
9.780112886715566,set_2,1024,1024,3
52.58818275843789,set_2,1024,1024,3
516.8185888926188,set_2,1024,1024,3
45.16674995422363,set_2,1024,1024,3
1315.8365205128327,set_2,1024,1024,3
167.65897076100939,set_2,1024,1024,3
744.404733339809,set_2,1024,1024,3
80.70562108357747,set_2,1024,1024,3
1050.8179146389236,set_2,1024,1024,3
128.34597396850586,set_2,1024,1024,3
385.0852743784587,set_2,1024,1024,3
53.357704162597656,set_2,1024,1024,3
2.011145907812739,set_2,1024,1024,3
162.62902641296387,set_2,1024,1024,3
6.8638655344645185,set_2,1024,1024,3
70.95218594868977,set_2,1024,1024,3
274.8055877685547,set_2,1024,1024,3
37.1121762964296,set_2,1024,1024,3
762.8158609090924,set_2,1024,1024,3
203.28230476379395,set_2,1024,1024,3
196.17514578245945,set_2,1024,1024,3
165.52358945210776,set_2,1024,1024,3
323.1068396263824,set_2,1024,1024,3
2.109772675618842,set_2,1024,1024,3
495.6875588099012,set_2,1024,1024,3
451.2135326559842,set_2,1024,1024,3
4.675580342610677,set_2,1024,1024,3
203.01872126261392,set_2,1024,1024,3
170.47839864095053,set_2,1024,1024,3
2.306662868665929,set_2,1024,1024,3
63.259236653645836,set_2,1024,1024,3
99.56540616353352,set_2,1024,1024,3
481.96938451131183,set_2,1024,1024,3
240.62196604410806,set_2,1024,1024,3
394.1754605828741,set_2,1024,1024,3
154.21985371907553,set_2,1024,1024,3
23.106659571329754,set_2,1024,1024,3
59.822963078816734,set_2,1024,1024,3
797.2117573410296,set_2,1024,1024,3
2.030868210853138,set_2,1024,1024,3
273.4809996287028,set_2,1024,1024,3
113.88059933834786,set_2,1024,1024,3
402.7552293141683,set_2,1024,1024,3
84.02591641743977,set_2,1024,1024,3
216.44733619572068,set_2,1024,1024,3
2.499956130126122,set_2,1024,1024,3
303.3715553280719,set_2,1024,1024,3
544.8980585718494,set_2,1024,1024,3
6.514894485473633,set_2,1024,1024,3
486.8122202555339,set_2,1024,1024,3
243.70604515075684,set_2,1024,1024,3
1137.750759025753,set_2,1024,1024,3
55.36387239396572,set_2,1024,1024,3
919.7897122499384,set_2,1024,1024,3
485.96008046468097,set_2,1024,1024,3
31.232179641723633,set_2,1024,1024,3
668.0625076225634,set_2,1024,1024,3
3.1641257567865373,set_2,1024,1024,3
320.369389851888,set_2,1024,1024,3
39.46819305419922,set_2,1024,1024,3
247.1403058139058,set_2,1024,1024,3
198.31986386342007,set_2,1024,1024,3
166.1296564734789,set_2,1024,1024,3
184.94186750032316,set_2,1024,1024,3
2.152633976326191,set_2,1024,1024,3
173.1645762125651,set_2,1024,1024,3
127.27376683218303,set_2,1024,1024,3
116.8250846862793,set_2,1024,1024,3
134.52344449361166,set_2,1024,1024,3
72.241289731354,set_2,1024,1024,3
335.8878523273925,set_2,1024,1024,3
71.10573387145996,set_2,1024,1024,3
254.63007510270847,set_2,1024,1024,3
93.43630185399756,set_2,1024,1024,3
25.96262486775716,set_2,1024,1024,3
751.2208550771078,set_2,1024,1024,3
35.78627332051595,set_2,1024,1024,3
187.44155087386426,set_2,1024,1024,3
143.87015742757134,set_2,1024,1024,3
220.9144662221273,set_2,1024,1024,3
115.5107962290446,set_2,1024,1024,3
387.4781328837077,set_2,1024,1024,3
271.18380069797473,set_2,1024,1024,3
871.3415002455428,set_2,1024,1024,3
357.4767138163249,set_2,1024,1024,3
2.14518006638203,set_2,1024,1024,3
208.6162620961712,set_2,1024,1024,3
4.6304419834776835,set_2,1024,1024,3
554.6865374247233,set_2,1024,1024,3
3.4729197775036904,set_2,1024,1024,3
98.94210370381673,set_2,1024,1024,3
164.19660248840128,set_2,1024,1024,3
203.34631883274383,set_2,1024,1024,3
194.98287454367187,set_2,1024,1024,3
103.79310925801595,set_2,1024,1024,3
50.80382727642731,set_2,1024,1024,3
4.7625471750895185,set_2,1024,1024,3
210.63703282674155,set_2,1024,1024,3
409.7285191053948,set_2,1024,1024,3
39.36787414550781,set_2,1024,1024,3
38.654087702433266,set_2,1024,1024,3
231.44745190938315,set_2,1024,1024,3
839.8744898119554,set_2,1024,1024,3
36.85305150349935,set_2,1024,1024,3
529.8823477427164,set_2,1024,1024,3
1292.5277449289958,set_2,1024,1024,3
321.0904897054036,set_2,1024,1024,3
359.7639729132593,set_2,1024,1024,3
202.37202704550762,set_2,1024,1024,3
104.18868348566157,set_2,1024,1024,3
1225.1343167615435,set_2,1024,1024,3
35.2600212097168,set_2,1024,1024,3
2228.0577234194134,set_2,1024,1024,3
531.4458980560303,set_2,1024,1024,3
52.34718004791163,set_2,1024,1024,3
378.0212167104085,set_2,1024,1024,3
565.9253538335291,set_2,1024,1024,3
286.86151497554897,set_2,1024,1024,3
35.23635164896647,set_2,1024,1024,3
51.21897342514901,set_2,1024,1024,3
156.55169359842935,set_2,1024,1024,3
54.9312375386556,set_2,1024,1024,3
1.8357378625207497,set_2,1024,1024,3
422.8058681488037,set_2,1024,1024,3
16.038707097371418,set_2,1024,1024,3
53.77262715773381,set_2,1024,1024,3
251.82489140828451,set_2,1024,1024,3
149.51372386416097,set_2,1024,1024,3
353.42105229695636,set_2,1024,1024,3
172.23248452623304,set_2,1024,1024,3
2.740186373329585,set_2,1024,1024,3
138.77873992919922,set_2,1024,1024,3
34.46907869974772,set_2,1024,1024,3
187.320482885183,set_2,1024,1024,3
4.19266287101497,set_2,1024,1024,3
374.18033559860777,set_2,1024,1024,3
400.1637026468913,set_2,1024,1024,3
28.801557858783706,set_2,1024,1024,3
184.6947263080696,set_2,1024,1024,3
286.6417649281302,set_2,1024,1024,3
477.716176986614,set_2,1024,1024,3
402.775385538737,set_2,1024,1024,3
344.9849198659261,set_2,1024,1024,3
33.83505503336588,set_2,1024,1024,3
229.47819646199545,set_2,1024,1024,3
287.1805833180745,set_2,1024,1024,3
2.1712217330923522,set_2,1024,1024,3
651.3912048339844,set_2,1024,1024,3
55.905293138034416,set_2,1024,1024,3
1100.374853707787,set_2,1024,1024,3
12.421999294262207,set_2,1024,1024,3
344.22486813863117,set_2,1024,1024,3
384.3047682444255,set_2,1024,1024,3
358.8002560933431,set_2,1024,1024,3
54.96138381958008,set_2,1024,1024,3
79.13121668497722,set_2,1024,1024,3
276.8671620686849,set_2,1024,1024,3
10.956567764282227,set_2,1024,1024,3
300.15813636779785,set_2,1024,1024,3
111.18184153238933,set_2,1024,1024,3
1.9084828692705067,set_2,1024,1024,3
102.65634245270314,set_2,1024,1024,3
102.85358874003093,set_2,1024,1024,3
254.45664596557617,set_2,1024,1024,3
183.12183728475864,set_2,1024,1024,3
86.5522412276526,set_2,1024,1024,3
261.35423278808594,set_2,1024,1024,3
5.222711553893723,set_2,1024,1024,3
127.7480239779622,set_2,1024,1024,3
667.1921869913737,set_2,1024,1024,3
3.8054383594992167,set_2,1024,1024,3
767.7711387051004,set_2,1024,1024,3
64.93452008565266,set_2,1024,1024,3
1137.9145806610636,set_2,1024,1024,3
4.245831467899925,set_2,1024,1024,3
523.6985168457031,set_2,1024,1024,3
206.34885215727664,set_2,1024,1024,3
439.25122766962073,set_2,1024,1024,3
156.7175420119166,set_2,1024,1024,3
189.26287389953873,set_2,1024,1024,3
70.83458964029948,set_2,1024,1024,3
2.9222316723797612,set_2,1024,1024,3
291.8507757182359,set_2,1024,1024,3
35.28355344136556,set_2,1024,1024,3
3.048888841634128,set_2,1024,1024,3
3.925763437339699,set_2,1024,1024,3
93.558661770386,set_2,1024,1024,3
398.28280385335285,set_2,1024,1024,3
5.582985238125123,set_2,1024,1024,3
673.3438662578303,set_2,1024,1024,3
96.77025731404622,set_2,1024,1024,3
86.89703432718913,set_2,1024,1024,3
536.4938893728928,set_2,1024,1024,3
201.7255773428171,set_2,1024,1024,3
184.62207824320964,set_2,1024,1024,3
507.9891897837321,set_2,1024,1024,3
317.87037658691406,set_2,1024,1024,3
64.7670358022054,set_2,1024,1024,3
1.549585024486582,set_2,1024,1024,3
44.050716400146484,set_2,1024,1024,3
183.75776036580405,set_2,1024,1024,3
111.96914736429851,set_2,1024,1024,3
186.57283951558762,set_2,1024,1024,3
73.3313731471032,set_2,1024,1024,3
191.01121167785877,set_2,1024,1024,3
98.79164568583171,set_2,1024,1024,3
280.21439297993976,set_2,1024,1024,3
468.9350331624349,set_2,1024,1024,3
142.00220108032227,set_2,1024,1024,3
220.1358365383477,set_2,1024,1024,3
20.398841857910156,set_2,1024,1024,3
90.8169428507487,set_2,1024,1024,3
63.78037707010905,set_2,1024,1024,3
143.0717398325602,set_2,1024,1024,3
178.5660025214553,set_2,1024,1024,3
215.0287183125814,set_2,1024,1024,3
152.54018782230432,set_2,1024,1024,3
1199.8447926772967,set_3,256,256,3
296.0164791741589,set_3,1024,1024,3
126.52106666564941,set_3,1024,1024,3
107.33451080322266,set_3,1024,1024,3
31.54669691245107,set_3,1024,1024,3
1441.1359395881236,set_3,256,256,3
201.16012112454823,set_3,1024,1024,3
40.74399627869328,set_3,256,256,3
2905.3714453782627,set_3,256,256,3
963.8866022558492,set_3,192,256,3
120.14390182495117,set_3,1024,1024,3
1370.0391965399806,set_3,256,256,3
334.262970606486,set_3,1024,1024,3
128.89717292785645,set_3,1024,1024,3
129.69834009806314,set_3,1024,1024,3
5228.866259866291,set_3,256,256,3
1990.2107116807408,set_3,256,256,3
220.01372750432122,set_3,1024,1024,3
449.99795786539715,set_3,1024,1024,3
79.80853017171223,set_3,1024,1024,3
1055.035072784845,set_3,256,256,3
43.45758946736654,set_3,1024,1024,3
2890.1670945255446,set_3,256,256,3
920.9116235425075,set_3,256,256,3
121.94432195027669,set_3,1024,1024,3
164.11029116312662,set_3,1024,1024,3
4.237597125679002,set_3,1024,1024,3
445.1471583048503,set_3,1024,1024,3
277.47717603047687,set_3,1024,1024,3
1115.6736367543538,set_3,1024,1024,3
365.5333909965966,set_3,1024,1024,3
76.47002410888672,set_3,1024,1024,3
1409.7086340485967,set_3,256,256,3
3796.8793379051817,set_3,256,256,3
577.1884859873811,set_3,256,256,3
235.43894958099682,set_3,1024,1024,3
196.64793201017883,set_3,1024,1024,3
658.9331849416097,set_3,1024,1024,3
196.33324366855894,set_3,1024,1024,3
4503.75937784088,set_3,256,256,3
130.73670113876884,set_3,1024,1024,3
2870.0170252793982,set_3,256,256,3
142.87225786844888,set_3,1024,1024,3
60.588985443115234,set_3,1024,1024,3
641.3105875371447,set_3,1024,1024,3
323.5932244978115,set_3,1024,1024,3
12616.804197964537,set_3,256,256,3
4896.963170445524,set_3,256,256,3
58.36854570069247,set_3,256,256,3
263.17571512858075,set_3,1024,1024,3
2750.870671981635,set_3,256,256,3
56.77516492207845,set_3,1024,1024,3
2410.5525933690114,set_3,256,256,3
60.4472770690918,set_3,1024,1024,3
217.27259508768717,set_3,1024,1024,3
389.5623467763265,set_3,1024,1024,3
700.5867285028929,set_3,256,256,3
375.19778378804523,set_3,1024,1024,3
2475.170497419907,set_3,256,256,3
145.7024097442627,set_3,1024,1024,3
482.1904734105626,set_3,1024,1024,3
134.21388308207193,set_3,1024,1024,3
187.93975479622182,set_3,1024,1024,3
2.380978259980717,set_3,1024,1024,3
586.7771652605539,set_3,256,256,3
9301.52627654115,set_3,256,256,3
415.9706211090088,set_3,1024,1024,3
1647.1504339996934,set_3,256,256,3
3893.8415983889463,set_3,256,256,3
17343.365971552797,set_3,256,256,3
2.2454552706072373,set_3,1024,1024,3
264.4006013818182,set_3,1024,1024,3
1394.5520578858495,set_3,256,256,3
235.49718030293783,set_3,1024,1024,3
199.66234079996744,set_3,1024,1024,3
124.47018525931351,set_3,1024,1024,3
60.7843074798584,set_3,1024,1024,3
29.559816360473633,set_3,1024,1024,3
313.2783342997233,set_3,1024,1024,3
236.12100847520756,set_3,256,256,3
2185.171597535308,set_3,256,256,3
316.4737246389742,set_3,1024,1024,3
60.76109250386556,set_3,1024,1024,3
1.9192886352522889,set_3,1024,1024,3
352.89757398963917,set_3,1024,1024,3
612.7988656361898,set_3,1024,1024,3
87.67017944940987,set_3,256,256,3
40.23908805847168,set_3,1024,1024,3
70.26698239644368,set_3,1024,1024,3
46.243218739827476,set_3,1024,1024,3
3476.151875280853,set_3,256,256,3
13.709441502888998,set_3,1024,1024,3
2639.5980537142345,set_3,256,256,3
226.24884541829428,set_3,1024,1024,3
305.5095297495524,set_3,1024,1024,3
80.19630241394043,set_3,1024,1024,3
101.37672996520996,set_3,1024,1024,3
13.561864852905273,set_3,1024,1024,3
301.5662949879964,set_3,1024,1024,3
96.33896381811549,set_3,1024,1024,3
67.10777506190868,set_3,256,256,3
67.73603947729983,set_3,1024,1024,3
7350.99433166689,set_3,256,256,3
776.3893767965492,set_3,256,256,3
851.6204086287307,set_3,256,256,3
414.0611837695171,set_3,1024,1024,3
892.5920150774376,set_3,256,256,3
601.1963418324789,set_3,1024,1024,3
5079.093827754156,set_3,256,256,3
94.024840037028,set_3,1024,1024,3
127.78051058451335,set_3,1024,1024,3
412.79121081034344,set_3,1024,1024,3
279.77599191456085,set_3,1024,1024,3
698.2602961858114,set_3,256,256,3
63.03579966227213,set_3,1024,1024,3
7.328783321365639,set_3,1024,1024,3
1015.5776920318604,set_3,1024,1024,3
513.8510824839274,set_3,1024,1024,3
33.53551483147503,set_3,1024,1024,3
134.8756866455078,set_3,1024,1024,3
1378.3366721048694,set_3,256,256,3
63.43132400512695,set_3,1024,1024,3
59.38525644938151,set_3,1024,1024,3
168.4771219686505,set_3,1024,1024,3
5391.330608445737,set_3,256,256,3
19.74339421590169,set_3,1024,1024,3
2045.7432053361297,set_3,256,256,3
8.65711530049642,set_3,1024,1024,3
96.84489842411604,set_3,1024,1024,3
2490.51051797097,set_3,192,256,3
1319.4817498915838,set_3,1024,1024,3
4.784915287396454,set_3,1024,1024,3
2300.43958725281,set_3,256,256,3
196.33540821073174,set_3,1024,1024,3
57.6257692972819,set_3,1024,1024,3
92.70128568013509,set_3,1024,1024,3
2.7587413787841797,set_3,1024,1024,3
493.9342189725077,set_3,256,256,3
9059.521617461824,set_3,256,256,3
7571.2243174599835,set_3,256,256,3
167.84000901884605,set_3,1024,1024,3
2231.772871375058,set_3,256,256,3
4023.9120223247955,set_3,256,256,3
124.33971659342448,set_3,1024,1024,3
114.77289766288534,set_3,1024,1024,3
464.47243817647296,set_3,1024,1024,3
35.921275773763426,set_3,1024,1024,3
918.5133507698516,set_3,256,256,3
16.50388781229655,set_3,1024,1024,3
492.4378613575907,set_3,1024,1024,3
8684.362247949854,set_3,256,256,3
114.97813924153645,set_3,1024,1024,3
2653.1460331398735,set_3,256,256,3
142.48090744013663,set_3,1024,1024,3
82.23209984743842,set_3,1024,1024,3
207.2693214416504,set_3,1024,1024,3
7039.155027468896,set_3,256,256,3
47.94273885091146,set_3,1024,1024,3
2636.362812456054,set_3,256,256,3
42.2564640045166,set_3,1024,1024,3
4392.877542468306,set_3,256,256,3
215.9371134440104,set_3,1024,1024,3
308.6553822792953,set_3,1024,1024,3
56.327128417557105,set_3,256,256,3
19.013060251871746,set_3,1024,1024,3
352.8636196497514,set_3,1024,1024,3
311.12593777639677,set_3,1024,1024,3
197.14599800109863,set_3,1024,1024,3
110.33962876556649,set_3,256,256,3
10.764575882465195,set_3,1024,1024,3
1080.1449037065731,set_3,1024,1024,3
94.16797129313152,set_3,1024,1024,3
8685.36086345834,set_3,256,256,3
658.8990790049235,set_3,1024,1024,3
1940.6115682981908,set_3,256,256,3
875.2514276304787,set_3,1024,1024,3
46.702988942464195,set_3,1024,1024,3
131.44800440470377,set_3,1024,1024,3
578.6450576177643,set_3,256,256,3
95.14407857259114,set_3,1024,1024,3
7.211843490600586,set_3,1024,1024,3
214.4732869466146,set_3,1024,1024,3
0.8269672393798828,set_3,1024,1024,3
63.83939870198568,set_3,1024,1024,3
161.70575332641602,set_3,1024,1024,3
6354.000250604599,set_3,256,256,3
69.2354977273434,set_3,256,256,3
9390.860377058774,set_3,256,256,3
86.62322998046875,set_3,1024,1024,3
3.1031405110645394,set_3,1024,1024,3
2.1534668601904436,set_3,1024,1024,3
217.6757024129232,set_3,1024,1024,3
8345.952676985002,set_3,256,256,3
209.77344608305668,set_3,1024,1024,3
48.91867637634277,set_3,1024,1024,3
144.01544890294062,set_3,256,256,3
2491.4000934784353,set_3,256,256,3
1397.8692054748535,set_3,1024,1024,3
429.28967665512073,set_3,1024,1024,3
5221.419184842043,set_3,256,256,3
198.1696980703321,set_3,1024,1024,3
93.98089977864583,set_3,1024,1024,3
171.5857137044271,set_3,256,256,3
871.8584366809602,set_3,1024,1024,3
475.4657389322917,set_3,1024,1024,3
88.36696208014966,set_3,1024,1024,3
100.17723363697426,set_3,256,256,3
5157.075334231653,set_3,256,256,3
2.36281839577674,set_3,1024,1024,3
4482.932398997014,set_3,256,256,3
633.737015668209,set_3,1024,1024,3
9425.844863738219,set_3,256,256,3
378.0628629717941,set_3,1024,1024,3
572.2641297380129,set_3,256,256,3
5856.401687234225,set_3,256,256,3
674.4255818449299,set_3,1024,1024,3
8310.52838791369,set_3,256,256,3
119.15645630033718,set_3,1024,1024,3
239.12746365865073,set_3,1024,1024,3
2553.5395080819467,set_3,256,256,3
163.26184527073443,set_3,1024,1024,3
431.3598454793294,set_3,1024,1024,3
311.4160546026826,set_3,1024,1024,3
49.16687176614585,set_3,256,256,3
565.4645595550537,set_3,1024,1024,3
14910.8642215,set_3,256,256,3
115.82329495747884,set_3,1024,1024,3
360.4023100535075,set_3,1024,1024,3
4.273332277925571,set_3,1024,1024,3
1.7052373850010554,set_3,1024,1024,3
621.0554869807571,set_3,1024,1024,3
273.1571901404822,set_3,1024,1024,3
8213.925286444422,set_3,256,256,3
194.23985000627772,set_3,1024,1024,3
105.89285118483144,set_3,1024,1024,3
1027.2242495467265,set_3,256,256,3
34.37997309366862,set_3,1024,1024,3
881.2811626913802,set_3,256,256,3
4169.708656849857,set_3,256,256,3
8697.252623612581,set_3,256,256,3
101.24601364135742,set_3,1024,1024,3
5488.199640740019,set_3,256,256,3
157.07962226867676,set_3,1024,1024,3
11.250039418538412,set_3,1024,1024,3
4.3662900924657295,set_3,1024,1024,3
8.771908783158226,set_3,1024,1024,3
5.256600379567815,set_3,1024,1024,3
24.056821187322686,set_3,1024,1024,3
848.5312722186392,set_3,1024,1024,3
33.60014279556676,set_3,1024,1024,3
194.7316277820918,set_3,1024,1024,3
147.77705737907027,set_3,256,256,3
304.10696368758533,set_3,1024,1024,3
94.51127312743726,set_3,256,256,3
474.3034038543701,set_3,1024,1024,3
6752.090746478488,set_3,256,256,3
83.11409823099773,set_3,1024,1024,3
2920.8925766954976,set_3,256,256,3
58.09596951802572,set_3,1024,1024,3
3.6803760061286233,set_3,1024,1024,3
647.4282563527426,set_3,1024,1024,3
10218.858100864623,set_3,256,256,3
160.96011288960776,set_3,1024,1024,3
1449.1995822314382,set_3,256,256,3
1.937144276795052,set_3,1024,1024,3
339.1674944559733,set_3,1024,1024,3
4387.178654280775,set_3,256,256,3
319.00071907043457,set_3,1024,1024,3
452.97172927856445,set_3,1024,1024,3
1428.6365395370458,set_3,256,256,3
40.72156080634001,set_3,1024,1024,3
318.42198244730633,set_3,1024,1024,3
252.09156354268393,set_3,1024,1024,3
115.92662175496419,set_3,1024,1024,3
5.707238514878152,set_3,1024,1024,3
5.130968963678736,set_3,1024,1024,3
221.93751105741993,set_3,1024,1024,3
7030.6809099390075,set_3,256,256,3
793.9171978555775,set_3,256,256,3
10133.78851254119,set_3,256,256,3
37.444274266560875,set_3,1024,1024,3
1201.2645356638563,set_3,256,256,3
104.80504926045735,set_3,1024,1024,3
8698.502298030591,set_3,256,256,3
93.76324081420898,set_3,1024,1024,3
7729.350054244097,set_3,256,256,3
908.6281677561564,set_3,1024,1024,3
470.72626368204754,set_3,1024,1024,3
3555.1355186129335,set_3,256,256,3
745.1929244756853,set_3,256,256,3
137.2448354942931,set_3,256,256,3
300.061669031779,set_3,1024,1024,3
4391.629289408421,set_3,256,256,3
4629.840977247778,set_3,256,256,3
144.7280159864782,set_3,256,256,3
395.9067595666614,set_3,1024,1024,3
134.22364455707893,set_3,1024,1024,3
5628.545632441735,set_3,256,256,3
218.5818951863466,set_3,1024,1024,3
261.6225217183431,set_3,1024,1024,3
873.617118816176,set_3,256,256,3
221.90807660420737,set_3,1024,1024,3
146.6551192543794,set_3,1024,1024,3
6995.922606820008,set_3,256,256,3
8806.000999816357,set_3,256,256,3
156.20868266901363,set_3,1024,1024,3
67.84918305019123,set_3,256,256,3
150.81102434794107,set_3,1024,1024,3
4499.605174604777,set_3,256,256,3
73.31321202028202,set_3,1024,1024,3
1812.5952891638865,set_3,256,256,3
176.57875409984584,set_3,1024,1024,3
161.2682819366455,set_3,1024,1024,3
293.29103024800617,set_3,1024,1024,3
4685.892466584609,set_3,256,256,3
7740.275135149325,set_3,256,256,3
6033.277987984294,set_3,256,256,3
214.9727306239307,set_3,1024,1024,3
59.186485290527344,set_3,1024,1024,3
2629.4673285185263,set_3,256,256,3
222.5765390335464,set_3,1024,1024,3
8.158972102959437,set_3,1024,1024,3
939.9392267395659,set_3,1024,1024,3
154.22277290284137,set_3,1024,1024,3
28.700490951538086,set_3,1024,1024,3
181.75878856396642,set_3,1024,1024,3
586.6770226296783,set_3,1024,1024,3
61.265263907507865,set_3,256,256,3
203.3294324660117,set_3,1024,1024,3
120.55978139241536,set_3,1024,1024,3
418.1883265177409,set_3,1024,1024,3
202.3964614586439,set_3,1024,1024,3
356.388923771634,set_3,1024,1024,3
5.86207898457845,set_3,1024,1024,3
298.22857093811035,set_3,1024,1024,3
200.75786650244825,set_3,1024,1024,3
266.67333094278973,set_3,1024,1024,3
461.4382438659668,set_3,1024,1024,3
5701.289737343762,set_3,256,256,3
642.8533560351158,set_3,1024,1024,3
49.49013646443685,set_3,1024,1024,3
39.34389750035998,set_3,256,256,3
6176.018772776937,set_3,256,256,3
162.78600120544434,set_3,1024,1024,3
15387.638227569456,set_3,256,256,3
105.84014733541194,set_3,1024,1024,3
2.034293486814325,set_3,1024,1024,3
8865.989338219062,set_3,256,256,3
58.01834137657269,set_3,1024,1024,3
34.186618169148765,set_3,1024,1024,3
91.0878745824733,set_3,1024,1024,3
7245.580123655397,set_3,256,256,3
493.20241864522296,set_3,1024,1024,3
374.8011649110881,set_3,1024,1024,3
4007.3697605066814,set_3,256,256,3
160.94291877746582,set_3,1024,1024,3
3240.6624781948826,set_3,256,256,3
672.3134072621664,set_3,1024,1024,3
94.26168314615886,set_3,1024,1024,3
7.59469731648763,set_3,1024,1024,3
174.71755663553873,set_3,1024,1024,3
281.7923227945964,set_3,1024,1024,3
382.48273290347214,set_3,1024,1024,3
146.07023938496908,set_3,1024,1024,3
47.4065965016683,set_3,1024,1024,3
677.992048731564,set_3,1024,1024,3
2.1743138625036713,set_3,1024,1024,3
2.2309646591893397,set_3,1024,1024,3
57.4083054860433,set_3,1024,1024,3
210.18441134757032,set_3,1024,1024,3
29.001030604044598,set_3,1024,1024,3
379.92443720499676,set_3,1024,1024,3
16.56254481682338,set_3,1024,1024,3
576.6796124776205,set_3,1024,1024,3
20175.172211865556,set_3,256,256,3
1589.4457280900485,set_3,256,256,3
160.94374179832644,set_3,1024,1024,3
67.9091370900472,set_3,1024,1024,3
1226.005160575086,set_3,256,256,3
3977.8062558949973,set_3,256,256,3
325.8063329060872,set_3,1024,1024,3
283.9211362202962,set_3,1024,1024,3
6547.555192484185,set_3,256,256,3
12645.319179745982,set_3,256,256,3
91.73925971984863,set_3,1024,1024,3
257.54967816670734,set_3,1024,1024,3
120.17967669169109,set_3,1024,1024,3
838.4383871329483,set_3,256,256,3
303.3994629682646,set_3,1024,1024,3
309.1206245422363,set_3,1024,1024,3
281.0264352162679,set_3,1024,1024,3
3017.707607208751,set_3,256,256,3
99.47705968221028,set_3,1024,1024,3
180.20343588799005,set_3,1024,1024,3
165.45944277445474,set_3,1024,1024,3
49.58936754862467,set_3,1024,1024,3
58.375463241400816,set_3,256,256,3
5526.721795171888,set_3,256,256,3
91.10943760387526,set_3,1024,1024,3
8013.585932413504,set_3,256,256,3
3006.7323566480386,set_3,256,256,3
237.47472158943424,set_3,1024,1024,3
94.16096496582031,set_3,1024,1024,3
823.059991200765,set_3,1024,1024,3
83.61501557563636,set_3,256,256,3
4.074689547198129,set_3,1024,1024,3
14.211837768554688,set_3,1024,1024,3
308.02733675638837,set_3,1024,1024,3
4316.883254947736,set_3,256,256,3
185.39994550259053,set_3,1024,1024,3
569.3919436136881,set_3,1024,1024,3
834.4106337824431,set_3,1024,1024,3
5501.880573118079,set_3,256,256,3
58.95907211303711,set_3,1024,1024,3
4931.4694285355245,set_3,256,256,3
40.73608652750651,set_3,1024,1024,3
600.215754826006,set_3,1024,1024,3
266.2710768381755,set_3,1024,1024,3
51.025421778361,set_3,1024,1024,3
6647.395522917905,set_3,256,256,3
452.34310266931743,set_3,256,256,3
561.0510482788086,set_3,1024,1024,3
1416.3458739418747,set_3,256,256,3
416.85976727803546,set_3,1024,1024,3
31.592529296875,set_3,1024,1024,3
1454.6661199485357,set_3,192,256,3
184.62579727172852,set_3,1024,1024,3
1533.2832950471332,set_3,256,256,3
165.10173861162426,set_3,1024,1024,3
289.7381738953295,set_3,1024,1024,3
7775.081501203666,set_3,256,256,3
29.795822779337566,set_3,1024,1024,3
323.9981575012207,set_3,1024,1024,3
2809.971989044894,set_3,256,256,3
238.43456044783738,set_3,1024,1024,3
261.1299222310384,set_3,1024,1024,3
3916.1304519666714,set_3,256,256,3
50.8034611682718,set_3,256,256,3
41.90173275663843,set_3,1024,1024,3
197.06696096732358,set_3,1024,1024,3
414.2690053275631,set_3,256,256,3
106.83096758524577,set_3,1024,1024,3
273.5333359714762,set_3,1024,1024,3
3.5757897694901484,set_3,1024,1024,3
8378.066180946282,set_3,256,256,3
909.6989019611436,set_3,256,256,3
130.06157302856445,set_3,1024,1024,3
1.7008809880837574,set_3,1024,1024,3
9217.350093815063,set_3,256,256,3
71.2947489420573,set_3,1024,1024,3
225.1098349843264,set_3,1024,1024,3
1118.6286913553874,set_3,1024,1024,3
7347.551459093888,set_3,256,256,3
9288.557892739773,set_3,256,256,3
276.04759279886883,set_3,1024,1024,3
101.0515874207639,set_3,1024,1024,3
599.30184618632,set_3,1024,1024,3
884.3821605033913,set_3,256,256,3
185.0134812915284,set_3,256,256,3
6.344882329225764,set_3,1024,1024,3
51.02970186869303,set_3,1024,1024,3
4578.961262786114,set_3,256,256,3
4668.947769635252,set_3,256,256,3
6547.957690371176,set_3,256,256,3
148.82094701131186,set_3,1024,1024,3
138.41294225056967,set_3,1024,1024,3
7197.418755228918,set_3,256,256,3
35.401306788126625,set_3,1024,1024,3
5254.978410472058,set_3,256,256,3
331.5834426879883,set_3,1024,1024,3
386.64652632781446,set_3,1024,1024,3
91.82229550679524,set_3,1024,1024,3
180.06927553812662,set_3,1024,1024,3
357.501319249471,set_3,1024,1024,3
3237.938020466103,set_3,256,256,3
30.050350189208984,set_3,1024,1024,3
129.68842427339405,set_3,256,256,3
8532.228366249861,set_3,256,256,3
5408.545341295397,set_3,256,256,3
1799.0721412350476,set_3,256,256,3
289.3381408042267,set_3,1024,1024,3
7109.998426093177,set_3,256,256,3
29.126259485880535,set_3,1024,1024,3
8249.605722652437,set_3,256,256,3
212.28818800548711,set_3,256,256,3
10950.984394762976,set_3,256,256,3
3428.2209521125383,set_3,256,256,3
294.25351857631983,set_3,256,256,3
4083.164858417558,set_3,256,256,3
115.91605758666992,set_3,1024,1024,3
3784.477539320787,set_3,256,256,3
265.79029655456543,set_3,1024,1024,3
436.3930327097575,set_3,1024,1024,3
272.6913483937581,set_3,1024,1024,3
23.28361701965332,set_3,1024,1024,3
1582.5413931833773,set_3,1024,1024,3
317.5258017076541,set_3,256,256,3
136.3721129099528,set_3,1024,1024,3
685.5723239420112,set_3,1024,1024,3
1505.8260770719241,set_3,256,256,3
2749.385603971676,set_3,256,256,3
838.7661658202345,set_3,1024,1024,3
7240.878396523262,set_3,256,256,3
111.50497245788574,set_3,1024,1024,3
5.214952785649378,set_3,1024,1024,3
196.83916663702982,set_3,1024,1024,3
58.42863400777181,set_3,1024,1024,3
485.7959437283119,set_3,256,256,3
99.3260326385498,set_3,1024,1024,3
1318.28470993042,set_3,1024,1024,3
374.86340127794375,set_3,1024,1024,3
124.65248805385393,set_3,1024,1024,3
300.8879629770915,set_3,1024,1024,3
3386.3268723471297,set_3,256,256,3
1.876146615121395,set_3,1024,1024,3
391.3378969828288,set_3,1024,1024,3
46.798182708509415,set_3,1024,1024,3
1575.7305289735293,set_3,1024,1024,3
169.71186637878418,set_3,1024,1024,3
3786.314126754773,set_3,256,256,3
88.0912645905175,set_3,256,256,3
242.04514058425994,set_3,1024,1024,3
3.322979288914515,set_3,1024,1024,3
5369.239363716294,set_3,256,256,3
209.1512934366862,set_3,1024,1024,3
86.33913866678874,set_3,1024,1024,3
362.07123499446453,set_3,256,256,3
1524.4552513110295,set_3,256,256,3
6189.905395501189,set_3,256,256,3
257.96586990356445,set_3,1024,1024,3
2665.3047720944874,set_3,256,256,3
29.467464447021484,set_3,1024,1024,3
5.959113438924153,set_3,1024,1024,3
879.221217299475,set_3,256,256,3
1271.018456350138,set_3,192,256,3
528.0755990346273,set_3,1024,1024,3
190.1909824953198,set_3,1024,1024,3
363.0436274210612,set_3,1024,1024,3
65.31643128534391,set_3,1024,1024,3
163.2670105867243,set_3,256,256,3
85.78196144104004,set_3,1024,1024,3
174.757060646511,set_3,1024,1024,3
183.07523624799774,set_3,1024,1024,3
503.04513994852704,set_3,1024,1024,3
2.1812884011948577,set_3,1024,1024,3
41.165003937876065,set_3,256,256,3
200.33407719308534,set_3,1024,1024,3
354.3259557088216,set_3,1024,1024,3
55.63451592662992,set_3,256,256,3
177.9561373366189,set_3,1024,1024,3
1296.7713880832823,set_3,256,256,3
212.24688402786407,set_3,1024,1024,3
4.73454983847676,set_3,1024,1024,3
174.25975004688783,set_3,1024,1024,3
772.8564949035645,set_3,1024,1024,3
5.348072368779261,set_3,1024,1024,3
108.59152539571126,set_3,1024,1024,3
23.214572270711262,set_3,1024,1024,3
5154.536102798429,set_3,256,256,3
107.49435582505343,set_3,1024,1024,3
60.046215428601805,set_3,1024,1024,3
3356.887224597831,set_3,256,256,3
32.56329218546549,set_3,1024,1024,3
162.28922589619955,set_3,1024,1024,3
304.34606945846946,set_3,1024,1024,3
40.97633361816406,set_3,1024,1024,3
159.54848670167235,set_3,1024,1024,3
146.76921463012695,set_3,1024,1024,3
575.0829912821451,set_3,1024,1024,3
29.090736389160156,set_3,1024,1024,3
299.1068931818089,set_3,1024,1024,3
899.023355893687,set_3,256,256,3
3295.392675574869,set_3,256,256,3
859.8802692343792,set_3,256,256,3
571.7001834572762,set_3,1024,1024,3
67.9422779083252,set_3,1024,1024,3
173.04087892505856,set_3,1024,1024,3
62.447109858194985,set_3,1024,1024,3
180.8520475953992,set_3,1024,1024,3
109.85683186848958,set_3,1024,1024,3
156.80813498256933,set_3,256,256,3
2.212739295138211,set_3,1024,1024,3
3592.5017273692774,set_3,256,256,3
446.34656715393066,set_3,1024,1024,3
132.94495231858636,set_3,1024,1024,3
90.13932355198217,set_3,1024,1024,3
280.4369405110677,set_3,1024,1024,3
237.30026944478354,set_3,1024,1024,3
210.09453900655112,set_3,1024,1024,3
81.08063049552582,set_3,1024,1024,3
180.94784345920172,set_3,1024,1024,3
218.09870083433086,set_3,1024,1024,3
2.089001333961884,set_3,1024,1024,3
274.208698908488,set_3,1024,1024,3
192.03218015034864,set_3,1024,1024,3
660.2757899375996,set_3,256,256,3
73.57722918192546,set_3,1024,1024,3
142.30039531698594,set_3,1024,1024,3
3774.713588987684,set_3,256,256,3
216.21550956699585,set_3,256,256,3
696.9003624946863,set_3,256,256,3
479.85517247517123,set_3,1024,1024,3
5752.9886855483055,set_3,192,256,3
1840.9895614515733,set_3,256,256,3
876.5865492224434,set_3,256,256,3
98.08936818440755,set_3,1024,1024,3
3720.4494032857974,set_3,192,256,3
38.20777193705241,set_3,1024,1024,3
265.00207964579266,set_3,1024,1024,3
156.55991343379452,set_3,1024,1024,3
2998.4290532233813,set_3,256,256,3
250.81669627795046,set_3,1024,1024,3
189.03062565519747,set_3,1024,1024,3
2435.875212358829,set_3,256,256,3
67.29499117533366,set_3,1024,1024,3
84.17784690856934,set_3,1024,1024,3
4308.277545062101,set_3,256,256,3
352.7948525746663,set_3,1024,1024,3
4114.863916075788,set_3,256,256,3
7.6116844287703955,set_3,1024,1024,3
737.4087371041533,set_3,256,256,3
6575.944277668139,set_3,256,256,3
142.25668843394635,set_3,1024,1024,3
6404.519388192231,set_3,256,256,3
274.5400816599528,set_3,1024,1024,3
35.978012084314685,set_3,1024,1024,3
279.57613896661337,set_3,256,256,3
853.4051977793375,set_3,1024,1024,3
356.9303092956543,set_3,1024,1024,3
4693.111224209165,set_3,256,256,3
7151.575605163559,set_3,256,256,3
44.80207824707031,set_3,1024,1024,3
128.0963497160245,set_3,1024,1024,3
612.3712571461996,set_3,1024,1024,3
11.596089680989584,set_3,1024,1024,3
232.14812277098136,set_3,1024,1024,3
357.13894271850586,set_3,1024,1024,3
212.80776151021323,set_3,1024,1024,3
318.10034781643947,set_3,1024,1024,3
1275.6928094228108,set_3,1024,1024,3
346.1595309510714,set_3,1024,1024,3
73.59894116719563,set_3,1024,1024,3
34.536507079895166,set_3,256,256,3
33.00154240926107,set_3,1024,1024,3
2.1529951063921544,set_3,1024,1024,3
7894.332081487376,set_3,256,256,3
84.51079368591309,set_3,1024,1024,3
705.9167696634928,set_3,1024,1024,3
710.7669747670492,set_3,1024,1024,3
527.1863396962484,set_3,1024,1024,3
391.0377419789632,set_3,1024,1024,3
377.6635623579241,set_3,1024,1024,3
25.995655695597332,set_3,1024,1024,3
1474.0698836072243,set_3,256,256,3
7121.598444822531,set_3,256,256,3
2269.972882694254,set_3,256,256,3
264.2890332539876,set_3,1024,1024,3
179.62252679563176,set_3,1024,1024,3
115.64407825467045,set_3,1024,1024,3
2633.355742110147,set_3,256,256,3
201.04856173197427,set_3,1024,1024,3
248.3646679536706,set_3,1024,1024,3
4540.691444732016,set_3,256,256,3
2931.9859164014547,set_3,192,256,3
3966.8734838372457,set_3,256,256,3
1049.6592651261792,set_3,256,256,3
4167.288441535679,set_3,256,256,3
139.08898544311523,set_3,1024,1024,3
12.015077907633193,set_3,1024,1024,3
46.95199966430664,set_3,1024,1024,3
78.6555887858073,set_3,1024,1024,3
1306.8895706397534,set_3,256,256,3
433.6344044479386,set_3,256,256,3
2352.6699409707353,set_3,256,256,3
77.98577562967937,set_3,1024,1024,3
192.1374540191383,set_3,1024,1024,3
60.97325325012207,set_3,1024,1024,3
147.45363394406965,set_3,1024,1024,3
6660.7537431303,set_3,256,256,3
1036.516092936198,set_3,1024,1024,3
2773.8702601930904,set_3,256,256,3
3615.3657996637953,set_3,256,256,3
111.38967577616374,set_3,1024,1024,3
380.7849917941624,set_3,256,256,3
191.8991608729594,set_3,1024,1024,3
211.33907380999804,set_3,1024,1024,3
211.59441216378437,set_3,1024,1024,3
96.90494028727214,set_3,1024,1024,3
32.783364613850914,set_3,1024,1024,3
182.24604923432676,set_3,1024,1024,3
238.82567660013834,set_3,1024,1024,3
3987.46617060773,set_3,256,256,3
123.13549612049195,set_3,1024,1024,3
105.15681456793745,set_3,1024,1024,3
3440.0655892482027,set_3,256,256,3
158.47245279802397,set_3,1024,1024,3
179.05303827921549,set_3,1024,1024,3
23.952316919962566,set_3,1024,1024,3
8125.19179867208,set_3,256,256,3
4293.653638616178,set_3,256,256,3
653.108198153802,set_3,1024,1024,3
482.8176243427054,set_3,1024,1024,3
11.961648939817286,set_3,1024,1024,3
190.82117077928925,set_3,1024,1024,3
462.45027342714116,set_3,1024,1024,3
316.4505837758382,set_3,1024,1024,3
82.95645586649577,set_3,1024,1024,3
211.72808583577475,set_3,1024,1024,3
39.883697509765625,set_3,1024,1024,3
219.02268981933594,set_3,1024,1024,3
2881.043064193154,set_3,256,256,3
1528.9068844793962,set_3,1024,1024,3
79.07351303100586,set_3,1024,1024,3
174.16962242126465,set_3,1024,1024,3
60.72230084737142,set_3,1024,1024,3
650.9258050417735,set_3,256,256,3
543.1454563140869,set_3,1024,1024,3
32.54140074013008,set_3,256,256,3
145.76787722384265,set_3,1024,1024,3
1665.3423722441983,set_3,256,256,3
6279.234355458963,set_3,256,256,3
580.0927625691727,set_3,256,256,3
340.5243259537463,set_3,1024,1024,3
163.34732051018582,set_3,1024,1024,3
96.43387667338054,set_3,1024,1024,3
1004.901086216068,set_3,256,256,3
8897.069846103564,set_3,256,256,3
220.16089312235513,set_3,1024,1024,3
398.60313203679925,set_3,256,256,3
9.313527418193406,set_3,1024,1024,3
1975.9150746091946,set_3,256,256,3
134.7295957753797,set_3,256,256,3
1.6547857905776862,set_3,1024,1024,3
65.70893224080403,set_3,1024,1024,3
347.54247495328303,set_3,1024,1024,3
519.2276846567789,set_3,1024,1024,3
6964.5631909717085,set_3,256,256,3
7115.706762384599,set_3,256,256,3
35.168544133504234,set_3,1024,1024,3
103.82268355179274,set_3,1024,1024,3
231.93636635185,set_3,1024,1024,3
59.616477966308594,set_3,1024,1024,3
831.7750656370276,set_3,1024,1024,3
6665.120581671493,set_3,256,256,3
8233.629378008942,set_3,256,256,3
104.67443148295085,set_3,1024,1024,3
421.0851406142271,set_3,256,256,3
14539.330711093395,set_3,256,256,3
5735.19138855725,set_3,256,256,3
2364.150653889998,set_3,256,256,3
44.052474090182756,set_3,256,256,3
878.7376977366706,set_3,256,256,3
6468.279526500963,set_3,256,256,3
164.9928783780155,set_3,1024,1024,3
5945.26295183837,set_3,256,256,3
27.758597056070965,set_3,1024,1024,3
2137.1632385514417,set_3,256,256,3
445.9144279559677,set_3,1024,1024,3
224.42987887064615,set_3,1024,1024,3
132.9920126573743,set_3,1024,1024,3
73.52830346286983,set_3,1024,1024,3
21.049788157145183,set_3,1024,1024,3
1778.3733675113315,set_3,256,256,3
233.94398053487143,set_3,1024,1024,3
597.7541605688199,set_3,1024,1024,3
1053.6871541341145,set_3,1024,1024,3
1093.9178581845997,set_3,256,256,3
4.379851338692788,set_3,1024,1024,3
5.220070711484867,set_3,1024,1024,3
5904.744185983203,set_3,256,256,3
65.17383257548015,set_3,1024,1024,3
71.00952125827057,set_3,256,256,3
2.6998243253246983,set_3,1024,1024,3
284.6388161977132,set_3,1024,1024,3
400.47588518882793,set_3,1024,1024,3
206.77114073409095,set_3,1024,1024,3
3.327619868822088,set_3,1024,1024,3
746.154551188151,set_3,1024,1024,3
150.54292805989584,set_3,1024,1024,3
1.3645601271045962,set_3,1024,1024,3
341.3490219116211,set_3,1024,1024,3
255.28318785255155,set_3,256,256,3
514.6417951274187,set_3,1024,1024,3
102.48492495218913,set_3,1024,1024,3
388.21936353047687,set_3,1024,1024,3
308.80023829142254,set_3,1024,1024,3
99.0002519572695,set_3,1024,1024,3
7702.12230255887,set_3,256,256,3
3963.471221028827,set_3,256,256,3
593.8539117288288,set_3,1024,1024,3
308.5899384816342,set_3,1024,1024,3
3831.8438349388693,set_3,256,256,3
1544.4509144688845,set_3,1024,1024,3
3461.515852851069,set_3,256,256,3
14.261344918334443,set_3,256,256,3
5030.204489856854,set_3,256,256,3
467.543903986613,set_3,1024,1024,3
128.12748336786171,set_3,1024,1024,3
113.22865168253581,set_3,1024,1024,3
363.7288277911169,set_3,1024,1024,3
238.40197054545084,set_3,1024,1024,3
254.52154350280762,set_3,1024,1024,3
2789.807495384995,set_3,256,256,3
2581.1293346079783,set_3,192,256,3
7036.438888627622,set_3,256,256,3
108.98784509277903,set_3,256,256,3
486.3632647196452,set_3,1024,1024,3
93.77264700333278,set_3,256,256,3
348.85034052530926,set_3,1024,1024,3
103.42312936420194,set_3,1024,1024,3
82.91274960835774,set_3,1024,1024,3
7.169799093467494,set_3,1024,1024,3
121.02571391452722,set_3,1024,1024,3
104.71601422627766,set_3,1024,1024,3
56.059827168782554,set_3,1024,1024,3
351.64371744736303,set_3,1024,1024,3
115.80381202451822,set_3,1024,1024,3
182.6159241994222,set_3,1024,1024,3
166.47132426997027,set_3,1024,1024,3
157.95460541365188,set_3,1024,1024,3
186.55048400668161,set_3,1024,1024,3
875.280335744222,set_3,1024,1024,3
189.9858967461122,set_3,1024,1024,3
746.6215334546802,set_3,256,256,3
779.4569517771403,set_3,1024,1024,3
303.53845977783203,set_3,1024,1024,3
417.3539354912678,set_3,256,256,3
41.645900090535484,set_3,1024,1024,3
269.69577916463214,set_3,1024,1024,3
5301.058441710943,set_3,256,256,3
138.6823298136393,set_3,1024,1024,3
5755.882794290679,set_3,256,256,3
95.22176933288574,set_3,1024,1024,3
3505.9552181791255,set_3,256,256,3
6403.046462889761,set_3,256,256,3
357.7632528940837,set_3,1024,1024,3
9376.219766353543,set_3,256,256,3
3739.0834561317074,set_3,256,256,3
1.6640097297883283,set_3,1024,1024,3
166.558613444523,set_3,1024,1024,3
1620.7781335114403,set_3,256,256,3
290.14508056640625,set_3,1024,1024,3
85.34798939851987,set_3,1024,1024,3
211.6034933855925,set_3,1024,1024,3
234.60858662923178,set_3,1024,1024,3
433.62664508576813,set_3,1024,1024,3
7253.452568251614,set_3,256,256,3
135.6487948099772,set_3,1024,1024,3
2184.9013826422547,set_3,256,256,3
130.2288360481616,set_3,256,256,3
522.2688992818197,set_3,1024,1024,3
29.823914845784504,set_3,1024,1024,3
78.35545285542806,set_3,1024,1024,3
158.47422587405777,set_3,1024,1024,3
40.410672823586744,set_3,1024,1024,3
644.9411335273895,set_3,1024,1024,3
202.8061520062054,set_3,1024,1024,3
113.28146107991536,set_3,1024,1024,3
64.75544420878093,set_3,1024,1024,3
2882.725184326267,set_3,256,256,3
2609.339679393503,set_3,256,256,3
417.99082628885907,set_3,1024,1024,3
1613.5219827020128,set_3,256,256,3
373.5375582377116,set_3,1024,1024,3
1733.5528461982549,set_3,256,256,3
40.979143142700195,set_3,1024,1024,3
164.09996413188148,set_3,1024,1024,3
4780.542942861069,set_3,256,256,3
287.3208053084866,set_3,1024,1024,3
210.80036924930633,set_3,1024,1024,3
24.154677708943684,set_3,1024,1024,3
12.678696314493815,set_3,1024,1024,3
2692.3310492419537,set_3,256,256,3
41.79778607686361,set_3,1024,1024,3
7956.656678694378,set_3,256,256,3
6424.798585851339,set_3,256,256,3
504.23566270250836,set_3,1024,1024,3
80.03907475872342,set_3,1024,1024,3
210.62587229410806,set_3,1024,1024,3
1989.2401826554499,set_3,256,256,3
1542.002832612954,set_3,256,256,3
1026.3706858873031,set_3,1024,1024,3
47.30898220937646,set_3,1024,1024,3
151.50361823988865,set_3,1024,1024,3
382.7032714173163,set_3,1024,1024,3
7297.608570654775,set_3,256,256,3
161.46718624839164,set_3,1024,1024,3
156.66448917943572,set_3,256,256,3
8453.813564550726,set_3,256,256,3
3504.129897975027,set_3,256,256,3
2.393016176750583,set_3,1024,1024,3
7616.9915907118075,set_3,256,256,3
3834.657843866282,set_3,256,256,3
59.976889292399086,set_3,1024,1024,3
99.1944128672282,set_3,1024,1024,3
162.3351380030297,set_3,1024,1024,3
38.5376402537028,set_3,1024,1024,3
118.11207707722981,set_3,1024,1024,3
390.4720045725505,set_3,1024,1024,3
200.73663577857903,set_3,1024,1024,3
386.5191767906979,set_3,256,256,3
852.7748350172424,set_3,1024,1024,3
1.9027166292361404,set_3,1024,1024,3
3326.862884292896,set_3,256,256,3
227.36888618508564,set_3,256,256,3
115.09193674723308,set_3,1024,1024,3
5202.337668905241,set_3,256,256,3
219.1234455048476,set_3,1024,1024,3
1980.4912314017356,set_3,256,256,3
195.34106826771915,set_3,1024,1024,3
287.54605038960773,set_3,1024,1024,3
366.53447405497235,set_3,1024,1024,3
408.9439919789632,set_3,1024,1024,3
4044.516422245237,set_3,256,256,3
1666.8128524584074,set_3,256,256,3
156.48199684512642,set_3,1024,1024,3
336.404230413274,set_3,1024,1024,3
427.09541196887614,set_3,1024,1024,3
285.8129227956136,set_3,1024,1024,3
43.96097501118978,set_3,1024,1024,3
3555.4533442850734,set_3,256,256,3
92.14580535888672,set_3,1024,1024,3
1354.0123146188641,set_3,1024,1024,3
7324.045753000512,set_3,256,256,3
165.38423156551445,set_3,1024,1024,3
6812.413443182879,set_3,256,256,3
263.2646007516887,set_3,1024,1024,3
6285.317335736602,set_3,256,256,3
236.79691378275552,set_3,1024,1024,3
4.0179176299971004,set_3,1024,1024,3
78.2150023229379,set_3,1024,1024,3
349.830591201724,set_3,1024,1024,3
71.72328694661458,set_3,1024,1024,3
226.37923587362616,set_3,1024,1024,3
5144.835880488753,set_3,256,256,3
3525.7059425059433,set_3,256,256,3
9604.422405465506,set_3,256,256,3
1.2379271189371746,set_3,1024,1024,3
887.4799019035936,set_3,256,256,3
4510.120873576651,set_3,256,256,3
3278.108206320942,set_3,256,256,3
4.316352838514117,set_3,1024,1024,3
267.1459846477888,set_3,1024,1024,3
4058.0191864905005,set_3,256,256,3
4755.417194196308,set_3,256,256,3
238.52037487302536,set_3,1024,1024,3
138.0501944744546,set_3,256,256,3
268.9350614530394,set_3,1024,1024,3
411.1545893351237,set_3,1024,1024,3
359.32494990030926,set_3,1024,1024,3
35.670586903889976,set_3,1024,1024,3
100.14134915669759,set_3,1024,1024,3
5311.707957384383,set_3,256,256,3
38.99350102742513,set_3,1024,1024,3
4245.056227912091,set_3,256,256,3
75.6062723795573,set_3,1024,1024,3
101.47068778215908,set_3,256,256,3
854.9756311740106,set_3,256,256,3
1.5503482818603516,set_3,1024,1024,3
51.44651534252747,set_3,1024,1024,3
516.213030497233,set_3,1024,1024,3
1087.0394948323567,set_3,1024,1024,3
85.24164581298828,set_3,1024,1024,3
1265.9422587999659,set_3,256,256,3
98.44946033765639,set_3,1024,1024,3
4191.481618162633,set_3,256,256,3
21199.08548839884,set_3,256,256,3
206.61260476718112,set_3,1024,1024,3
99.92698923746745,set_3,1024,1024,3
975.9433097839355,set_3,1024,1024,3
1991.3765996032296,set_3,256,256,3
350.6929016113281,set_3,1024,1024,3
149.03850338274302,set_3,256,256,3
21.422030766805012,set_3,1024,1024,3
36.56018193562826,set_3,1024,1024,3
570.9854196690852,set_3,256,256,3
12606.575125366217,set_3,256,256,3
11566.940656999332,set_3,256,256,3
5.021169662344619,set_3,1024,1024,3
191.2206662495931,set_3,1024,1024,3
150.26231956481934,set_3,1024,1024,3
524.2749106023047,set_3,256,256,3
343.9302115735217,set_3,1024,1024,3
1014.7799355185224,set_3,1024,1024,3
1321.247875943676,set_3,256,256,3
6.518360773722331,set_3,1024,1024,3
254.35459836324057,set_3,1024,1024,3
193.39006455393522,set_3,1024,1024,3
194.50399017320885,set_3,1024,1024,3
588.2118721008301,set_3,1024,1024,3
4411.554536248753,set_3,192,256,3
573.1432927204872,set_3,1024,1024,3
186.23100178301604,set_3,1024,1024,3
53.59768931070963,set_3,1024,1024,3
102.25732549031575,set_3,1024,1024,3
116.0300350189209,set_3,1024,1024,3
124.06615511576335,set_3,1024,1024,3
1031.9265269196023,set_3,256,256,3
25.842244465731913,set_3,256,256,3
257.70530960683465,set_3,1024,1024,3
9428.383947411241,set_3,256,256,3
695.9136238098145,set_3,1024,1024,3
833.6146418116718,set_3,1024,1024,3
34.851739143926864,set_3,256,256,3
97.5455265045166,set_3,1024,1024,3
5102.697657872819,set_3,256,256,3
138.3617275015503,set_3,256,256,3
112.33299310629566,set_3,192,256,3
92.9491392771403,set_3,1024,1024,3
385.0264713418269,set_3,1024,1024,3
502.675527914091,set_3,256,256,3
6582.6257635116735,set_3,256,256,3
56.05614916483561,set_3,1024,1024,3
6.696725209550398,set_3,1024,1024,3
122.92553520202637,set_3,1024,1024,3
63.349069595336914,set_3,1024,1024,3
95.07303632674638,set_3,1024,1024,3
69.92341051963673,set_3,1024,1024,3
184.58764839172363,set_3,1024,1024,3
13420.866571549299,set_3,256,256,3
142.6691748301188,set_3,1024,1024,3
3688.2666672534156,set_3,256,256,3
2323.6002461872995,set_3,256,256,3
187.75977607363652,set_3,1024,1024,3
287.21962292989093,set_3,1024,1024,3
119.47520531131886,set_3,256,256,3
37.979621251424156,set_3,1024,1024,3
200.9435984178161,set_3,1024,1024,3
16.891837755809757,set_3,1024,1024,3
295.95420455902826,set_3,1024,1024,3
5944.61269488597,set_3,256,256,3
42.41183853149414,set_3,1024,1024,3
2487.485929636052,set_3,256,256,3
8971.897503652508,set_3,256,256,3
267.0416615804036,set_3,1024,1024,3
108.56780624389648,set_3,1024,1024,3
162.8551387077206,set_3,1024,1024,3
196.03805605570474,set_3,1024,1024,3
635.2737054367086,set_3,1024,1024,3
73.8119265238444,set_3,1024,1024,3
251.11740103526745,set_3,1024,1024,3
105.45484707853757,set_3,256,256,3
6138.821017700532,set_3,256,256,3
276.9499821904787,set_3,256,256,3
94.36231787492044,set_3,1024,1024,3
299.5346342722575,set_3,1024,1024,3
76.78215217590332,set_3,1024,1024,3
9.915542602539062,set_3,1024,1024,3
811.3232791361447,set_3,256,256,3
477.82939679977954,set_3,1024,1024,3
102.08510398864746,set_3,1024,1024,3
391.4174741109212,set_3,1024,1024,3
316.79002571105957,set_3,1024,1024,3
323.9739105927717,set_3,1024,1024,3
186.75104331970215,set_3,1024,1024,3
136.1242930094401,set_3,1024,1024,3
97.51585385193015,set_3,1024,1024,3
89.1689395904541,set_3,1024,1024,3
187.27176442971532,set_3,1024,1024,3
296.1950880586066,set_3,256,256,3
201.39461199442545,set_3,1024,1024,3
44.20618883768717,set_3,1024,1024,3
3308.659759896885,set_3,256,256,3
488.7196950307116,set_3,256,256,3
45.84663009643555,set_3,1024,1024,3
131.85302543640137,set_3,1024,1024,3
199.07585875040309,set_3,1024,1024,3
555.496057510376,set_3,1024,1024,3
170.25916480857444,set_3,1024,1024,3
130.7186625766164,set_3,1024,1024,3
8922.598075312226,set_3,256,256,3
281.1935005187988,set_3,1024,1024,3
22.27610969543457,set_3,1024,1024,3
6103.627118807053,set_3,256,256,3
118.08212725321452,set_3,1024,1024,3
15590.74195313412,set_3,256,256,3
3946.9494175376726,set_3,256,256,3
147.4909727686974,set_3,1024,1024,3
1296.826308738711,set_3,1024,1024,3
1168.2686767030714,set_3,256,256,3
3328.967306809474,set_3,256,256,3
156.63414446508878,set_3,1024,1024,3
11.187128067016602,set_3,1024,1024,3
110.74466641743977,set_3,1024,1024,3
7311.023308922436,set_3,256,256,3
58.62696799302163,set_3,256,256,3
214.4125054620085,set_3,1024,1024,3
6153.250939660603,set_3,256,256,3
448.2487500508626,set_3,1024,1024,3
4779.4391644640245,set_3,256,256,3
6509.321027561789,set_3,256,256,3
4760.682491878669,set_3,256,256,3
391.5356527230677,set_3,1024,1024,3
175.76936907753205,set_3,1024,1024,3
7215.314032393585,set_3,256,256,3
494.7009023030599,set_3,1024,1024,3
84.44671434560755,set_3,1024,1024,3
553.9465995391445,set_3,1024,1024,3
379.13140264722284,set_3,1024,1024,3
2624.426916205945,set_3,256,256,3
708.4169213497368,set_3,1024,1024,3
281.4692014058431,set_3,1024,1024,3
3804.7340963456977,set_3,256,256,3
5235.258250590724,set_3,256,256,3
34.12274169921875,set_3,1024,1024,3
2226.4673581210013,set_3,256,256,3
7657.432275108346,set_3,256,256,3
3713.691015014631,set_3,256,256,3
99.3356805394029,set_3,1024,1024,3
106.11444664001465,set_3,1024,1024,3
7618.5280502690775,set_3,256,256,3
1926.0744980172155,set_3,256,256,3
225.70565668738357,set_3,1024,1024,3
193.9125188127558,set_3,1024,1024,3
26.726804641282396,set_3,256,256,3
26.761748313103286,set_3,1024,1024,3
182.79683648854598,set_3,1024,1024,3
6152.0306922784075,set_3,256,256,3
106.95267168680827,set_3,1024,1024,3
1027.529475220769,set_3,1024,1024,3
1014.6796124511293,set_3,256,256,3
433.3164259592692,set_3,1024,1024,3
152.6086336771647,set_3,1024,1024,3
74.99163246154785,set_3,1024,1024,3
135.91919390360513,set_3,1024,1024,3
468.3722224932025,set_3,1024,1024,3
463.70191590020005,set_3,1024,1024,3
14.032487233479818,set_3,1024,1024,3
1097.6210275612927,set_3,256,256,3
33.79306411743164,set_3,1024,1024,3
130.1819928487142,set_3,1024,1024,3
5463.051505214199,set_3,256,256,3
1959.914901689911,set_3,256,256,3
386.9620761859198,set_3,1024,1024,3
5713.141137921329,set_3,256,256,3
524.8038009246811,set_3,256,256,3
4.270583470138566,set_3,1024,1024,3
2880.176110570603,set_3,256,256,3
307.48384602742266,set_3,1024,1024,3
357.9910259246826,set_3,1024,1024,3
5258.544352613778,set_3,256,256,3
305.5702781677246,set_3,1024,1024,3
301.428469657863,set_3,1024,1024,3
119.02894081464366,set_3,1024,1024,3
1073.4627789155472,set_3,256,256,3
12.2647649001777,set_3,1024,1024,3
32.257341702377666,set_3,1024,1024,3
1.5677401224772136,set_3,1024,1024,3
45.763418197631836,set_3,1024,1024,3
441.10911242167157,set_3,1024,1024,3
1.5493609033534692,set_3,1024,1024,3
1.737231240366782,set_3,1024,1024,3
7896.379443791361,set_3,256,256,3
254.040034055684,set_3,256,256,3
284.2683448791504,set_3,1024,1024,3
2.261527058711181,set_3,1024,1024,3
2196.4788618227467,set_3,256,256,3
135.47108586629233,set_3,1024,1024,3
485.97025873750044,set_3,256,256,3
3.6819623307476053,set_3,1024,1024,3
3264.2413070909406,set_3,256,256,3
1123.9525133768718,set_3,1024,1024,3
134.73591677347818,set_3,1024,1024,3
5511.455291746391,set_3,256,256,3
3.83325099931233,set_3,1024,1024,3
2152.7035940583387,set_3,256,256,3
149.0972942817356,set_3,1024,1024,3
639.2581367492676,set_3,1024,1024,3
21.13983408610026,set_3,1024,1024,3
359.0035374315757,set_3,1024,1024,3
665.9016139964198,set_3,1024,1024,3
3162.0961643759315,set_3,256,256,3
319.7119019826253,set_3,1024,1024,3
193.78352991739908,set_3,1024,1024,3
305.5942147572835,set_3,1024,1024,3
132.09534454345703,set_3,1024,1024,3
92.91454569498698,set_3,1024,1024,3
562.442373759941,set_3,256,256,3
2542.6474836772672,set_3,256,256,3
91.53296216328938,set_3,1024,1024,3
1981.62556777553,set_3,256,256,3
265.7005383801773,set_3,1024,1024,3
31.420928319295246,set_3,1024,1024,3
169.426957113361,set_3,1024,1024,3
306.6974988098497,set_3,1024,1024,3
8882.628438945836,set_3,256,256,3
87.16747088878355,set_3,1024,1024,3
730.0925959565726,set_3,256,256,3
440.53449058532715,set_3,1024,1024,3
2740.349138918618,set_3,256,256,3
207.78635883147138,set_3,1024,1024,3
146.41126505533853,set_3,1024,1024,3
3828.659821932282,set_3,256,256,3
442.07923634847003,set_3,1024,1024,3
1.9882026887732234,set_3,1024,1024,3
1827.6933180887465,set_3,256,256,3
19.756031672159832,set_3,1024,1024,3
4060.397488320841,set_3,256,256,3
1118.064100464159,set_3,256,256,3
4.298786798019935,set_3,1024,1024,3
679.227880634313,set_3,1024,1024,3
6649.636696005861,set_3,256,256,3
4094.935196402068,set_3,256,256,3
162.22711242444242,set_3,1024,1024,3
4932.7763468136545,set_3,256,256,3
3794.41521779603,set_3,256,256,3
191.22386201069767,set_3,1024,1024,3
91.11408998300949,set_3,1024,1024,3
443.6215426127116,set_3,1024,1024,3
878.2669564588572,set_3,192,256,3
3391.0360410684298,set_3,256,256,3
5203.445413018267,set_3,256,256,3
5448.276300489488,set_3,256,256,3
235.83594851545058,set_3,256,256,3
33.968261082967125,set_3,1024,1024,3
8859.447236992315,set_3,256,256,3
125.37328275044759,set_3,1024,1024,3
1120.2454312642415,set_3,1024,1024,3
29.732791264851887,set_3,1024,1024,3
3.610252062355856,set_3,1024,1024,3
91.3070780436198,set_3,1024,1024,3
1.207545596743633,set_3,1024,1024,3
60.851322174072266,set_3,1024,1024,3
2374.1619319847214,set_3,256,256,3
770.3536503774425,set_3,1024,1024,3
82.98572540283203,set_3,1024,1024,3
146.87899110841514,set_3,1024,1024,3
24.74884605407715,set_3,1024,1024,3
121.71324666282783,set_3,1024,1024,3
312.9255960716141,set_3,256,256,3
1916.7473374720175,set_3,1024,1024,3
3.0340572972295603,set_3,1024,1024,3
1.4399102528889973,set_3,1024,1024,3
11.790423072961461,set_3,1024,1024,3
141.20179875691733,set_3,1024,1024,3
3441.5709205331646,set_3,256,256,3
247.21088282267252,set_3,1024,1024,3
169.0675069951489,set_3,1024,1024,3
914.4039802599906,set_3,256,256,3
160.2555363972982,set_3,1024,1024,3
39.25462848186079,set_3,256,256,3
122.47463353474934,set_3,1024,1024,3
67.4233308001664,set_3,1024,1024,3
4239.379990895589,set_3,256,256,3
192.74040316053095,set_3,1024,1024,3
4.843514118634217,set_3,1024,1024,3
196.48453170980687,set_3,1024,1024,3
4010.9966547087656,set_3,256,256,3
5.450320818294018,set_3,1024,1024,3
1235.3100208822225,set_3,256,256,3
2183.83000688749,set_3,256,256,3
250.9259351094564,set_3,1024,1024,3
594.0716387964526,set_3,256,256,3
243.84467778538536,set_3,1024,1024,3
91.68534596761067,set_3,1024,1024,3
8294.41850954284,set_3,256,256,3
3254.795558117304,set_3,256,256,3
213.17721471187863,set_3,256,256,3
25.01080830891927,set_3,1024,1024,3
154.11692873409302,set_3,1024,1024,3
563.3937299491372,set_3,256,256,3
616.2262138784179,set_3,1024,1024,3
125.72364807122064,set_3,1024,1024,3
234.77961538301136,set_3,1024,1024,3
17296.47501157224,set_3,256,256,3
4811.598284611168,set_3,256,256,3
37.27556864420573,set_3,1024,1024,3
86.08909670511882,set_3,1024,1024,3
417.9362112681071,set_3,1024,1024,3
307.8239459991455,set_3,1024,1024,3
287.4076194425571,set_3,1024,1024,3
63.554813385009766,set_3,1024,1024,3
378.66688283284503,set_3,1024,1024,3
59.87867806313764,set_3,256,256,3
107.48088963826497,set_3,1024,1024,3
876.5017432932667,set_3,1024,1024,3
293.4258578213483,set_3,1024,1024,3
1280.0923933278925,set_3,256,256,3
4681.879806677086,set_3,256,256,3
1517.8097516421437,set_3,256,256,3
6.722257612728662,set_3,1024,1024,3
131.94912465413412,set_3,1024,1024,3
3486.34792638808,set_3,256,256,3
71.52919960021973,set_3,1024,1024,3
305.47993809469386,set_3,1024,1024,3
88.02275782615897,set_3,1024,1024,3
7933.272015529346,set_3,256,256,3
495.31531076371266,set_3,256,256,3
9042.216590906082,set_3,256,256,3
508.2114448547363,set_3,1024,1024,3
7655.4874487518255,set_3,256,256,3
170.82754261706336,set_3,1024,1024,3
448.895746866862,set_3,1024,1024,3
380.6791661573593,set_3,1024,1024,3
5861.542805763479,set_3,256,256,3
36.44295438130697,set_3,1024,1024,3
1808.3795368870099,set_3,256,256,3
118.73783175150554,set_3,1024,1024,3
456.23363304138184,set_3,1024,1024,3
3752.3672510806678,set_3,256,256,3
237.1734623714195,set_3,256,256,3
570.2622482195595,set_3,1024,1024,3
213.79706764139019,set_3,1024,1024,3
211.8838373819987,set_3,1024,1024,3
4859.257224552722,set_3,256,256,3
13.389123916625977,set_3,1024,1024,3
187.18059316740982,set_3,1024,1024,3
2697.9596985105636,set_3,256,256,3
1107.3958015441895,set_3,1024,1024,3
937.8315194515872,set_3,256,256,3
30.4958974459729,set_3,1024,1024,3
249.9017076446454,set_3,1024,1024,3
4228.283813777663,set_3,256,256,3
713.5209378990622,set_3,1024,1024,3
892.71980020735,set_3,256,256,3
160.20343841299888,set_3,1024,1024,3
953.9476880997742,set_3,1024,1024,3
4829.788001674926,set_3,256,256,3
7009.409902537216,set_3,256,256,3
174.87415758768717,set_3,1024,1024,3
1371.18153061428,set_3,256,256,3
210.4017178169095,set_3,1024,1024,3
77.64594286988073,set_3,256,256,3
1206.1244083975907,set_3,256,256,3
380.90154965718585,set_3,1024,1024,3
1050.363502646486,set_3,256,256,3
486.589142481486,set_3,1024,1024,3
12.201295216878256,set_3,1024,1024,3
42.26433181762695,set_3,1024,1024,3
6786.331751024972,set_3,256,256,3
362.1378813911385,set_3,256,256,3
544.815555410977,set_3,256,256,3
2.1299966176314533,set_3,1024,1024,3
74.70191955145856,set_3,1024,1024,3
304.72135670965196,set_3,1024,1024,3
137.27799125005393,set_3,256,256,3
7549.752569935571,set_3,256,256,3
46.736062683093316,set_3,1024,1024,3
56.90587227706177,set_3,256,256,3
1917.795679196612,set_3,256,256,3
988.0988831908131,set_3,256,256,3
122.0348334805005,set_3,256,256,3
91.40186122794533,set_3,256,256,3
212.77079508731444,set_3,1024,1024,3
438.85789744059247,set_3,1024,1024,3
45.68056424458822,set_3,1024,1024,3
136.03014373779297,set_3,1024,1024,3
100.68747647603352,set_3,1024,1024,3
344.14753496285124,set_3,1024,1024,3
242.06671255638093,set_3,256,256,3
2476.972246453063,set_3,256,256,3
108.72636159261067,set_3,1024,1024,3
463.36842979927695,set_3,1024,1024,3
301.21528481249635,set_3,1024,1024,3
136.7371342976888,set_3,1024,1024,3
901.4338038696181,set_3,256,256,3
1023.3549785614014,set_3,1024,1024,3
378.903046530955,set_3,1024,1024,3
56.27151616414388,set_3,1024,1024,3
4134.498207846863,set_3,256,256,3
54.19573652865882,set_3,256,256,3
4007.9417211081213,set_3,256,256,3
3.4155263900529462,set_3,1024,1024,3
635.4652887715246,set_3,1024,1024,3
41.64200816179315,set_3,256,256,3
381.60295422871906,set_3,1024,1024,3
348.84291076660156,set_3,1024,1024,3
860.2294877370199,set_3,1024,1024,3
4590.193013759924,set_3,256,256,3
6349.3882793788025,set_3,256,256,3
2993.946365967781,set_3,256,256,3
15.920111974080404,set_3,1024,1024,3
498.8153018951416,set_3,1024,1024,3
1272.6047576199637,set_3,1024,1024,3
1036.9500818236004,set_3,256,256,3
285.7127154275942,set_3,1024,1024,3
301.36046473185223,set_3,1024,1024,3
1447.1377045806087,set_3,256,256,3
6.516203880287321,set_3,1024,1024,3
5393.007450044155,set_3,256,256,3
762.8405209206194,set_3,1024,1024,3
3537.9667355706915,set_3,256,256,3
310.7489941914876,set_3,1024,1024,3
5825.07117595772,set_3,256,256,3
185.64975270587536,set_3,256,256,3
58.95184772042388,set_3,1024,1024,3
242.96036020887402,set_3,1024,1024,3
459.03047307332355,set_3,1024,1024,3
4027.1832176351454,set_3,256,256,3
152.91850998500982,set_3,256,256,3
10998.065242438577,set_3,256,256,3
191.62468147277832,set_3,1024,1024,3
39.28211657206217,set_3,1024,1024,3
147.25222078546793,set_3,1024,1024,3
6.910033861791121,set_3,1024,1024,3
7417.441335795657,set_3,256,256,3
1368.8753976089258,set_3,256,256,3
759.599603125515,set_3,256,256,3
4096.064004475767,set_3,256,256,3
94.18151454474179,set_3,1024,1024,3
186.52791340749457,set_3,1024,1024,3
444.31719437758085,set_3,1024,1024,3
319.20473860235086,set_3,1024,1024,3
1390.2875700940428,set_3,256,256,3
432.2304979960124,set_3,1024,1024,3
536.6804720560709,set_3,1024,1024,3
669.8642679840947,set_3,256,256,3
176.30913130439367,set_3,1024,1024,3
480.9365832540994,set_3,1024,1024,3
2.433969428063907,set_3,1024,1024,3
7108.9449665562715,set_3,256,256,3
41.1175422668457,set_3,1024,1024,3
38.808653817572576,set_3,1024,1024,3
223.21891370710037,set_3,1024,1024,3
31.80053964649014,set_3,1024,1024,3
264.3765455881755,set_3,1024,1024,3
74.8780529915287,set_3,1024,1024,3
176.26456686851773,set_3,256,256,3
166.4493439992269,set_3,1024,1024,3
31.88877550760905,set_3,1024,1024,3
8007.592651509344,set_3,256,256,3
5539.185390852286,set_3,256,256,3
2.278670933877644,set_3,1024,1024,3
5739.022924047559,set_3,256,256,3
2425.5334413051605,set_3,256,256,3
3982.480801794263,set_3,256,256,3
1128.503979776889,set_3,1024,1024,3
3487.834351176914,set_3,256,256,3
2287.1524251153073,set_3,256,256,3
661.702740987142,set_3,1024,1024,3
16117.791115775677,set_3,256,256,3
1.7699371831564956,set_3,1024,1024,3
464.2034965380769,set_3,256,256,3
3677.1357859900577,set_3,256,256,3
296.2718320623278,set_3,1024,1024,3
619.5489050514483,set_3,1024,1024,3
2.125705077390497,set_3,1024,1024,3
1833.0314873332527,set_3,256,256,3
339.84268315633136,set_3,1024,1024,3
576.7124767303467,set_3,1024,1024,3
148.25336677768533,set_3,1024,1024,3
173.38524468544566,set_3,1024,1024,3
10.034119288126627,set_3,1024,1024,3
21.86426607756053,set_3,1024,1024,3
6865.260891176734,set_3,256,256,3
177.69145426424726,set_3,1024,1024,3
71.28997802734375,set_3,1024,1024,3
2.3323888732838896,set_3,1024,1024,3
121.92258961995442,set_3,1024,1024,3
1158.8368141426597,set_3,256,256,3
34.33189010620117,set_3,1024,1024,3
4749.15145277977,set_3,256,256,3
2624.3123765649893,set_3,256,256,3
2986.657285367346,set_3,256,256,3
4.019665369395322,set_3,1024,1024,3
250.87661230268154,set_3,1024,1024,3
41.013815561930336,set_3,1024,1024,3
3983.1796103249976,set_3,256,256,3
11.347652435302734,set_3,1024,1024,3
79.41321292954002,set_3,1024,1024,3
157.8227456410726,set_3,1024,1024,3
5604.262304645342,set_3,256,256,3
565.478912206884,set_3,256,256,3
2222.61095978775,set_3,256,256,3
226.90687843888657,set_3,1024,1024,3
240.0303819065448,set_3,256,256,3
4.603319167702358,set_3,1024,1024,3
65.88370523778907,set_3,1024,1024,3
541.886277833418,set_3,1024,1024,3
436.11012077165975,set_3,256,256,3
623.8226160132846,set_3,256,256,3
89.75146293640137,set_3,1024,1024,3
5239.1677809969215,set_3,256,256,3
541.7850672403971,set_3,1024,1024,3
244.70819234633439,set_3,1024,1024,3
259.8507391611735,set_3,1024,1024,3
411.27834557488615,set_3,1024,1024,3
283.1884625752767,set_3,1024,1024,3
3363.828806968199,set_3,192,256,3
309.85481516520184,set_3,1024,1024,3
124.02266791570922,set_3,1024,1024,3
4.6689017574510325,set_3,1024,1024,3
3895.6377817507987,set_3,256,256,3
2.1298939328309907,set_3,1024,1024,3
3137.803640060023,set_3,256,256,3
4.855109214709046,set_3,1024,1024,3
1906.4430002395268,set_3,256,256,3
109.11972045898438,set_3,1024,1024,3
7805.573178775506,set_3,256,256,3
5313.351089869005,set_3,256,256,3
3957.5771124060775,set_3,256,256,3
42.15851720174154,set_3,1024,1024,3
5.0523156826164834,set_3,1024,1024,3
3739.9741493314505,set_3,256,256,3
140.63154729207358,set_3,1024,1024,3
796.9252440302065,set_3,256,256,3
454.7738615671794,set_3,1024,1024,3
44.593905612923,set_3,1024,1024,3
19838.347233374803,set_3,256,256,3
27.623673756917317,set_3,1024,1024,3
211.80513348149782,set_3,1024,1024,3
6999.547483663363,set_3,256,256,3
3270.4198467904275,set_3,256,256,3
46.62127939860026,set_3,1024,1024,3
291.1155535380046,set_3,1024,1024,3
32.4631150563558,set_3,1024,1024,3
14285.772758384132,set_3,256,256,3
388.946966163895,set_3,1024,1024,3
23.27993329366048,set_3,1024,1024,3
202.80005613814896,set_3,1024,1024,3
4590.592359760982,set_3,256,256,3
1.9481398263657563,set_3,1024,1024,3
99.42889213562012,set_3,1024,1024,3
2466.2424055715433,set_3,1024,1024,3
90.53666461877422,set_3,256,256,3
344.89695103963214,set_3,1024,1024,3
36.48726145426432,set_3,1024,1024,3
40.8547546233361,set_3,256,256,3
445.32165972391766,set_3,1024,1024,3
267.98906834920246,set_3,1024,1024,3
166.16803073305792,set_3,1024,1024,3
31.576989491780598,set_3,1024,1024,3
29.68317985534668,set_3,1024,1024,3
51.773075103759766,set_3,1024,1024,3
195.42930220020375,set_3,1024,1024,3
3147.467916629277,set_3,256,256,3
588.8503049878766,set_3,256,256,3
756.5823213148896,set_3,1024,1024,3
17923.90061963008,set_3,256,256,3
15.037724812825521,set_3,1024,1024,3
2890.2737524244517,set_3,256,256,3
88.49032465616862,set_3,1024,1024,3
132.5063819885254,set_3,1024,1024,3
6102.047296689513,set_3,256,256,3
1833.777635385567,set_3,256,256,3
489.28093876938027,set_3,256,256,3
5773.469284930344,set_3,256,256,3
161.58876385857081,set_3,1024,1024,3
85.37900352478027,set_3,1024,1024,3
706.1585019621739,set_3,256,256,3
39.66599655151367,set_3,1024,1024,3
3.2693926141554503,set_3,1024,1024,3
118.26571528116862,set_3,1024,1024,3
143.52885055541992,set_3,1024,1024,3
166.9425496797337,set_3,1024,1024,3
275.6140912243216,set_3,256,256,3
152.28573735555014,set_3,1024,1024,3
288.8065020243327,set_3,1024,1024,3
138.53432909647623,set_3,1024,1024,3
4470.394431743357,set_3,256,256,3
3754.772965281787,set_3,256,256,3
251.3849252065023,set_3,1024,1024,3
172.57752223880848,set_3,1024,1024,3
46.45055541269377,set_3,256,256,3
150.3005011821562,set_3,1024,1024,3
18504.655373857666,set_3,256,256,3
62.35109774271647,set_3,1024,1024,3
293.2946491241455,set_3,1024,1024,3
3316.1027519212153,set_3,256,256,3
909.4641186843055,set_3,256,256,3
262.2618526045165,set_3,1024,1024,3
1742.9161519938045,set_3,256,256,3
54.74435015122177,set_3,1024,1024,3
177.00447068737833,set_3,1024,1024,3
153.79996804585002,set_3,1024,1024,3
79.7298634834329,set_3,256,256,3
10063.17117355306,set_3,256,256,3
200.054206510777,set_3,1024,1024,3
229.92427513598352,set_3,1024,1024,3
33.78013229370117,set_3,1024,1024,3
4824.690604353841,set_3,256,256,3
241.6323095957438,set_3,1024,1024,3
48.80491574605306,set_3,1024,1024,3
3349.113525320155,set_3,256,256,3
136.96000480651855,set_3,1024,1024,3
1.7441221872965496,set_3,1024,1024,3
137.6138458251953,set_3,1024,1024,3
82.35128593444824,set_3,1024,1024,3
375.6142883300781,set_3,1024,1024,3
410.46362177530926,set_3,1024,1024,3
90.72425270080566,set_3,1024,1024,3
48.5760752360026,set_3,1024,1024,3
582.8674094128913,set_3,1024,1024,3
1042.662583033244,set_3,1024,1024,3
449.36160469055176,set_3,1024,1024,3
1309.3094059390326,set_3,256,256,3
54.535725275028604,set_3,1024,1024,3
4333.2151024384775,set_3,256,256,3
6161.549934996499,set_3,256,256,3
168.7292505900065,set_3,1024,1024,3
10569.515180786424,set_3,256,256,3
244.30603976317715,set_3,1024,1024,3
260.5309238433838,set_3,1024,1024,3
362.14682069841814,set_3,1024,1024,3
145.34810256958008,set_3,1024,1024,3
404.175579257206,set_3,256,256,3
5543.216843639707,set_3,256,256,3
119.71937497456868,set_3,1024,1024,3
27.1320374806722,set_3,1024,1024,3
2739.9008673942494,set_3,256,256,3
967.6862977873274,set_3,256,256,3
5655.568558076371,set_3,256,256,3
145.1311166534821,set_3,192,256,3
71.88222185770671,set_3,1024,1024,3
92.9771219889323,set_3,1024,1024,3
622.6045996083154,set_3,256,256,3
2.7054796215588794,set_3,1024,1024,3
44.618354905991715,set_3,256,256,3
4011.555665593905,set_3,256,256,3
24.481862386067707,set_3,1024,1024,3
663.1087900797526,set_3,1024,1024,3
43.14975039164225,set_3,1024,1024,3
184.37180264790854,set_3,1024,1024,3
624.0679420626,set_3,256,256,3
544.4457734425863,set_3,1024,1024,3
4.296219497113476,set_3,1024,1024,3
3.1024847030630553,set_3,1024,1024,3
19.22459497499858,set_3,1024,1024,3
3285.5283983299873,set_3,256,256,3
357.1522691543731,set_3,256,256,3
574.7995059792107,set_3,256,256,3
405.3878491157168,set_3,1024,1024,3
700.872127212885,set_3,1024,1024,3
509.9289124806722,set_3,1024,1024,3
130.24050485909302,set_3,1024,1024,3
178.760835647583,set_3,1024,1024,3
6391.353696246529,set_3,256,256,3
95.13781102498372,set_3,1024,1024,3
190.03929645455878,set_3,1024,1024,3
6858.255145981805,set_3,256,256,3
157.75493748943848,set_3,1024,1024,3
924.5926564420419,set_3,256,256,3
4882.264159408604,set_3,256,256,3
376.85284423828125,set_3,1024,1024,3
314.7161588653049,set_3,1024,1024,3
59.656389236450195,set_3,1024,1024,3
132.73452177617108,set_3,1024,1024,3
2206.931084346414,set_3,256,256,3
336.09173439243244,set_3,1024,1024,3
249.40227063496908,set_3,1024,1024,3
2595.7459958779054,set_3,256,256,3
3588.270146752397,set_3,256,256,3
3288.888159595818,set_3,256,256,3
756.8398192739114,set_3,256,256,3
730.2322793917524,set_3,192,256,3
103.99851957320287,set_3,1024,1024,3
150.4500535329183,set_3,1024,1024,3
4441.182132402952,set_3,256,256,3
73.35855102539062,set_3,1024,1024,3
361.1053161621094,set_3,1024,1024,3
116.06728108723958,set_3,1024,1024,3
158.27680803776462,set_3,1024,1024,3
49.08182144165039,set_3,1024,1024,3
750.4824500729641,set_3,256,256,3
560.7830171456308,set_3,1024,1024,3
144.88241068522134,set_3,1024,1024,3
1072.9536596934001,set_3,1024,1024,3
104.4996395111084,set_3,1024,1024,3
113.82856304942106,set_3,1024,1024,3
1.6485424031234288,set_3,1024,1024,3
135.93065515542295,set_3,1024,1024,3
508.8306242624919,set_3,1024,1024,3
177.04936726888022,set_3,1024,1024,3
2959.7858528983,set_3,256,256,3
200.50464184571834,set_3,1024,1024,3
293.3803732047374,set_3,1024,1024,3
362.7793702716784,set_3,1024,1024,3
20.368937174479168,set_3,1024,1024,3
431.11842059820736,set_3,1024,1024,3
454.11641087544723,set_3,1024,1024,3
68.40637652079265,set_3,1024,1024,3
892.5739723193373,set_3,1024,1024,3
346.7845942179362,set_3,1024,1024,3
2602.97306922699,set_3,256,256,3
3875.2063603187758,set_3,256,256,3
2225.446337867839,set_3,256,256,3
2696.435541782916,set_3,256,256,3
360.0450846354167,set_3,1024,1024,3
305.6472803751628,set_3,1024,1024,3
191.89772255371375,set_3,1024,1024,3
2.1751778908704487,set_3,1024,1024,3
183.4719665271742,set_3,1024,1024,3
42.770481745402016,set_3,1024,1024,3
1276.32360481756,set_3,192,256,3
484.0534969027828,set_3,256,256,3
92.80412101745605,set_3,1024,1024,3
59.0187931060791,set_3,1024,1024,3
157.63793182373047,set_3,1024,1024,3
5182.705308297339,set_3,256,256,3
13074.477490235948,set_3,256,256,3
554.9492073059082,set_3,1024,1024,3
3973.390870933705,set_3,256,256,3
902.5369940892688,set_3,256,256,3
6215.347998382499,set_3,256,256,3
90.57369506684415,set_3,1024,1024,3
132.78151710432334,set_3,256,256,3
252.2290178934733,set_3,1024,1024,3
1692.8961175673694,set_3,256,256,3
150.0656045200934,set_3,1024,1024,3
148.0179068239276,set_3,1024,1024,3
429.26221466064453,set_3,1024,1024,3
2867.5021214917456,set_3,256,256,3
300.02550072220316,set_3,1024,1024,3
101.55264981587727,set_3,1024,1024,3
51.86482302347819,set_3,1024,1024,3
548.6168944040934,set_3,1024,1024,3
279.2747287750244,set_3,1024,1024,3
229.2529890115843,set_3,1024,1024,3
1850.2975073964044,set_3,192,256,3
223.09646924336752,set_3,1024,1024,3
3.2765343981639794,set_3,1024,1024,3
510.5926290987788,set_3,1024,1024,3
2.2592474569743595,set_3,1024,1024,3
64.2234878540039,set_3,1024,1024,3
628.7606560778028,set_3,256,256,3
114.70309766133626,set_3,1024,1024,3
96.84489842411604,set_3,1024,1024,3
286.6331132253011,set_3,1024,1024,3
68.81794929504395,set_3,1024,1024,3
756.7293074353496,set_3,256,256,3
5591.053601501717,set_3,256,256,3
2691.158830996577,set_3,256,256,3
119.13429196675618,set_3,1024,1024,3
1175.799460199493,set_3,1024,1024,3
4.64926209857246,set_3,1024,1024,3
504.90874059333106,set_3,1024,1024,3
1644.7351670519502,set_3,256,256,3
718.9000233294822,set_3,1024,1024,3
393.04077275594074,set_3,1024,1024,3
314.74731127421063,set_3,1024,1024,3
343.3067751197507,set_3,256,256,3
595.09281984965,set_3,1024,1024,3
27.20086606343587,set_3,1024,1024,3
2107.7238641542694,set_3,256,256,3
695.935255686442,set_3,1024,1024,3
2832.3246700464647,set_3,256,256,3
216.8042475382487,set_3,1024,1024,3
180.63804054260254,set_3,1024,1024,3
63.655755360921226,set_3,1024,1024,3
706.9804133882768,set_3,192,256,3
97.96658261617024,set_3,1024,1024,3
382.28507868448895,set_3,1024,1024,3
4096.651837258884,set_3,256,256,3
5821.686145698626,set_3,256,256,3
1027.4857476418838,set_3,256,256,3
18.651783625284832,set_3,1024,1024,3
675.1598103692135,set_3,256,256,3
114.95171860791116,set_3,1024,1024,3
181.08988062475956,set_3,1024,1024,3
5482.453577186058,set_3,256,256,3
2.0875517485207333,set_3,1024,1024,3
2014.75892011159,set_3,192,256,3
2692.3679395839317,set_3,256,256,3
427.0096870182058,set_3,1024,1024,3
155.44280624076623,set_3,1024,1024,3
432.5646781921387,set_3,1024,1024,3
176.64178339058222,set_3,1024,1024,3
221.70429929097494,set_3,1024,1024,3
9587.95103993422,set_3,256,256,3
9370.591871048013,set_3,256,256,3
27.721999486287434,set_3,1024,1024,3
275.1639175098133,set_3,1024,1024,3
89.40465671736882,set_3,1024,1024,3
3573.862343682183,set_3,256,256,3
240.5346031000372,set_3,1024,1024,3
596.3010491305548,set_3,256,256,3
1222.0957937174371,set_3,256,256,3
518.0735778808594,set_3,1024,1024,3
114.42841529846191,set_3,1024,1024,3
65.87893994649251,set_3,1024,1024,3
166.5365574753119,set_3,256,256,3
2.7261689500102997,set_3,1024,1024,3
2.095943750908095,set_3,1024,1024,3
239.52932739257812,set_3,1024,1024,3
80.29148860397335,set_3,256,256,3
218.40676180521646,set_3,1024,1024,3
643.5887536923861,set_3,1024,1024,3
162.7146743077974,set_3,1024,1024,3
11284.738692713878,set_3,256,256,3
69.86534627278645,set_3,1024,1024,3
402.8194552522112,set_3,1024,1024,3
594.0228677738666,set_3,256,256,3
881.5485867441681,set_3,256,256,3
364.70586077372235,set_3,1024,1024,3
2.4194548924536625,set_3,1024,1024,3
19.078540166219074,set_3,1024,1024,3
1046.9799107028184,set_3,1024,1024,3
3339.262495185947,set_3,256,256,3
231.12036132323416,set_3,1024,1024,3
471.78384653727215,set_3,1024,1024,3
80.31482315063477,set_3,1024,1024,3
151.35054593952842,set_3,1024,1024,3
110.37987263997395,set_3,1024,1024,3
163.2003499172757,set_3,1024,1024,3
521.7881158192953,set_3,1024,1024,3
175.97667185465494,set_3,1024,1024,3
685.6045400632185,set_3,1024,1024,3
182.26605319939208,set_3,1024,1024,3
1154.3053690592449,set_3,1024,1024,3
51.560695965603095,set_3,1024,1024,3
158.10425592834824,set_3,1024,1024,3
468.6862392425537,set_3,1024,1024,3
405.9920100730897,set_3,1024,1024,3
458.26472600301105,set_3,1024,1024,3
3746.258509180172,set_3,256,256,3
228.95009329542518,set_3,256,256,3
973.1625623400619,set_3,1024,1024,3
386.5929419199626,set_3,1024,1024,3
219.35866673535062,set_3,1024,1024,3
1938.0866340330233,set_3,256,256,3
8425.111145752067,set_3,256,256,3
1146.5836823225643,set_3,256,256,3
131.48437627156576,set_3,1024,1024,3
157.7674656044214,set_3,1024,1024,3
214.44233830769858,set_3,1024,1024,3
105.80402183532715,set_3,1024,1024,3
44.17645772298177,set_3,1024,1024,3
5.617225328450538,set_3,1024,1024,3
67.29463958740234,set_3,1024,1024,3
203.20161394433896,set_3,1024,1024,3
72.30057907104492,set_3,1024,1024,3
2320.2157414261405,set_3,256,256,3
2269.038989977885,set_3,256,256,3
7014.340404072129,set_3,256,256,3
1590.2761462056594,set_3,256,256,3
6132.620768497283,set_3,256,256,3
227.01640859593059,set_3,1024,1024,3
6.6110966830452185,set_3,1024,1024,3
81.51504407365185,set_3,256,256,3
123.2613754272461,set_3,1024,1024,3
8055.762236244952,set_3,256,256,3
51.36354891459147,set_3,1024,1024,3
3.5815334310755134,set_3,1024,1024,3
1324.0580737553537,set_3,256,256,3
609.2916319592051,set_3,1024,1024,3
789.5641663075962,set_3,1024,1024,3
284.1504313151042,set_3,1024,1024,3
100.50524711608887,set_3,1024,1024,3
124.83956654866536,set_3,1024,1024,3
22.696685155232746,set_3,1024,1024,3
535.1404101053873,set_3,1024,1024,3
55.12462870279948,set_3,1024,1024,3
111.93872419704455,set_3,1024,1024,3
1076.940287863111,set_3,256,256,3
139.57635525122882,set_3,1024,1024,3
326.4291314674903,set_3,256,256,3
21.079438895582115,set_3,256,256,3
3.428144771165838,set_3,1024,1024,3
71.71803567888315,set_3,1024,1024,3
134.42329055163023,set_3,1024,1024,3
208.393798828125,set_3,1024,1024,3
176.00368743138904,set_3,256,256,3
567.0224283998832,set_3,1024,1024,3
50.7530517578125,set_3,1024,1024,3
139.63628677441739,set_3,256,256,3
64.92969576517741,set_3,1024,1024,3
48.0248966217041,set_3,1024,1024,3
344.83038902282715,set_3,1024,1024,3
151.03636706271428,set_3,1024,1024,3
100.43738810221355,set_3,1024,1024,3
566.4884469391296,set_3,1024,1024,3
6153.194716177234,set_3,256,256,3
260.26541837056476,set_3,1024,1024,3
52.749280293782554,set_3,1024,1024,3
580.5977261861166,set_3,1024,1024,3
431.8882109205909,set_3,1024,1024,3
2.4037017822200983,set_3,1024,1024,3
144.85357845904323,set_3,1024,1024,3
4470.346450734651,set_3,256,256,3
246.04624225864674,set_3,1024,1024,3
496.19526799519855,set_3,1024,1024,3
242.80050265571117,set_3,1024,1024,3
137.99097105989225,set_3,1024,1024,3
775.5347372690836,set_3,1024,1024,3
128.8237075805664,set_3,1024,1024,3
344.74117279052734,set_3,1024,1024,3
4525.436295861972,set_3,256,256,3
4.552319206966366,set_3,1024,1024,3
336.5150778332218,set_3,1024,1024,3
439.93847974141437,set_3,1024,1024,3
201.17876625061035,set_3,1024,1024,3
5454.389127553724,set_3,256,256,3
218.16740735371908,set_3,1024,1024,3
86.0926907857259,set_3,1024,1024,3
105.71277809143066,set_3,1024,1024,3
1300.415301250811,set_3,256,256,3
481.04176902770996,set_3,1024,1024,3
4912.383616436868,set_3,256,256,3
21.677630106608074,set_3,1024,1024,3
155.79398155212402,set_3,1024,1024,3
6370.455033958554,set_3,256,256,3
7144.385453794745,set_3,256,256,3
59.413018544514976,set_3,1024,1024,3
130.8036865200589,set_3,256,256,3
126.34930992126465,set_3,1024,1024,3
274.47867647806805,set_3,1024,1024,3
747.4177312842204,set_3,1024,1024,3
2.282654756398698,set_3,1024,1024,3
294.35217412312824,set_3,1024,1024,3
87.29293505350749,set_3,1024,1024,3
4790.128867293293,set_3,256,256,3
6155.270534449878,set_3,256,256,3
89.00783602396648,set_3,1024,1024,3
173.70717175801596,set_3,1024,1024,3
1896.4513492480748,set_3,256,256,3
2.0397008260091147,set_3,1024,1024,3
3829.1073973886414,set_3,256,256,3
2.0943225197300612,set_3,1024,1024,3
45.26670710245768,set_3,1024,1024,3
618.8577766418457,set_3,1024,1024,3
5.624723485491402,set_3,1024,1024,3
4100.246327817336,set_3,256,256,3
360.0435625712077,set_3,1024,1024,3
195.83516120910645,set_3,1024,1024,3
6265.469920808217,set_3,256,256,3
306.01376183827705,set_3,1024,1024,3
72.67547098795573,set_3,1024,1024,3
21.290440869802197,set_3,256,256,3
3525.20059080753,set_3,256,256,3
14.902596791585287,set_3,1024,1024,3
3494.7574199239148,set_3,256,256,3
3.126615206024527,set_3,1024,1024,3
6486.951310870444,set_3,256,256,3
52.59144528706869,set_3,1024,1024,3
489.7795177889969,set_3,1024,1024,3
4226.122673925012,set_3,256,256,3
958.1779441437816,set_3,1024,1024,3
420.8196035755545,set_3,192,256,3
1349.7181497662225,set_3,256,256,3
879.6043790181478,set_3,1024,1024,3
441.0426394144694,set_3,1024,1024,3
771.5193954250748,set_3,1024,1024,3
967.5138828489515,set_3,256,256,3
7076.710607864558,set_3,256,256,3
7.283219655354817,set_3,1024,1024,3
562.8988577523882,set_3,1024,1024,3
257.2646026611328,set_3,1024,1024,3
583.1789944966634,set_3,1024,1024,3
200.91575241088867,set_3,1024,1024,3
272.78821500142413,set_3,1024,1024,3
392.30485343933105,set_3,1024,1024,3
4534.678396757692,set_3,256,256,3
277.3350429534912,set_3,1024,1024,3
170.76565391944533,set_3,1024,1024,3
60.82286448269668,set_3,256,256,3
305.2203617095947,set_3,1024,1024,3
5838.8297905449035,set_3,256,256,3
28.17591320906973,set_3,256,256,3
264.34249114990234,set_3,1024,1024,3
7.097651794805036,set_3,1024,1024,3
63.190516129110186,set_3,256,256,3
129.23494974658556,set_3,1024,1024,3
6005.074101435616,set_3,256,256,3
369.8069299062093,set_3,1024,1024,3
5993.960895246826,set_3,256,256,3
5323.931588595112,set_3,256,256,3
51.488032972864396,set_3,1024,1024,3
225.2449073791504,set_3,1024,1024,3
383.9713191986084,set_3,1024,1024,3
239.66707770009165,set_3,1024,1024,3
29.050586064656574,set_3,1024,1024,3
110.46467113485126,set_3,1024,1024,3
495.66506512959796,set_3,1024,1024,3
4212.103397408707,set_3,256,256,3
173.43075870179186,set_3,1024,1024,3
4596.901521216845,set_3,256,256,3
144.51565742492676,set_3,1024,1024,3
443.6088689168294,set_3,1024,1024,3
294.8684143985932,set_3,256,256,3
1556.0182881289056,set_3,256,256,3
224.9310226343305,set_3,1024,1024,3
175.4988644917806,set_3,1024,1024,3
480.96242650349933,set_3,1024,1024,3
3.2172533670378027,set_3,1024,1024,3
156.64980246083908,set_3,1024,1024,3
105.91926232973735,set_3,192,256,3
143.0221909821822,set_3,1024,1024,3
120.99226977968497,set_3,1024,1024,3
6.338064467730784,set_3,1024,1024,3
22.893892923990887,set_3,1024,1024,3
5538.2369241506485,set_3,256,256,3
675.7842874823931,set_3,1024,1024,3
4932.419505754176,set_3,256,256,3
459.07965723673504,set_3,1024,1024,3
19.554449640715273,set_3,1024,1024,3
256.1462319691976,set_3,1024,1024,3
35.43750762939453,set_3,1024,1024,3
74.0987607382899,set_3,1024,1024,3
25.469298044840496,set_3,1024,1024,3
979.2774721781412,set_3,1024,1024,3
11818.942214551664,set_3,256,256,3
142.69570409902835,set_3,1024,1024,3
116.4148689273519,set_3,1024,1024,3
4.028192505854845,set_3,1024,1024,3
425.37971111024245,set_3,1024,1024,3
22.479610118233882,set_3,1024,1024,3
4223.377932151753,set_3,256,256,3
132.1354808807373,set_3,1024,1024,3
279.06102540962286,set_3,256,256,3
2.9394168853759766,set_3,1024,1024,3
2.4830442872270333,set_3,1024,1024,3
820.7775172467399,set_3,1024,1024,3
204.89915433980218,set_3,1024,1024,3
201.2106374091326,set_3,1024,1024,3
683.0660244557594,set_3,256,256,3
141.7024863475414,set_3,1024,1024,3
2717.027771876504,set_3,256,256,3
84.27010409037273,set_3,1024,1024,3
1717.643574982468,set_3,256,256,3
240.70452784576366,set_3,1024,1024,3
41.75567626953125,set_3,1024,1024,3
233.06920427114935,set_3,1024,1024,3
1390.2160199483235,set_3,1024,1024,3
1.9541180801910134,set_3,1024,1024,3
328.620065053304,set_3,1024,1024,3
6482.513257469957,set_3,256,256,3
175.54941375884744,set_3,256,256,3
4330.680405908161,set_3,256,256,3
293.8457139333089,set_3,1024,1024,3
13.653003687999037,set_3,1024,1024,3
1034.8363758276048,set_3,1024,1024,3
45.67203382640664,set_3,256,256,3
291.63963858276804,set_3,1024,1024,3
183.5055046081543,set_3,1024,1024,3
211.93151687112572,set_3,1024,1024,3
112.22008832295735,set_3,1024,1024,3
6374.992634915413,set_3,256,256,3
74.87687238057454,set_3,1024,1024,3
116.53486760457356,set_3,1024,1024,3
8265.800749785552,set_3,256,256,3
17748.500758885482,set_3,256,256,3
157.6955763498942,set_3,1024,1024,3
1249.6136874208848,set_3,256,256,3
197.0981305440267,set_3,1024,1024,3
292.77803738911945,set_3,1024,1024,3
36.82713919130361,set_3,256,256,3
946.3906802227721,set_3,256,256,3
6560.448435797356,set_3,256,256,3
4434.924295729647,set_3,256,256,3
160.1627597808838,set_3,1024,1024,3
1844.0433500193228,set_3,1024,1024,3
211.2729123433431,set_3,1024,1024,3
105.19855244954427,set_3,1024,1024,3
1193.2423490322865,set_3,256,256,3
121.33022148945349,set_3,1024,1024,3
52.83875974019369,set_3,1024,1024,3
49.371236165364586,set_3,1024,1024,3
112.18687502543132,set_3,1024,1024,3
94.38552411397298,set_3,1024,1024,3
143.05410957336426,set_3,1024,1024,3
548.0633748372396,set_3,1024,1024,3
442.9310652414958,set_3,1024,1024,3
101.81120872497559,set_3,1024,1024,3
288.98580837723176,set_3,256,256,3
53.85667737325033,set_3,1024,1024,3
1.9916416760694726,set_3,1024,1024,3
83.53498522440593,set_3,1024,1024,3
8229.728897958581,set_3,256,256,3
40.92664337158203,set_3,1024,1024,3
46.62127939860026,set_3,1024,1024,3
50.36927731831869,set_3,1024,1024,3
3219.858872331033,set_3,256,256,3
4959.371841013405,set_3,256,256,3
55.297208465815096,set_3,1024,1024,3
300.2284505112653,set_3,1024,1024,3
866.3370335089404,set_3,256,256,3
51.6653683980306,set_3,1024,1024,3
143.23750108292734,set_3,1024,1024,3
727.2762396905779,set_3,256,256,3
335.39401690165204,set_3,1024,1024,3
201.62052377058703,set_3,1024,1024,3
364.6309003816605,set_3,1024,1024,3
88.71921030680339,set_3,1024,1024,3
908.1180358795469,set_3,1024,1024,3
197.46698023057561,set_3,1024,1024,3
4908.851994775003,set_3,256,256,3
368.9369977315267,set_3,1024,1024,3
2776.840549276521,set_3,256,256,3
160.25259908040366,set_3,1024,1024,3
277.9866743023101,set_3,1024,1024,3
265.34694417317706,set_3,1024,1024,3
10023.8960056224,set_3,256,256,3
371.7285671234131,set_3,1024,1024,3
4.378429056230025,set_3,1024,1024,3
3.6787195202631526,set_3,1024,1024,3
440.0182698567708,set_3,1024,1024,3
248.04887770902133,set_3,1024,1024,3
147.73316764831543,set_3,1024,1024,3
223.71650782219982,set_3,1024,1024,3
5.782873145763815,set_3,1024,1024,3
10.69546635945638,set_3,1024,1024,3
93.65691566467285,set_3,1024,1024,3
130.98651568094888,set_3,1024,1024,3
392.45310190006944,set_3,1024,1024,3
82.77232424418132,set_3,1024,1024,3
192.3689314081462,set_3,1024,1024,3
4218.656320813189,set_3,256,256,3
7489.137324678376,set_3,256,256,3
1917.857227381294,set_3,256,256,3
2318.678499706064,set_3,256,256,3
9440.091522252807,set_3,256,256,3
109.3674259185791,set_3,1024,1024,3
186.92243639628092,set_3,1024,1024,3
571.4271235995823,set_3,256,256,3
6421.24176070053,set_3,256,256,3
253.79258664449057,set_3,1024,1024,3
170.30973116556802,set_3,1024,1024,3
668.3778276332731,set_3,1024,1024,3
1698.6393166497971,set_3,256,256,3
423.1111475626628,set_3,1024,1024,3
11890.572471439424,set_3,256,256,3
473.8799699147542,set_3,1024,1024,3
1285.9710032923351,set_3,256,256,3
6.374355315191585,set_3,1024,1024,3
107.35122976700465,set_3,256,256,3
434.8286616007487,set_3,1024,1024,3
126.71546427408855,set_3,1024,1024,3
352.3084351097132,set_3,1024,1024,3
411.01220957438153,set_3,1024,1024,3
6407.575611926591,set_3,256,256,3
2440.6812978634975,set_3,256,256,3
926.4929084280092,set_3,256,256,3
88.530824025472,set_3,1024,1024,3
1290.9816233376816,set_3,256,256,3
11721.551674556582,set_3,256,256,3
408.3509813944499,set_3,1024,1024,3
5655.786009555656,set_3,256,256,3
117.70620408855366,set_3,1024,1024,3
8.269587198893229,set_3,1024,1024,3
221.64595507534167,set_3,1024,1024,3
137.49916896807014,set_3,1024,1024,3
322.30475393498205,set_3,1024,1024,3
114.83517074584961,set_3,1024,1024,3
202.28978760578642,set_3,1024,1024,3
402.5250066121419,set_3,1024,1024,3
171.1455478668213,set_3,1024,1024,3
58.88418956556256,set_3,256,256,3
631.4316635131836,set_3,1024,1024,3
594.6407194100547,set_3,1024,1024,3
59.13790321350098,set_3,1024,1024,3
807.8763560776,set_3,1024,1024,3
562.1992772420248,set_3,1024,1024,3
229.27905018037117,set_3,1024,1024,3
2813.1532408859994,set_3,192,256,3
113.11032322287149,set_3,256,256,3
2077.830947754181,set_3,256,256,3
779.0470035166945,set_3,256,256,3
131.84779103597006,set_3,1024,1024,3
138.29254050029937,set_3,1024,1024,3
163.38904761724174,set_3,1024,1024,3
18147.512498934655,set_3,256,256,3
467.6544340009081,set_3,1024,1024,3
1179.900785658095,set_3,256,256,3
4102.024918231259,set_3,256,256,3
219.59407742771432,set_3,1024,1024,3
11709.227827180772,set_3,256,256,3
8155.6141974512075,set_3,256,256,3
8.006417592366537,set_3,1024,1024,3
6785.228551221367,set_3,256,256,3
574.623442640199,set_3,1024,1024,3
1356.8390795389812,set_3,1024,1024,3
5557.192975305615,set_3,256,256,3
26.779226938883465,set_3,1024,1024,3
399.23030173686357,set_3,1024,1024,3
464.6522960662842,set_3,1024,1024,3
86.70676898158348,set_3,1024,1024,3
1048.3258317311604,set_3,1024,1024,3
23.43773078918457,set_3,1024,1024,3
453.0665006376546,set_3,256,256,3
408.0347836812337,set_3,1024,1024,3
80.63125356038411,set_3,1024,1024,3
344.8764813741048,set_3,1024,1024,3
115.6852855682373,set_3,1024,1024,3
283.4788627624512,set_3,1024,1024,3
230.19606304128595,set_3,1024,1024,3
84.9550724029541,set_3,1024,1024,3
5594.730824641778,set_3,256,256,3
253.8295599563269,set_3,1024,1024,3
26.719171201571356,set_3,1024,1024,3
160.06847063700357,set_3,1024,1024,3
82.95665168762207,set_3,1024,1024,3
441.34944394805876,set_3,1024,1024,3
4885.3766647078255,set_3,256,256,3
911.2996457401249,set_3,256,256,3
645.4290985105904,set_3,1024,1024,3
86.51611518859863,set_3,1024,1024,3
4435.44927895501,set_3,256,256,3
15.661203701176722,set_3,1024,1024,3
211.86622295932224,set_3,1024,1024,3
20.01569159727617,set_3,1024,1024,3
3782.185973551435,set_3,256,256,3
130.9952049255371,set_3,1024,1024,3
5873.998542308161,set_3,256,256,3
3342.3666037389125,set_3,256,256,3
162.5529899597168,set_3,1024,1024,3
34.50430806477865,set_3,1024,1024,3
775.6702675746419,set_3,1024,1024,3
152.44473073874542,set_3,1024,1024,3
100.47098795572917,set_3,1024,1024,3
14.425645173779008,set_3,1024,1024,3
7.331054396823877,set_3,256,256,3
470.0397262573242,set_3,1024,1024,3
155.7767136891683,set_3,1024,1024,3
255.38968467712402,set_3,1024,1024,3
435.3294697448046,set_3,1024,1024,3
6213.140139148881,set_3,256,256,3
85.97256342569987,set_3,1024,1024,3
109.51186402380053,set_3,256,256,3
1683.2647196054204,set_3,256,256,3
1738.0454931301467,set_3,192,256,3
224.8287565565728,set_3,1024,1024,3
5.54807726542155,set_3,1024,1024,3
443.1577726999919,set_3,1024,1024,3
367.6204821268648,set_3,1024,1024,3
275.04206655808866,set_3,1024,1024,3
1746.6046222546656,set_3,256,256,3
2831.3202873775617,set_3,192,256,3
90.19652684529622,set_3,1024,1024,3
181.1879321794685,set_3,1024,1024,3
921.2704582673808,set_3,256,256,3
3995.0056584706876,set_3,256,256,3
152.06354204813638,set_3,1024,1024,3
252.43225281372563,set_3,256,256,3
4323.36162899225,set_3,256,256,3
385.62642733256024,set_3,1024,1024,3
879.3515953837714,set_3,1024,1024,3
61.4901065826416,set_3,1024,1024,3
391.75855654436685,set_3,256,256,3
111.63557052612305,set_3,1024,1024,3
35.956747690836586,set_3,1024,1024,3
380.3130581871503,set_3,256,256,3
5633.557802821095,set_3,256,256,3
460.84435907999676,set_3,1024,1024,3
4154.470522372646,set_3,256,256,3
574.7675228118896,set_3,1024,1024,3
231.97996202762565,set_3,1024,1024,3
3555.721849617755,set_3,256,256,3
28.857309341430664,set_3,1024,1024,3
6274.065449651331,set_3,256,256,3
8819.024174506854,set_3,256,256,3
270.327699025472,set_3,1024,1024,3
129.82468034806348,set_3,1024,1024,3
57.16908518473307,set_3,1024,1024,3
134.8874880472819,set_3,1024,1024,3
17.542877833048504,set_3,1024,1024,3
69.6911137898763,set_3,1024,1024,3
246.45684113275124,set_3,1024,1024,3
64.8421413670729,set_3,1024,1024,3
63.99986267089844,set_3,1024,1024,3
49.310084660847984,set_3,1024,1024,3
5994.529060716326,set_3,256,256,3
19.62864812215169,set_3,1024,1024,3
331.5593509674072,set_3,1024,1024,3
1414.4473493099213,set_3,256,256,3
148.7361577351888,set_3,1024,1024,3
272.1061350967114,set_3,256,256,3
401.52046902974445,set_3,1024,1024,3
3.7070960953969916,set_3,1024,1024,3
5522.927161241546,set_3,256,256,3
1069.3111718495686,set_3,1024,1024,3
378.5996602376302,set_3,1024,1024,3
7302.058610533029,set_3,256,256,3
172.78977007568753,set_3,1024,1024,3
1614.161999412476,set_3,256,256,3
40.12181113726178,set_3,1024,1024,3
9105.268000999675,set_3,256,256,3
2380.0540029431127,set_3,256,256,3
2.307032902821654,set_3,1024,1024,3
2554.492736068762,set_3,256,256,3
28.95896848042806,set_3,1024,1024,3
172.47081310932018,set_3,1024,1024,3
355.6990391410734,set_3,1024,1024,3
10832.217019484044,set_3,256,256,3
369.23801530657784,set_3,1024,1024,3
47.93732897440592,set_3,1024,1024,3
73.36290995279948,set_3,1024,1024,3
481.42876625061035,set_3,1024,1024,3
111.18423398335774,set_3,1024,1024,3
3.4160286585262534,set_3,1024,1024,3
54.70804405212402,set_3,1024,1024,3
311.53162320454913,set_3,1024,1024,3
1153.4499585130773,set_3,256,256,3
104.48193707961741,set_3,1024,1024,3
89.66944758097331,set_3,1024,1024,3
96.53406016269905,set_3,256,256,3
455.12433369954425,set_3,1024,1024,3
1207.749282573013,set_3,256,256,3
306.48799731411555,set_3,1024,1024,3
2.3499180462037352,set_3,1024,1024,3
1970.5969514815506,set_3,256,256,3
8057.686370048258,set_3,256,256,3
9398.243974248468,set_3,256,256,3
43.5139217376709,set_3,1024,1024,3
262.4621245968477,set_3,1024,1024,3
337.30760044584514,set_3,1024,1024,3
89.80936709856009,set_3,1024,1024,3
5.941381772314647,set_3,1024,1024,3
290.66646341991594,set_3,1024,1024,3
197.14950115853915,set_3,1024,1024,3
65.42172241210938,set_3,1024,1024,3
3466.0060624016655,set_3,256,256,3
5311.859883596087,set_3,256,256,3
864.2780802405946,set_3,1024,1024,3
22080.17071523766,set_3,256,256,3
2600.996911134545,set_3,256,256,3
1121.4521961969633,set_3,256,256,3
44.86901410420736,set_3,1024,1024,3
18758.97741591721,set_3,256,256,3
65.52139981587727,set_3,1024,1024,3
251.2863127368403,set_3,1024,1024,3
2334.26765225701,set_3,256,256,3
42.60285186767578,set_3,1024,1024,3
180.71706581115723,set_3,1024,1024,3
710.5642977287554,set_3,1024,1024,3
65.36802736918132,set_3,1024,1024,3
328.9577954261453,set_3,1024,1024,3
648.6950757328011,set_3,1024,1024,3
55.867095947265625,set_3,1024,1024,3
4048.84960302087,set_3,256,256,3
55.2584031422933,set_3,1024,1024,3
340.2559534708659,set_3,1024,1024,3
102.37305794866775,set_3,1024,1024,3
42.448573430379234,set_3,1024,1024,3
167.90125751494463,set_3,1024,1024,3
8784.14373828595,set_3,256,256,3
163.61797014872232,set_3,1024,1024,3
2.1061998941938023,set_3,1024,1024,3
216.7514047204867,set_3,1024,1024,3
358.9088191986084,set_3,1024,1024,3
3.8714027404748776,set_3,1024,1024,3
1892.7313674890902,set_3,256,256,3
59.575343449910484,set_3,1024,1024,3
1743.0987846171483,set_3,256,256,3
342.65967559814453,set_3,1024,1024,3
405.74475224812824,set_3,1024,1024,3
189.28822311183464,set_3,1024,1024,3
7436.711620340332,set_3,256,256,3
80.53116289774577,set_3,1024,1024,3
1939.5988879922988,set_3,256,256,3
189.70786921183267,set_3,1024,1024,3
143.01693469719888,set_3,1024,1024,3
57.961605072021484,set_3,1024,1024,3
135.00333830842737,set_3,1024,1024,3
160.5168342590332,set_3,1024,1024,3
107.1947758992513,set_3,1024,1024,3
1079.6468969980876,set_3,1024,1024,3
258.151580174764,set_3,1024,1024,3
429.8688844045003,set_3,1024,1024,3
294.653502146403,set_3,1024,1024,3
80.36344464619954,set_3,1024,1024,3
88.21393775939941,set_3,1024,1024,3
189.71890061721206,set_3,256,256,3
104.31141916910808,set_3,1024,1024,3
55.96210225423177,set_3,1024,1024,3
66.42094739278157,set_3,1024,1024,3
4558.088991678397,set_3,256,256,3
373.2539990743001,set_3,1024,1024,3
239.53798857335116,set_3,1024,1024,3
4590.485205993031,set_3,256,256,3
571.1347122192383,set_3,1024,1024,3
611.8192069791257,set_3,256,256,3
2790.802250272284,set_3,256,256,3
1234.4818920839784,set_3,256,256,3
93.88620122273763,set_3,1024,1024,3
398.8646689410994,set_3,256,256,3
233.75329619577494,set_3,1024,1024,3
331.6151599884033,set_3,1024,1024,3
136.62078254598347,set_3,1024,1024,3
989.0180856595592,set_3,256,256,3
31.671349207560223,set_3,1024,1024,3
112.72149275116551,set_3,1024,1024,3
2419.6355120580797,set_3,256,256,3
477.67691421878726,set_3,256,256,3
118.77791913350423,set_3,1024,1024,3
209.97793652673457,set_3,256,256,3
326.41930770874023,set_3,1024,1024,3
348.0710771901502,set_3,1024,1024,3
553.040314356486,set_3,1024,1024,3
5.954321855299895,set_3,1024,1024,3
225.386869430542,set_3,1024,1024,3
9224.395531000542,set_3,256,256,3
158.61530717160093,set_3,1024,1024,3
189.59906609810352,set_3,1024,1024,3
37.24454434712728,set_3,1024,1024,3
3111.960134598013,set_3,256,256,3
1060.856105931077,set_3,256,256,3
1046.3234801092701,set_3,256,256,3
80.90740776062012,set_3,1024,1024,3
469.04693539937335,set_3,1024,1024,3
59.99969474140865,set_3,256,256,3
291.7316659291585,set_3,1024,1024,3
519.3260625203451,set_3,1024,1024,3
1.3810237248713324,set_3,1024,1024,3
667.863489096261,set_3,1024,1024,3
315.3927402496338,set_3,1024,1024,3
90.76090523623117,set_3,1024,1024,3
154.35105754556653,set_3,256,256,3
2.015647878346499,set_3,1024,1024,3
1.949003190788062,set_3,1024,1024,3
4266.276560105279,set_3,256,256,3
74.5813725789388,set_3,1024,1024,3
730.9946607364946,set_3,1024,1024,3
946.3801888105586,set_3,192,256,3
6993.40168971628,set_3,256,256,3
2774.259774197721,set_3,256,256,3
7056.851486275492,set_3,256,256,3
2.2359736760229985,set_3,1024,1024,3
201.65560340763474,set_3,1024,1024,3
46.89505828024466,set_3,1024,1024,3
74.45649655659993,set_3,1024,1024,3
123.23570214516532,set_3,1024,1024,3
2141.203499703668,set_3,256,256,3
8138.48637210733,set_3,256,256,3
381.09295524386425,set_3,1024,1024,3
7.157090466618282,set_3,1024,1024,3
1885.8418216704315,set_3,1024,1024,3
22.18893814086914,set_3,1024,1024,3
725.8369439980015,set_3,256,256,3
62.97674242655436,set_3,1024,1024,3
4430.053287373207,set_3,256,256,3
73.02722485860188,set_3,1024,1024,3
20207.64103340831,set_3,256,256,3
163.79653485418004,set_3,1024,1024,3
13.863220850626627,set_3,1024,1024,3
5269.374714840177,set_3,256,256,3
3822.209202988461,set_3,256,256,3
206.4722241382825,set_3,1024,1024,3
33.92663256327311,set_3,1024,1024,3
6685.93607332617,set_3,256,256,3
461.6342582702637,set_3,1024,1024,3
57.4757137298584,set_3,1024,1024,3
440.9013671875,set_3,1024,1024,3
2.076566696166992,set_3,1024,1024,3
166.70794296264648,set_3,1024,1024,3
310.0638078053792,set_3,1024,1024,3
84.25866841529914,set_3,1024,1024,3
41.825398763020836,set_3,1024,1024,3
66.5726432800293,set_3,1024,1024,3
12.33195398360828,set_3,1024,1024,3
130.91104571024576,set_3,1024,1024,3
238.98996636071433,set_3,1024,1024,3
537.3475138346354,set_3,1024,1024,3
367.0216859181722,set_3,1024,1024,3
234.1994768778483,set_3,1024,1024,3
4010.3450547313682,set_3,256,256,3
198.44057685702543,set_3,1024,1024,3
6798.414517042514,set_3,256,256,3
204.0317277854402,set_3,1024,1024,3
747.1502856943342,set_3,256,256,3
4052.1021137154507,set_3,256,256,3
163.01630899765362,set_3,1024,1024,3
217.36779257387192,set_3,1024,1024,3
432.4716631571452,set_3,1024,1024,3
238.43251100988968,set_3,1024,1024,3
455.7065288045496,set_3,256,256,3
67.50981903076172,set_3,1024,1024,3
43.51812998453776,set_3,1024,1024,3
277.73618570963544,set_3,1024,1024,3
519.8016833873061,set_3,1024,1024,3
1764.653555351827,set_3,256,256,3
402.8790976206462,set_3,1024,1024,3
1233.479843486928,set_3,256,256,3
442.0061829884847,set_3,1024,1024,3
17.864317576090496,set_3,1024,1024,3
195.89168710259,set_3,256,256,3
498.3093547821045,set_3,1024,1024,3
683.0922151747695,set_3,1024,1024,3
11.377661387124101,set_3,1024,1024,3
1.8906049696734044,set_3,1024,1024,3
1105.978149978467,set_3,192,256,3
832.8099340096942,set_3,256,256,3
1119.8213069586911,set_3,256,256,3
754.026236062145,set_3,256,256,3
75.36674833256338,set_3,256,256,3
364.2570263310915,set_3,1024,1024,3
30.716416041056316,set_3,1024,1024,3
606.4105045316761,set_3,1024,1024,3
9103.481333650621,set_3,256,256,3
8052.596562779198,set_3,256,256,3
8186.567249767457,set_3,256,256,3
5477.7129298051195,set_3,256,256,3
6615.826911389414,set_3,256,256,3
473.5331579844157,set_3,1024,1024,3
2.39710361638411,set_3,1024,1024,3
151.6803881327311,set_3,1024,1024,3
1866.4996181388851,set_3,256,256,3
402.2351892824843,set_3,1024,1024,3
82.07079633076985,set_3,1024,1024,3
45.9616444905599,set_3,1024,1024,3
211.31903203328451,set_3,1024,1024,3
337.2899862925212,set_3,1024,1024,3
1629.1764506324091,set_3,256,256,3
18.22412935892741,set_3,1024,1024,3
116.71579263699807,set_3,1024,1024,3
147.46526018746803,set_3,1024,1024,3
189.68033118466448,set_3,1024,1024,3
344.32114664713544,set_3,1024,1024,3
162.73884119595866,set_3,1024,1024,3
682.722349802653,set_3,1024,1024,3
12537.760955212842,set_3,256,256,3
1023.1869887891743,set_3,256,256,3
3139.668284949226,set_3,256,256,3
4828.389141955308,set_3,256,256,3
5.784173011655992,set_3,1024,1024,3
656.9116923014323,set_3,1024,1024,3
227.3899930305041,set_3,1024,1024,3
160.18960062639476,set_3,256,256,3
308.656042098999,set_3,1024,1024,3
224.2605463663737,set_3,1024,1024,3
518.542127761964,set_3,256,256,3
3.6990178426106772,set_3,1024,1024,3
297.229548443482,set_3,1024,1024,3
176.66939544677734,set_3,1024,1024,3
72.00450070699056,set_3,1024,1024,3
3858.7322103116244,set_3,256,256,3
90.64798418680827,set_3,1024,1024,3
114.98920174573625,set_3,1024,1024,3
49.70590168889612,set_3,256,256,3
3592.477626957387,set_3,256,256,3
81.66548531313249,set_3,1024,1024,3
2151.2158361621355,set_3,256,256,3
363.6700035594404,set_3,256,256,3
4.791361808400818,set_3,1024,1024,3
15.852850913891416,set_3,1024,1024,3
160.48662974938222,set_3,1024,1024,3
637.0419399986664,set_3,256,256,3
127.7670854609201,set_3,256,256,3
159.24634297688803,set_3,1024,1024,3
119.09209155659924,set_3,1024,1024,3
364.44364166259766,set_3,1024,1024,3
8807.69190540651,set_3,256,256,3
182.32024411946222,set_3,1024,1024,3
19.126052220662434,set_3,1024,1024,3
1120.334280669663,set_3,256,256,3
322.4917793273926,set_3,1024,1024,3
221.28432528177896,set_3,1024,1024,3
768.0042660766177,set_3,256,256,3
414.32645189239906,set_3,1024,1024,3
265.2376340230306,set_3,1024,1024,3
2.086370466684457,set_3,1024,1024,3
4497.879987117291,set_3,256,256,3
621.4126636547347,set_3,256,256,3
24.260356132536092,set_3,256,256,3
5377.794194491554,set_3,256,256,3
452.09290942774777,set_3,1024,1024,3
127.6249262491862,set_3,1024,1024,3
6889.949478868991,set_3,256,256,3
518.7475526220838,set_3,256,256,3
9847.678615828356,set_3,256,256,3
321.17461519884654,set_3,1024,1024,3
270.19185082796594,set_3,1024,1024,3
641.3609549185807,set_3,1024,1024,3
151.30793380737305,set_3,1024,1024,3
4222.902361179288,set_3,256,256,3
432.14425239453294,set_3,256,256,3
2634.3449705308303,set_3,256,256,3
256.86294110616046,set_3,1024,1024,3
7747.213770930965,set_3,256,256,3
1959.0114000555284,set_3,256,256,3
2414.9165439589156,set_3,256,256,3
235.55980173746744,set_3,1024,1024,3
3911.6931633860027,set_3,256,256,3
153.04383595784506,set_3,1024,1024,3
151.28290652571567,set_3,1024,1024,3
4599.0243347895375,set_3,256,256,3
282.31132253011066,set_3,1024,1024,3
42.35503069419031,set_3,1024,1024,3
180.223036759887,set_3,1024,1024,3
237.48743215972365,set_3,1024,1024,3
1694.03639409316,set_3,256,256,3
130.55713081359863,set_3,1024,1024,3
21.295901616414387,set_3,1024,1024,3
161.02782150648534,set_3,1024,1024,3
169.35955429077148,set_3,1024,1024,3
63.90018399556478,set_3,1024,1024,3
421.0018170674642,set_3,1024,1024,3
2.895381927399285,set_3,1024,1024,3
8.621099789920276,set_3,1024,1024,3
9272.407180850705,set_3,256,256,3
215.0287183125814,set_3,1024,1024,3
5.526243843467651,set_3,1024,1024,3
6526.212494060991,set_3,256,256,3
437.8994954427083,set_3,1024,1024,3
427.99411455790204,set_3,1024,1024,3
112.76017189025879,set_3,1024,1024,3
118.93203481038411,set_3,1024,1024,3
175.6693172454834,set_3,1024,1024,3
68.64559110005696,set_3,1024,1024,3
60.18126614888509,set_3,1024,1024,3
6338.207643855961,set_3,256,256,3
622.4682032564242,set_3,256,256,3
1699.048074802358,set_3,256,256,3
348.02588844299316,set_3,1024,1024,3
325.8948040008545,set_3,1024,1024,3
7470.314694642376,set_3,256,256,3
1761.5748981220852,set_3,256,256,3
362.77203843553747,set_3,256,256,3
11408.56730238224,set_3,256,256,3
1303.1110971367164,set_3,1024,1024,3
61.38128852844238,set_3,1024,1024,3
759.2584966023763,set_3,1024,1024,3
1001.9649077386647,set_3,256,256,3
892.431745933964,set_3,256,256,3
2.3320738474491614,set_3,1024,1024,3
4553.081951228875,set_3,256,256,3
107.52993837992351,set_3,1024,1024,3
202.44779617249466,set_3,1024,1024,3
932.3959577645486,set_3,256,256,3
5291.4021360104025,set_3,256,256,3
231.5991201388307,set_3,1024,1024,3
5058.416741062783,set_3,256,256,3
876.6695728302002,set_3,1024,1024,3
103.74893029146502,set_3,1024,1024,3
60.08509190877279,set_3,1024,1024,3
60.001702746350524,set_3,256,256,3
4119.356101448233,set_3,256,256,3
2.3962910911844424,set_3,1024,1024,3
465.61485442951226,set_3,256,256,3
672.1599091946445,set_3,1024,1024,3
241.47771739606364,set_3,1024,1024,3
630.3708368848487,set_3,1024,1024,3
77.15664354960124,set_3,1024,1024,3
82.6272089915908,set_3,1024,1024,3
31.534404754638672,set_3,1024,1024,3
493.4396909077962,set_3,1024,1024,3
4.559673882040639,set_3,1024,1024,3
249.89335034197816,set_3,256,256,3
1249.509007665846,set_3,256,256,3
8301.606745292098,set_3,256,256,3
189.80597241203444,set_3,1024,1024,3
64.09029134009445,set_3,1024,1024,3
10.460374187275496,set_3,1024,1024,3
201.14247763173364,set_3,1024,1024,3
141.10363006591797,set_3,1024,1024,3
241.63288368429187,set_3,1024,1024,3
970.4484222129812,set_3,256,256,3
198.59357546384078,set_3,1024,1024,3
67.74147955576579,set_3,256,256,3
121.07442092895508,set_3,1024,1024,3
4.1411927541097,set_3,1024,1024,3
2.0836400979726264,set_3,1024,1024,3
11353.920780425658,set_3,256,256,3
12.495248158772787,set_3,1024,1024,3
659.398832321167,set_3,1024,1024,3
5.134111082605652,set_3,1024,1024,3
205.09693590799967,set_3,1024,1024,3
98.91963386535645,set_3,1024,1024,3
407.35155295552903,set_3,1024,1024,3
2612.2786264071606,set_3,256,256,3
6654.087347067788,set_3,256,256,3
260.5026569366455,set_3,1024,1024,3
191.51834964698335,set_3,1024,1024,3
795.5061753590902,set_3,1024,1024,3
74.67039978338612,set_3,256,256,3
1538.7619249607544,set_3,1024,1024,3
3656.3806741432177,set_3,256,256,3
422.47969309488934,set_3,1024,1024,3
146.37136288639158,set_3,256,256,3
208.04216734118336,set_3,1024,1024,3
109.84136772155762,set_3,1024,1024,3
4617.17448326922,set_3,256,256,3
253.2627124786377,set_3,1024,1024,3
572.2969671884383,set_3,1024,1024,3
150.64146296183267,set_3,1024,1024,3
413.03700892130536,set_3,1024,1024,3
13603.811525029414,set_3,256,256,3
123.9336311107797,set_3,1024,1024,3
3734.309110261396,set_3,256,256,3
329.4545491536458,set_3,1024,1024,3
734.9391682942709,set_3,1024,1024,3
86.69503779616207,set_3,256,256,3
8314.27849680224,set_3,256,256,3
2158.2828835385285,set_3,256,256,3
31.78060236011839,set_3,256,256,3
1705.9925472958846,set_3,256,256,3
88.6440386759809,set_3,1024,1024,3
32.70051638285319,set_3,1024,1024,3
64.76703262329102,set_3,1024,1024,3
7739.425209748016,set_3,256,256,3
1799.2581617036424,set_3,256,256,3
22.52240980538126,set_3,256,256,3
363.2517015304896,set_3,1024,1024,3
99.77233123779297,set_3,1024,1024,3
14.9259646733431,set_3,1024,1024,3
54.28409322102865,set_3,1024,1024,3
10.359856287636742,set_3,1024,1024,3
483.93978754679364,set_3,1024,1024,3
117.11113103230794,set_3,1024,1024,3
261.0347309112549,set_3,1024,1024,3
7135.706903027346,set_3,256,256,3
110.39007822672527,set_3,1024,1024,3
39.5502815246582,set_3,1024,1024,3
340.05005554265034,set_3,256,256,3
1127.671793808436,set_3,256,256,3
612.2652915202665,set_3,1024,1024,3
5.18582280476888,set_3,1024,1024,3
43.59001604715983,set_3,1024,1024,3
724.3432623908544,set_3,256,256,3
411.8451404571533,set_3,1024,1024,3
6757.266094285581,set_3,256,256,3
15.265604019165039,set_3,1024,1024,3
583.4466436322933,set_3,256,256,3
3.614418007651693,set_3,1024,1024,3
1328.0806911611517,set_3,256,256,3
92.44202931090389,set_3,1024,1024,3
1652.895358893374,set_3,256,256,3
9.698652585237445,set_3,1024,1024,3
47.91809112964595,set_3,1024,1024,3
5217.566552787993,set_3,256,256,3
614.9510256449381,set_3,1024,1024,3
110.30322710673015,set_3,1024,1024,3
45.112691243489586,set_3,1024,1024,3
8794.479538942376,set_3,256,256,3
10214.70527417645,set_3,256,256,3
36.8810609181722,set_3,1024,1024,3
427.79908764765906,set_3,256,256,3
504.1051929933141,set_3,1024,1024,3
285.41662196605466,set_3,1024,1024,3
8096.027852683615,set_3,256,256,3
371.0945021311442,set_3,1024,1024,3
8.784343719482422,set_3,1024,1024,3
3731.7950681774723,set_3,256,256,3
2357.878393553094,set_3,256,256,3
5904.592732411188,set_3,256,256,3
83.3397331237793,set_3,1024,1024,3
144.79708989461264,set_3,1024,1024,3
119.99723625183105,set_3,1024,1024,3
933.1467434712666,set_3,1024,1024,3
60.26441097035174,set_3,1024,1024,3
263.6011413969132,set_3,1024,1024,3
414.52596219380695,set_3,1024,1024,3
558.7953498418777,set_3,1024,1024,3
495.4214244777109,set_3,1024,1024,3
8976.350221899622,set_3,256,256,3
3.482061661958445,set_3,1024,1024,3
26.778088251749676,set_3,1024,1024,3
1413.4618499659828,set_3,256,256,3
30.901357650756836,set_3,1024,1024,3
498.93367131551105,set_3,1024,1024,3
331.54048411051434,set_3,1024,1024,3
64.59015528361003,set_3,1024,1024,3
8214.262086014962,set_3,256,256,3
126.4962565852094,set_3,1024,1024,3
90.49826622009277,set_3,1024,1024,3
8.769947651888492,set_3,1024,1024,3
3641.968642809712,set_3,256,256,3
1878.7863796252966,set_3,256,256,3
1411.0063149515124,set_3,256,256,3
1590.714643706464,set_3,256,256,3
501.649495967925,set_3,1024,1024,3
47.86464055379232,set_3,1024,1024,3
367.915556270439,set_3,1024,1024,3
8.55672518412272,set_3,1024,1024,3
770.7888640834849,set_3,256,256,3
467.11501775340486,set_3,256,256,3
168.5514933268229,set_3,1024,1024,3
54.76167233784994,set_3,1024,1024,3
638.7856934865316,set_3,1024,1024,3
67.40366712290403,set_3,1024,1024,3
64.16164652506511,set_3,1024,1024,3
3827.0944364840525,set_3,256,256,3
3773.375751829369,set_3,256,256,3
113.32804456115753,set_3,1024,1024,3
2.2807401021321616,set_3,1024,1024,3
1769.3789673769431,set_3,256,256,3
152.06444295161882,set_3,1024,1024,3
184.45835367822406,set_3,1024,1024,3
672.9711790848515,set_3,1024,1024,3
389.85970369974774,set_3,1024,1024,3
937.2026875399882,set_3,256,256,3
936.3076987878109,set_3,256,256,3
723.2469479122665,set_3,256,256,3
36.978759129842125,set_3,1024,1024,3
6089.362633173664,set_3,256,256,3
520.2798137664795,set_3,1024,1024,3
194.29689407348633,set_3,1024,1024,3
131.02392904250883,set_3,256,256,3
340.28272959580755,set_3,1024,1024,3
615.4778140373536,set_3,1024,1024,3
67.27588272094727,set_3,1024,1024,3
220.50010585711928,set_3,1024,1024,3
153.32934474503676,set_3,1024,1024,3
168.53298823038736,set_3,1024,1024,3
4763.903566639224,set_3,256,256,3
4.905203176395428,set_3,1024,1024,3
277.37047787793495,set_3,1024,1024,3
2.17677688598269,set_3,1024,1024,3
964.7475922375415,set_3,1024,1024,3
2.906319927965848,set_3,1024,1024,3
2.168993944774229,set_3,1024,1024,3
161.04063097635904,set_3,1024,1024,3
3192.203612065537,set_3,256,256,3
163.1557903289795,set_3,1024,1024,3
42.27707608540853,set_3,1024,1024,3
91.38405164082845,set_3,1024,1024,3
3.202620823654191,set_3,1024,1024,3
2774.775339633201,set_3,256,256,3
1386.9467039101582,set_3,1024,1024,3
6980.661511490638,set_3,256,256,3
273.1138521783093,set_3,1024,1024,3
4060.740013771354,set_3,256,256,3
179.2968149109862,set_3,1024,1024,3
8926.96939990398,set_3,256,256,3
1500.304193224758,set_3,256,256,3
681.8174417797064,set_3,256,256,3
13.897751155146745,set_3,1024,1024,3
5974.675722227096,set_3,256,256,3
65.54591687520345,set_3,1024,1024,3
158.740021387736,set_3,1024,1024,3
1.7418818878010522,set_3,1024,1024,3
7996.699629464084,set_3,256,256,3
6883.090660111746,set_3,256,256,3
30.236618041992188,set_3,1024,1024,3
2.4240611124137676,set_3,1024,1024,3
630.6980558606834,set_3,1024,1024,3
401.2364412877295,set_3,256,256,3
1508.978929976519,set_3,256,256,3
18161.889472926425,set_3,256,256,3
885.3575124703348,set_3,256,256,3
273.7095177968343,set_3,1024,1024,3
661.576405207316,set_3,1024,1024,3
14.773807965980572,set_3,1024,1024,3
959.014137657954,set_3,256,256,3
248.1780442991417,set_3,1024,1024,3
300.95313546949666,set_3,1024,1024,3
6386.471460938842,set_3,256,256,3
84.27385965983073,set_3,1024,1024,3
116.74814510319112,set_3,1024,1024,3
30.428482055664062,set_3,1024,1024,3
12.523230839549372,set_3,1024,1024,3
440.2427336374919,set_3,1024,1024,3
9548.303034330305,set_3,256,256,3
241.58978239270616,set_3,1024,1024,3
74.95767466227214,set_3,1024,1024,3
21.848087310791016,set_3,1024,1024,3
551.5019340515137,set_3,1024,1024,3
738.1747838215024,set_3,256,256,3
319.30237833658856,set_3,1024,1024,3
197.46698023057561,set_3,1024,1024,3
8477.319664206952,set_3,256,256,3
368.78549830118817,set_3,1024,1024,3
6160.999161193354,set_3,256,256,3
57.174373626708984,set_3,1024,1024,3
2342.9266459395235,set_3,256,256,3
116.23780886332194,set_3,1024,1024,3
3628.573409272333,set_3,256,256,3
3653.4647236813057,set_3,256,256,3
86.66932169596355,set_3,1024,1024,3
146.03747431437174,set_3,1024,1024,3
3.2205982208251953,set_3,1024,1024,3
439.9930470784505,set_3,1024,1024,3
65.3098710378011,set_3,1024,1024,3
391.5918451944987,set_3,1024,1024,3
645.1799690922102,set_3,256,256,3
459.184513092041,set_3,1024,1024,3
23.631484985351562,set_3,1024,1024,3
150.49458916933824,set_3,1024,1024,3
18.668718338012695,set_3,1024,1024,3
1393.8306527886696,set_3,256,256,3
201.3938900092633,set_3,1024,1024,3
6969.1664650543435,set_3,256,256,3
453.9246434193813,set_3,1024,1024,3
186.26250521186645,set_3,1024,1024,3
169.3906078338623,set_3,1024,1024,3
2596.8915869438147,set_3,256,256,3
1177.4706127639113,set_3,1024,1024,3
3391.681599934896,set_3,256,256,3
3446.0815149938885,set_3,256,256,3
296.5408821105957,set_3,1024,1024,3
437.81837135467987,set_3,256,256,3
833.3027353478957,set_3,256,256,3
39.922629038492836,set_3,1024,1024,3
617.8786408633268,set_3,1024,1024,3
79.93750982795967,set_3,192,256,3
620.918249130249,set_3,1024,1024,3
176.62033907572427,set_3,1024,1024,3
138.20797919423376,set_3,1024,1024,3
76.81679662068684,set_3,1024,1024,3
4070.4976408928374,set_3,256,256,3
1470.356267312749,set_3,256,256,3
1472.5930849627282,set_3,1024,1024,3
1287.1608259412976,set_3,256,256,3
112.09667078653972,set_3,1024,1024,3
5426.815381639922,set_3,256,256,3
319.10389518737793,set_3,1024,1024,3
4717.9458829733385,set_3,256,256,3
408.8582350413005,set_3,1024,1024,3
106.58644898699606,set_3,1024,1024,3
511.6573174794515,set_3,1024,1024,3
130.15600934955822,set_3,1024,1024,3
5682.406968990548,set_3,256,256,3
62.16832987467448,set_3,1024,1024,3
282.38821110210705,set_3,1024,1024,3
1.8445812860679023,set_3,1024,1024,3
69.94364802042644,set_3,1024,1024,3
315.76913197835285,set_3,1024,1024,3
1.6516523303482433,set_3,1024,1024,3
9790.424276175365,set_3,256,256,3
4826.771138759846,set_3,256,256,3
123.81946690877278,set_3,1024,1024,3
2195.4098360113953,set_3,256,256,3
325.42261632283527,set_3,1024,1024,3
198.5656385305613,set_3,1024,1024,3
66.80005454771162,set_3,1024,1024,3
159.91719436645508,set_3,1024,1024,3
347.5341542561849,set_3,1024,1024,3
155.7530356241948,set_3,1024,1024,3
38.73843193054199,set_3,1024,1024,3
227.07006193524182,set_3,1024,1024,3
5.467187803568064,set_3,1024,1024,3
3865.20667324091,set_3,256,256,3
37.355674743652344,set_3,1024,1024,3
489.25978973408945,set_3,1024,1024,3
1.6960080464579956,set_3,1024,1024,3
6400.67188760131,set_3,256,256,3
90.14194900060566,set_3,1024,1024,3
9.58081467470514,set_3,1024,1024,3
227.08985710144043,set_3,1024,1024,3
212.90393479642728,set_3,1024,1024,3
374.05231793721515,set_3,1024,1024,3
194.70709670976228,set_3,1024,1024,3
171.2125657282684,set_3,1024,1024,3
419.3709986808056,set_3,1024,1024,3
5633.140515550971,set_3,256,256,3
5996.081345180256,set_3,256,256,3
278.2176062266032,set_3,1024,1024,3
8034.410997937021,set_3,256,256,3
182.17654382246872,set_3,1024,1024,3
30.141300201416016,set_3,1024,1024,3
803.7226065571062,set_3,1024,1024,3
174.8176069215494,set_3,1024,1024,3
3936.2676019978758,set_3,256,256,3
599.7240759531657,set_3,1024,1024,3
856.608475337814,set_3,256,256,3
5432.048926197381,set_3,256,256,3
4499.544815891707,set_3,256,256,3
96.09513079476899,set_3,1024,1024,3
41.76626014709473,set_3,1024,1024,3
287.6336278842289,set_3,1024,1024,3
579.7176659901937,set_3,1024,1024,3
5452.838561719905,set_3,256,256,3
3691.9438262969875,set_3,256,256,3
90.82935778299968,set_3,1024,1024,3
202.36555226565608,set_3,1024,1024,3
103.94416752765473,set_3,256,256,3
5493.123244071069,set_3,256,256,3
79.4375985357266,set_3,1024,1024,3
507.057339180856,set_3,256,256,3
5758.414395512159,set_3,256,256,3
2297.0299459018806,set_3,256,256,3
315.3031762440999,set_3,1024,1024,3
200.6208960213437,set_3,1024,1024,3
4347.338814476195,set_3,256,256,3
4.054566900618435,set_3,1024,1024,3
256.8113606770833,set_3,1024,1024,3
394.7154784606793,set_3,1024,1024,3
455.5849202473958,set_3,1024,1024,3
345.02721722920734,set_3,1024,1024,3
96.72354125976562,set_3,1024,1024,3
7265.898221010936,set_3,256,256,3
92.18036778767903,set_3,1024,1024,3
149.20404370100485,set_3,1024,1024,3
6591.168447572326,set_3,256,256,3
81.18161392211914,set_3,1024,1024,3
115.10288492838542,set_3,1024,1024,3
90.76676936489274,set_3,1024,1024,3
1898.770671432217,set_3,256,256,3
101.42172844179191,set_3,1024,1024,3
178.8291098250235,set_3,1024,1024,3
1332.044684715217,set_3,1024,1024,3
319.43228085550544,set_3,1024,1024,3
350.1320622762044,set_3,1024,1024,3
239.6389535268148,set_3,1024,1024,3
84.02900757277773,set_3,1024,1024,3
3247.1931368199225,set_3,256,256,3
314.6557420094808,set_3,1024,1024,3
7268.553872689605,set_3,256,256,3
178.39190610249838,set_3,1024,1024,3
101.28754552205403,set_3,1024,1024,3
262.2315305074056,set_3,1024,1024,3
201.96051118845764,set_3,1024,1024,3
375.9657043734594,set_3,1024,1024,3
125.5312810682443,set_3,1024,1024,3
225.455188739812,set_3,1024,1024,3
419.68030802408856,set_3,1024,1024,3
721.3456918678845,set_3,1024,1024,3
6620.882207874805,set_3,256,256,3
85.56719227546516,set_3,256,256,3
187.35230445861134,set_3,1024,1024,3
43.29196612774913,set_3,256,256,3
3939.6280305664714,set_3,256,256,3
3956.5026123572334,set_3,256,256,3
464.1504370371501,set_3,1024,1024,3
867.4173234303793,set_3,1024,1024,3
1108.901640802208,set_3,256,256,3
50.04167175292969,set_3,1024,1024,3
47.31765874226888,set_3,1024,1024,3
4896.990939540556,set_3,256,256,3
239.95895449320474,set_3,1024,1024,3
2378.0465710316007,set_3,256,256,3
5312.329086197747,set_4,256,256,3
5264.696460219617,set_4,256,256,3
3527.534998618041,set_4,256,256,3
6658.275524606074,set_4,256,256,3
41.168207645002326,set_4,256,256,3
11533.240966302006,set_4,256,256,3
3963.2792217498645,set_4,256,256,3
6362.728084765272,set_4,256,256,3
82.59458949352201,set_4,256,256,3
534.8053697943687,set_4,256,256,3
934.3088447844816,set_4,256,256,3
17437.654226838895,set_4,256,256,3
6816.90247258293,set_4,256,256,3
9022.07614085037,set_4,256,256,3
1103.1087136798433,set_4,256,256,3
8977.326687325103,set_4,256,256,3
6181.834208589436,set_4,256,256,3
1911.8306904431026,set_4,256,256,3
144.09137227694092,set_4,256,256,3
465.3389288000505,set_4,256,256,3
6583.222168166784,set_4,256,256,3
8473.473410609466,set_4,256,256,3
3246.706520246859,set_4,256,256,3
5846.244437297185,set_4,256,256,3
3017.974520221859,set_4,192,256,3
7396.352584161694,set_4,256,256,3
635.54330782093,set_4,256,256,3
367.19612949276853,set_4,256,256,3
2164.4883672359088,set_4,256,256,3
7256.981404947505,set_4,256,256,3
556.8897484062604,set_4,256,256,3
10818.718169146296,set_4,256,256,3
9638.094461263236,set_4,256,256,3
94.62766181170527,set_4,256,256,3
7189.800000586624,set_4,256,256,3
4764.096187983846,set_4,256,256,3
1313.1547069545418,set_4,256,256,3
6960.716854335716,set_4,256,256,3
2145.12110666804,set_4,256,256,3
5006.024180402953,set_4,256,256,3
211.2164265916734,set_4,256,256,3
7759.207235400773,set_4,256,256,3
2970.578648202716,set_4,256,256,3
138.5381636603011,set_4,256,256,3
79.40429823408421,set_4,256,256,3
18411.346943298977,set_4,256,256,3
14051.86877492109,set_4,256,256,3
56.24105529401762,set_4,256,256,3
6783.3198491357425,set_4,256,256,3
3893.2262301717924,set_4,256,256,3
5618.301130519947,set_4,256,256,3
212.3708023213677,set_4,256,256,3
353.57109682717254,set_4,256,256,3
551.3713461293114,set_4,256,256,3
5852.359801299222,set_4,256,256,3
773.0417903015754,set_4,256,256,3
6365.764429442973,set_4,256,256,3
1921.343535690232,set_4,256,256,3
3024.3987319211788,set_4,256,256,3
18100.11711870589,set_4,256,256,3
1502.6981680640538,set_4,256,256,3
633.993167915666,set_4,256,256,3
9116.02368193275,set_4,256,256,3
409.3585253891586,set_4,256,256,3
4485.656067691638,set_4,256,256,3
234.5275291452805,set_4,256,256,3
2744.623682419459,set_4,192,256,3
7183.011234077289,set_4,256,256,3
63.43140707651361,set_4,256,256,3
3842.775034296404,set_4,256,256,3
2777.967206224799,set_4,256,256,3
1119.378024032934,set_4,256,256,3
1323.9998254328705,set_4,256,256,3
4510.6239879027835,set_4,256,256,3
1277.3226798746941,set_4,256,256,3
5903.800125707769,set_4,256,256,3
5733.030512607346,set_4,256,256,3
259.84447860717773,set_4,256,256,3
578.2884141023582,set_4,256,256,3
6111.9255828360465,set_4,256,256,3
196.6271451735455,set_4,256,256,3
1119.8907826424627,set_4,256,256,3
1046.689958062023,set_4,256,256,3
2730.6555783623417,set_4,256,256,3
993.6407975478927,set_4,256,256,3
2793.642716243216,set_4,256,256,3
7556.973941741486,set_4,256,256,3
7245.8780492724,set_4,256,256,3
478.6113073692347,set_4,256,256,3
91.67647055637401,set_4,256,256,3
9842.264100044555,set_4,256,256,3
14.80119857437805,set_4,256,256,3
6291.6004802161415,set_4,256,256,3
5624.9672406650825,set_4,256,256,3
409.0804113046163,set_4,256,256,3
4715.210423748086,set_4,256,256,3
9072.602209303504,set_4,256,256,3
2285.7288293043516,set_4,256,256,3
7362.230321379975,set_4,256,256,3
17585.981799208846,set_4,256,256,3
3961.4709169330695,set_4,256,256,3
50.166102482937276,set_4,256,256,3
5242.314946296702,set_4,256,256,3
12337.397291965675,set_4,256,256,3
1492.4851955866643,set_4,256,256,3
4279.856600454672,set_4,256,256,3
5744.504535692408,set_4,256,256,3
1308.9383427069786,set_4,192,256,3
7383.084746585849,set_4,256,256,3
1183.9739116014032,set_4,256,256,3
2305.923364847485,set_4,256,256,3
300.9205828093819,set_4,256,256,3
136.4902814365665,set_4,256,256,3
2014.5565904786345,set_4,256,256,3
239.61646607370736,set_4,256,256,3
4163.515750825405,set_4,256,256,3
4011.59818695972,set_4,256,256,3
3714.351198078211,set_4,256,256,3
112.67637411494634,set_4,256,256,3
2599.709951773881,set_4,256,256,3
1405.3997469043568,set_4,256,256,3
11618.13556080102,set_4,256,256,3
534.5815930837354,set_4,256,256,3
1342.1853515670325,set_4,256,256,3
120.927741521659,set_4,256,256,3
5786.924035434818,set_4,256,256,3
6525.43275033424,set_4,256,256,3
90.03735534161227,set_4,256,256,3
11876.610146110157,set_4,256,256,3
5021.360831762354,set_4,256,256,3
6529.771667999423,set_4,256,256,3
673.5174876922329,set_4,256,256,3
3111.475494799282,set_4,256,256,3
4394.534516234779,set_4,256,256,3
3167.309246857107,set_4,256,256,3
2422.492633371614,set_4,256,256,3
160.97390482160776,set_4,256,256,3
2687.136203441743,set_4,256,256,3
5027.120237079112,set_4,256,256,3
6545.675982556306,set_4,256,256,3
5311.661055659849,set_4,256,256,3
13360.943019856908,set_4,256,256,3
4569.46688423047,set_4,256,256,3
3726.242638222769,set_4,256,256,3
325.05141538813604,set_4,256,256,3
4753.68831986476,set_4,256,256,3
63.693440125634275,set_4,256,256,3
8233.944621561304,set_4,256,256,3
9522.070713017447,set_4,256,256,3
2946.9272171704924,set_4,256,256,3
1770.3904594443738,set_4,256,256,3
368.9712670379215,set_4,256,256,3
6473.810207115461,set_4,256,256,3
343.46152616168064,set_4,256,256,3
6602.708359479492,set_4,256,256,3
871.6714933344629,set_4,256,256,3
4715.573514526089,set_4,256,256,3
131.73959133150572,set_4,256,256,3
4135.380892112747,set_4,256,256,3
4919.354881458578,set_4,256,256,3
13017.057969716583,set_4,256,256,3
31.926288483871357,set_4,256,256,3
144.34491403059414,set_4,256,256,3
265.78462740737535,set_4,256,256,3
5176.648931200279,set_4,256,256,3
510.47757661177053,set_4,192,256,3
5585.7799426211395,set_4,256,256,3
369.1711346364012,set_4,256,256,3
199.97976131548376,set_4,256,256,3
7070.61550009085,set_4,256,256,3
860.184996935125,set_4,256,256,3
3812.3653436236905,set_4,256,256,3
2684.0101463136316,set_4,256,256,3
7852.5448440375185,set_4,256,256,3
10422.828564603713,set_4,256,256,3
196.6419144763042,set_4,256,256,3
3426.5604181709546,set_4,256,256,3
8967.367253954186,set_4,256,256,3
2500.3275448753398,set_4,256,256,3
237.92298487449685,set_4,256,256,3
323.5971120196239,set_4,256,256,3
211.59134880536126,set_4,256,256,3
5199.971891918115,set_4,256,256,3
104.16344388749128,set_4,192,256,3
3190.9013300864804,set_4,256,256,3
6444.157511323277,set_4,256,256,3
2140.035036864277,set_4,256,256,3
1439.9203807293281,set_4,256,256,3
10955.28027081425,set_4,256,256,3
1327.727131396118,set_4,256,256,3
5173.801211167437,set_4,256,256,3
464.70007254638614,set_4,256,256,3
6279.317822265516,set_4,256,256,3
4509.663370823255,set_4,256,256,3
4311.3672268918135,set_4,256,256,3
737.8977540693919,set_4,256,256,3
7158.544914157414,set_4,256,256,3
3609.744736685702,set_4,256,256,3
3884.31664110283,set_4,256,256,3
2239.4131970644617,set_4,256,256,3
2771.2989591152873,set_4,256,256,3
8551.242757360114,set_4,256,256,3
1084.1499857055799,set_4,256,256,3
2078.1691557224585,set_4,256,256,3
4789.568882722718,set_4,256,256,3
53.9960085550944,set_4,256,256,3
2565.880246095747,set_4,256,256,3
4595.967050214505,set_4,256,256,3
1736.5001248840451,set_4,256,256,3
973.6105893846187,set_4,256,256,3
48.83449322937263,set_4,256,256,3
328.31897101797057,set_4,256,256,3
733.7289123360273,set_4,256,256,3
4840.412574371297,set_4,256,256,3
9503.604408368468,set_4,256,256,3
6680.984526405708,set_4,256,256,3
190.9485763172464,set_4,256,256,3
138.72267194423415,set_4,256,256,3
669.165856799085,set_4,256,256,3
2092.3682393112686,set_4,256,256,3
5814.093225804442,set_4,256,256,3
3953.7810119240435,set_4,256,256,3
723.0699540392185,set_4,256,256,3
2695.495927193823,set_4,256,256,3
50.4651331031281,set_4,256,256,3
3220.7457584540048,set_4,256,256,3
6221.500666940558,set_4,256,256,3
759.9115980399979,set_4,256,256,3
7098.933673578832,set_4,256,256,3
8842.122210418083,set_4,256,256,3
5431.632144885526,set_4,256,256,3
5380.0766046541585,set_4,256,256,3
9036.571511616206,set_4,256,256,3
2164.145137593124,set_4,256,256,3
51.605806797096086,set_4,256,256,3
510.3468125623704,set_4,256,256,3
2302.2865734453985,set_4,256,256,3
1224.2898077155307,set_4,256,256,3
6577.16933071983,set_4,256,256,3
387.38412336614215,set_4,192,256,3
655.2864468627507,set_4,256,256,3
7235.9960333887075,set_4,256,256,3
1767.0848074428893,set_4,256,256,3
3789.0995333554843,set_4,256,256,3
7318.953550967905,set_4,256,256,3
2489.0693973114735,set_4,192,256,3
1753.620415967346,set_4,256,256,3
5952.425384511134,set_4,256,256,3
5793.6231392609325,set_4,256,256,3
1958.7545165642061,set_4,256,256,3
7619.55603622146,set_4,256,256,3
5332.301467385531,set_4,256,256,3
153.9086899990992,set_4,256,256,3
2811.064610791677,set_4,256,256,3
129.54216169276177,set_4,256,256,3
617.5464446983145,set_4,256,256,3
5058.335542688535,set_4,256,256,3
2650.3702227938657,set_4,256,256,3
4614.233418275059,set_4,256,256,3
6055.024133987492,set_4,256,256,3
17247.818561386626,set_4,256,256,3
97.00827312570375,set_4,256,256,3
3988.2060860281345,set_4,256,256,3
3765.3816020834106,set_4,256,256,3
5521.324820462924,set_4,256,256,3
1242.674885885169,set_4,256,256,3
93.64652415075237,set_4,256,256,3
4839.638204169666,set_4,256,256,3
43.44819585210644,set_4,256,256,3
3291.699620000915,set_4,256,256,3
1573.885256226252,set_4,256,256,3
1264.7121045386625,set_4,192,256,3
11322.38605682014,set_4,256,256,3
2090.01066259644,set_4,256,256,3
8960.589623395948,set_4,256,256,3
58.88310192253751,set_4,256,256,3
14097.390381697536,set_4,256,256,3
3121.7459094300607,set_4,256,256,3
3163.287209244419,set_4,256,256,3
6372.471739381138,set_4,256,256,3
3151.0527689127607,set_4,256,256,3
4733.657195382647,set_4,256,256,3
4167.12526063114,set_4,256,256,3
1976.3921293713308,set_4,256,256,3
6537.328097886483,set_4,256,256,3
512.0804761051874,set_4,256,256,3
5613.416585658134,set_4,256,256,3
391.3914745214085,set_4,256,256,3
41.119881416360535,set_4,256,256,3
2896.093444754266,set_4,256,256,3
2031.5492615889914,set_4,256,256,3
6176.028406366706,set_4,256,256,3
8122.754550985345,set_4,256,256,3
8318.09958030757,set_4,256,256,3
1790.8166299704208,set_4,256,256,3
2434.1782607427645,set_4,256,256,3
11180.266393942033,set_4,256,256,3
1322.4901547305442,set_4,256,256,3
3737.812591323835,set_4,256,256,3
2063.2879439943936,set_4,256,256,3
3709.4435776929217,set_4,256,256,3
991.6165645873538,set_4,256,256,3
1231.6525071467943,set_4,256,256,3
12341.295092360815,set_4,256,256,3
7678.310349052747,set_4,256,256,3
11992.462725433108,set_4,256,256,3
2196.404055806395,set_4,256,256,3
774.0957561498508,set_4,256,256,3
4380.551302367795,set_4,256,256,3
5089.211619836562,set_4,256,256,3
4533.680947986716,set_4,256,256,3
3342.881056815282,set_4,256,256,3
15104.788182714925,set_4,256,256,3
6244.768783810134,set_4,256,256,3
5113.907757047874,set_4,256,256,3
6516.599030968112,set_4,256,256,3
2296.9361643831558,set_4,256,256,3
5380.43692674198,set_4,256,256,3
328.1928222799259,set_4,256,256,3
6580.535986495282,set_4,256,256,3
5585.565143737527,set_4,256,256,3
5439.490773510498,set_4,256,256,3
227.02217434633835,set_4,256,256,3
1813.1375486198556,set_4,256,256,3
5717.821294770239,set_4,256,256,3
2145.2214203710514,set_4,256,256,3
5414.733893311272,set_4,256,256,3
3153.5752092052458,set_4,256,256,3
735.1812392265225,set_4,256,256,3
8645.94734150668,set_4,256,256,3
6334.122484900653,set_4,256,256,3
258.7059008789301,set_4,256,256,3
5193.334766646226,set_4,256,256,3
2063.113129463642,set_4,256,256,3
7165.6180723094285,set_4,256,256,3
408.13993008269216,set_4,256,256,3
4371.726556639472,set_4,256,256,3
2850.476410382325,set_4,256,256,3
6466.438193807585,set_4,256,256,3
7130.817843614742,set_4,256,256,3
156.78852090198131,set_4,256,256,3
4909.7360292915,set_4,256,256,3
3528.132057451721,set_4,256,256,3
9816.719198220306,set_4,256,256,3
2569.212870279844,set_4,256,256,3
1078.6863207245608,set_4,256,256,3
2266.698180461923,set_4,256,256,3
5869.902054271322,set_4,256,256,3
2183.1687622163186,set_4,256,256,3
7296.580406996705,set_4,256,256,3
11192.518003035648,set_4,256,256,3
2309.23012857967,set_4,256,256,3
13526.644475526875,set_4,256,256,3
8185.463860084201,set_4,256,256,3
1920.9022862735048,set_4,256,256,3
3546.8840826432897,set_4,256,256,3
5107.510155260148,set_4,256,256,3
6284.248954845981,set_4,256,256,3
1375.401621055996,set_4,256,256,3
10111.120131994885,set_4,256,256,3
56.883281687869605,set_4,256,256,3
1647.2517415417105,set_4,192,256,3
2044.48527088006,set_4,256,256,3
1585.9270266145468,set_4,256,256,3
1961.9209901090298,set_4,256,256,3
10101.07171570251,set_4,256,256,3
1241.1215766345201,set_4,256,256,3
185.20372842373843,set_4,256,256,3
4721.336385031541,set_4,256,256,3
1018.4618920149902,set_4,256,256,3
857.7084917516137,set_4,256,256,3
751.1439532231694,set_4,256,256,3
18391.464950561523,set_4,256,256,3
748.1552829344033,set_4,256,256,3
429.04290525426376,set_4,256,256,3
2813.0418695210374,set_4,256,256,3
3390.8724257643844,set_4,256,256,3
3372.7523124329477,set_4,256,256,3
4553.73990338006,set_4,256,256,3
7567.442321270058,set_4,256,256,3
394.6511157396922,set_4,256,256,3
1022.316941697461,set_4,256,256,3
7865.916370734572,set_4,256,256,3
370.47468233478463,set_4,256,256,3
9445.79119511981,set_4,256,256,3
7331.976226700678,set_4,256,256,3
6668.9337699707185,set_4,256,256,3
1252.4042234041779,set_4,256,256,3
1819.108166428671,set_4,256,256,3
5660.253971689043,set_4,256,256,3
5023.513489151141,set_4,256,256,3
49.38197465644529,set_4,256,256,3
7149.578812059015,set_4,256,256,3
2470.119434808588,set_4,256,256,3
4359.274599681893,set_4,256,256,3
407.3278511057918,set_4,256,256,3
5153.250205694362,set_4,256,256,3
3019.4214444772806,set_4,256,256,3
2441.3445048449917,set_4,256,256,3
595.7887076337873,set_4,256,256,3
6855.5511860126235,set_4,256,256,3
6032.647314965313,set_4,256,256,3
10284.539611751732,set_4,256,256,3
3243.947142382463,set_4,256,256,3
2888.2042746440407,set_4,256,256,3
3238.1570738875816,set_4,256,256,3
1849.4414115610223,set_4,256,256,3
802.2167976759118,set_4,256,256,3
2620.0180158863463,set_4,256,256,3
7071.260246061385,set_4,256,256,3
2433.648988940417,set_4,256,256,3
544.4785517949819,set_4,256,256,3
696.5222210585038,set_4,256,256,3
11552.912903505667,set_4,256,256,3
4514.570137085988,set_4,256,256,3
40.70655309564123,set_4,256,256,3
42.50344143714756,set_4,256,256,3
3175.1904927647097,set_4,256,256,3
6367.114067978226,set_4,256,256,3
1844.4185052706289,set_4,256,256,3
5367.539992012911,set_4,256,256,3
1124.2482817849996,set_4,192,256,3
34.46687164134346,set_4,256,256,3
2202.9567506000553,set_4,256,256,3
2643.4921883429247,set_4,256,256,3
2931.0139183923343,set_4,256,256,3
8917.579795230155,set_4,256,256,3
8158.090127934909,set_4,256,256,3
122.49696264664333,set_4,256,256,3
4634.697132426832,set_4,256,256,3
10657.369546994543,set_4,256,256,3
441.4105378045545,set_4,256,256,3
3657.559171984178,set_4,256,256,3
9234.693719540932,set_4,256,256,3
1765.658550413015,set_4,256,256,3
2561.9517546755574,set_4,256,256,3
5043.464871248619,set_4,256,256,3
3113.6017893999556,set_4,256,256,3
779.7061259945234,set_4,256,256,3
7531.141668135274,set_4,256,256,3
195.0161030855185,set_4,256,256,3
658.4323599919832,set_4,256,256,3
77.1188760249772,set_4,256,256,3
2845.922727489611,set_4,256,256,3
8342.550539462492,set_4,256,256,3
752.1547188754712,set_4,256,256,3
1727.3765077540238,set_4,256,256,3
672.130852735886,set_4,256,256,3
5738.233643782314,set_4,192,256,3
6175.692760644248,set_4,256,256,3
2816.248753691714,set_4,192,256,3
185.20190874546665,set_4,256,256,3
6768.955128431916,set_4,256,256,3
3260.9465578843115,set_4,256,256,3
3887.224746702445,set_4,256,256,3
4764.5149004152045,set_4,256,256,3
6653.605706830406,set_4,256,256,3
1998.8922606023389,set_4,256,256,3
1699.386192297951,set_4,256,256,3
6701.14536536855,set_4,256,256,3
9410.52263536281,set_4,256,256,3
2552.996683875306,set_4,256,256,3
3617.589644731721,set_4,256,256,3
2379.0976782347752,set_4,256,256,3
735.4684932960405,set_4,256,256,3
6008.431268778837,set_4,256,256,3
280.19588931805146,set_4,256,256,3
538.1472627417082,set_4,256,256,3
32.33853266571856,set_4,256,256,3
9629.814047564416,set_4,256,256,3
3410.26500716764,set_4,256,256,3
5937.410223424435,set_4,256,256,3
1034.3719191594414,set_4,256,256,3
4904.4542896381,set_4,256,256,3
730.3255802256366,set_4,256,256,3
423.27202546224,set_4,256,256,3
276.82099732878197,set_4,256,256,3
88.4007104026516,set_4,256,256,3
68.43081927920382,set_4,256,256,3
8987.42271987843,set_4,256,256,3
5535.767257888699,set_4,256,256,3
20.298992887035837,set_4,256,256,3
14581.20628554185,set_4,256,256,3
2330.8904607953873,set_4,256,256,3
55.21730621490215,set_4,256,256,3
2617.851304616779,set_4,256,256,3
3631.8284476535755,set_4,256,256,3
541.6452534760659,set_4,256,256,3
1179.937941968441,set_4,256,256,3
1614.2432912132547,set_4,256,256,3
660.0023075029409,set_4,256,256,3
879.8815673856425,set_4,256,256,3
2817.9541856851174,set_4,256,256,3
15501.615820296005,set_4,256,256,3
27.52010256538374,set_4,256,256,3
2102.018154301577,set_4,256,256,3
6517.852379115815,set_4,256,256,3
264.4170882209049,set_4,256,256,3
2316.722696940001,set_4,256,256,3
7019.7883566154405,set_4,256,256,3
1927.8847908203545,set_4,256,256,3
6740.072485363085,set_4,256,256,3
5004.752438037656,set_4,256,256,3
1577.8621208177,set_4,256,256,3
190.7386710907643,set_4,256,256,3
2960.4650350941556,set_4,256,256,3
3748.7635898117937,set_4,256,256,3
779.2336746814093,set_4,256,256,3
4364.384811142977,set_4,256,256,3
2823.710838833799,set_4,256,256,3
4466.2831721835655,set_4,256,256,3
6630.485273084888,set_4,256,256,3
3144.22753512849,set_4,256,256,3
8126.797452555348,set_4,256,256,3
9820.494904606889,set_4,256,256,3
6351.432265430278,set_4,256,256,3
5129.375484456515,set_4,256,256,3
8446.540421325302,set_4,256,256,3
658.7562220059335,set_4,256,256,3
4753.444875210497,set_4,256,256,3
85.16976288682781,set_4,256,256,3
8394.029520629183,set_4,256,256,3
1121.5974797403644,set_4,256,256,3
90.11283011724139,set_4,256,256,3
997.1022996417919,set_4,256,256,3
3899.296891364786,set_4,256,256,3
3899.4565080577863,set_4,256,256,3
13407.577248929274,set_4,256,256,3
1144.5448012622849,set_4,256,256,3
3564.5263039068213,set_4,256,256,3
8170.637419519223,set_4,256,256,3
4698.319897779548,set_4,256,256,3
8661.378604405845,set_4,256,256,3
9164.014747181596,set_4,256,256,3
667.4723818226616,set_4,256,256,3
8778.079729441864,set_4,256,256,3
3544.119236171142,set_4,256,256,3
9346.161446861819,set_4,256,256,3
2918.7331419682337,set_4,256,256,3
2109.1424677355426,set_4,256,256,3
1783.121717422554,set_4,256,256,3
2152.867752548307,set_4,256,256,3
2390.451829347733,set_4,256,256,3
4149.728240724963,set_4,256,256,3
4472.765963166927,set_4,256,256,3
1678.2070551299385,set_4,256,256,3
23817.721859176545,set_4,256,256,3
4775.495330668882,set_4,256,256,3
8270.308604827538,set_4,256,256,3
7819.373699248433,set_4,256,256,3
1639.7763952196628,set_4,256,256,3
3492.541187827786,set_4,256,256,3
5269.308046169346,set_4,256,256,3
2578.7665910992982,set_4,256,256,3
493.20164845045656,set_4,256,256,3
619.6316614409443,set_4,256,256,3
12740.843082108431,set_4,256,256,3
250.91661692617672,set_4,256,256,3
5660.392467497123,set_4,256,256,3
522.6517615547767,set_4,256,256,3
1100.3500014262065,set_4,192,256,3
8394.393099128789,set_4,256,256,3
557.6628299748733,set_4,256,256,3
116.07919289627007,set_4,256,256,3
407.05671576493313,set_4,256,256,3
3062.254175762231,set_4,256,256,3
17291.33970424096,set_4,256,256,3
4330.201925729608,set_4,256,256,3
2305.5377196487193,set_4,256,256,3
7284.857183644755,set_4,256,256,3
4378.76157599478,set_4,256,256,3
4015.6676180821887,set_4,256,256,3
6110.317377395903,set_4,256,256,3
2044.7739091484239,set_4,256,256,3
4178.837778610384,set_4,256,256,3
8080.958443441327,set_4,256,256,3
7131.4221541067955,set_4,256,256,3
372.8388481301566,set_4,256,256,3
7693.786986617968,set_4,256,256,3
10166.329039201528,set_4,256,256,3
160.63453957397076,set_4,256,256,3
1735.5001714121706,set_4,256,256,3
10969.273778431947,set_4,256,256,3
881.4399547021216,set_4,256,256,3
4953.942599839608,set_4,256,256,3
65.22809338691229,set_4,256,256,3
7729.084316942608,set_4,256,256,3
3641.8210383155906,set_4,256,256,3
2889.4608091103273,set_4,256,256,3
18967.729328534566,set_4,256,256,3
819.8110580853862,set_4,256,256,3
65.23441527939092,set_4,256,256,3
4735.811030835922,set_4,256,256,3
7308.13819088391,set_4,256,256,3
163.64243139781885,set_4,256,256,3
4855.427657410477,set_4,256,256,3
538.3626140231629,set_4,256,256,3
1649.5745858550072,set_4,256,256,3
8891.623139188936,set_4,256,256,3
1045.6243920856052,set_4,256,256,3
842.2616567158193,set_4,256,256,3
6237.522696071926,set_4,256,256,3
883.1853593867014,set_4,256,256,3
1525.4602655035753,set_4,256,256,3
2294.7172396032965,set_4,256,256,3
5366.332613848047,set_4,256,256,3
7677.051922151172,set_4,256,256,3
2461.4901481044944,set_4,256,256,3
1519.0114212284486,set_4,256,256,3
82.19000454578135,set_4,256,256,3
6477.722618305408,set_4,256,256,3
6382.827816277329,set_4,256,256,3
1262.8006148454215,set_4,192,256,3
1787.8719254980485,set_4,256,256,3
6154.526284376135,set_4,256,256,3
7320.445472796343,set_4,256,256,3
1798.966035741045,set_4,256,256,3
2375.538253550703,set_4,256,256,3
215.03820347278892,set_4,256,256,3
5951.257755880528,set_4,256,256,3
1226.5126922763623,set_4,256,256,3
2246.276686138163,set_4,256,256,3
55.40536681645445,set_4,256,256,3
194.1500164717177,set_4,256,256,3
2401.8038126626575,set_4,256,256,3
6101.595610971227,set_4,256,256,3
889.3991267879804,set_4,256,256,3
2987.7383604558545,set_4,256,256,3
4119.198035264983,set_4,256,256,3
2216.856429839481,set_4,256,256,3
964.8709632453974,set_4,256,256,3
607.1991825246304,set_4,256,256,3
1347.6304617514834,set_4,256,256,3
80.54679637112547,set_4,256,256,3
2021.7872137687839,set_4,256,256,3
4263.571883911863,set_4,256,256,3
1646.7371908027887,set_4,256,256,3
357.0860646211593,set_4,256,256,3
9914.596398419779,set_4,256,256,3
6251.721404564774,set_4,256,256,3
1962.6763846600018,set_4,256,256,3
6810.407407040297,set_4,256,256,3
81.64462146346663,set_4,256,256,3
895.3145787521111,set_4,256,256,3
8791.68621806922,set_4,256,256,3
5350.259297714879,set_4,256,256,3
6178.4262082373925,set_4,256,256,3
408.0293669201589,set_4,256,256,3
7977.57722190082,set_4,256,256,3
4731.737881316466,set_4,256,256,3
1887.9519801193383,set_4,256,256,3
431.54698151533694,set_4,256,256,3
5948.899565424123,set_4,256,256,3
2218.2888564798573,set_4,256,256,3
4373.829255904976,set_4,256,256,3
6234.421226908348,set_4,256,256,3
243.63059976135582,set_4,256,256,3
6298.354812002405,set_4,256,256,3
5713.387966505252,set_4,256,256,3
1043.702652173505,set_4,256,256,3
2842.3360536693494,set_4,256,256,3
5147.937550216809,set_4,256,256,3
3530.1846146800603,set_4,256,256,3
5249.815926533166,set_4,256,256,3
3156.294547771389,set_4,256,256,3
907.5194451713469,set_4,256,256,3
10615.98394258807,set_4,256,256,3
1317.934281334281,set_4,256,256,3
889.8405703982702,set_4,256,256,3
2266.962342189004,set_4,256,256,3
1212.856792718146,set_4,256,256,3
84.84609082131647,set_4,256,256,3
12166.157382478914,set_4,256,256,3
6343.578906093931,set_4,256,256,3
4275.373077312691,set_4,256,256,3
2074.848862800334,set_4,256,256,3
1888.0948317249615,set_4,256,256,3
558.3310353520015,set_4,256,256,3
4080.795635203494,set_4,256,256,3
3950.9057179900246,set_4,256,256,3
12255.873637038801,set_4,256,256,3
90.2292126333341,set_4,256,256,3
5966.060158261719,set_4,256,256,3
8836.178393353088,set_4,256,256,3
181.9586841240267,set_4,256,256,3
2071.476535853309,set_4,256,256,3
666.2147227196385,set_4,256,256,3
3943.741438229464,set_4,256,256,3
10400.41717528635,set_4,256,256,3
53.67556126746867,set_4,256,256,3
1565.956869859844,set_4,256,256,3
10238.225094661504,set_4,256,256,3
3619.5870666681635,set_4,256,256,3
7367.347567571301,set_4,256,256,3
772.2630389866471,set_4,256,256,3
412.04429949281945,set_4,256,256,3
2423.7514379825184,set_4,256,256,3
573.491699216163,set_4,256,256,3
3834.9343945963506,set_4,256,256,3
5069.495748518242,set_4,256,256,3
1413.2765834194918,set_4,256,256,3
4818.035112287822,set_4,256,256,3
204.93672951680813,set_4,256,256,3
987.4751583188772,set_4,256,256,3
1618.9311314820209,set_4,256,256,3
3209.6377204585974,set_4,256,256,3
2884.156864239912,set_4,256,256,3
11185.911996240806,set_4,256,256,3
3974.647589083761,set_4,256,256,3
10029.248174672714,set_4,256,256,3
716.3115770183246,set_4,256,256,3
4042.8731220985205,set_4,256,256,3
294.09630403916043,set_4,256,256,3
69.44425197108649,set_4,256,256,3
101.06956049706787,set_4,256,256,3
65.72597727239028,set_4,256,256,3
414.5277880874928,set_4,256,256,3
5063.546727496277,set_4,256,256,3
3395.474860655661,set_4,256,256,3
220.63381216167986,set_4,256,256,3
3352.5769514708204,set_4,256,256,3
50.965066822012886,set_4,256,256,3
4435.422727127766,set_4,256,256,3
1524.8463423599542,set_4,256,256,3
5582.158933280242,set_4,256,256,3
2003.5519472359574,set_4,256,256,3
7115.641971168317,set_4,256,256,3
3965.3379980597856,set_4,256,256,3
2898.238759176185,set_4,256,256,3
1465.0897672602441,set_4,256,256,3
6790.313357535724,set_4,256,256,3
463.80193164569556,set_4,256,256,3
4579.685062076042,set_4,256,256,3
6309.024022588714,set_4,256,256,3
7288.5573597870925,set_4,256,256,3
6910.213231301944,set_4,256,256,3
335.61982187058453,set_4,192,256,3
597.122537172089,set_4,256,256,3
1482.9525941881195,set_4,256,256,3
3503.3754422092384,set_4,256,256,3
4641.130374019319,set_4,256,256,3
6900.4860892953975,set_4,256,256,3
4406.495877999164,set_4,256,256,3
2519.833513381477,set_4,256,256,3
3580.4132405617797,set_4,256,256,3
2668.27320852811,set_4,256,256,3
3444.2836809827845,set_4,256,256,3
1545.9036098799104,set_4,256,256,3
3113.640726526552,set_4,256,256,3
4115.599942515267,set_4,256,256,3
80.16921488441425,set_4,256,256,3
66.99144452054881,set_4,256,256,3
1201.2549148813512,set_4,256,256,3
6288.958394487283,set_4,256,256,3
3857.7502235504853,set_4,192,256,3
738.6207222658883,set_4,256,256,3
2641.0414097838934,set_4,256,256,3
479.0346828165154,set_4,256,256,3
1043.2115070346947,set_4,256,256,3
4685.973276095155,set_4,256,256,3
7246.328254843752,set_4,256,256,3
2921.2388813538837,set_4,256,256,3
8473.80070919285,set_4,256,256,3
87.66942570728457,set_4,256,256,3
6653.528914842108,set_4,256,256,3
2593.6025915940604,set_4,256,256,3
1561.942911293332,set_4,256,256,3
3163.5736989974976,set_4,256,256,3
7178.872594068346,set_4,256,256,3
2148.7410439236305,set_4,256,256,3
1643.7517432785437,set_4,256,256,3
124.03690420494725,set_4,256,256,3
3056.0794905192065,set_4,256,256,3
2301.001986043295,set_4,256,256,3
446.01633621990277,set_4,256,256,3
5663.223578305605,set_4,256,256,3
797.4687447392434,set_4,256,256,3
5344.455921091113,set_4,256,256,3
5781.695652913277,set_4,256,256,3
69.48241718545451,set_4,256,256,3
21.091043966408403,set_4,256,256,3
9259.887930959052,set_4,256,256,3
1281.116164722376,set_4,256,256,3
5696.513482781645,set_4,256,256,3
5277.990264441818,set_4,256,256,3
369.23263067190743,set_4,256,256,3
4809.573302862933,set_4,256,256,3
1341.5429700016712,set_4,256,256,3
1489.2599248587828,set_4,256,256,3
750.1975637494016,set_4,256,256,3
11236.616914172735,set_4,256,256,3
14795.00329836269,set_4,256,256,3
3854.0717170063613,set_4,256,256,3
677.8367779022083,set_4,256,256,3
10422.39847776625,set_4,256,256,3
129.06872699564943,set_4,256,256,3
5826.610517933939,set_4,256,256,3
543.2098677956965,set_4,256,256,3
6347.403257589141,set_4,256,256,3
2180.8683539594836,set_4,256,256,3
8086.508420889476,set_4,256,256,3
2860.647366229418,set_4,256,256,3
5409.230946745697,set_4,256,256,3
6422.970500094092,set_4,256,256,3
4084.2867942023763,set_4,256,256,3
821.6244536662058,set_4,256,256,3
1815.567416075591,set_4,256,256,3
2667.372878901635,set_4,256,256,3
7224.089644561108,set_4,256,256,3
5968.456274292509,set_4,256,256,3
5609.4672131289,set_4,256,256,3
63.895486591590775,set_4,256,256,3
5603.257210115179,set_4,256,256,3
2917.5437454643347,set_4,256,256,3
260.06804948732145,set_4,256,256,3
111.82041381359001,set_4,256,256,3
818.5546660391977,set_4,256,256,3
5773.484230669732,set_4,256,256,3
1635.646903526633,set_4,256,256,3
6239.292658249305,set_4,256,256,3
3860.9131050490664,set_4,256,256,3
2316.95146544733,set_4,256,256,3
166.32554016735716,set_4,256,256,3
1178.101938558949,set_4,256,256,3
250.98177829715937,set_4,256,256,3
304.7870035518168,set_4,256,256,3
1627.7005202037592,set_4,256,256,3
7873.114778200786,set_4,256,256,3
300.1890869140625,set_4,256,256,3
47.10928274564342,set_4,256,256,3
3363.3646919270977,set_4,256,256,3
4274.8970922426215,set_4,256,256,3
990.319674604029,set_4,256,256,3
4620.06451825448,set_4,192,256,3
8268.344924925492,set_4,256,256,3
5316.687662758761,set_4,256,256,3
3539.7306844064083,set_4,256,256,3
1609.5246741149786,set_4,256,256,3
2583.283592975388,set_4,256,256,3
4651.629085043652,set_4,192,256,3
1829.348264017039,set_4,256,256,3
615.8342126369631,set_4,256,256,3
6835.381269837318,set_4,256,256,3
342.4469114181638,set_4,256,256,3
87.36269840008269,set_4,256,256,3
4382.43569959162,set_4,256,256,3
2708.689647825124,set_4,256,256,3
817.0657949866611,set_4,192,256,3
6781.795713326894,set_4,256,256,3
777.889426383707,set_4,256,256,3
3743.003323143941,set_4,256,256,3
3645.8763112065426,set_4,256,256,3
39.0540764182806,set_4,256,256,3
298.88996452093124,set_4,256,256,3
1607.6604757799198,set_4,256,256,3
3854.4507762031994,set_4,256,256,3
833.232314134534,set_4,256,256,3
7190.030015498298,set_4,256,256,3
735.3630306757727,set_4,256,256,3
63.7185400101201,set_4,256,256,3
3334.304092998073,set_4,256,256,3
5177.516230398479,set_4,256,256,3
2960.9739031934223,set_4,256,256,3
1891.0042952662334,set_4,256,256,3
3511.5618939424294,set_4,256,256,3
912.6092094563774,set_4,256,256,3
1032.8064395213084,set_4,256,256,3
2939.7370996868444,set_4,256,256,3
8017.64275105784,set_4,256,256,3
836.9885083333484,set_4,256,256,3
5135.5443402081455,set_4,256,256,3
6027.440037632982,set_4,256,256,3
433.615635618464,set_4,256,256,3
32.20437386042128,set_4,256,256,3
9674.898509407105,set_4,256,256,3
1002.0866290496197,set_4,256,256,3
3501.6799088679,set_4,256,256,3
6389.019437948839,set_4,256,256,3
4490.775284919474,set_4,256,256,3
3980.0814556243517,set_4,256,256,3
7573.830117228027,set_4,256,256,3
748.9194499471276,set_4,256,256,3
6101.116239488513,set_4,256,256,3
2315.445423499992,set_4,192,256,3
7988.497168223063,set_4,256,256,3
8643.285959589373,set_4,256,256,3
140.2385794439405,set_4,256,256,3
456.5209743562673,set_4,256,256,3
725.2424791148709,set_4,256,256,3
43.10065699575677,set_4,256,256,3
3403.966730468363,set_4,256,256,3
219.51512191131607,set_4,256,256,3
7048.273321406269,set_4,256,256,3
559.4487701318901,set_4,256,256,3
1584.5977188708623,set_4,256,256,3
43.07136334220155,set_4,256,256,3
8108.929115540348,set_4,256,256,3
6838.502359775102,set_4,256,256,3
3791.1975474001374,set_4,256,256,3
4654.644462479485,set_4,256,256,3
1127.3467864990234,set_4,256,256,3
1560.7054841116897,set_4,256,256,3
657.2886378516495,set_4,256,256,3
5837.838643723789,set_4,256,256,3
15563.97198298232,set_4,256,256,3
15980.443851291488,set_4,256,256,3
8223.386834770416,set_4,256,256,3
2177.359951125432,set_4,256,256,3
164.33338671912335,set_4,256,256,3
1326.1788123048998,set_4,256,256,3
8296.2242663757,set_4,256,256,3
5534.086151820814,set_4,256,256,3
1712.9891742579377,set_4,256,256,3
1612.840251691536,set_4,256,256,3
6109.10405122644,set_4,256,256,3
716.1554063111284,set_4,256,256,3
89.78131084638233,set_4,256,256,3
883.3676454617071,set_4,256,256,3
6600.163452550666,set_4,256,256,3
2872.463142086648,set_4,256,256,3
204.50381416082382,set_4,256,256,3
5290.732765405722,set_4,256,256,3
6908.667392704946,set_4,256,256,3
5797.284651679193,set_4,256,256,3
589.2688008625215,set_4,256,256,3
2026.8205935296662,set_4,256,256,3
7098.04258952101,set_4,256,256,3
1123.0028371794353,set_4,256,256,3
2782.6602930500853,set_4,256,256,3
7121.996909059351,set_4,256,256,3
62.25435155371409,set_4,256,256,3
5015.176467169386,set_4,256,256,3
1483.6680360254056,set_4,256,256,3
4984.100481194521,set_4,256,256,3
7149.942729545032,set_4,256,256,3
1313.855955824256,set_4,256,256,3
601.5095875703782,set_4,256,256,3
6726.228763618793,set_4,256,256,3
1249.4557125782594,set_4,256,256,3
21039.680967469594,set_4,256,256,3
25.677234907013673,set_4,256,256,3
236.5981786074893,set_4,256,256,3
4020.0901556634853,set_4,256,256,3
2588.9330160795557,set_4,256,256,3
228.70651294640265,set_4,256,256,3
747.2915484965002,set_4,256,256,3
3258.176814550507,set_4,256,256,3
9249.175007496004,set_4,256,256,3
6184.441523452187,set_4,256,256,3
472.9717931709926,set_4,256,256,3
8201.899629467865,set_4,256,256,3
4746.695539003859,set_4,256,256,3
668.6200750485683,set_4,256,256,3
817.7544453789791,set_4,256,256,3
942.5542662457252,set_4,256,256,3
568.3151433333571,set_4,192,256,3
3058.7303556873358,set_4,256,256,3
778.6149096970912,set_4,256,256,3
9052.662000525715,set_4,256,256,3
12188.765101574334,set_4,256,256,3
1727.7994260883167,set_4,256,256,3
8405.868604316043,set_4,256,256,3
2293.812767361498,set_4,256,256,3
4310.198297745005,set_4,256,256,3
7774.4962826610235,set_4,256,256,3
4535.596055430024,set_4,256,256,3
506.841807024243,set_4,256,256,3
4124.605883112566,set_4,256,256,3
536.3536926499413,set_4,256,256,3
19808.258275438075,set_4,256,256,3
2669.554989645465,set_4,256,256,3
168.33601981957653,set_4,256,256,3
5316.883789049979,set_4,256,256,3
6762.847116050515,set_4,256,256,3
7704.629019625382,set_4,256,256,3
1004.8551902506086,set_4,256,256,3
1342.8538185376415,set_4,256,256,3
2576.135407705869,set_4,256,256,3
371.8621413252161,set_4,256,256,3
1877.128221229087,set_4,192,256,3
510.2557119328737,set_4,256,256,3
46.49283054429625,set_4,256,256,3
660.6985162636265,set_4,256,256,3
465.66348489619696,set_4,256,256,3
7903.279280841328,set_4,256,256,3
8352.847036268562,set_4,256,256,3
5901.558438879646,set_4,256,256,3
6050.865990190844,set_4,256,256,3
329.6608131991492,set_4,192,256,3
672.7288111632224,set_4,256,256,3
1542.9762661053226,set_4,256,256,3
5694.502593802262,set_4,256,256,3
83.06913752540842,set_4,256,256,3
4566.151683513047,set_4,256,256,3
191.25281851839586,set_4,256,256,3
5342.891460944277,set_4,256,256,3
848.5379761724163,set_4,256,256,3
52.32534275698061,set_4,256,256,3
5670.290306302305,set_4,256,256,3
240.55953979492188,set_4,256,256,3
281.16458467052627,set_4,256,256,3
6413.47444736792,set_4,256,256,3
796.217459255519,set_4,256,256,3
1198.3454882269725,set_4,256,256,3
1855.6180265595515,set_4,256,256,3
6417.772089498506,set_4,256,256,3
244.86598747378835,set_4,256,256,3
10269.901467198893,set_4,256,256,3
9690.291977008159,set_4,256,256,3
188.83988892077468,set_4,256,256,3
5681.271790429845,set_4,256,256,3
51.43468029631509,set_4,256,256,3
171.71358978414597,set_4,256,256,3
13875.012384791522,set_4,256,256,3
1109.8154074710844,set_4,256,256,3
143.70107781845664,set_4,256,256,3
1002.401357598499,set_4,256,256,3
2991.7866794131696,set_4,256,256,3
826.8277940525569,set_4,256,256,3
4058.136236779159,set_4,256,256,3
5619.098718199853,set_4,256,256,3
82.4716949456423,set_4,256,256,3
1722.304552926346,set_4,256,256,3
327.0009764630554,set_4,256,256,3
98.29379565059207,set_4,256,256,3
3771.786457299772,set_4,256,256,3
1104.6882225262364,set_4,256,256,3
7792.26708638914,set_4,256,256,3
2858.655061344202,set_4,256,256,3
408.7551408306592,set_4,256,256,3
3514.5056159877113,set_4,256,256,3
1618.2888174528623,set_4,256,256,3
1638.7293658190301,set_4,256,256,3
5180.381778130824,set_4,256,256,3
4472.492302270296,set_4,256,256,3
3452.3992033511554,set_4,256,256,3
6997.706786219341,set_4,256,256,3
623.7847465872765,set_4,256,256,3
5516.9581448807285,set_4,256,256,3
391.893510868747,set_4,256,256,3
6157.266354558343,set_4,256,256,3
1233.1348622637645,set_4,256,256,3
488.2892872078551,set_4,256,256,3
4588.817934294541,set_4,256,256,3
8862.150569834643,set_4,256,256,3
381.9032999657922,set_4,256,256,3
143.35238347820834,set_4,256,256,3
11143.078942139842,set_4,256,256,3
5628.469833131854,set_4,256,256,3
2731.2430927280543,set_4,256,256,3
5210.34670518825,set_4,256,256,3
1148.199177839092,set_4,192,256,3
8508.692521517374,set_4,256,256,3
6997.837898975213,set_4,256,256,3
141.13057427478233,set_4,256,256,3
2088.207687457299,set_4,256,256,3
7282.506201644636,set_4,256,256,3
7314.988881237702,set_4,256,256,3
10197.350349935368,set_4,256,256,3
3446.097959726945,set_4,256,256,3
11987.602188899471,set_4,256,256,3
357.22968948940326,set_4,256,256,3
143.02853338410043,set_4,256,256,3
2316.4199187407635,set_4,256,256,3
1198.817444199719,set_4,192,256,3
130.11199629863003,set_4,256,256,3
8255.63176573306,set_4,256,256,3
8230.653235564605,set_4,256,256,3
647.7667527015632,set_4,256,256,3
9418.232660931613,set_4,256,256,3
1247.4410995642345,set_4,256,256,3
738.2607410474576,set_4,256,256,3
342.1106914181469,set_4,256,256,3
4328.140295339955,set_4,256,256,3
2566.131667748689,set_4,256,256,3
394.6824621700734,set_4,256,256,3
3143.0220282669693,set_4,256,256,3
3496.62670721569,set_4,256,256,3
1424.6488638563442,set_4,256,256,3
10076.318498548098,set_4,256,256,3
121.03742918113456,set_4,256,256,3
6149.66624744979,set_4,256,256,3
95.14119857177138,set_4,256,256,3
1182.0845554864243,set_4,256,256,3
5760.17253359032,set_4,256,256,3
7514.80893830704,set_4,256,256,3
25.030616520179645,set_4,256,256,3
1436.1442032827892,set_4,256,256,3
101.09213008110721,set_4,256,256,3
16638.395954130425,set_4,256,256,3
2275.7236146001505,set_4,256,256,3
6006.134722726808,set_4,256,256,3
6058.1316044205405,set_4,256,256,3
3454.816827169076,set_4,256,256,3
7092.1987228242215,set_4,256,256,3
1444.9308810804243,set_4,256,256,3
847.3177741360074,set_4,256,256,3
19412.439015894197,set_4,256,256,3
7290.70824744467,set_4,256,256,3
3959.158202499746,set_4,256,256,3
8299.886460649368,set_4,256,256,3
2146.3348555158204,set_4,256,256,3
1592.1522729266178,set_4,256,256,3
6816.335521154004,set_4,256,256,3
6162.47291093814,set_4,256,256,3
1853.5274537919452,set_4,256,256,3
1589.194514895479,set_4,256,256,3
197.45967221218677,set_4,256,256,3
587.4601283842284,set_4,256,256,3
16980.99436809609,set_4,256,256,3
3924.449965278902,set_4,256,256,3
1073.6106440818146,set_4,256,256,3
6061.64583330454,set_4,256,256,3
20740.775877951302,set_4,256,256,3
1167.967893022397,set_4,256,256,3
4461.269662672421,set_4,256,256,3
10072.931384387017,set_4,256,256,3
9110.862901438855,set_4,256,256,3
403.4182012590011,set_4,256,256,3
6370.014425103218,set_4,256,256,3
78.75182389651631,set_4,256,256,3
616.0802758468523,set_4,256,256,3
13418.781603117784,set_4,256,256,3
5130.357489424835,set_4,256,256,3
15245.228070585652,set_4,256,256,3
865.320057838741,set_4,256,256,3
2167.478835647305,set_4,256,256,3
7415.204364099826,set_4,256,256,3
1260.9917973403872,set_4,256,256,3
3296.934501531197,set_4,256,256,3
3950.943127145137,set_4,256,256,3
864.1774428271584,set_4,256,256,3
4208.814153982532,set_4,256,256,3
4169.823818577221,set_4,256,256,3
3314.116722207827,set_4,256,256,3
426.85519110121663,set_4,256,256,3
4737.829720469709,set_4,256,256,3
4039.696768338377,set_4,256,256,3
1264.274121379247,set_4,256,256,3
5096.641164636861,set_4,256,256,3
2376.7022733425256,set_4,256,256,3
7977.750299447114,set_4,256,256,3
4060.0924231698737,set_4,256,256,3
3337.873907400502,set_4,256,256,3
1255.6494272493808,set_4,256,256,3
6299.893706579591,set_4,256,256,3
9206.919431924716,set_4,256,256,3
844.4912315867841,set_4,256,256,3
5551.865577876465,set_4,256,256,3
391.3525183196698,set_4,256,256,3
3523.945720849532,set_4,256,256,3
778.9356831013898,set_4,256,256,3
2328.753223563131,set_4,256,256,3
4607.83148296423,set_4,256,256,3
6787.5820523299435,set_4,256,256,3
3526.3929206464018,set_4,256,256,3
8228.273181093135,set_4,256,256,3
8411.828931146201,set_4,256,256,3
233.49640361302428,set_4,256,256,3
8465.787081038556,set_4,256,256,3
15476.91484677644,set_4,256,256,3
20620.560042361005,set_4,256,256,3
2788.9501589387655,set_4,256,256,3
7156.075645818375,set_4,256,256,3
1237.1929301950668,set_4,192,256,3
53.32889301699793,set_4,256,256,3
4330.654758292328,set_4,256,256,3
7860.417247076185,set_4,256,256,3
1876.6400599065753,set_4,256,256,3
5403.493644002799,set_4,256,256,3
583.6998746189963,set_4,256,256,3
9749.435591270114,set_4,256,256,3
1733.5356425030368,set_4,256,256,3
7849.658484770193,set_4,256,256,3
1055.3302744377606,set_4,256,256,3
80.23403435355674,set_4,256,256,3
4174.964921656349,set_4,256,256,3
8257.084484896623,set_4,256,256,3
319.5306324892573,set_4,192,256,3
1475.106610627198,set_4,256,256,3
2389.892136491188,set_4,256,256,3
1045.486673553681,set_4,256,256,3
269.8943234930436,set_4,256,256,3
5360.85069097568,set_4,256,256,3
100.14021981380783,set_4,256,256,3
4030.2273512180477,set_4,256,256,3
7569.997592818589,set_4,256,256,3
939.3617531630056,set_4,256,256,3
5953.295150407253,set_4,256,256,3
9767.706044280256,set_4,256,256,3
9573.655211759937,set_4,256,256,3
13776.646427860871,set_4,256,256,3
3445.5580050047065,set_4,256,256,3
73.40532340761274,set_4,256,256,3
4186.413745944698,set_4,256,256,3
11656.23182108243,set_4,256,256,3
1017.3585276839373,set_4,256,256,3
4689.395364175008,set_4,256,256,3
2143.692511458778,set_4,256,256,3
4942.7239975134535,set_4,256,256,3
1971.5267306864,set_4,256,256,3
532.802362235651,set_4,256,256,3
2502.8811902717375,set_4,256,256,3
2264.458388200625,set_4,256,256,3
3632.3079125222794,set_4,256,256,3
7797.2750656504395,set_4,256,256,3
2826.3484132600065,set_4,256,256,3
1004.2140345374484,set_4,256,256,3
1118.6130574628867,set_4,256,256,3
4392.235107367237,set_4,256,256,3
1013.8509486764411,set_4,256,256,3
6356.517652050876,set_4,256,256,3
5621.038383398179,set_4,256,256,3
9378.40208052927,set_4,256,256,3
3977.644762335733,set_4,256,256,3
846.8070021563262,set_4,256,256,3
2807.5160782895723,set_4,256,256,3
107.77488169694941,set_4,256,256,3
2768.1997985706353,set_4,256,256,3
3743.3273704461494,set_4,256,256,3
3136.506996544673,set_4,256,256,3
2859.3927961106724,set_4,256,256,3
65.81109488752877,set_4,256,256,3
1943.2409129378439,set_4,256,256,3
6872.811266379198,set_4,256,256,3
7833.579915600493,set_4,256,256,3
56.70820610408875,set_4,256,256,3
4281.350047467251,set_4,256,256,3
5238.612383767108,set_4,256,256,3
970.350273387481,set_4,256,256,3
5547.026669247672,set_4,256,256,3
1236.482500838633,set_4,256,256,3
6268.438646173726,set_4,256,256,3
7448.972390689344,set_4,256,256,3
419.9954728946711,set_4,256,256,3
8580.252004078046,set_4,256,256,3
7699.252576893791,set_4,256,256,3
5392.097954498371,set_4,256,256,3
6761.084798814084,set_4,256,256,3
4111.514497066538,set_4,256,256,3
858.3311969832412,set_4,256,256,3
737.2608984803989,set_4,256,256,3
1553.7684302097186,set_4,256,256,3
738.4919388256967,set_4,256,256,3
1793.3109485300968,set_4,192,256,3
3871.015018684064,set_4,256,256,3
3467.7181986842515,set_4,256,256,3
977.8136897831122,set_4,256,256,3
6232.9276376093185,set_4,256,256,3
1273.5616284608584,set_4,256,256,3
848.6342882140437,set_4,256,256,3
2746.728936115047,set_4,256,256,3
572.5387057901049,set_4,256,256,3
8596.704627908533,set_4,256,256,3
3398.2739047205287,set_4,256,256,3
5590.953122350907,set_4,256,256,3
3716.438912108437,set_4,256,256,3
167.1297224528001,set_4,256,256,3
1297.4666388847913,set_4,256,256,3
3942.6225117357803,set_4,256,256,3
4247.636760049395,set_4,256,256,3
2946.551022131825,set_4,256,256,3
1884.6500317693378,set_4,256,256,3
5823.995260647498,set_4,256,256,3
10449.477065659956,set_4,256,256,3
2649.4709245851263,set_4,256,256,3
8483.982177004218,set_4,256,256,3
66.46384813129487,set_4,256,256,3
386.7421241158154,set_4,256,256,3
804.3234710134307,set_4,256,256,3
7641.5451100861865,set_4,256,256,3
166.24034698905112,set_4,256,256,3
4449.862508017155,set_4,256,256,3
7647.191114861104,set_4,256,256,3
16262.008223628598,set_4,256,256,3
1039.5899283579395,set_4,256,256,3
9805.35206196333,set_4,256,256,3
6514.607231119,set_4,256,256,3
7754.618149851656,set_4,256,256,3
2923.1776057522125,set_4,256,256,3
1231.4507964592583,set_4,256,256,3
5757.472023121908,set_4,256,256,3
7864.30714246962,set_4,256,256,3
7296.232055253349,set_4,256,256,3
4531.352983617508,set_4,256,256,3
2832.1897832556474,set_4,256,256,3
2772.753402292703,set_4,256,256,3
328.06949632405303,set_4,256,256,3
4549.514662633935,set_4,256,256,3
1786.6082847298176,set_4,256,256,3
1772.1397420307621,set_4,256,256,3
8180.085286245138,set_4,256,256,3
7084.207031084432,set_4,256,256,3
1086.505614279045,set_4,256,256,3
9570.457672347211,set_4,256,256,3
4720.657064769805,set_4,256,256,3
13290.432835885402,set_4,256,256,3
2344.90488452216,set_4,256,256,3
4500.631642908453,set_4,256,256,3
1564.0233102374607,set_4,256,256,3
6511.259760747328,set_4,256,256,3
7383.879142834262,set_4,256,256,3
5300.476601624551,set_4,256,256,3
1868.408481403254,set_4,256,256,3
3147.570302799732,set_4,256,256,3
2409.550052886596,set_4,256,256,3
120.92197233397103,set_4,256,256,3
551.4997893991725,set_4,256,256,3
3942.138297768903,set_4,256,256,3
792.7720909308022,set_4,256,256,3
4299.314965836678,set_4,256,256,3
11622.852179640593,set_4,256,256,3
1260.2605627873497,set_4,256,256,3
1312.4875427378702,set_4,256,256,3
6446.771942222258,set_4,256,256,3
1970.9043147659138,set_4,256,256,3
7268.780683960766,set_4,256,256,3
9665.449826865457,set_4,256,256,3
1336.5661615116726,set_4,256,256,3
47.15504136844538,set_4,256,256,3
3330.4015452067056,set_4,256,256,3
4253.985850437187,set_4,192,256,3
531.4697352166598,set_4,256,256,3
2207.143937468425,set_4,256,256,3
187.95860139363342,set_4,256,256,3
3802.742329040748,set_4,256,256,3
3227.96979294963,set_4,256,256,3
1126.4744041933575,set_4,256,256,3
3834.759384148649,set_4,256,256,3
517.5477055178749,set_4,192,256,3
772.8777166089402,set_4,256,256,3
1674.1579544395208,set_4,256,256,3
1905.618601878484,set_4,256,256,3
15.910973181922193,set_4,256,256,3
5215.324829215572,set_4,256,256,3
502.6693606425284,set_4,256,256,3
2093.496825080132,set_4,256,256,3
4521.818428096568,set_4,256,256,3
7687.769781183762,set_4,256,256,3
5283.169303678572,set_4,256,256,3
101.09225184346239,set_4,256,256,3
592.3667242324187,set_4,256,256,3
903.6309955359126,set_4,256,256,3
951.4679561191133,set_4,256,256,3
3036.1278162100875,set_4,256,256,3
5823.960681723819,set_4,256,256,3
1169.0474260685085,set_4,256,256,3
10444.825537428234,set_4,256,256,3
1171.3381192484455,set_4,256,256,3
6798.204801532957,set_4,256,256,3
5595.894669608523,set_4,256,256,3
8687.972598245755,set_4,256,256,3
2374.436899616383,set_4,256,256,3
1948.9648665816576,set_4,256,256,3
1455.3533492206025,set_4,256,256,3
309.4933312893069,set_4,256,256,3
529.3809557817876,set_4,256,256,3
1467.64305797196,set_4,256,256,3
1605.9668583058647,set_4,256,256,3
849.1910648140796,set_4,256,256,3
800.637570600103,set_4,256,256,3
438.9427450273393,set_4,256,256,3
833.3576383487219,set_4,256,256,3
7273.614908024022,set_4,256,256,3
5689.875103706882,set_4,256,256,3
577.5504589079776,set_4,256,256,3
15042.103686130684,set_4,256,256,3
337.477585286497,set_4,256,256,3
5508.486316165551,set_4,256,256,3
5847.50359805857,set_4,256,256,3
17.97344458141985,set_4,256,256,3
5471.744928803062,set_4,256,256,3
1728.3027299757425,set_4,256,256,3
2741.934270488693,set_4,256,256,3
4675.076280077194,set_4,256,256,3
556.1995432174041,set_4,256,256,3
2864.563469038009,set_4,256,256,3
824.5827380414638,set_4,256,256,3
3649.8950702100724,set_4,256,256,3
335.35604103010456,set_4,256,256,3
855.4992084279396,set_4,256,256,3
86.77411606160199,set_4,256,256,3
91.94217065928711,set_4,256,256,3
25.900783882140075,set_4,256,256,3
168.07466362540922,set_4,256,256,3
127.12203833582396,set_4,256,256,3
328.8827131257082,set_4,256,256,3
804.3524642847478,set_4,256,256,3
2354.43848111139,set_4,256,256,3
8773.31753406922,set_4,256,256,3
5020.609109297368,set_4,256,256,3
964.3818837445384,set_4,256,256,3
4050.863545284917,set_4,256,256,3
874.7197331570917,set_4,192,256,3
551.9808860516383,set_4,256,256,3
66.57318589712183,set_4,256,256,3
5566.437189685697,set_4,256,256,3
11592.85596118112,set_4,256,256,3
1026.386068855076,set_4,256,256,3
3637.2393824805554,set_4,256,256,3
2360.33058596806,set_4,256,256,3
2039.6466969446176,set_4,256,256,3
6386.763040703929,set_4,256,256,3
11662.751671067723,set_4,256,256,3
3127.995405210156,set_4,256,256,3
59.89961546884539,set_4,256,256,3
17150.471470439774,set_4,256,256,3
5587.758257801231,set_4,256,256,3
5318.060051112953,set_4,256,256,3
921.0851727996227,set_4,256,256,3
6128.690992888657,set_4,256,256,3
8589.955261930721,set_4,256,256,3
1793.2557357410744,set_4,256,256,3
7414.58330822899,set_4,256,256,3
7775.418576740325,set_4,256,256,3
3008.930377413726,set_4,256,256,3
2144.6983368415126,set_4,256,256,3
647.2656480359277,set_4,256,256,3
96.61260006243053,set_4,256,256,3
8598.644293174148,set_4,256,256,3
7125.306789398193,set_4,256,256,3
1825.972853551904,set_4,256,256,3
968.3843883073164,set_4,192,256,3
1721.705615354909,set_4,256,256,3
782.733000767624,set_4,256,256,3
4235.992825519604,set_4,256,256,3
603.794077455894,set_4,256,256,3
2097.9160456433633,set_4,256,256,3
5650.877812373116,set_4,256,256,3
1300.3995265600322,set_4,256,256,3
4361.118717708702,set_4,256,256,3
5731.270935522909,set_4,256,256,3
7673.8311817918175,set_4,256,256,3
62.373787727206945,set_4,256,256,3
1277.0490807427298,set_4,256,256,3
3706.8131147883832,set_4,256,256,3
739.9926055394268,set_4,256,256,3
337.1107145349185,set_4,256,256,3
2045.6163791169465,set_4,256,256,3
7623.057793850054,set_4,256,256,3
4114.096457569317,set_4,256,256,3
2363.6181922517717,set_4,256,256,3
93.33312010765076,set_4,256,256,3
5115.620089023658,set_4,256,256,3
3999.604225148732,set_4,256,256,3
2651.322966634296,set_4,256,256,3
1135.379358927409,set_4,256,256,3
1258.181754851481,set_4,256,256,3
4401.518886246614,set_4,256,256,3
989.5659786908785,set_4,256,256,3
7768.823286533254,set_4,256,256,3
5580.361348532038,set_4,256,256,3
4592.945610999956,set_4,256,256,3
683.1696692291234,set_4,256,256,3
19121.701215702622,set_4,256,256,3
110.1055778057004,set_4,256,256,3
8776.747724629293,set_4,256,256,3
7046.016776091109,set_4,256,256,3
2337.5189698990175,set_4,256,256,3
4578.0328527841875,set_4,256,256,3
6886.913726515965,set_4,256,256,3
5057.275729451096,set_4,256,256,3
1379.0544222310807,set_4,256,256,3
228.36111450195312,set_4,256,256,3
9341.262363358064,set_4,256,256,3
3556.0362408805845,set_4,256,256,3
161.55060778061548,set_4,256,256,3
1609.394126508773,set_4,256,256,3
8749.697397042895,set_4,256,256,3
444.5013122554455,set_4,256,256,3
8602.054798059065,set_4,256,256,3
8179.91625766702,set_4,256,256,3
623.7013799119483,set_4,256,256,3
3261.210864572786,set_4,256,256,3
4168.156515403651,set_4,256,256,3
6396.062122903662,set_4,256,256,3
2374.8452274534443,set_4,256,256,3
105.23504280110097,set_4,256,256,3
5842.0549723132435,set_4,256,256,3
11026.774674154794,set_4,256,256,3
2682.853397138391,set_4,256,256,3
6676.734378390843,set_4,256,256,3
4868.168157200019,set_4,256,256,3
87.28575508420666,set_4,256,256,3
669.6248964989145,set_4,256,256,3
10048.140073236465,set_4,256,256,3
1795.5056525558855,set_4,256,256,3
2678.631666779104,set_4,256,256,3
2607.4477989076536,set_4,256,256,3
5170.792303856462,set_4,256,256,3
7077.274536975737,set_4,256,256,3
106.08670340602596,set_4,256,256,3
5796.14961035291,set_4,256,256,3
6523.2079154020175,set_4,256,256,3
2709.6384716604116,set_4,256,256,3
61.56805991420212,set_4,256,256,3
4450.480992788966,set_4,256,256,3
125.68443224452334,set_4,256,256,3
5977.598890329296,set_4,256,256,3
826.7073426904778,set_4,192,256,3
820.4408589928256,set_4,256,256,3
8563.068160994573,set_4,256,256,3
5322.659474561586,set_4,256,256,3
4207.87578140238,set_4,256,256,3
4005.189386003314,set_4,256,256,3
2744.4987978814947,set_4,256,256,3
3030.577664612068,set_4,256,256,3
344.3338513386486,set_4,256,256,3
2481.2781821075414,set_4,192,256,3
7301.217321025804,set_4,256,256,3
931.1750872357643,set_4,256,256,3
230.4757280047569,set_4,192,256,3
976.0667507445645,set_4,256,256,3
958.5240399116234,set_4,256,256,3
1219.1638508727774,set_4,256,256,3
1141.1414523062347,set_4,256,256,3
4935.317504458957,set_4,256,256,3
4587.259222109698,set_4,256,256,3
1236.787266309037,set_4,256,256,3
6316.82208201411,set_4,256,256,3
3670.7871099842905,set_4,256,256,3
163.8497273112492,set_4,256,256,3
1728.0990356567006,set_4,256,256,3
10163.16330503662,set_4,256,256,3
561.9651722841793,set_4,256,256,3
6372.157256641322,set_4,256,256,3
7248.575789367057,set_4,256,256,3
9709.683108660676,set_4,256,256,3
1939.8765158549784,set_4,256,256,3
3570.608760807249,set_4,256,256,3
2624.937587664127,set_4,256,256,3
123.86627096162799,set_4,256,256,3
212.25543649898222,set_4,256,256,3
1625.3345821549494,set_4,256,256,3
84.19907631135236,set_4,256,256,3
5699.992530076427,set_4,256,256,3
102.61361631378531,set_4,256,256,3
4995.835691272797,set_4,256,256,3
2159.1836595233117,set_4,192,256,3
1013.7251723076528,set_4,256,256,3
5274.8368379370195,set_4,256,256,3
532.6437885496351,set_4,256,256,3
6511.157628555679,set_4,256,256,3
7030.035384502237,set_4,256,256,3
334.86911555045907,set_4,256,256,3
2485.199953362941,set_4,256,256,3
2658.973954615261,set_4,256,256,3
3036.0628100011695,set_4,256,256,3
1691.3201501211927,set_4,256,256,3
4143.835706147029,set_4,256,256,3
2562.9121752642095,set_4,256,256,3
5497.855890491667,set_4,256,256,3
1310.0489920576154,set_4,256,256,3
2764.038718978151,set_4,256,256,3
5952.357421709432,set_4,256,256,3
5302.064320458307,set_4,256,256,3
2864.2014492733615,set_4,256,256,3
4687.724600938226,set_4,256,256,3
1783.5166768323008,set_4,256,256,3
4672.55697582569,set_4,256,256,3
1560.772959208737,set_4,256,256,3
154.8852956870105,set_4,256,256,3
48.59393814824417,set_4,256,256,3
4432.887103483675,set_4,256,256,3
11593.0924594601,set_4,256,256,3
140.05133491379416,set_4,256,256,3
3147.294132669353,set_4,256,256,3
8061.943614142533,set_4,256,256,3
3224.521120099325,set_4,256,256,3
864.8775540680314,set_4,256,256,3
5994.117650341217,set_4,256,256,3
1815.4801228964288,set_4,256,256,3
14937.368955115371,set_4,256,256,3
18806.676559986518,set_4,256,256,3
8644.204252922596,set_4,256,256,3
3490.6163238011454,set_4,256,256,3
670.9475298622211,set_4,256,256,3
2227.373442583795,set_4,256,256,3
5097.702911093184,set_4,256,256,3
3449.0356145563223,set_4,256,256,3
127.88312382683056,set_4,256,256,3
5662.600415530072,set_4,256,256,3
8205.02409569358,set_4,256,256,3
598.1658616059512,set_4,256,256,3
1274.5040210098184,set_4,256,256,3
4780.535031337601,set_4,256,256,3
4103.135801537894,set_4,256,256,3
4806.397357326311,set_4,256,256,3
424.1493418557932,set_4,256,256,3
2914.5177088164623,set_4,256,256,3
3320.261725186887,set_4,256,256,3
154.73152674773397,set_4,256,256,3
2262.8467404059807,set_4,256,256,3
5393.474109177684,set_4,256,256,3
43.18306804818308,set_4,256,256,3
5367.624588245216,set_4,256,256,3
5930.331929828972,set_4,256,256,3
4486.869206022781,set_4,256,256,3
4212.113636501727,set_4,256,256,3
4211.843938405083,set_4,256,256,3
315.9973443248826,set_4,256,256,3
49.33079928260607,set_4,256,256,3
3382.3266140685882,set_4,256,256,3
1452.7094602170919,set_4,256,256,3
413.7165179236068,set_4,256,256,3
259.3717545195379,set_4,256,256,3
1931.729969566067,set_4,256,256,3
4074.3696637358275,set_4,256,256,3
86.48075858294033,set_4,256,256,3
4113.97372404724,set_4,256,256,3
21349.83762336729,set_4,256,256,3
8066.123343660161,set_4,256,256,3
577.7648746367131,set_4,256,256,3
129.19105001225964,set_4,256,256,3
1889.2831542216397,set_4,256,256,3
1308.1265201870508,set_4,256,256,3
761.8661402128637,set_4,256,256,3
83.54904757181389,set_4,256,256,3
3464.4912943703434,set_4,256,256,3
4881.480705876292,set_4,256,256,3
4336.08384674971,set_4,256,256,3
103.73292462276815,set_4,256,256,3
3127.4424513727167,set_4,256,256,3
3227.2713615393473,set_4,256,256,3
85.48052299020088,set_4,256,256,3
4039.941372742151,set_4,256,256,3
760.7528066076078,set_4,256,256,3
256.0980821971057,set_4,256,256,3
2077.6926836085554,set_4,256,256,3
20877.18494445,set_4,256,256,3
1836.2316609782226,set_4,256,256,3
6226.209308846516,set_4,256,256,3
5462.310267024569,set_4,256,256,3
14189.098893023374,set_4,256,256,3
735.4170164196597,set_4,256,256,3
10155.46308851894,set_4,256,256,3
1669.75589256475,set_4,256,256,3
2304.041780925356,set_4,256,256,3
128.33665256178938,set_4,256,256,3
193.83043114747852,set_4,256,256,3
8204.09098076655,set_4,256,256,3
6696.767402863751,set_4,256,256,3
7714.667150713402,set_4,256,256,3
4095.7992434376433,set_4,256,256,3
1118.5416174058853,set_4,256,256,3
5078.954329728149,set_4,256,256,3
6963.169126808231,set_4,256,256,3
6124.533159570742,set_4,256,256,3
2910.7168550425104,set_4,256,256,3
3493.8992580770414,set_4,256,256,3
7178.43415055662,set_4,256,256,3
14895.099941988372,set_4,256,256,3
3553.1091882350543,set_4,256,256,3
596.0461059291071,set_4,256,256,3
7498.630901793225,set_4,256,256,3
1847.957984419514,set_4,256,256,3
9022.928925987644,set_4,256,256,3
1600.379547277983,set_4,256,256,3
1021.3958425455622,set_4,256,256,3
445.34908122670214,set_4,256,256,3
32.10321432010581,set_4,256,256,3
160.71977493901636,set_4,256,256,3
78.94974954757424,set_4,256,256,3
24213.665286721636,set_4,256,256,3
5851.634038679199,set_4,256,256,3
5086.587544284657,set_4,256,256,3
2993.6123281849746,set_4,256,256,3
5018.616803616181,set_4,256,256,3
5616.371629312402,set_4,256,256,3
1603.1538390778005,set_4,256,256,3
748.5367113016546,set_4,256,256,3
1996.9354246059027,set_4,256,256,3
1325.1587823647744,set_4,256,256,3
1549.5511614201953,set_4,256,256,3
503.1640905861018,set_4,256,256,3
8122.716930387749,set_4,256,256,3
1235.5699160636093,set_4,256,256,3
6093.9687399715185,set_4,256,256,3
113.76584354785477,set_4,256,256,3
2472.855370122526,set_4,256,256,3
815.3075611713188,set_4,256,256,3
84.22164791737062,set_4,256,256,3
219.46009374823836,set_4,192,256,3
384.3875102715359,set_4,192,256,3
1498.4645758850704,set_4,256,256,3
413.0073928849306,set_4,256,256,3
3724.1245931256303,set_4,256,256,3
8496.066796459158,set_4,256,256,3
50.62881025172666,set_4,256,256,3
3106.6467616454597,set_4,256,256,3
2976.198001999175,set_4,256,256,3
2969.182487885157,set_4,256,256,3
5231.69808423827,set_4,256,256,3
5988.6685148278875,set_4,256,256,3
3591.811281449989,set_4,256,256,3
5482.808257072749,set_4,256,256,3
7891.870190326721,set_4,256,256,3
1588.3742408171918,set_4,256,256,3
325.49466893314894,set_4,256,256,3
4905.150995828107,set_4,256,256,3
6358.029007185225,set_4,256,256,3
6851.818815839687,set_4,256,256,3
2503.7712379677428,set_4,256,256,3
585.3414123999731,set_4,256,256,3
6569.590714055633,set_4,256,256,3
7551.549360078968,set_4,256,256,3
6741.042707015656,set_4,256,256,3
4017.9865326632025,set_4,256,256,3
8354.681335117979,set_4,256,256,3
5907.481709733503,set_4,256,256,3
3494.99423694445,set_4,256,256,3
3616.771058106148,set_4,256,256,3
108.42125241861989,set_4,256,256,3
5793.010348542256,set_4,256,256,3
4754.6240477362235,set_4,256,256,3
4523.400707778726,set_4,256,256,3
135.6136304765112,set_4,192,256,3
195.87606268862473,set_4,256,256,3
600.0530516223516,set_4,256,256,3
6454.824061549553,set_4,256,256,3
1310.9847070021917,set_4,256,256,3
3777.704797644996,set_4,256,256,3
1804.7380449976515,set_4,256,256,3
4184.377002239201,set_4,256,256,3
5708.975489442547,set_4,256,256,3
9258.554721103748,set_4,256,256,3
60.39858874862289,set_4,256,256,3
1073.5605040061957,set_4,256,256,3
2087.173601811131,set_4,256,256,3
707.7680534505181,set_4,256,256,3
4708.29036422361,set_4,256,256,3
818.7973344027736,set_4,256,256,3
2627.5035034074294,set_4,256,256,3
5294.673018279148,set_4,256,256,3
1327.263984017902,set_4,256,256,3
5601.454923985731,set_4,256,256,3
1268.4217686986085,set_4,256,256,3
385.1364766179015,set_4,256,256,3
30.379498716754217,set_4,256,256,3
62.597929090157955,set_4,256,256,3
7835.794671361645,set_4,256,256,3
3403.8806040211475,set_4,256,256,3
4320.05267301758,set_4,256,256,3
4066.826894714575,set_4,256,256,3
944.6207745639971,set_4,256,256,3
6386.959640090664,set_4,256,256,3
2470.218316950292,set_4,256,256,3
17123.09287256869,set_4,256,256,3
2277.9468538760107,set_4,256,256,3
5056.024704342475,set_4,256,256,3
2290.1706435841566,set_4,256,256,3
883.1239077646492,set_4,256,256,3
1249.2101575297613,set_4,256,256,3
8710.799778126153,set_4,256,256,3
1250.511469361657,set_4,256,256,3
3977.156553173205,set_4,256,256,3
6948.306339773637,set_4,256,256,3
1606.3035927380745,set_4,256,256,3
1529.5209616140928,set_4,256,256,3
2270.9331956820097,set_4,256,256,3
242.64959206802044,set_4,256,256,3
1339.8463945550222,set_4,256,256,3
94.91238832719522,set_4,256,256,3
2981.483091584691,set_4,256,256,3
200.78814714833993,set_4,256,256,3
376.34499348534473,set_4,256,256,3
1923.8878211427689,set_4,256,256,3
69.85530539188117,set_4,256,256,3
509.4187876383464,set_4,256,256,3
1730.3589743392076,set_4,256,256,3
7844.326689769412,set_4,256,256,3
1482.7648568500044,set_4,256,256,3
34.409861089351274,set_4,256,256,3
6443.8861567650965,set_4,256,256,3
6463.444714224587,set_4,256,256,3
99.8636269584919,set_4,256,256,3
2163.3121903443243,set_4,256,256,3
74.35120342296754,set_4,256,256,3
6740.401842186616,set_4,256,256,3
1123.9638948409247,set_4,256,256,3
8250.450117495298,set_4,256,256,3
2094.916658739146,set_4,256,256,3
1359.1867467121272,set_4,256,256,3
9026.218380416332,set_4,256,256,3
707.7903413706357,set_4,256,256,3
169.08775281864737,set_4,256,256,3
6360.8742363369865,set_4,256,256,3
12521.556533981944,set_4,256,256,3
7169.869178794921,set_4,256,256,3
1042.4825970784811,set_4,256,256,3
1484.5458461583282,set_4,256,256,3
5645.042228400603,set_4,256,256,3
5942.682718939432,set_4,256,256,3
396.5849552085985,set_4,256,256,3
253.40507202137573,set_4,256,256,3
342.2401876246763,set_4,256,256,3
1794.4853120125645,set_4,192,256,3
4908.867721203482,set_4,256,256,3
106.62336149974726,set_4,256,256,3
15191.772060048845,set_4,256,256,3
5517.87748218677,set_4,256,256,3
9114.226320887503,set_4,256,256,3
2919.728664318307,set_4,256,256,3
10671.12356022246,set_4,256,256,3
117.7496341864268,set_4,256,256,3
5505.843097339668,set_4,256,256,3
494.5519168764974,set_4,256,256,3
287.195680042082,set_4,256,256,3
6279.7681134938175,set_4,256,256,3
3927.987222229336,set_4,256,256,3
631.5430063787434,set_4,256,256,3
446.38365123211406,set_4,256,256,3
4081.724865619688,set_4,256,256,3
1499.242505967617,set_4,256,256,3
2128.8091935724174,set_4,256,256,3
6264.204962067073,set_4,256,256,3
5606.329713846247,set_4,256,256,3
150.67040244396776,set_4,256,256,3
235.9958253287607,set_4,256,256,3
1059.6021943779197,set_4,256,256,3
4629.356885168288,set_4,256,256,3
2288.3719670271716,set_4,256,256,3
8256.331931232993,set_4,256,256,3
783.2049144695824,set_4,256,256,3
4088.066763853007,set_4,256,256,3
149.28180530662704,set_4,192,256,3
5845.610870391106,set_4,256,256,3
4792.659007885158,set_4,256,256,3
1412.9288081857896,set_4,256,256,3
658.7263317680286,set_4,192,256,3
4493.995030859459,set_4,256,256,3
5440.879267977939,set_4,256,256,3
1984.3557586648967,set_4,256,256,3
385.8732788339,set_4,256,256,3
1914.260787818348,set_4,256,256,3
7432.149384089411,set_4,256,256,3
6430.511241479854,set_4,256,256,3
172.58138562529348,set_4,256,256,3
372.97924672067165,set_4,256,256,3
5471.070102083082,set_4,256,256,3
4549.128080029867,set_4,256,256,3
56.057143441065115,set_4,256,256,3
1394.1550958450468,set_4,256,256,3
3197.374189979681,set_4,256,256,3
1269.024488243352,set_4,256,256,3
3581.422336669328,set_4,256,256,3
10100.569748637965,set_4,256,256,3
266.19943735000885,set_4,256,256,3
6874.5771863634145,set_4,256,256,3
693.1787753891355,set_4,256,256,3
939.1534612861511,set_4,256,256,3
6500.745385650934,set_4,256,256,3
1444.7270340505572,set_4,256,256,3
7770.341696706266,set_4,256,256,3
2186.1191693345704,set_4,256,256,3
25.516710457598993,set_4,256,256,3
127.0438498257556,set_4,256,256,3
1627.7406843171145,set_4,256,256,3
4065.7934483690965,set_4,256,256,3
106.47081056524378,set_4,256,256,3
6189.278867268625,set_4,256,256,3
4581.801775043804,set_4,256,256,3
960.9506567480404,set_4,256,256,3
2303.5142164857175,set_4,256,256,3
563.803294952933,set_4,256,256,3
5323.505821960019,set_4,256,256,3
4147.436524609309,set_4,256,256,3
7118.363598336543,set_4,256,256,3
11637.84508508682,set_4,256,256,3
6210.45386417518,set_4,256,256,3
5025.402155634326,set_4,256,256,3
7866.876546421995,set_4,256,256,3
1517.6426594181814,set_4,256,256,3
1495.2214634666582,set_4,256,256,3
66.49071918487446,set_4,256,256,3
1055.5320088745143,set_4,256,256,3
2446.163112344608,set_4,256,256,3
1223.5043904772804,set_4,256,256,3
4727.429912765407,set_4,256,256,3
3029.232270739869,set_4,256,256,3
2916.471015922622,set_4,256,256,3
3111.6267357663146,set_4,256,256,3
2310.255995798623,set_4,256,256,3
15845.73055025249,set_4,256,256,3
980.2246089899498,set_4,256,256,3
740.8298708394996,set_4,256,256,3
305.686198350637,set_4,256,256,3
8876.60202776351,set_4,256,256,3
6286.227934663391,set_4,256,256,3
1808.383805185453,set_4,256,256,3
14211.929620457087,set_4,256,256,3
10495.015680491824,set_4,256,256,3
3693.031208212565,set_4,256,256,3
2277.346697816832,set_4,256,256,3
4028.0978203661894,set_4,256,256,3
150.82098371098337,set_4,256,256,3
1609.0183799706492,set_4,192,256,3
17.63200404246648,set_4,256,256,3
4288.532094651523,set_4,256,256,3
612.6554555287585,set_4,256,256,3
6110.3681853125645,set_4,256,256,3
3756.186603868768,set_4,256,256,3
1897.7999428057165,set_4,256,256,3
6538.330529917858,set_4,256,256,3
496.61147884256206,set_4,256,256,3
9554.617929696624,set_4,256,256,3
3129.0671930983403,set_4,256,256,3
961.3824162288414,set_4,256,256,3
3487.644032758868,set_4,256,256,3
1297.4825995079912,set_4,256,256,3
3334.8893768986068,set_4,256,256,3
320.33066590865036,set_4,256,256,3
559.8449813686311,set_4,256,256,3
6681.645346251603,set_4,256,256,3
3108.075930746789,set_4,256,256,3
6910.05690291894,set_4,256,256,3
162.11653375002143,set_4,256,256,3
4065.681768047287,set_4,256,256,3
9850.605087689408,set_4,256,256,3
3415.9003140123095,set_4,256,256,3
2061.0366905449323,set_4,256,256,3
618.5028408193548,set_4,256,256,3
90.48003818829442,set_4,256,256,3
2231.322402566258,set_4,256,256,3
483.8656564811129,set_4,192,256,3
5719.417140536399,set_4,256,256,3
529.1850222729976,set_4,256,256,3
171.7230925721427,set_4,256,256,3
187.807742499824,set_4,256,256,3
3876.38658252542,set_4,256,256,3
8516.63834726663,set_4,256,256,3
507.60362379664247,set_4,256,256,3
65.30436705402099,set_4,256,256,3
7540.414749982352,set_4,256,256,3
2251.87026905866,set_4,256,256,3
4941.108412398233,set_4,256,256,3
8136.207290318872,set_4,256,256,3
68.2331880180993,set_4,256,256,3
1848.2174744571869,set_4,256,256,3
81.21857752441429,set_4,256,256,3
5059.357285458905,set_4,256,256,3
4259.171067911716,set_4,256,256,3
87.28098878386015,set_4,256,256,3
3647.972048947355,set_4,256,256,3
4766.613882164756,set_4,256,256,3
6210.32974369304,set_4,256,256,3
5142.570200766721,set_4,256,256,3
2138.4647522890523,set_4,256,256,3
19266.007224266697,set_4,256,256,3
515.4131391072232,set_4,256,256,3
313.70602440078636,set_4,256,256,3
8124.998841085368,set_4,256,256,3
317.3801282935828,set_4,256,256,3
805.5354608247418,set_4,256,256,3
5969.79418552478,set_4,256,256,3
1517.6205765350153,set_4,256,256,3
7244.340345889097,set_4,256,256,3
851.2538045312589,set_4,256,256,3
5724.024173579465,set_4,256,256,3
3851.749278950169,set_4,256,256,3
130.25359542409166,set_4,256,256,3
112.21363196271058,set_4,256,256,3
8264.403622807082,set_4,256,256,3
5057.320010616444,set_4,256,256,3
513.3121697169781,set_4,256,256,3
32.38834098268611,set_4,256,256,3
748.1837662590875,set_4,256,256,3
1579.1468920107516,set_4,256,256,3
619.9944568722407,set_4,256,256,3
6008.890161375799,set_4,256,256,3
263.9230524433983,set_4,256,256,3
2237.411493910685,set_4,256,256,3
4669.764825170213,set_4,256,256,3
3312.957950732956,set_4,256,256,3
7107.867269681741,set_4,256,256,3
1696.093765608863,set_4,256,256,3
1385.0014817811705,set_4,256,256,3
699.6102727340896,set_4,256,256,3
10007.217290052911,set_4,256,256,3
82.52728839195333,set_4,256,256,3
5199.593184821204,set_4,256,256,3
4912.879653071958,set_4,256,256,3
1758.3854421640253,set_4,192,256,3
10024.145112459626,set_4,256,256,3
3740.1396792866017,set_4,256,256,3
8654.543060532227,set_4,256,256,3
1137.9009441801393,set_4,256,256,3
678.1336141396057,set_4,256,256,3
21.760213161404764,set_4,256,256,3
3694.3609720931076,set_4,256,256,3
52.686233485091684,set_4,256,256,3
421.84457213669606,set_4,256,256,3
697.4215281071506,set_4,256,256,3
1144.3457525487368,set_4,256,256,3
5917.339708986979,set_4,256,256,3
6501.81919407679,set_4,256,256,3
378.93209905671466,set_4,256,256,3
1273.810005928585,set_4,192,256,3
3643.9417648513077,set_4,256,256,3
989.3301838032991,set_4,192,256,3
4348.4819652926335,set_4,256,256,3
3117.003724187199,set_4,256,256,3
9925.513813651167,set_4,256,256,3
1284.5895458093275,set_4,256,256,3
951.3712379947925,set_4,256,256,3
409.1950948998953,set_4,256,256,3
4995.7266746336945,set_4,256,256,3
7410.657945819793,set_4,256,256,3
960.219800097842,set_4,256,256,3
291.1737647295619,set_4,256,256,3
9141.400997889306,set_4,256,256,3
3013.048147060986,set_4,256,256,3
8143.655489238497,set_4,256,256,3
3421.6180464161757,set_4,256,256,3
1074.6912205409415,set_4,256,256,3
37.83998567517847,set_4,256,256,3
215.34850712606897,set_4,256,256,3
8413.816114531519,set_4,256,256,3
907.1078176498413,set_4,256,256,3
7219.143798751033,set_4,256,256,3
802.1086628532242,set_4,256,256,3
202.80783275390664,set_4,256,256,3
5862.024572903679,set_4,256,256,3
1211.169446601196,set_4,256,256,3
5659.753767614951,set_4,256,256,3
4092.3427271542605,set_4,256,256,3
6438.935473515939,set_4,256,256,3
6070.421125663418,set_4,256,256,3
5407.784532046567,set_4,256,256,3
4318.683467536233,set_4,256,256,3
384.54120381673175,set_4,256,256,3
2565.61615107951,set_4,256,256,3
102.28587794363398,set_4,256,256,3
3689.3232575638417,set_4,256,256,3
4979.033061608672,set_4,256,256,3
615.9956560829241,set_4,256,256,3
7138.958027057324,set_4,256,256,3
2726.970914787898,set_4,256,256,3
6139.375378142395,set_4,256,256,3
310.14352099781127,set_4,256,256,3
5703.83701286007,set_4,256,256,3
6297.136159128199,set_4,256,256,3
7143.256823689341,set_4,256,256,3
6839.153312039845,set_4,256,256,3
6189.92612071995,set_4,256,256,3
665.6170271767511,set_4,256,256,3
1640.100762848199,set_4,256,256,3
16743.058348602306,set_4,256,256,3
7475.658772375409,set_4,256,256,3
1815.8163795069693,set_4,256,256,3
1477.515161119298,set_4,256,256,3
933.6125289404299,set_4,256,256,3
7895.254467076286,set_4,256,256,3
383.023562548889,set_4,256,256,3
835.4451256890055,set_4,256,256,3
7853.565970162318,set_4,256,256,3
2094.654331535075,set_4,256,256,3
18368.704978263395,set_4,256,256,3
6685.3865718696425,set_4,256,256,3
5160.388649495008,set_4,256,256,3
1865.366030012956,set_4,256,256,3
2616.0701154262447,set_4,256,256,3
106.90860922611319,set_4,256,256,3
68.14326728042215,set_4,256,256,3
5289.555523583872,set_4,256,256,3
3700.9621152113855,set_4,256,256,3
913.2953267624962,set_4,256,256,3
637.0758611741993,set_4,256,256,3
16850.309008045093,set_4,256,256,3
1554.0120529376954,set_4,256,256,3
3766.8597545092925,set_4,256,256,3
16300.394444574265,set_4,256,256,3
273.1312136712174,set_4,256,256,3
4058.3899091274166,set_4,256,256,3
4198.423422911487,set_4,256,256,3
45.36502055262423,set_4,256,256,3
6633.531229147662,set_4,256,256,3
4811.817452017606,set_4,256,256,3
3741.014857371232,set_4,256,256,3
14053.03388848091,set_4,256,256,3
786.3398765321405,set_4,256,256,3
4151.849693495754,set_4,256,256,3
1169.0127952827347,set_4,256,256,3
1250.449340875338,set_4,256,256,3
16287.569671539977,set_4,256,256,3
768.2527502042552,set_4,256,256,3
3730.539399929112,set_4,256,256,3
7369.18398348449,set_4,256,256,3
1779.7445012123014,set_4,256,256,3
1724.1061831877257,set_4,256,256,3
3605.9003073200315,set_4,256,256,3
5039.066985586864,set_4,256,256,3
253.37895357443222,set_4,256,256,3
1426.5504765864205,set_4,256,256,3
4783.499932433763,set_4,256,256,3
73.28877016526853,set_4,256,256,3
265.7551435720331,set_4,256,256,3
1408.3463132660575,set_4,256,256,3
1278.052816188558,set_4,256,256,3
5258.354443402934,set_4,256,256,3
55.58434425891998,set_4,256,256,3
5465.218493878841,set_4,256,256,3
9424.427777635943,set_4,256,256,3
486.1495502664606,set_4,256,256,3
6971.781477023304,set_4,256,256,3
3966.9526203086134,set_4,256,256,3
1989.955596433642,set_4,256,256,3
599.6905123082041,set_4,256,256,3
1648.095551369919,set_4,256,256,3
6260.224937139676,set_4,256,256,3
5162.914971178786,set_4,256,256,3
3667.5371346497486,set_4,256,256,3
6328.69123212486,set_4,256,256,3
5510.411133697232,set_4,256,256,3
6082.548441926406,set_4,256,256,3
7708.566616485102,set_4,256,256,3
1566.7741808953126,set_4,256,256,3
1388.2751911278401,set_4,256,256,3
180.96125546943708,set_4,256,256,3
783.9828995329639,set_4,256,256,3
1597.4181509713078,set_4,256,256,3
1561.0559442912283,set_4,256,256,3
1651.470094422396,set_4,256,256,3
2985.4104605888074,set_4,256,256,3
1451.111897003216,set_4,256,256,3
1141.3979906364236,set_4,256,256,3
3985.5254968149934,set_4,256,256,3
557.400898215568,set_4,256,256,3
57.929864137950865,set_4,256,256,3
5639.415181371901,set_4,256,256,3
233.67990570947418,set_4,256,256,3
1303.2226227411059,set_4,192,256,3
5683.813273486966,set_4,256,256,3
8077.346665998688,set_4,256,256,3
7328.53729937844,set_4,256,256,3
654.2186113844056,set_4,256,256,3
7409.67186440362,set_4,256,256,3
3764.937810325347,set_4,256,256,3
5738.203928133447,set_4,256,256,3
2188.2815138125384,set_4,256,256,3
64.2753292768159,set_4,256,256,3
488.37905447058273,set_4,256,256,3
7011.02576086854,set_4,256,256,3
255.78146563012464,set_4,256,256,3
3913.409341355553,set_4,256,256,3
5162.464064975553,set_4,256,256,3
3983.4761736615455,set_4,256,256,3
353.567399268944,set_4,256,256,3
977.2604165672219,set_4,256,256,3
3704.7060279787206,set_4,256,256,3
799.9657505624151,set_4,256,256,3
3829.09225104211,set_4,256,256,3
6901.827730913545,set_4,256,256,3
3163.1548144171375,set_4,256,256,3
1946.0664671721308,set_4,256,256,3
1223.9328343532723,set_4,256,256,3
6867.331943101327,set_4,256,256,3
6887.855990196241,set_4,256,256,3
2685.041882261634,set_4,256,256,3
210.51372782076294,set_4,256,256,3
2694.9823602357,set_4,256,256,3
3835.755547391846,set_4,256,256,3
771.9751257830195,set_4,256,256,3
6229.212698227416,set_4,256,256,3
3921.023518730782,set_4,256,256,3
10524.161171952472,set_4,256,256,3
2024.1344826125808,set_4,192,256,3
4056.183809146258,set_4,256,256,3
1498.8731175900127,set_4,256,256,3
1312.080064747793,set_4,256,256,3
118.79855455745322,set_4,256,256,3
15138.744950188915,set_4,256,256,3
5455.423007622128,set_4,256,256,3
1904.1640774514265,set_4,256,256,3
7200.111003991527,set_4,256,256,3
14707.342554988107,set_4,256,256,3
8550.060038168813,set_4,256,256,3
351.7265437638594,set_4,256,256,3
1466.0639237939224,set_4,256,256,3
5535.880583656926,set_4,256,256,3
463.28777981277864,set_4,256,256,3
2264.6766391439724,set_4,256,256,3
562.847171403442,set_4,256,256,3
3513.16383862454,set_4,256,256,3
313.47739793854345,set_4,256,256,3
91.55138141868842,set_4,256,256,3
5377.952497959032,set_4,256,256,3
6643.944275075545,set_4,256,256,3
6843.004135697978,set_4,256,256,3
724.7866099675497,set_4,256,256,3
4988.517745865716,set_4,256,256,3
3919.130009693997,set_4,256,256,3
34.02167748742633,set_4,256,256,3
6489.108584602029,set_4,256,256,3
9745.004266573089,set_4,256,256,3
7940.666470391031,set_4,256,256,3
3239.304641407578,set_4,256,256,3
19106.35265345227,set_4,256,256,3
998.3053243042019,set_4,256,256,3
3596.1345553888355,set_4,256,256,3
877.8562351241449,set_4,256,256,3
2978.5492729209363,set_4,256,256,3
3074.3640814603355,set_4,256,256,3
3301.673858622296,set_4,256,256,3
503.89029007063556,set_4,256,256,3
798.731860452228,set_4,256,256,3
862.201714394821,set_4,192,256,3
2857.8072204254568,set_4,256,256,3
1722.1212963263195,set_4,256,256,3
379.6773417490379,set_4,256,256,3
1859.1762309931219,set_4,256,256,3
3782.8304483293437,set_4,256,256,3
1913.9620396355942,set_4,256,256,3
6543.4071657568375,set_4,256,256,3
4253.523070950888,set_4,256,256,3
676.3606480527411,set_4,256,256,3
5943.594670851792,set_4,256,256,3
113.34453246483787,set_4,256,256,3
5006.21298682004,set_4,256,256,3
2361.527985182876,set_4,256,256,3
2576.300685843428,set_4,256,256,3
447.92316721811795,set_4,256,256,3
4123.261895421866,set_4,256,256,3
5016.663669727716,set_4,256,256,3
1052.1488507588704,set_4,256,256,3
6365.748671597466,set_4,256,256,3
4786.499087879641,set_4,256,256,3
5731.2791649636865,set_4,256,256,3
5523.687448127789,set_4,256,256,3
3284.3883493194976,set_4,256,256,3
4457.252693859135,set_4,256,256,3
614.6098299442224,set_4,256,256,3
10171.366291262108,set_4,256,256,3
3563.1615387582115,set_4,256,256,3
260.73809757487226,set_4,256,256,3
553.4122640761392,set_4,256,256,3
83.12513310213883,set_4,256,256,3
7952.416917194897,set_4,256,256,3
5510.509737905709,set_4,256,256,3
5044.524951783914,set_4,256,256,3
6067.434109090827,set_4,256,256,3
246.54682310256695,set_4,256,256,3
3035.3220012779857,set_4,256,256,3
55.21182128763758,set_4,256,256,3
6308.770766282971,set_4,256,256,3
196.28444640576424,set_4,256,256,3
1061.9201111146765,set_4,256,256,3
5613.600968054496,set_4,256,256,3
872.3263629997508,set_4,256,256,3
341.47447154461406,set_4,256,256,3
8418.072437764431,set_4,256,256,3
7746.202778369785,set_4,256,256,3
889.1681976287058,set_4,256,256,3
800.2292177024968,set_4,256,256,3
4705.499491267734,set_4,256,256,3
699.8191001311774,set_4,256,256,3
11483.009758266207,set_4,256,256,3
2290.5818867670732,set_4,256,256,3
269.14687978217586,set_4,256,256,3
59.841164084539436,set_4,256,256,3
54.52178463896012,set_4,256,256,3
1492.3076785652795,set_4,256,256,3
6451.485748099138,set_4,256,256,3
455.3328808816926,set_4,256,256,3
8414.592365965247,set_4,256,256,3
1973.9112745830676,set_4,192,256,3
1244.579886178072,set_4,256,256,3
880.7023890136164,set_4,256,256,3
520.7762773132159,set_4,256,256,3
437.59873783585834,set_4,256,256,3
8395.95522765153,set_4,256,256,3
7105.355806232507,set_4,256,256,3
1342.347359905226,set_4,256,256,3
2014.2928072013117,set_4,256,256,3
3615.5234409554128,set_4,256,256,3
2168.906396642922,set_4,256,256,3
3451.0611184839313,set_4,256,256,3
3312.9710534872843,set_4,256,256,3
5770.699155996631,set_4,256,256,3
6088.479899563725,set_4,256,256,3
5154.5272811666755,set_4,256,256,3
5129.333036148894,set_4,256,256,3
13179.350392010374,set_4,256,256,3
18499.373486730783,set_4,256,256,3
441.07414962038297,set_4,256,256,3
4683.590724196285,set_4,256,256,3
1118.3502484100302,set_4,256,256,3
17682.956024300616,set_4,256,256,3
4492.4449115180305,set_4,256,256,3
1482.5761604274933,set_4,256,256,3
127.70157344636715,set_4,256,256,3
5519.434820401068,set_4,256,256,3
5632.987302772598,set_4,256,256,3
11962.429769325352,set_4,256,256,3
6979.285561986165,set_4,256,256,3
174.3169223374118,set_4,256,256,3
6232.925847711559,set_4,256,256,3
392.7193007665531,set_4,256,256,3
47.150902884469055,set_4,256,256,3
789.2878918080694,set_4,192,256,3
3711.942167102876,set_4,256,256,3
1270.940022525041,set_4,256,256,3
4024.2613588346994,set_4,256,256,3
297.48906625349383,set_4,256,256,3
2466.4028060749793,set_4,256,256,3
7188.765562222649,set_4,256,256,3
944.7400736733234,set_4,256,256,3
1270.788773973679,set_4,256,256,3
58.105391671156724,set_4,256,256,3
70.04007325194671,set_4,256,256,3
5230.7665221479765,set_4,256,256,3
1093.7805405443069,set_4,256,256,3
4181.111094891612,set_4,256,256,3
6173.72812905411,set_4,256,256,3
2371.5410565037487,set_4,256,256,3
2280.323575451324,set_4,256,256,3
2073.323805799061,set_4,256,256,3
5005.887793833157,set_4,256,256,3
6721.662685846266,set_4,256,256,3
415.87159609088366,set_4,256,256,3
1477.2970019942925,set_4,256,256,3
3074.523108568638,set_4,256,256,3
14866.201685585469,set_4,256,256,3
2981.561063046154,set_4,256,256,3
10167.987332700028,set_4,256,256,3
9552.737739936527,set_4,256,256,3
3978.0341598887208,set_4,256,256,3
4820.587518280139,set_4,256,256,3
774.2073242931059,set_4,256,256,3
2796.7695076846417,set_4,256,256,3
2601.5202507879326,set_4,256,256,3
5862.547033002574,set_4,256,256,3
5374.846740189707,set_4,256,256,3
1395.0379466414452,set_4,256,256,3
4421.984989655489,set_4,256,256,3
6418.053014010165,set_4,256,256,3
3329.62083706001,set_4,256,256,3
3434.5651861378506,set_4,256,256,3
2542.324017720064,set_4,256,256,3
4967.581466104602,set_4,256,256,3
642.7047821754177,set_4,256,256,3
5525.084088169634,set_4,256,256,3
1499.2834294486995,set_4,256,256,3
1517.2574400069554,set_4,256,256,3
3716.400260267132,set_4,256,256,3
1711.2778703305457,set_4,256,256,3
1825.0156108313759,set_4,256,256,3
3236.5976514294475,set_4,256,256,3
5222.213200499199,set_4,256,256,3
2234.8706561027925,set_4,256,256,3
2428.338258571819,set_4,256,256,3
1110.2821378024657,set_4,256,256,3
1405.1892105439267,set_4,256,256,3
295.17217104444796,set_4,256,256,3
4623.529123891973,set_4,256,256,3
315.82331721357895,set_4,256,256,3
799.3344021942208,set_4,256,256,3
10452.3496143828,set_4,256,256,3
2688.732727597054,set_4,256,256,3
5284.904026739894,set_4,256,256,3
12877.878043703631,set_4,256,256,3
9081.173117617122,set_4,256,256,3
5800.977533180862,set_4,256,256,3
7673.246224934211,set_4,256,256,3
145.39255235333823,set_4,256,256,3
93.46232450502514,set_4,256,256,3
13159.674667432257,set_4,256,256,3
164.6657788736953,set_4,256,256,3
6032.418200189636,set_4,256,256,3
4449.295369401471,set_4,256,256,3
319.20835187534493,set_4,256,256,3
55.57734501172995,set_4,256,256,3
767.5420892400047,set_4,256,256,3
2369.0643661088156,set_4,256,256,3
14876.615507693934,set_4,256,256,3
5993.786639391961,set_4,256,256,3
5444.667014819027,set_4,256,256,3
1322.0378163589373,set_4,256,256,3
6146.334463572723,set_4,256,256,3
2798.888856192016,set_4,256,256,3
7017.328840214345,set_4,256,256,3
5966.643730034018,set_4,256,256,3
853.8616729415694,set_4,256,256,3
18049.49326633041,set_4,256,256,3
2041.4969053777304,set_4,256,256,3
114.96290816356323,set_4,256,256,3
6241.792680033766,set_4,256,256,3
93.2095929843684,set_4,256,256,3
3981.3210862212704,set_4,256,256,3
58.41368087688978,set_4,256,256,3
5053.12207515279,set_4,256,256,3
700.4330107439051,set_4,256,256,3
496.72989705360186,set_4,256,256,3
19403.297378030064,set_4,256,256,3
4641.006039489888,set_4,256,256,3
5143.279028512434,set_4,256,256,3
1685.750715761963,set_4,256,256,3
844.9396918488201,set_4,256,256,3
1435.4806250768142,set_4,256,256,3
9251.785054759408,set_4,256,256,3
1566.2019296706092,set_4,192,256,3
11113.00359211342,set_4,256,256,3
879.2214382870328,set_4,256,256,3
6210.468254698649,set_4,256,256,3
64.98631686073107,set_4,256,256,3
1213.1216826934572,set_4,256,256,3
58.92266862084054,set_4,256,256,3
21.66593580855988,set_4,256,256,3
7136.286315917969,set_4,256,256,3
3901.049407482044,set_4,256,256,3
2539.347647874616,set_4,256,256,3
878.6521402295265,set_4,256,256,3
9151.380548571935,set_4,256,256,3
9974.517363841233,set_4,256,256,3
771.9640964960886,set_4,256,256,3
605.3163551079472,set_4,256,256,3
1600.5956929458516,set_4,256,256,3
685.7278642520929,set_4,256,256,3
7664.50237582311,set_4,256,256,3
4035.332131820316,set_4,256,256,3
99.91953897217496,set_4,256,256,3
2921.2311187112296,set_4,256,256,3
7733.293884001648,set_4,256,256,3
125.91942329446063,set_4,256,256,3
7342.401337001783,set_4,256,256,3
7295.901175878088,set_4,256,256,3
356.73934236996706,set_4,256,256,3
140.45543894231216,set_4,256,256,3
1024.3112306469634,set_4,256,256,3
7547.978142191554,set_4,256,256,3
797.4440784193316,set_4,256,256,3
4063.2917750676474,set_4,256,256,3
452.6292209964401,set_4,256,256,3
1293.437766164127,set_4,256,256,3
1669.807551054672,set_4,256,256,3
1103.1079915131752,set_4,256,256,3
6670.322078464941,set_4,256,256,3
6312.800993551396,set_4,256,256,3
2043.1546231929424,set_4,256,256,3
67.75073735475438,set_4,256,256,3
3504.2868238606547,set_4,256,256,3
4810.024954951058,set_4,256,256,3
4863.427888792318,set_4,256,256,3
4599.435354150728,set_4,256,256,3
1799.8051191783354,set_4,256,256,3
227.47540536853998,set_4,256,256,3
2694.89290469295,set_4,256,256,3
11265.303007125827,set_4,256,256,3
2559.382032964974,set_4,256,256,3
8677.781362819072,set_4,256,256,3
6162.913248407241,set_4,256,256,3
1507.0519366665587,set_4,256,256,3
4421.259541702663,set_4,256,256,3
5741.020829927772,set_4,256,256,3
72.87664369118606,set_4,256,256,3
8107.714578891794,set_4,256,256,3
5539.827152933899,set_4,256,256,3
299.4354531753486,set_4,192,256,3
14238.747796021373,set_4,256,256,3
9125.581523589557,set_4,256,256,3
806.22561995147,set_4,256,256,3
1400.1952198706567,set_4,256,256,3
145.41410236515935,set_4,256,256,3
1042.1950274935355,set_4,256,256,3
6009.75467564621,set_4,256,256,3
1781.6198429936132,set_4,256,256,3
5074.546176248127,set_4,256,256,3
7887.698742551005,set_4,256,256,3
5897.6076445702665,set_4,256,256,3
1101.7449915603631,set_4,256,256,3
299.9214885628058,set_4,256,256,3
73.92279591649357,set_4,256,256,3
1890.7914994056855,set_4,256,256,3
3722.604561752329,set_4,256,256,3
6313.7495798708405,set_4,256,256,3
5601.332909434623,set_4,256,256,3
2971.0500199713792,set_4,256,256,3
228.90003856434487,set_4,256,256,3
2502.3651067411743,set_4,256,256,3
3748.6298755828498,set_4,256,256,3
443.8532272322465,set_4,256,256,3
1084.9378753602243,set_4,256,256,3
2917.496258961554,set_4,256,256,3
348.84238621002686,set_4,256,256,3
1705.8490854402123,set_4,256,256,3
2223.805202987275,set_4,192,256,3
106.28928627808476,set_4,256,256,3
5942.32165009712,set_4,256,256,3
1446.3427477477946,set_4,256,256,3
6345.236629078372,set_4,256,256,3
3260.1367090325543,set_4,256,256,3
7569.287304858263,set_4,256,256,3
4892.834378308306,set_4,256,256,3
3192.2456197589636,set_4,256,256,3
5771.718037071715,set_4,256,256,3
33.72741052746358,set_4,256,256,3
1415.314833049947,set_4,256,256,3
5418.318136013398,set_4,256,256,3
70.22761262115091,set_4,256,256,3
45.24291353111363,set_4,256,256,3
1898.338759876141,set_4,256,256,3
2151.0678633814678,set_4,256,256,3
818.4544753207723,set_4,256,256,3
6204.708739208575,set_4,256,256,3
1078.4094616700377,set_4,192,256,3
788.5660138841098,set_4,256,256,3
6210.984720836058,set_4,256,256,3
2148.9114820161426,set_4,256,256,3
3565.4112948175098,set_4,256,256,3
5194.276882202649,set_4,256,256,3
7675.286549528207,set_4,256,256,3
144.60269996482467,set_4,256,256,3
144.08079327104818,set_4,256,256,3
44.2731584077701,set_4,256,256,3
1318.9539902955037,set_4,256,256,3
8526.25404764378,set_4,256,256,3
12810.817911649743,set_4,256,256,3
631.6803559590286,set_4,256,256,3
8210.991651218152,set_4,256,256,3
92.98804695738687,set_4,256,256,3
85.17292946636574,set_4,256,256,3
5110.787393105501,set_4,256,256,3
1213.9883223974612,set_4,256,256,3
7755.524533122366,set_4,256,256,3
2695.012069377402,set_4,256,256,3
5668.311294757218,set_4,256,256,3
7292.346959478222,set_4,256,256,3
2021.5860491286342,set_4,256,256,3
1297.5914831875252,set_4,256,256,3
4764.004560850328,set_4,256,256,3
3673.220670354758,set_4,256,256,3
22629.825651689094,set_4,256,256,3
3731.032984488307,set_4,256,256,3
992.114696157449,set_4,256,256,3
2441.75049524938,set_4,256,256,3
824.758272211145,set_4,256,256,3
2767.0751081369817,set_4,256,256,3
3171.0711453597373,set_4,256,256,3
2798.8473321562633,set_4,256,256,3
5450.524211435241,set_4,256,256,3
4905.430121022794,set_4,256,256,3
7490.287540922535,set_4,256,256,3
868.0459262048826,set_4,256,256,3
5575.275111627222,set_4,256,256,3
1312.1451822916667,set_4,192,256,3
553.8765741176645,set_4,256,256,3
1103.597229717506,set_4,256,256,3
6700.544297349018,set_4,256,256,3
106.42513968505794,set_4,256,256,3
6719.869075026363,set_4,256,256,3
3429.506576305876,set_4,256,256,3
61.217663275595356,set_4,256,256,3
7299.297935228769,set_4,256,256,3
141.28845715064867,set_4,256,256,3
6278.739645201687,set_4,256,256,3
605.7443473897874,set_4,256,256,3
9059.436015292977,set_4,256,256,3
6259.553009778855,set_4,256,256,3
3386.756894706023,set_4,256,256,3
3451.550082884496,set_4,256,256,3
5848.631664135778,set_4,256,256,3
9908.233197557818,set_4,256,256,3
36.1883278201179,set_4,256,256,3
2364.8494844929214,set_4,256,256,3
3232.311001360313,set_4,256,256,3
3971.0595786627114,set_4,256,256,3
5392.96612202283,set_4,256,256,3
54.172350153223476,set_4,256,256,3
7968.560148211171,set_4,256,256,3
4427.087352387581,set_4,256,256,3
2714.074504728714,set_4,256,256,3
7173.626731388169,set_4,256,256,3
3156.470648556842,set_4,256,256,3
83.6121412648095,set_4,256,256,3
86.14154928332816,set_4,256,256,3
1184.268378549152,set_4,256,256,3
87.49762465926405,set_4,256,256,3
1577.0077004813486,set_4,256,256,3
6409.0525051818695,set_4,256,256,3
6633.0743742032355,set_4,256,256,3
1152.7652380906138,set_4,192,256,3
9025.058185285889,set_4,256,256,3
6856.444739925264,set_4,256,256,3
1780.4110743481822,set_4,256,256,3
6972.5059214600415,set_4,256,256,3
5439.362314754061,set_4,256,256,3
4192.307039360593,set_4,256,256,3
4863.791535910813,set_4,256,256,3
13719.551783239445,set_4,256,256,3
42.17215959189668,set_4,256,256,3
6767.844739095929,set_4,256,256,3
4858.468019666539,set_4,256,256,3
2325.2591607135773,set_4,256,256,3
72.69274218253685,set_4,256,256,3
6282.53287268637,set_4,256,256,3
286.64717240008105,set_4,256,256,3
1331.698841583294,set_4,256,256,3
6547.277875105928,set_4,256,256,3
180.9030914300173,set_4,256,256,3
3277.9703641276187,set_4,256,256,3
2352.907791143671,set_4,256,256,3
6638.256382199393,set_4,256,256,3
2869.1164630634917,set_4,256,256,3
3827.043568103031,set_4,256,256,3
919.1012465651662,set_4,256,256,3
546.2199939437365,set_4,256,256,3
714.1702851485202,set_4,256,256,3
836.8566894779343,set_4,256,256,3
1338.0506120383895,set_4,256,256,3
14464.57491139405,set_4,256,256,3
1438.249835795387,set_4,256,256,3
199.36368514835422,set_4,256,256,3
6758.614453616009,set_4,256,256,3
2417.414357302918,set_4,256,256,3
118.43851096718572,set_4,256,256,3
1942.8751588057883,set_4,256,256,3
3568.014446819718,set_4,256,256,3
4074.2436574206736,set_4,256,256,3
5968.172492773893,set_4,256,256,3
1061.6426097650285,set_4,256,256,3
696.7423742858227,set_4,256,256,3
5596.235811854298,set_4,256,256,3
17853.20872037599,set_4,256,256,3
2298.647063572788,set_4,256,256,3
9708.53925552923,set_4,256,256,3
3372.6380870536796,set_4,256,256,3
484.421083284335,set_4,192,256,3
5713.460304897589,set_4,256,256,3
3067.609405424446,set_4,256,256,3
2641.422605113747,set_4,256,256,3
3911.8115699394452,set_4,256,256,3
2481.021879132837,set_4,256,256,3
105.3694771414157,set_4,256,256,3
4326.887776973322,set_4,256,256,3
1439.7171985593675,set_4,256,256,3
8817.24257933408,set_4,256,256,3
639.6467430701014,set_4,256,256,3
1506.9789346698415,set_4,256,256,3
113.71001820752605,set_4,256,256,3
2234.4566080660247,set_4,256,256,3
75.47517390236155,set_4,256,256,3
6185.342229175666,set_4,256,256,3
5698.806090726517,set_4,256,256,3
8144.44336247628,set_4,256,256,3
2535.627685559189,set_4,256,256,3
29.97693294967111,set_4,256,256,3
2539.6879489754792,set_4,256,256,3
5625.341923947523,set_4,256,256,3
254.4259234997961,set_4,256,256,3
2237.142634714618,set_4,256,256,3
9091.100183024977,set_4,256,256,3
180.82363265380263,set_4,256,256,3
2233.42352425537,set_4,192,256,3
9722.887475298692,set_4,256,256,3
265.32086662821365,set_4,256,256,3
3848.1039449307646,set_4,256,256,3
1968.0370833152494,set_4,256,256,3
2458.938416407754,set_4,256,256,3
16656.04937654889,set_4,256,256,3
2324.3343336962994,set_4,256,256,3
4189.625418727493,set_4,256,256,3
4845.518015091514,set_4,256,256,3
1841.5639661519217,set_4,256,256,3
147.48820401911829,set_4,256,256,3
4726.021619493659,set_4,256,256,3
5959.257060705971,set_4,256,256,3
71.65702297786872,set_4,256,256,3
3394.1713228175777,set_4,256,256,3
2215.802426058385,set_4,256,256,3
2877.6632081375506,set_4,256,256,3
5045.011734320057,set_4,256,256,3
4347.170727208152,set_4,256,256,3
6579.005089975247,set_4,256,256,3
6142.775356028539,set_4,256,256,3
3932.3547667128346,set_4,256,256,3
1491.8063611462455,set_4,256,256,3
3671.9352873524185,set_4,256,256,3
13855.912130417819,set_4,256,256,3
1675.2827900076652,set_4,256,256,3
4954.089878763977,set_4,256,256,3
1056.1806343287851,set_4,256,256,3
197.63372380493416,set_4,192,256,3
3509.091913539502,set_4,256,256,3
7204.262697372174,set_4,256,256,3
1440.9897922678695,set_4,256,256,3
9612.520462439681,set_4,256,256,3
632.9951202364173,set_4,256,256,3
1925.1205375753343,set_4,256,256,3
4970.482830004145,set_4,256,256,3
7422.529528544906,set_4,256,256,3
4726.753149233654,set_4,256,256,3
4582.204157459007,set_4,256,256,3
1338.6344607612118,set_4,256,256,3
5948.083934951547,set_4,256,256,3
3171.1828287805743,set_4,256,256,3
9112.044601388043,set_4,256,256,3
1961.2698154279497,set_4,256,256,3
1009.4957698682684,set_4,256,256,3
7771.76284143885,set_4,256,256,3
1628.3862691978768,set_4,256,256,3
938.0033417486635,set_4,256,256,3
2490.266799995883,set_4,256,256,3
2847.610591569062,set_4,256,256,3
4306.614829684298,set_4,256,256,3
361.1626292937953,set_4,256,256,3
1619.4968176314142,set_4,256,256,3
2112.846853930089,set_4,256,256,3
3127.176651057865,set_4,256,256,3
1052.558266827811,set_4,256,256,3
1557.1436949122901,set_4,256,256,3
741.5775509045149,set_4,256,256,3
443.2316344926496,set_4,256,256,3
1953.948412238077,set_4,256,256,3
3922.773072379719,set_4,256,256,3
675.282841746773,set_4,256,256,3
7083.736524366438,set_4,256,256,3
12727.772292130523,set_4,256,256,3
378.9501716518361,set_4,256,256,3
7542.343787699527,set_4,256,256,3
546.5048385541628,set_4,256,256,3
7206.441728902258,set_4,256,256,3
5311.916252057354,set_4,256,256,3
316.07547938565,set_4,256,256,3
5213.535961686711,set_4,256,256,3
6763.573064714256,set_4,256,256,3
4801.4869384765625,set_4,256,256,3
4093.352360784904,set_4,256,256,3
2818.339589349822,set_4,256,256,3
1927.2262616608448,set_4,256,256,3
2412.718749507408,set_4,256,256,3
336.99986885361267,set_4,256,256,3
4362.078268667035,set_4,256,256,3
2197.8279489222655,set_4,256,256,3
29.956939642524564,set_4,256,256,3
2230.3846282462023,set_4,256,256,3
6214.6407843426705,set_4,256,256,3
254.6073802804781,set_4,256,256,3
1390.9650313778675,set_4,256,256,3
4521.27293557609,set_4,256,256,3
1797.3970429959397,set_4,256,256,3
5906.274372170345,set_4,256,256,3
42.88076730062151,set_4,256,256,3
2402.3085870610084,set_4,256,256,3
6805.698410186503,set_4,256,256,3
6036.420294570401,set_4,256,256,3
1655.558783200233,set_4,256,256,3
3522.7115308442662,set_4,256,256,3
6375.907592044522,set_4,256,256,3
5274.835568637872,set_4,256,256,3
59.94016774803296,set_4,256,256,3
5650.8657501761845,set_4,256,256,3
3435.0011901590565,set_4,256,256,3
669.9621191405589,set_4,256,256,3
5713.802931134899,set_4,256,256,3
4443.208786010094,set_4,256,256,3
1105.1806215826007,set_4,192,256,3
5066.552362961668,set_4,256,256,3
1035.602083018981,set_4,256,256,3
2435.252279021234,set_4,256,256,3
3157.2050322031137,set_4,256,256,3
9713.24244903028,set_4,256,256,3
10198.078938100463,set_4,256,256,3
9253.462135570642,set_4,256,256,3
998.5298161077984,set_4,256,256,3
8558.271507428339,set_4,256,256,3
4466.264432102415,set_4,256,256,3
6129.717744879192,set_4,256,256,3
88.98841450239222,set_4,256,256,3
1450.8919301470742,set_4,256,256,3
57.23597541821397,set_4,256,256,3
535.7057490211963,set_4,256,256,3
550.3241418970283,set_4,256,256,3
5247.2048490734305,set_4,256,256,3
5436.583752566716,set_4,256,256,3
1803.929095465276,set_4,256,256,3
7229.869448730696,set_4,256,256,3
9687.025154654324,set_4,256,256,3
1046.5570660425713,set_4,256,256,3
376.2878252598974,set_4,256,256,3
901.0020944847621,set_4,256,256,3
1641.2053794061978,set_4,256,256,3
6463.885005138789,set_4,256,256,3
6966.171688767747,set_4,256,256,3
196.79530820240163,set_4,256,256,3
7923.166546841362,set_4,256,256,3
93.4423621756335,set_4,256,256,3
6971.958052485771,set_4,256,256,3
189.6375804120261,set_4,256,256,3
77.04947503563017,set_4,256,256,3
615.4913316118864,set_4,192,256,3
1068.7441502308682,set_4,256,256,3
5964.852799497312,set_4,256,256,3
7801.816727031332,set_4,256,256,3
52.00200472275416,set_4,256,256,3
4653.2022411897515,set_4,256,256,3
10624.27355653521,set_4,256,256,3
6235.405097971335,set_4,256,256,3
6929.447026153382,set_4,256,256,3
4377.846247140914,set_4,256,256,3
1348.1596490835977,set_4,192,256,3
5412.397391338729,set_4,256,256,3
1333.494333586319,set_4,256,256,3
4714.910840137862,set_4,256,256,3
896.8551409737104,set_4,192,256,3
358.3796329233381,set_4,256,256,3
132.07839170429443,set_4,256,256,3
9085.260843148431,set_4,256,256,3
4700.4565964605035,set_4,256,256,3
5825.639132390007,set_4,256,256,3
1761.6329477577372,set_4,256,256,3
758.4936775701482,set_4,256,256,3
2791.344472798183,set_4,256,256,3
216.48595468037652,set_4,256,256,3
9003.667721082744,set_4,256,256,3
152.87069689472105,set_4,256,256,3
104.16887100165088,set_4,256,256,3
311.68216590518654,set_4,256,256,3
9536.266581180791,set_4,256,256,3
3840.252456741097,set_4,256,256,3
2333.1727889891094,set_4,256,256,3
758.9783722820121,set_4,256,256,3
1517.2264590528018,set_4,256,256,3
8190.010704888239,set_4,256,256,3
7824.087248970652,set_4,256,256,3
3601.084857539557,set_4,256,256,3
141.02308704952398,set_4,256,256,3
3081.392783976444,set_4,256,256,3
4619.929931640209,set_4,256,256,3
9587.061068652407,set_4,256,256,3
2044.8101177377005,set_4,256,256,3
7688.442302026683,set_4,256,256,3
11973.017510255073,set_4,256,256,3
3758.300945574185,set_4,256,256,3
6739.960456787686,set_4,256,256,3
4486.7025683457805,set_4,256,256,3
152.28855374693455,set_4,256,256,3
962.4086610174012,set_4,256,256,3
3697.102942213313,set_4,256,256,3
1489.213775142096,set_4,256,256,3
50.03988902081942,set_4,256,256,3
15035.644727690737,set_4,256,256,3
2264.939085785274,set_4,256,256,3
972.077260572049,set_4,256,256,3
5908.874979812626,set_4,256,256,3
453.3049147327741,set_4,256,256,3
6833.643506504571,set_4,256,256,3
7750.887087569882,set_4,256,256,3
9563.191574102655,set_4,256,256,3
3081.6729005692882,set_4,256,256,3
297.83869731361557,set_4,256,256,3
686.9642465236442,set_4,256,256,3
6591.811439296826,set_4,256,256,3
223.05955455387516,set_4,256,256,3
6068.7432102634475,set_4,256,256,3
4544.698794829943,set_4,256,256,3
588.2423209543857,set_4,256,256,3
149.94745681370193,set_4,256,256,3
5278.5811127199695,set_4,256,256,3
8034.167273284841,set_4,256,256,3
1643.7225697698693,set_4,256,256,3
8786.545424679503,set_4,256,256,3
1681.0770991146308,set_4,256,256,3
4491.346381658378,set_4,256,256,3
1135.0613057046041,set_4,256,256,3
1507.9058942917943,set_4,256,256,3
1723.1136065612857,set_4,256,256,3
4758.311955849303,set_4,256,256,3
601.4390783626328,set_4,256,256,3
2045.679804198832,set_4,256,256,3
935.8590901940802,set_4,256,256,3
8719.78848198033,set_4,256,256,3
11592.595730339386,set_4,256,256,3
4570.848533778115,set_4,256,256,3
61.22137799897852,set_4,256,256,3
6061.0112693371875,set_4,256,256,3
3849.9316996210764,set_4,256,256,3
6264.902657238043,set_4,256,256,3
2421.891213220751,set_4,256,256,3
1926.9900108600398,set_4,256,256,3
6473.8934252340505,set_4,256,256,3
2169.722993375708,set_4,256,256,3
9727.394345279783,set_4,256,256,3
102.86971760748162,set_4,256,256,3
3971.731174334651,set_4,256,256,3
6700.584641112223,set_4,256,256,3
992.6977994169717,set_4,192,256,3
6162.204918966939,set_4,256,256,3
8139.326787703333,set_4,256,256,3
4032.6425102550734,set_4,256,256,3
60.74150823056698,set_4,256,256,3
4673.409685563606,set_4,256,256,3
4516.759901656769,set_4,256,256,3
6172.958413002366,set_4,256,256,3
591.836043920756,set_4,256,256,3
289.75713596428324,set_4,256,256,3
9074.215356758252,set_4,256,256,3
6680.727232172852,set_4,256,256,3
3481.7168445245406,set_4,256,256,3
1049.2699820554242,set_4,256,256,3
978.1327795013527,set_4,256,256,3
8916.29852742909,set_4,256,256,3
1696.3018993213518,set_4,256,256,3
5771.47545745462,set_4,256,256,3
6838.597414169049,set_4,256,256,3
1961.8166555460127,set_4,256,256,3
1112.004538115114,set_4,256,256,3
11980.48703984254,set_4,256,256,3
45.14057815755303,set_4,256,256,3
1247.121099947227,set_4,256,256,3
1065.7291721796823,set_4,256,256,3
10434.709850975598,set_4,256,256,3
79.09595081448143,set_4,256,256,3
42.07751438973677,set_4,256,256,3
159.80159486074834,set_4,256,256,3
3468.5830107951115,set_4,256,256,3
6669.542304330401,set_4,256,256,3
81.52360837565114,set_4,256,256,3
4027.0148712133523,set_4,256,256,3
24.091328155559797,set_4,256,256,3
2312.293241155541,set_4,256,256,3
2986.0359603129073,set_4,256,256,3
16241.890599462718,set_4,256,256,3
574.6794442124408,set_4,256,256,3
850.0193815652486,set_4,256,256,3
303.61332574890304,set_4,256,256,3
116.69885238166898,set_4,256,256,3
2368.6164913853995,set_4,256,256,3
2003.909567422932,set_4,256,256,3
3027.994570796662,set_4,256,256,3
5753.136833458208,set_4,256,256,3
1839.8840419742958,set_4,256,256,3
8611.845225016174,set_4,256,256,3
6139.535045781794,set_4,256,256,3
2964.260156704087,set_4,256,256,3
3415.03826717264,set_4,256,256,3
3722.7946366845476,set_4,256,256,3
9379.537296896076,set_4,256,256,3
3334.5820788945744,set_4,256,256,3
684.0085748297473,set_4,256,256,3
371.38626582661846,set_4,256,256,3
18335.16026586532,set_4,256,256,3
2058.630923275215,set_4,256,256,3
6214.995168962413,set_4,256,256,3
2429.3123869395095,set_4,256,256,3
2685.7200915399526,set_4,256,256,3
265.91736340064864,set_4,256,256,3
6488.173848269715,set_4,256,256,3
5094.375620831398,set_4,256,256,3
7674.416216123823,set_4,256,256,3
156.59483887989902,set_4,256,256,3
5623.023626356903,set_4,256,256,3
4128.689405077422,set_4,256,256,3
2777.7640381080564,set_4,256,256,3
7939.696986866392,set_4,256,256,3
247.1767467474565,set_4,256,256,3
7863.868095715738,set_4,256,256,3
2836.9516123661306,set_4,256,256,3
352.3242080699808,set_4,256,256,3
1880.1322086680836,set_4,256,256,3
1595.3881772667326,set_4,256,256,3
6850.061799013677,set_4,256,256,3
264.4036744906463,set_4,256,256,3
1439.0692742234096,set_4,256,256,3
6028.165248012791,set_4,256,256,3
225.62798666581511,set_4,256,256,3
531.4873766246925,set_4,256,256,3
2914.629765803589,set_4,256,256,3
6946.937650313575,set_4,256,256,3
1521.7041210060058,set_4,256,256,3
67.69515567394491,set_4,256,256,3
4525.473701298132,set_4,256,256,3
310.53698369105234,set_4,256,256,3
115.01734980930469,set_4,256,256,3
587.368953806012,set_4,256,256,3
716.773147453761,set_4,256,256,3
2809.8412475287655,set_4,256,256,3
7216.364650316511,set_4,256,256,3
4855.648291388216,set_4,256,256,3
2660.214487044716,set_4,192,256,3
7034.231140024934,set_4,256,256,3
1655.317391907072,set_4,256,256,3
9412.660103981694,set_4,256,256,3
3985.4644562551343,set_4,256,256,3
4882.157799625743,set_4,256,256,3
7976.115334450785,set_4,256,256,3
516.0005837150902,set_4,256,256,3
6092.948621448129,set_4,256,256,3
1114.3935312810866,set_4,256,256,3
6893.042349000127,set_4,256,256,3
8967.768330562007,set_4,256,256,3
4463.284005616869,set_4,256,256,3
5051.077624370421,set_4,256,256,3
6730.489181656987,set_4,256,256,3
2862.7507527494386,set_4,256,256,3
10859.435025470098,set_4,256,256,3
5139.493202266489,set_4,256,256,3
1181.0021675866253,set_4,256,256,3
7381.348403824701,set_4,256,256,3
3968.2857863447475,set_4,256,256,3
190.302934801801,set_4,256,256,3
